sample_id,graph_id,n,success_number,trial_number,selected_nodes,vertex_permutation,l1_edges,permuted_l1_edges,union_edges,chromatic_l1,chromatic_permuted_l1,chromatic_union,l1_matrix,permuted_l1_matrix,union_matrix
1,"ID1-12.56.1:",12,1,567,"1, 2, 3, 4, 6, 7, 8, 9, 10, 12","1->4, 2->8, 3->6, 4->9, 5->5, 6->7, 7->10, 8->3, 9->2, 10->12, 11->11, 12->1","1-3, 1-4, 1-8, 2-3, 2-4, 2-6, 2-7, 2-9, 2-10, 2-11, 3-4, 3-8, 3-10, 3-11, 3-12, 4-6, 4-7, 4-8, 4-9, 4-12, 5-9, 5-10, 5-12, 6-7, 6-8, 8-11, 9-10, 9-12, 10-12","1-2, 1-5, 1-6, 1-9, 1-12, 2-5, 2-8, 2-9, 2-12, 3-4, 3-6, 3-7, 3-9, 3-11, 4-6, 4-9, 5-12, 6-8, 6-9, 6-11, 6-12, 7-8, 7-9, 7-10, 8-9, 8-10, 8-11, 8-12, 9-10","1-2, 1-3, 1-4, 1-5, 1-6, 1-8, 1-9, 1-12, 2-3, 2-4, 2-5, 2-6, 2-7, 2-8, 2-9, 2-10, 2-11, 2-12, 3-4, 3-6, 3-7, 3-8, 3-9, 3-10, 3-11, 3-12, 4-6, 4-7, 4-8, 4-9, 4-12, 5-9, 5-10, 5-12, 6-7, 6-8, 6-9, 6-11, 6-12, 7-8, 7-9, 7-10, 8-9, 8-10, 8-11, 8-12, 9-10, 9-12, 10-12",4,4,8,"0 0 1 1 0 0 0 1 0 0 0 0|0 0 1 1 0 1 1 0 1 1 1 0|1 1 0 1 0 0 0 1 0 1 1 1|1 1 1 0 0 1 1 1 1 0 0 1|0 0 0 0 0 0 0 0 1 1 0 1|0 1 0 1 0 0 1 1 0 0 0 0|0 1 0 1 0 1 0 0 0 0 0 0|1 0 1 1 0 1 0 0 0 0 1 0|0 1 0 1 1 0 0 0 0 1 0 1|0 1 1 0 1 0 0 0 1 0 0 1|0 1 1 0 0 0 0 1 0 0 0 0|0 0 1 1 1 0 0 0 1 1 0 0","0 1 0 0 1 1 0 0 1 0 0 1|1 0 0 0 1 0 0 1 1 0 0 1|0 0 0 1 0 1 1 0 1 0 1 0|0 0 1 0 0 1 0 0 1 0 0 0|1 1 0 0 0 0 0 0 0 0 0 1|1 0 1 1 0 0 0 1 1 0 1 1|0 0 1 0 0 0 0 1 1 1 0 0|0 1 0 0 0 1 1 0 1 1 1 1|1 1 1 1 0 1 1 1 0 1 0 0|0 0 0 0 0 0 1 1 1 0 0 0|0 0 1 0 0 1 0 1 0 0 0 0|1 1 0 0 1 1 0 1 0 0 0 0","0 1 1 1 1 1 0 1 1 0 0 1|1 0 1 1 1 1 1 1 1 1 1 1|1 1 0 1 0 1 1 1 1 1 1 1|1 1 1 0 0 1 1 1 1 0 0 1|1 1 0 0 0 0 0 0 1 1 0 1|1 1 1 1 0 0 1 1 1 0 1 1|0 1 1 1 0 1 0 1 1 1 0 0|1 1 1 1 0 1 1 0 1 1 1 1|1 1 1 1 1 1 1 1 0 1 0 1|0 1 1 0 1 0 1 1 1 0 0 1|0 1 1 0 0 1 0 1 0 0 0 0|1 1 1 1 1 1 0 1 1 1 0 0"
2,"ID1-12.56.1:",12,2,1208,"1, 2, 3, 4, 5, 6, 7, 10, 11, 12","1->6, 2->11, 3->10, 4->7, 5->1, 6->12, 7->2, 8->8, 9->9, 10->5, 11->4, 12->3","1-3, 1-4, 1-8, 2-3, 2-4, 2-6, 2-7, 2-9, 2-10, 2-11, 3-4, 3-8, 3-10, 3-11, 3-12, 4-6, 4-7, 4-8, 4-9, 4-12, 5-9, 5-10, 5-12, 6-7, 6-8, 8-11, 9-10, 9-12, 10-12","1-3, 1-5, 1-9, 2-7, 2-11, 2-12, 3-5, 3-7, 3-9, 3-10, 4-8, 4-10, 4-11, 5-9, 5-10, 5-11, 6-7, 6-8, 6-10, 7-8, 7-9, 7-10, 7-11, 7-12, 8-10, 8-12, 9-11, 10-11, 11-12","1-3, 1-4, 1-5, 1-8, 1-9, 2-3, 2-4, 2-6, 2-7, 2-9, 2-10, 2-11, 2-12, 3-4, 3-5, 3-7, 3-8, 3-9, 3-10, 3-11, 3-12, 4-6, 4-7, 4-8, 4-9, 4-10, 4-11, 4-12, 5-9, 5-10, 5-11, 5-12, 6-7, 6-8, 6-10, 7-8, 7-9, 7-10, 7-11, 7-12, 8-10, 8-11, 8-12, 9-10, 9-11, 9-12, 10-11, 10-12, 11-12",4,4,8,"0 0 1 1 0 0 0 1 0 0 0 0|0 0 1 1 0 1 1 0 1 1 1 0|1 1 0 1 0 0 0 1 0 1 1 1|1 1 1 0 0 1 1 1 1 0 0 1|0 0 0 0 0 0 0 0 1 1 0 1|0 1 0 1 0 0 1 1 0 0 0 0|0 1 0 1 0 1 0 0 0 0 0 0|1 0 1 1 0 1 0 0 0 0 1 0|0 1 0 1 1 0 0 0 0 1 0 1|0 1 1 0 1 0 0 0 1 0 0 1|0 1 1 0 0 0 0 1 0 0 0 0|0 0 1 1 1 0 0 0 1 1 0 0","0 0 1 0 1 0 0 0 1 0 0 0|0 0 0 0 0 0 1 0 0 0 1 1|1 0 0 0 1 0 1 0 1 1 0 0|0 0 0 0 0 0 0 1 0 1 1 0|1 0 1 0 0 0 0 0 1 1 1 0|0 0 0 0 0 0 1 1 0 1 0 0|0 1 1 0 0 1 0 1 1 1 1 1|0 0 0 1 0 1 1 0 0 1 0 1|1 0 1 0 1 0 1 0 0 0 1 0|0 0 1 1 1 1 1 1 0 0 1 0|0 1 0 1 1 0 1 0 1 1 0 1|0 1 0 0 0 0 1 1 0 0 1 0","0 0 1 1 1 0 0 1 1 0 0 0|0 0 1 1 0 1 1 0 1 1 1 1|1 1 0 1 1 0 1 1 1 1 1 1|1 1 1 0 0 1 1 1 1 1 1 1|1 0 1 0 0 0 0 0 1 1 1 1|0 1 0 1 0 0 1 1 0 1 0 0|0 1 1 1 0 1 0 1 1 1 1 1|1 0 1 1 0 1 1 0 0 1 1 1|1 1 1 1 1 0 1 0 0 1 1 1|0 1 1 1 1 1 1 1 1 0 1 1|0 1 1 1 1 0 1 1 1 1 0 1|0 1 1 1 1 0 1 1 1 1 1 0"
3,"ID1-12.56.1:",12,3,2108,"1, 2, 3, 4, 5, 6, 7, 8, 9, 10","1->8, 2->5, 3->10, 4->6, 5->7, 6->9, 7->3, 8->1, 9->2, 10->4, 11->11, 12->12","1-3, 1-4, 1-8, 2-3, 2-4, 2-6, 2-7, 2-9, 2-10, 2-11, 3-4, 3-8, 3-10, 3-11, 3-12, 4-6, 4-7, 4-8, 4-9, 4-12, 5-9, 5-10, 5-12, 6-7, 6-8, 8-11, 9-10, 9-12, 10-12","1-6, 1-8, 1-9, 1-10, 1-11, 2-4, 2-5, 2-6, 2-7, 2-12, 3-5, 3-6, 3-9, 4-5, 4-7, 4-10, 4-12, 5-6, 5-9, 5-10, 5-11, 6-8, 6-9, 6-10, 6-12, 7-12, 8-10, 10-11, 10-12","1-3, 1-4, 1-6, 1-8, 1-9, 1-10, 1-11, 2-3, 2-4, 2-5, 2-6, 2-7, 2-9, 2-10, 2-11, 2-12, 3-4, 3-5, 3-6, 3-8, 3-9, 3-10, 3-11, 3-12, 4-5, 4-6, 4-7, 4-8, 4-9, 4-10, 4-12, 5-6, 5-9, 5-10, 5-11, 5-12, 6-7, 6-8, 6-9, 6-10, 6-12, 7-12, 8-10, 8-11, 9-10, 9-12, 10-11, 10-12",4,4,8,"0 0 1 1 0 0 0 1 0 0 0 0|0 0 1 1 0 1 1 0 1 1 1 0|1 1 0 1 0 0 0 1 0 1 1 1|1 1 1 0 0 1 1 1 1 0 0 1|0 0 0 0 0 0 0 0 1 1 0 1|0 1 0 1 0 0 1 1 0 0 0 0|0 1 0 1 0 1 0 0 0 0 0 0|1 0 1 1 0 1 0 0 0 0 1 0|0 1 0 1 1 0 0 0 0 1 0 1|0 1 1 0 1 0 0 0 1 0 0 1|0 1 1 0 0 0 0 1 0 0 0 0|0 0 1 1 1 0 0 0 1 1 0 0","0 0 0 0 0 1 0 1 1 1 1 0|0 0 0 1 1 1 1 0 0 0 0 1|0 0 0 0 1 1 0 0 1 0 0 0|0 1 0 0 1 0 1 0 0 1 0 1|0 1 1 1 0 1 0 0 1 1 1 0|1 1 1 0 1 0 0 1 1 1 0 1|0 1 0 1 0 0 0 0 0 0 0 1|1 0 0 0 0 1 0 0 0 1 0 0|1 0 1 0 1 1 0 0 0 0 0 0|1 0 0 1 1 1 0 1 0 0 1 1|1 0 0 0 1 0 0 0 0 1 0 0|0 1 0 1 0 1 1 0 0 1 0 0","0 0 1 1 0 1 0 1 1 1 1 0|0 0 1 1 1 1 1 0 1 1 1 1|1 1 0 1 1 1 0 1 1 1 1 1|1 1 1 0 1 1 1 1 1 1 0 1|0 1 1 1 0 1 0 0 1 1 1 1|1 1 1 1 1 0 1 1 1 1 0 1|0 1 0 1 0 1 0 0 0 0 0 1|1 0 1 1 0 1 0 0 0 1 1 0|1 1 1 1 1 1 0 0 0 1 0 1|1 1 1 1 1 1 0 1 1 0 1 1|1 1 1 0 1 0 0 1 0 1 0 0|0 1 1 1 1 1 1 0 1 1 0 0"
4,"ID1-12.56.1:",12,4,3366,"1, 2, 3, 4, 5, 6, 8, 9, 10, 11","1->3, 2->10, 3->11, 4->6, 5->2, 6->8, 7->7, 8->9, 9->1, 10->4, 11->5, 12->12","1-3, 1-4, 1-8, 2-3, 2-4, 2-6, 2-7, 2-9, 2-10, 2-11, 3-4, 3-8, 3-10, 3-11, 3-12, 4-6, 4-7, 4-8, 4-9, 4-12, 5-9, 5-10, 5-12, 6-7, 6-8, 8-11, 9-10, 9-12, 10-12","1-2, 1-4, 1-6, 1-10, 1-12, 2-4, 2-12, 3-6, 3-9, 3-11, 4-10, 4-11, 4-12, 5-9, 5-10, 5-11, 6-7, 6-8, 6-9, 6-10, 6-11, 6-12, 7-8, 7-10, 8-9, 8-10, 9-11, 10-11, 11-12","1-2, 1-3, 1-4, 1-6, 1-8, 1-10, 1-12, 2-3, 2-4, 2-6, 2-7, 2-9, 2-10, 2-11, 2-12, 3-4, 3-6, 3-8, 3-9, 3-10, 3-11, 3-12, 4-6, 4-7, 4-8, 4-9, 4-10, 4-11, 4-12, 5-9, 5-10, 5-11, 5-12, 6-7, 6-8, 6-9, 6-10, 6-11, 6-12, 7-8, 7-10, 8-9, 8-10, 8-11, 9-10, 9-11, 9-12, 10-11, 10-12, 11-12",4,4,8,"0 0 1 1 0 0 0 1 0 0 0 0|0 0 1 1 0 1 1 0 1 1 1 0|1 1 0 1 0 0 0 1 0 1 1 1|1 1 1 0 0 1 1 1 1 0 0 1|0 0 0 0 0 0 0 0 1 1 0 1|0 1 0 1 0 0 1 1 0 0 0 0|0 1 0 1 0 1 0 0 0 0 0 0|1 0 1 1 0 1 0 0 0 0 1 0|0 1 0 1 1 0 0 0 0 1 0 1|0 1 1 0 1 0 0 0 1 0 0 1|0 1 1 0 0 0 0 1 0 0 0 0|0 0 1 1 1 0 0 0 1 1 0 0","0 1 0 1 0 1 0 0 0 1 0 1|1 0 0 1 0 0 0 0 0 0 0 1|0 0 0 0 0 1 0 0 1 0 1 0|1 1 0 0 0 0 0 0 0 1 1 1|0 0 0 0 0 0 0 0 1 1 1 0|1 0 1 0 0 0 1 1 1 1 1 1|0 0 0 0 0 1 0 1 0 1 0 0|0 0 0 0 0 1 1 0 1 1 0 0|0 0 1 0 1 1 0 1 0 0 1 0|1 0 0 1 1 1 1 1 0 0 1 0|0 0 1 1 1 1 0 0 1 1 0 1|1 1 0 1 0 1 0 0 0 0 1 0","0 1 1 1 0 1 0 1 0 1 0 1|1 0 1 1 0 1 1 0 1 1 1 1|1 1 0 1 0 1 0 1 1 1 1 1|1 1 1 0 0 1 1 1 1 1 1 1|0 0 0 0 0 0 0 0 1 1 1 1|1 1 1 1 0 0 1 1 1 1 1 1|0 1 0 1 0 1 0 1 0 1 0 0|1 0 1 1 0 1 1 0 1 1 1 0|0 1 1 1 1 1 0 1 0 1 1 1|1 1 1 1 1 1 1 1 1 0 1 1|0 1 1 1 1 1 0 1 1 1 0 1|1 1 1 1 1 1 0 0 1 1 1 0"
5,"ID1-12.56.1:",12,5,4411,"1, 2, 3, 4, 6, 7, 8, 9, 10, 11","1->11, 2->10, 3->1, 4->7, 5->5, 6->4, 7->9, 8->3, 9->8, 10->2, 11->6, 12->12","1-3, 1-4, 1-8, 2-3, 2-4, 2-6, 2-7, 2-9, 2-10, 2-11, 3-4, 3-8, 3-10, 3-11, 3-12, 4-6, 4-7, 4-8, 4-9, 4-12, 5-9, 5-10, 5-12, 6-7, 6-8, 8-11, 9-10, 9-12, 10-12","1-2, 1-3, 1-6, 1-7, 1-10, 1-11, 1-12, 2-5, 2-8, 2-10, 2-12, 3-4, 3-6, 3-7, 3-11, 4-7, 4-9, 4-10, 5-8, 5-12, 6-10, 7-8, 7-9, 7-10, 7-11, 7-12, 8-10, 8-12, 9-10","1-2, 1-3, 1-4, 1-6, 1-7, 1-8, 1-10, 1-11, 1-12, 2-3, 2-4, 2-5, 2-6, 2-7, 2-8, 2-9, 2-10, 2-11, 2-12, 3-4, 3-6, 3-7, 3-8, 3-10, 3-11, 3-12, 4-6, 4-7, 4-8, 4-9, 4-10, 4-12, 5-8, 5-9, 5-10, 5-12, 6-7, 6-8, 6-10, 7-8, 7-9, 7-10, 7-11, 7-12, 8-10, 8-11, 8-12, 9-10, 9-12, 10-12",4,4,8,"0 0 1 1 0 0 0 1 0 0 0 0|0 0 1 1 0 1 1 0 1 1 1 0|1 1 0 1 0 0 0 1 0 1 1 1|1 1 1 0 0 1 1 1 1 0 0 1|0 0 0 0 0 0 0 0 1 1 0 1|0 1 0 1 0 0 1 1 0 0 0 0|0 1 0 1 0 1 0 0 0 0 0 0|1 0 1 1 0 1 0 0 0 0 1 0|0 1 0 1 1 0 0 0 0 1 0 1|0 1 1 0 1 0 0 0 1 0 0 1|0 1 1 0 0 0 0 1 0 0 0 0|0 0 1 1 1 0 0 0 1 1 0 0","0 1 1 0 0 1 1 0 0 1 1 1|1 0 0 0 1 0 0 1 0 1 0 1|1 0 0 1 0 1 1 0 0 0 1 0|0 0 1 0 0 0 1 0 1 1 0 0|0 1 0 0 0 0 0 1 0 0 0 1|1 0 1 0 0 0 0 0 0 1 0 0|1 0 1 1 0 0 0 1 1 1 1 1|0 1 0 0 1 0 1 0 0 1 0 1|0 0 0 1 0 0 1 0 0 1 0 0|1 1 0 1 0 1 1 1 1 0 0 0|1 0 1 0 0 0 1 0 0 0 0 0|1 1 0 0 1 0 1 1 0 0 0 0","0 1 1 1 0 1 1 1 0 1 1 1|1 0 1 1 1 1 1 1 1 1 1 1|1 1 0 1 0 1 1 1 0 1 1 1|1 1 1 0 0 1 1 1 1 1 0 1|0 1 0 0 0 0 0 1 1 1 0 1|1 1 1 1 0 0 1 1 0 1 0 0|1 1 1 1 0 1 0 1 1 1 1 1|1 1 1 1 1 1 1 0 0 1 1 1|0 1 0 1 1 0 1 0 0 1 0 1|1 1 1 1 1 1 1 1 1 0 0 1|1 1 1 0 0 0 1 1 0 0 0 0|1 1 1 1 1 0 1 1 1 1 0 0"
6,"ID1-12.56.1:",12,6,5428,"1, 2, 3, 4, 5, 6, 7, 8, 9, 12","1->7, 2->6, 3->1, 4->9, 5->4, 6->12, 7->3, 8->5, 9->8, 10->10, 11->11, 12->2","1-3, 1-4, 1-8, 2-3, 2-4, 2-6, 2-7, 2-9, 2-10, 2-11, 3-4, 3-8, 3-10, 3-11, 3-12, 4-6, 4-7, 4-8, 4-9, 4-12, 5-9, 5-10, 5-12, 6-7, 6-8, 8-11, 9-10, 9-12, 10-12","1-2, 1-5, 1-6, 1-7, 1-9, 1-10, 1-11, 2-4, 2-8, 2-9, 2-10, 3-6, 3-9, 3-12, 4-8, 4-10, 5-7, 5-9, 5-11, 5-12, 6-8, 6-9, 6-10, 6-11, 6-12, 7-9, 8-9, 8-10, 9-12","1-2, 1-3, 1-4, 1-5, 1-6, 1-7, 1-8, 1-9, 1-10, 1-11, 2-3, 2-4, 2-6, 2-7, 2-8, 2-9, 2-10, 2-11, 3-4, 3-6, 3-8, 3-9, 3-10, 3-11, 3-12, 4-6, 4-7, 4-8, 4-9, 4-10, 4-12, 5-7, 5-9, 5-10, 5-11, 5-12, 6-7, 6-8, 6-9, 6-10, 6-11, 6-12, 7-9, 8-9, 8-10, 8-11, 9-10, 9-12, 10-12",4,4,8,"0 0 1 1 0 0 0 1 0 0 0 0|0 0 1 1 0 1 1 0 1 1 1 0|1 1 0 1 0 0 0 1 0 1 1 1|1 1 1 0 0 1 1 1 1 0 0 1|0 0 0 0 0 0 0 0 1 1 0 1|0 1 0 1 0 0 1 1 0 0 0 0|0 1 0 1 0 1 0 0 0 0 0 0|1 0 1 1 0 1 0 0 0 0 1 0|0 1 0 1 1 0 0 0 0 1 0 1|0 1 1 0 1 0 0 0 1 0 0 1|0 1 1 0 0 0 0 1 0 0 0 0|0 0 1 1 1 0 0 0 1 1 0 0","0 1 0 0 1 1 1 0 1 1 1 0|1 0 0 1 0 0 0 1 1 1 0 0|0 0 0 0 0 1 0 0 1 0 0 1|0 1 0 0 0 0 0 1 0 1 0 0|1 0 0 0 0 0 1 0 1 0 1 1|1 0 1 0 0 0 0 1 1 1 1 1|1 0 0 0 1 0 0 0 1 0 0 0|0 1 0 1 0 1 0 0 1 1 0 0|1 1 1 0 1 1 1 1 0 0 0 1|1 1 0 1 0 1 0 1 0 0 0 0|1 0 0 0 1 1 0 0 0 0 0 0|0 0 1 0 1 1 0 0 1 0 0 0","0 1 1 1 1 1 1 1 1 1 1 0|1 0 1 1 0 1 1 1 1 1 1 0|1 1 0 1 0 1 0 1 1 1 1 1|1 1 1 0 0 1 1 1 1 1 0 1|1 0 0 0 0 0 1 0 1 1 1 1|1 1 1 1 0 0 1 1 1 1 1 1|1 1 0 1 1 1 0 0 1 0 0 0|1 1 1 1 0 1 0 0 1 1 1 0|1 1 1 1 1 1 1 1 0 1 0 1|1 1 1 1 1 1 0 1 1 0 0 1|1 1 1 0 1 1 0 1 0 0 0 0|0 0 1 1 1 1 0 0 1 1 0 0"
7,"ID1-12.56.1:",12,7,6097,"1, 3, 4, 5, 6, 7, 8, 10, 11, 12","1->5, 2->2, 3->12, 4->8, 5->3, 6->11, 7->1, 8->10, 9->9, 10->6, 11->4, 12->7","1-3, 1-4, 1-8, 2-3, 2-4, 2-6, 2-7, 2-9, 2-10, 2-11, 3-4, 3-8, 3-10, 3-11, 3-12, 4-6, 4-7, 4-8, 4-9, 4-12, 5-9, 5-10, 5-12, 6-7, 6-8, 8-11, 9-10, 9-12, 10-12","1-2, 1-8, 1-11, 2-4, 2-6, 2-8, 2-9, 2-11, 2-12, 3-6, 3-7, 3-9, 4-10, 4-12, 5-8, 5-10, 5-12, 6-7, 6-9, 6-12, 7-8, 7-9, 7-12, 8-9, 8-10, 8-11, 8-12, 10-11, 10-12","1-2, 1-3, 1-4, 1-8, 1-11, 2-3, 2-4, 2-6, 2-7, 2-8, 2-9, 2-10, 2-11, 2-12, 3-4, 3-6, 3-7, 3-8, 3-9, 3-10, 3-11, 3-12, 4-6, 4-7, 4-8, 4-9, 4-10, 4-12, 5-8, 5-9, 5-10, 5-12, 6-7, 6-8, 6-9, 6-12, 7-8, 7-9, 7-12, 8-9, 8-10, 8-11, 8-12, 9-10, 9-12, 10-11, 10-12",4,4,8,"0 0 1 1 0 0 0 1 0 0 0 0|0 0 1 1 0 1 1 0 1 1 1 0|1 1 0 1 0 0 0 1 0 1 1 1|1 1 1 0 0 1 1 1 1 0 0 1|0 0 0 0 0 0 0 0 1 1 0 1|0 1 0 1 0 0 1 1 0 0 0 0|0 1 0 1 0 1 0 0 0 0 0 0|1 0 1 1 0 1 0 0 0 0 1 0|0 1 0 1 1 0 0 0 0 1 0 1|0 1 1 0 1 0 0 0 1 0 0 1|0 1 1 0 0 0 0 1 0 0 0 0|0 0 1 1 1 0 0 0 1 1 0 0","0 1 0 0 0 0 0 1 0 0 1 0|1 0 0 1 0 1 0 1 1 0 1 1|0 0 0 0 0 1 1 0 1 0 0 0|0 1 0 0 0 0 0 0 0 1 0 1|0 0 0 0 0 0 0 1 0 1 0 1|0 1 1 0 0 0 1 0 1 0 0 1|0 0 1 0 0 1 0 1 1 0 0 1|1 1 0 0 1 0 1 0 1 1 1 1|0 1 1 0 0 1 1 1 0 0 0 0|0 0 0 1 1 0 0 1 0 0 1 1|1 1 0 0 0 0 0 1 0 1 0 0|0 1 0 1 1 1 1 1 0 1 0 0","0 1 1 1 0 0 0 1 0 0 1 0|1 0 1 1 0 1 1 1 1 1 1 1|1 1 0 1 0 1 1 1 1 1 1 1|1 1 1 0 0 1 1 1 1 1 0 1|0 0 0 0 0 0 0 1 1 1 0 1|0 1 1 1 0 0 1 1 1 0 0 1|0 1 1 1 0 1 0 1 1 0 0 1|1 1 1 1 1 1 1 0 1 1 1 1|0 1 1 1 1 1 1 1 0 1 0 1|0 1 1 1 1 0 0 1 1 0 1 1|1 1 1 0 0 0 0 1 0 1 0 0|0 1 1 1 1 1 1 1 1 1 0 0"
8,"ID1-12.56.1:",12,8,7445,"1, 2, 3, 4, 6, 7, 8, 9, 10, 11","1->11, 2->9, 3->8, 4->10, 5->5, 6->3, 7->6, 8->4, 9->1, 10->2, 11->7, 12->12","1-3, 1-4, 1-8, 2-3, 2-4, 2-6, 2-7, 2-9, 2-10, 2-11, 3-4, 3-8, 3-10, 3-11, 3-12, 4-6, 4-7, 4-8, 4-9, 4-12, 5-9, 5-10, 5-12, 6-7, 6-8, 8-11, 9-10, 9-12, 10-12","1-2, 1-5, 1-9, 1-10, 1-12, 2-5, 2-8, 2-9, 2-12, 3-4, 3-6, 3-9, 3-10, 4-7, 4-8, 4-10, 4-11, 5-12, 6-9, 6-10, 7-8, 7-9, 8-9, 8-10, 8-11, 8-12, 9-10, 10-11, 10-12","1-2, 1-3, 1-4, 1-5, 1-8, 1-9, 1-10, 1-12, 2-3, 2-4, 2-5, 2-6, 2-7, 2-8, 2-9, 2-10, 2-11, 2-12, 3-4, 3-6, 3-8, 3-9, 3-10, 3-11, 3-12, 4-6, 4-7, 4-8, 4-9, 4-10, 4-11, 4-12, 5-9, 5-10, 5-12, 6-7, 6-8, 6-9, 6-10, 7-8, 7-9, 8-9, 8-10, 8-11, 8-12, 9-10, 9-12, 10-11, 10-12",4,4,8,"0 0 1 1 0 0 0 1 0 0 0 0|0 0 1 1 0 1 1 0 1 1 1 0|1 1 0 1 0 0 0 1 0 1 1 1|1 1 1 0 0 1 1 1 1 0 0 1|0 0 0 0 0 0 0 0 1 1 0 1|0 1 0 1 0 0 1 1 0 0 0 0|0 1 0 1 0 1 0 0 0 0 0 0|1 0 1 1 0 1 0 0 0 0 1 0|0 1 0 1 1 0 0 0 0 1 0 1|0 1 1 0 1 0 0 0 1 0 0 1|0 1 1 0 0 0 0 1 0 0 0 0|0 0 1 1 1 0 0 0 1 1 0 0","0 1 0 0 1 0 0 0 1 1 0 1|1 0 0 0 1 0 0 1 1 0 0 1|0 0 0 1 0 1 0 0 1 1 0 0|0 0 1 0 0 0 1 1 0 1 1 0|1 1 0 0 0 0 0 0 0 0 0 1|0 0 1 0 0 0 0 0 1 1 0 0|0 0 0 1 0 0 0 1 1 0 0 0|0 1 0 1 0 0 1 0 1 1 1 1|1 1 1 0 0 1 1 1 0 1 0 0|1 0 1 1 0 1 0 1 1 0 1 1|0 0 0 1 0 0 0 1 0 1 0 0|1 1 0 0 1 0 0 1 0 1 0 0","0 1 1 1 1 0 0 1 1 1 0 1|1 0 1 1 1 1 1 1 1 1 1 1|1 1 0 1 0 1 0 1 1 1 1 1|1 1 1 0 0 1 1 1 1 1 1 1|1 1 0 0 0 0 0 0 1 1 0 1|0 1 1 1 0 0 1 1 1 1 0 0|0 1 0 1 0 1 0 1 1 0 0 0|1 1 1 1 0 1 1 0 1 1 1 1|1 1 1 1 1 1 1 1 0 1 0 1|1 1 1 1 1 1 0 1 1 0 1 1|0 1 1 1 0 0 0 1 0 1 0 0|1 1 1 1 1 0 0 1 1 1 0 0"
9,"ID1-12.56.1:",12,9,8835,"2, 3, 4, 5, 6, 8, 9, 10, 11, 12","1->1, 2->11, 3->2, 4->12, 5->3, 6->4, 7->7, 8->10, 9->6, 10->9, 11->5, 12->8","1-3, 1-4, 1-8, 2-3, 2-4, 2-6, 2-7, 2-9, 2-10, 2-11, 3-4, 3-8, 3-10, 3-11, 3-12, 4-6, 4-7, 4-8, 4-9, 4-12, 5-9, 5-10, 5-12, 6-7, 6-8, 8-11, 9-10, 9-12, 10-12","1-2, 1-10, 1-12, 2-5, 2-8, 2-9, 2-10, 2-11, 2-12, 3-6, 3-8, 3-9, 4-7, 4-10, 4-11, 4-12, 5-10, 5-11, 6-8, 6-9, 6-11, 6-12, 7-11, 7-12, 8-9, 8-12, 9-11, 10-12, 11-12","1-2, 1-3, 1-4, 1-8, 1-10, 1-12, 2-3, 2-4, 2-5, 2-6, 2-7, 2-8, 2-9, 2-10, 2-11, 2-12, 3-4, 3-6, 3-8, 3-9, 3-10, 3-11, 3-12, 4-6, 4-7, 4-8, 4-9, 4-10, 4-11, 4-12, 5-9, 5-10, 5-11, 5-12, 6-7, 6-8, 6-9, 6-11, 6-12, 7-11, 7-12, 8-9, 8-11, 8-12, 9-10, 9-11, 9-12, 10-12, 11-12",4,4,8,"0 0 1 1 0 0 0 1 0 0 0 0|0 0 1 1 0 1 1 0 1 1 1 0|1 1 0 1 0 0 0 1 0 1 1 1|1 1 1 0 0 1 1 1 1 0 0 1|0 0 0 0 0 0 0 0 1 1 0 1|0 1 0 1 0 0 1 1 0 0 0 0|0 1 0 1 0 1 0 0 0 0 0 0|1 0 1 1 0 1 0 0 0 0 1 0|0 1 0 1 1 0 0 0 0 1 0 1|0 1 1 0 1 0 0 0 1 0 0 1|0 1 1 0 0 0 0 1 0 0 0 0|0 0 1 1 1 0 0 0 1 1 0 0","0 1 0 0 0 0 0 0 0 1 0 1|1 0 0 0 1 0 0 1 1 1 1 1|0 0 0 0 0 1 0 1 1 0 0 0|0 0 0 0 0 0 1 0 0 1 1 1|0 1 0 0 0 0 0 0 0 1 1 0|0 0 1 0 0 0 0 1 1 0 1 1|0 0 0 1 0 0 0 0 0 0 1 1|0 1 1 0 0 1 0 0 1 0 0 1|0 1 1 0 0 1 0 1 0 0 1 0|1 1 0 1 1 0 0 0 0 0 0 1|0 1 0 1 1 1 1 0 1 0 0 1|1 1 0 1 0 1 1 1 0 1 1 0","0 1 1 1 0 0 0 1 0 1 0 1|1 0 1 1 1 1 1 1 1 1 1 1|1 1 0 1 0 1 0 1 1 1 1 1|1 1 1 0 0 1 1 1 1 1 1 1|0 1 0 0 0 0 0 0 1 1 1 1|0 1 1 1 0 0 1 1 1 0 1 1|0 1 0 1 0 1 0 0 0 0 1 1|1 1 1 1 0 1 0 0 1 0 1 1|0 1 1 1 1 1 0 1 0 1 1 1|1 1 1 1 1 0 0 0 1 0 0 1|0 1 1 1 1 1 1 1 1 0 0 1|1 1 1 1 1 1 1 1 1 1 1 0"
10,"ID1-12.56.1:",12,10,10322,"1, 2, 3, 4, 5, 7, 8, 9, 11, 12","1->12, 2->4, 3->11, 4->5, 5->7, 6->6, 7->1, 8->2, 9->3, 10->10, 11->8, 12->9","1-3, 1-4, 1-8, 2-3, 2-4, 2-6, 2-7, 2-9, 2-10, 2-11, 3-4, 3-8, 3-10, 3-11, 3-12, 4-6, 4-7, 4-8, 4-9, 4-12, 5-9, 5-10, 5-12, 6-7, 6-8, 8-11, 9-10, 9-12, 10-12","1-4, 1-5, 1-6, 2-5, 2-6, 2-8, 2-11, 2-12, 3-4, 3-5, 3-7, 3-9, 3-10, 4-5, 4-6, 4-8, 4-10, 4-11, 5-6, 5-9, 5-11, 5-12, 7-9, 7-10, 8-11, 9-10, 9-11, 10-11, 11-12","1-3, 1-4, 1-5, 1-6, 1-8, 2-3, 2-4, 2-5, 2-6, 2-7, 2-8, 2-9, 2-10, 2-11, 2-12, 3-4, 3-5, 3-7, 3-8, 3-9, 3-10, 3-11, 3-12, 4-5, 4-6, 4-7, 4-8, 4-9, 4-10, 4-11, 4-12, 5-6, 5-9, 5-10, 5-11, 5-12, 6-7, 6-8, 7-9, 7-10, 8-11, 9-10, 9-11, 9-12, 10-11, 10-12, 11-12",4,4,8,"0 0 1 1 0 0 0 1 0 0 0 0|0 0 1 1 0 1 1 0 1 1 1 0|1 1 0 1 0 0 0 1 0 1 1 1|1 1 1 0 0 1 1 1 1 0 0 1|0 0 0 0 0 0 0 0 1 1 0 1|0 1 0 1 0 0 1 1 0 0 0 0|0 1 0 1 0 1 0 0 0 0 0 0|1 0 1 1 0 1 0 0 0 0 1 0|0 1 0 1 1 0 0 0 0 1 0 1|0 1 1 0 1 0 0 0 1 0 0 1|0 1 1 0 0 0 0 1 0 0 0 0|0 0 1 1 1 0 0 0 1 1 0 0","0 0 0 1 1 1 0 0 0 0 0 0|0 0 0 0 1 1 0 1 0 0 1 1|0 0 0 1 1 0 1 0 1 1 0 0|1 0 1 0 1 1 0 1 0 1 1 0|1 1 1 1 0 1 0 0 1 0 1 1|1 1 0 1 1 0 0 0 0 0 0 0|0 0 1 0 0 0 0 0 1 1 0 0|0 1 0 1 0 0 0 0 0 0 1 0|0 0 1 0 1 0 1 0 0 1 1 0|0 0 1 1 0 0 1 0 1 0 1 0|0 1 0 1 1 0 0 1 1 1 0 1|0 1 0 0 1 0 0 0 0 0 1 0","0 0 1 1 1 1 0 1 0 0 0 0|0 0 1 1 1 1 1 1 1 1 1 1|1 1 0 1 1 0 1 1 1 1 1 1|1 1 1 0 1 1 1 1 1 1 1 1|1 1 1 1 0 1 0 0 1 1 1 1|1 1 0 1 1 0 1 1 0 0 0 0|0 1 1 1 0 1 0 0 1 1 0 0|1 1 1 1 0 1 0 0 0 0 1 0|0 1 1 1 1 0 1 0 0 1 1 1|0 1 1 1 1 0 1 0 1 0 1 1|0 1 1 1 1 0 0 1 1 1 0 1|0 1 1 1 1 0 0 0 1 1 1 0"
11,"ID2-12.57.1:",12,1,3292,"2, 3, 4, 5, 6, 7, 8, 9, 10, 12","1->1, 2->9, 3->7, 4->12, 5->4, 6->5, 7->8, 8->2, 9->6, 10->3, 11->11, 12->10","1-3, 1-4, 1-8, 2-3, 2-4, 2-6, 2-7, 2-9, 2-10, 2-11, 3-4, 3-8, 3-10, 3-11, 3-12, 4-6, 4-7, 4-8, 4-9, 4-12, 5-9, 5-10, 5-12, 6-7, 8-11, 9-10, 9-12, 10-12","1-2, 1-7, 1-12, 2-7, 2-11, 2-12, 3-4, 3-6, 3-7, 3-9, 3-10, 4-6, 4-10, 5-8, 5-9, 5-12, 6-9, 6-10, 6-12, 7-9, 7-10, 7-11, 7-12, 8-9, 8-12, 9-11, 9-12, 10-12","1-2, 1-3, 1-4, 1-7, 1-8, 1-12, 2-3, 2-4, 2-6, 2-7, 2-9, 2-10, 2-11, 2-12, 3-4, 3-6, 3-7, 3-8, 3-9, 3-10, 3-11, 3-12, 4-6, 4-7, 4-8, 4-9, 4-10, 4-12, 5-8, 5-9, 5-10, 5-12, 6-7, 6-9, 6-10, 6-12, 7-9, 7-10, 7-11, 7-12, 8-9, 8-11, 8-12, 9-10, 9-11, 9-12, 10-12",4,4,8,"0 0 1 1 0 0 0 1 0 0 0 0|0 0 1 1 0 1 1 0 1 1 1 0|1 1 0 1 0 0 0 1 0 1 1 1|1 1 1 0 0 1 1 1 1 0 0 1|0 0 0 0 0 0 0 0 1 1 0 1|0 1 0 1 0 0 1 0 0 0 0 0|0 1 0 1 0 1 0 0 0 0 0 0|1 0 1 1 0 0 0 0 0 0 1 0|0 1 0 1 1 0 0 0 0 1 0 1|0 1 1 0 1 0 0 0 1 0 0 1|0 1 1 0 0 0 0 1 0 0 0 0|0 0 1 1 1 0 0 0 1 1 0 0","0 1 0 0 0 0 1 0 0 0 0 1|1 0 0 0 0 0 1 0 0 0 1 1|0 0 0 1 0 1 1 0 1 1 0 0|0 0 1 0 0 1 0 0 0 1 0 0|0 0 0 0 0 0 0 1 1 0 0 1|0 0 1 1 0 0 0 0 1 1 0 1|1 1 1 0 0 0 0 0 1 1 1 1|0 0 0 0 1 0 0 0 1 0 0 1|0 0 1 0 1 1 1 1 0 0 1 1|0 0 1 1 0 1 1 0 0 0 0 1|0 1 0 0 0 0 1 0 1 0 0 0|1 1 0 0 1 1 1 1 1 1 0 0","0 1 1 1 0 0 1 1 0 0 0 1|1 0 1 1 0 1 1 0 1 1 1 1|1 1 0 1 0 1 1 1 1 1 1 1|1 1 1 0 0 1 1 1 1 1 0 1|0 0 0 0 0 0 0 1 1 1 0 1|0 1 1 1 0 0 1 0 1 1 0 1|1 1 1 1 0 1 0 0 1 1 1 1|1 0 1 1 1 0 0 0 1 0 1 1|0 1 1 1 1 1 1 1 0 1 1 1|0 1 1 1 1 1 1 0 1 0 0 1|0 1 1 0 0 0 1 1 1 0 0 0|1 1 1 1 1 1 1 1 1 1 0 0"
12,"ID2-12.57.1:",12,2,7295,"1, 2, 3, 4, 5, 6, 7, 8, 9, 12","1->9, 2->12, 3->7, 4->3, 5->4, 6->8, 7->6, 8->1, 9->2, 10->10, 11->11, 12->5","1-3, 1-4, 1-8, 2-3, 2-4, 2-6, 2-7, 2-9, 2-10, 2-11, 3-4, 3-8, 3-10, 3-11, 3-12, 4-6, 4-7, 4-8, 4-9, 4-12, 5-9, 5-10, 5-12, 6-7, 8-11, 9-10, 9-12, 10-12","1-3, 1-7, 1-9, 1-11, 2-3, 2-4, 2-5, 2-10, 2-12, 3-5, 3-6, 3-7, 3-8, 3-9, 3-12, 4-5, 4-10, 5-7, 5-10, 6-8, 6-12, 7-9, 7-10, 7-11, 7-12, 8-12, 10-12, 11-12","1-3, 1-4, 1-7, 1-8, 1-9, 1-11, 2-3, 2-4, 2-5, 2-6, 2-7, 2-9, 2-10, 2-11, 2-12, 3-4, 3-5, 3-6, 3-7, 3-8, 3-9, 3-10, 3-11, 3-12, 4-5, 4-6, 4-7, 4-8, 4-9, 4-10, 4-12, 5-7, 5-9, 5-10, 5-12, 6-7, 6-8, 6-12, 7-9, 7-10, 7-11, 7-12, 8-11, 8-12, 9-10, 9-12, 10-12, 11-12",4,4,8,"0 0 1 1 0 0 0 1 0 0 0 0|0 0 1 1 0 1 1 0 1 1 1 0|1 1 0 1 0 0 0 1 0 1 1 1|1 1 1 0 0 1 1 1 1 0 0 1|0 0 0 0 0 0 0 0 1 1 0 1|0 1 0 1 0 0 1 0 0 0 0 0|0 1 0 1 0 1 0 0 0 0 0 0|1 0 1 1 0 0 0 0 0 0 1 0|0 1 0 1 1 0 0 0 0 1 0 1|0 1 1 0 1 0 0 0 1 0 0 1|0 1 1 0 0 0 0 1 0 0 0 0|0 0 1 1 1 0 0 0 1 1 0 0","0 0 1 0 0 0 1 0 1 0 1 0|0 0 1 1 1 0 0 0 0 1 0 1|1 1 0 0 1 1 1 1 1 0 0 1|0 1 0 0 1 0 0 0 0 1 0 0|0 1 1 1 0 0 1 0 0 1 0 0|0 0 1 0 0 0 0 1 0 0 0 1|1 0 1 0 1 0 0 0 1 1 1 1|0 0 1 0 0 1 0 0 0 0 0 1|1 0 1 0 0 0 1 0 0 0 0 0|0 1 0 1 1 0 1 0 0 0 0 1|1 0 0 0 0 0 1 0 0 0 0 1|0 1 1 0 0 1 1 1 0 1 1 0","0 0 1 1 0 0 1 1 1 0 1 0|0 0 1 1 1 1 1 0 1 1 1 1|1 1 0 1 1 1 1 1 1 1 1 1|1 1 1 0 1 1 1 1 1 1 0 1|0 1 1 1 0 0 1 0 1 1 0 1|0 1 1 1 0 0 1 1 0 0 0 1|1 1 1 1 1 1 0 0 1 1 1 1|1 0 1 1 0 1 0 0 0 0 1 1|1 1 1 1 1 0 1 0 0 1 0 1|0 1 1 1 1 0 1 0 1 0 0 1|1 1 1 0 0 0 1 1 0 0 0 1|0 1 1 1 1 1 1 1 1 1 1 0"
13,"ID2-12.57.1:",12,3,7671,"1, 2, 3, 4, 5, 6, 8, 9, 10, 12","1->4, 2->6, 3->10, 4->1, 5->9, 6->3, 7->7, 8->5, 9->12, 10->8, 11->11, 12->2","1-3, 1-4, 1-8, 2-3, 2-4, 2-6, 2-7, 2-9, 2-10, 2-11, 3-4, 3-8, 3-10, 3-11, 3-12, 4-6, 4-7, 4-8, 4-9, 4-12, 5-9, 5-10, 5-12, 6-7, 8-11, 9-10, 9-12, 10-12","1-2, 1-3, 1-4, 1-5, 1-6, 1-7, 1-10, 1-12, 2-8, 2-9, 2-10, 2-12, 3-6, 3-7, 4-5, 4-10, 5-10, 5-11, 6-7, 6-8, 6-10, 6-11, 6-12, 8-9, 8-10, 8-12, 9-12, 10-11","1-2, 1-3, 1-4, 1-5, 1-6, 1-7, 1-8, 1-10, 1-12, 2-3, 2-4, 2-6, 2-7, 2-8, 2-9, 2-10, 2-11, 2-12, 3-4, 3-6, 3-7, 3-8, 3-10, 3-11, 3-12, 4-5, 4-6, 4-7, 4-8, 4-9, 4-10, 4-12, 5-9, 5-10, 5-11, 5-12, 6-7, 6-8, 6-10, 6-11, 6-12, 8-9, 8-10, 8-11, 8-12, 9-10, 9-12, 10-11, 10-12",4,4,8,"0 0 1 1 0 0 0 1 0 0 0 0|0 0 1 1 0 1 1 0 1 1 1 0|1 1 0 1 0 0 0 1 0 1 1 1|1 1 1 0 0 1 1 1 1 0 0 1|0 0 0 0 0 0 0 0 1 1 0 1|0 1 0 1 0 0 1 0 0 0 0 0|0 1 0 1 0 1 0 0 0 0 0 0|1 0 1 1 0 0 0 0 0 0 1 0|0 1 0 1 1 0 0 0 0 1 0 1|0 1 1 0 1 0 0 0 1 0 0 1|0 1 1 0 0 0 0 1 0 0 0 0|0 0 1 1 1 0 0 0 1 1 0 0","0 1 1 1 1 1 1 0 0 1 0 1|1 0 0 0 0 0 0 1 1 1 0 1|1 0 0 0 0 1 1 0 0 0 0 0|1 0 0 0 1 0 0 0 0 1 0 0|1 0 0 1 0 0 0 0 0 1 1 0|1 0 1 0 0 0 1 1 0 1 1 1|1 0 1 0 0 1 0 0 0 0 0 0|0 1 0 0 0 1 0 0 1 1 0 1|0 1 0 0 0 0 0 1 0 0 0 1|1 1 0 1 1 1 0 1 0 0 1 0|0 0 0 0 1 1 0 0 0 1 0 0|1 1 0 0 0 1 0 1 1 0 0 0","0 1 1 1 1 1 1 1 0 1 0 1|1 0 1 1 0 1 1 1 1 1 1 1|1 1 0 1 0 1 1 1 0 1 1 1|1 1 1 0 1 1 1 1 1 1 0 1|1 0 0 1 0 0 0 0 1 1 1 1|1 1 1 1 0 0 1 1 0 1 1 1|1 1 1 1 0 1 0 0 0 0 0 0|1 1 1 1 0 1 0 0 1 1 1 1|0 1 0 1 1 0 0 1 0 1 0 1|1 1 1 1 1 1 0 1 1 0 1 1|0 1 1 0 1 1 0 1 0 1 0 0|1 1 1 1 1 1 0 1 1 1 0 0"
14,"ID2-12.57.1:",12,4,9757,"1, 2, 3, 4, 5, 6, 7, 8, 9, 11","1->6, 2->5, 3->7, 4->1, 5->8, 6->4, 7->11, 8->9, 9->2, 10->10, 11->3, 12->12","1-3, 1-4, 1-8, 2-3, 2-4, 2-6, 2-7, 2-9, 2-10, 2-11, 3-4, 3-8, 3-10, 3-11, 3-12, 4-6, 4-7, 4-8, 4-9, 4-12, 5-9, 5-10, 5-12, 6-7, 8-11, 9-10, 9-12, 10-12","1-2, 1-4, 1-5, 1-6, 1-7, 1-9, 1-11, 1-12, 2-5, 2-8, 2-10, 2-12, 3-5, 3-7, 3-9, 4-5, 4-11, 5-7, 5-10, 5-11, 6-7, 6-9, 7-9, 7-10, 7-12, 8-10, 8-12, 10-12","1-2, 1-3, 1-4, 1-5, 1-6, 1-7, 1-8, 1-9, 1-11, 1-12, 2-3, 2-4, 2-5, 2-6, 2-7, 2-8, 2-9, 2-10, 2-11, 2-12, 3-4, 3-5, 3-7, 3-8, 3-9, 3-10, 3-11, 3-12, 4-5, 4-6, 4-7, 4-8, 4-9, 4-11, 4-12, 5-7, 5-9, 5-10, 5-11, 5-12, 6-7, 6-9, 7-9, 7-10, 7-12, 8-10, 8-11, 8-12, 9-10, 9-12, 10-12",4,4,8,"0 0 1 1 0 0 0 1 0 0 0 0|0 0 1 1 0 1 1 0 1 1 1 0|1 1 0 1 0 0 0 1 0 1 1 1|1 1 1 0 0 1 1 1 1 0 0 1|0 0 0 0 0 0 0 0 1 1 0 1|0 1 0 1 0 0 1 0 0 0 0 0|0 1 0 1 0 1 0 0 0 0 0 0|1 0 1 1 0 0 0 0 0 0 1 0|0 1 0 1 1 0 0 0 0 1 0 1|0 1 1 0 1 0 0 0 1 0 0 1|0 1 1 0 0 0 0 1 0 0 0 0|0 0 1 1 1 0 0 0 1 1 0 0","0 1 0 1 1 1 1 0 1 0 1 1|1 0 0 0 1 0 0 1 0 1 0 1|0 0 0 0 1 0 1 0 1 0 0 0|1 0 0 0 1 0 0 0 0 0 1 0|1 1 1 1 0 0 1 0 0 1 1 0|1 0 0 0 0 0 1 0 1 0 0 0|1 0 1 0 1 1 0 0 1 1 0 1|0 1 0 0 0 0 0 0 0 1 0 1|1 0 1 0 0 1 1 0 0 0 0 0|0 1 0 0 1 0 1 1 0 0 0 1|1 0 0 1 1 0 0 0 0 0 0 0|1 1 0 0 0 0 1 1 0 1 0 0","0 1 1 1 1 1 1 1 1 0 1 1|1 0 1 1 1 1 1 1 1 1 1 1|1 1 0 1 1 0 1 1 1 1 1 1|1 1 1 0 1 1 1 1 1 0 1 1|1 1 1 1 0 0 1 0 1 1 1 1|1 1 0 1 0 0 1 0 1 0 0 0|1 1 1 1 1 1 0 0 1 1 0 1|1 1 1 1 0 0 0 0 0 1 1 1|1 1 1 1 1 1 1 0 0 1 0 1|0 1 1 0 1 0 1 1 1 0 0 1|1 1 1 1 1 0 0 1 0 0 0 0|1 1 1 1 1 0 1 1 1 1 0 0"
15,"ID2-12.57.1:",12,5,11065,"1, 2, 4, 5, 6, 8, 9, 10, 11, 12","1->9, 2->5, 3->3, 4->6, 5->11, 6->1, 7->7, 8->12, 9->4, 10->8, 11->2, 12->10","1-3, 1-4, 1-8, 2-3, 2-4, 2-6, 2-7, 2-9, 2-10, 2-11, 3-4, 3-8, 3-10, 3-11, 3-12, 4-6, 4-7, 4-8, 4-9, 4-12, 5-9, 5-10, 5-12, 6-7, 8-11, 9-10, 9-12, 10-12","1-5, 1-6, 1-7, 2-3, 2-5, 2-12, 3-5, 3-6, 3-8, 3-9, 3-10, 3-12, 4-5, 4-6, 4-8, 4-10, 4-11, 5-6, 5-7, 5-8, 6-7, 6-9, 6-10, 6-12, 8-10, 8-11, 9-12, 10-11","1-3, 1-4, 1-5, 1-6, 1-7, 1-8, 2-3, 2-4, 2-5, 2-6, 2-7, 2-9, 2-10, 2-11, 2-12, 3-4, 3-5, 3-6, 3-8, 3-9, 3-10, 3-11, 3-12, 4-5, 4-6, 4-7, 4-8, 4-9, 4-10, 4-11, 4-12, 5-6, 5-7, 5-8, 5-9, 5-10, 5-12, 6-7, 6-9, 6-10, 6-12, 8-10, 8-11, 9-10, 9-12, 10-11, 10-12",4,4,8,"0 0 1 1 0 0 0 1 0 0 0 0|0 0 1 1 0 1 1 0 1 1 1 0|1 1 0 1 0 0 0 1 0 1 1 1|1 1 1 0 0 1 1 1 1 0 0 1|0 0 0 0 0 0 0 0 1 1 0 1|0 1 0 1 0 0 1 0 0 0 0 0|0 1 0 1 0 1 0 0 0 0 0 0|1 0 1 1 0 0 0 0 0 0 1 0|0 1 0 1 1 0 0 0 0 1 0 1|0 1 1 0 1 0 0 0 1 0 0 1|0 1 1 0 0 0 0 1 0 0 0 0|0 0 1 1 1 0 0 0 1 1 0 0","0 0 0 0 1 1 1 0 0 0 0 0|0 0 1 0 1 0 0 0 0 0 0 1|0 1 0 0 1 1 0 1 1 1 0 1|0 0 0 0 1 1 0 1 0 1 1 0|1 1 1 1 0 1 1 1 0 0 0 0|1 0 1 1 1 0 1 0 1 1 0 1|1 0 0 0 1 1 0 0 0 0 0 0|0 0 1 1 1 0 0 0 0 1 1 0|0 0 1 0 0 1 0 0 0 0 0 1|0 0 1 1 0 1 0 1 0 0 1 0|0 0 0 1 0 0 0 1 0 1 0 0|0 1 1 0 0 1 0 0 1 0 0 0","0 0 1 1 1 1 1 1 0 0 0 0|0 0 1 1 1 1 1 0 1 1 1 1|1 1 0 1 1 1 0 1 1 1 1 1|1 1 1 0 1 1 1 1 1 1 1 1|1 1 1 1 0 1 1 1 1 1 0 1|1 1 1 1 1 0 1 0 1 1 0 1|1 1 0 1 1 1 0 0 0 0 0 0|1 0 1 1 1 0 0 0 0 1 1 0|0 1 1 1 1 1 0 0 0 1 0 1|0 1 1 1 1 1 0 1 1 0 1 1|0 1 1 1 0 0 0 1 0 1 0 0|0 1 1 1 1 1 0 0 1 1 0 0"
16,"ID2-12.57.1:",12,6,12669,"1, 3, 4, 5, 6, 7, 8, 10, 11, 12","1->4, 2->2, 3->10, 4->11, 5->3, 6->7, 7->12, 8->5, 9->9, 10->8, 11->1, 12->6","1-3, 1-4, 1-8, 2-3, 2-4, 2-6, 2-7, 2-9, 2-10, 2-11, 3-4, 3-8, 3-10, 3-11, 3-12, 4-6, 4-7, 4-8, 4-9, 4-12, 5-9, 5-10, 5-12, 6-7, 8-11, 9-10, 9-12, 10-12","1-2, 1-5, 1-10, 2-7, 2-8, 2-9, 2-10, 2-11, 2-12, 3-6, 3-8, 3-9, 4-5, 4-10, 4-11, 5-10, 5-11, 6-8, 6-9, 6-10, 6-11, 7-11, 7-12, 8-9, 8-10, 9-11, 10-11, 11-12","1-2, 1-3, 1-4, 1-5, 1-8, 1-10, 2-3, 2-4, 2-6, 2-7, 2-8, 2-9, 2-10, 2-11, 2-12, 3-4, 3-6, 3-8, 3-9, 3-10, 3-11, 3-12, 4-5, 4-6, 4-7, 4-8, 4-9, 4-10, 4-11, 4-12, 5-9, 5-10, 5-11, 5-12, 6-7, 6-8, 6-9, 6-10, 6-11, 7-11, 7-12, 8-9, 8-10, 8-11, 9-10, 9-11, 9-12, 10-11, 10-12, 11-12",4,4,8,"0 0 1 1 0 0 0 1 0 0 0 0|0 0 1 1 0 1 1 0 1 1 1 0|1 1 0 1 0 0 0 1 0 1 1 1|1 1 1 0 0 1 1 1 1 0 0 1|0 0 0 0 0 0 0 0 1 1 0 1|0 1 0 1 0 0 1 0 0 0 0 0|0 1 0 1 0 1 0 0 0 0 0 0|1 0 1 1 0 0 0 0 0 0 1 0|0 1 0 1 1 0 0 0 0 1 0 1|0 1 1 0 1 0 0 0 1 0 0 1|0 1 1 0 0 0 0 1 0 0 0 0|0 0 1 1 1 0 0 0 1 1 0 0","0 1 0 0 1 0 0 0 0 1 0 0|1 0 0 0 0 0 1 1 1 1 1 1|0 0 0 0 0 1 0 1 1 0 0 0|0 0 0 0 1 0 0 0 0 1 1 0|1 0 0 1 0 0 0 0 0 1 1 0|0 0 1 0 0 0 0 1 1 1 1 0|0 1 0 0 0 0 0 0 0 0 1 1|0 1 1 0 0 1 0 0 1 1 0 0|0 1 1 0 0 1 0 1 0 0 1 0|1 1 0 1 1 1 0 1 0 0 1 0|0 1 0 1 1 1 1 0 1 1 0 1|0 1 0 0 0 0 1 0 0 0 1 0","0 1 1 1 1 0 0 1 0 1 0 0|1 0 1 1 0 1 1 1 1 1 1 1|1 1 0 1 0 1 0 1 1 1 1 1|1 1 1 0 1 1 1 1 1 1 1 1|1 0 0 1 0 0 0 0 1 1 1 1|0 1 1 1 0 0 1 1 1 1 1 0|0 1 0 1 0 1 0 0 0 0 1 1|1 1 1 1 0 1 0 0 1 1 1 0|0 1 1 1 1 1 0 1 0 1 1 1|1 1 1 1 1 1 0 1 1 0 1 1|0 1 1 1 1 1 1 1 1 1 0 1|0 1 1 1 1 0 1 0 1 1 1 0"
17,"ID2-12.57.1:",12,7,17388,"1, 2, 3, 4, 5, 6, 7, 8, 9, 10","1->10, 2->9, 3->7, 4->3, 5->2, 6->8, 7->5, 8->4, 9->6, 10->1, 11->11, 12->12","1-3, 1-4, 1-8, 2-3, 2-4, 2-6, 2-7, 2-9, 2-10, 2-11, 3-4, 3-8, 3-10, 3-11, 3-12, 4-6, 4-7, 4-8, 4-9, 4-12, 5-9, 5-10, 5-12, 6-7, 8-11, 9-10, 9-12, 10-12","1-2, 1-6, 1-7, 1-9, 1-12, 2-6, 2-12, 3-4, 3-5, 3-6, 3-7, 3-8, 3-9, 3-10, 3-12, 4-7, 4-10, 4-11, 5-8, 5-9, 6-9, 6-12, 7-9, 7-10, 7-11, 7-12, 8-9, 9-11","1-2, 1-3, 1-4, 1-6, 1-7, 1-8, 1-9, 1-12, 2-3, 2-4, 2-6, 2-7, 2-9, 2-10, 2-11, 2-12, 3-4, 3-5, 3-6, 3-7, 3-8, 3-9, 3-10, 3-11, 3-12, 4-6, 4-7, 4-8, 4-9, 4-10, 4-11, 4-12, 5-8, 5-9, 5-10, 5-12, 6-7, 6-9, 6-12, 7-9, 7-10, 7-11, 7-12, 8-9, 8-11, 9-10, 9-11, 9-12, 10-12",4,4,8,"0 0 1 1 0 0 0 1 0 0 0 0|0 0 1 1 0 1 1 0 1 1 1 0|1 1 0 1 0 0 0 1 0 1 1 1|1 1 1 0 0 1 1 1 1 0 0 1|0 0 0 0 0 0 0 0 1 1 0 1|0 1 0 1 0 0 1 0 0 0 0 0|0 1 0 1 0 1 0 0 0 0 0 0|1 0 1 1 0 0 0 0 0 0 1 0|0 1 0 1 1 0 0 0 0 1 0 1|0 1 1 0 1 0 0 0 1 0 0 1|0 1 1 0 0 0 0 1 0 0 0 0|0 0 1 1 1 0 0 0 1 1 0 0","0 1 0 0 0 1 1 0 1 0 0 1|1 0 0 0 0 1 0 0 0 0 0 1|0 0 0 1 1 1 1 1 1 1 0 1|0 0 1 0 0 0 1 0 0 1 1 0|0 0 1 0 0 0 0 1 1 0 0 0|1 1 1 0 0 0 0 0 1 0 0 1|1 0 1 1 0 0 0 0 1 1 1 1|0 0 1 0 1 0 0 0 1 0 0 0|1 0 1 0 1 1 1 1 0 0 1 0|0 0 1 1 0 0 1 0 0 0 0 0|0 0 0 1 0 0 1 0 1 0 0 0|1 1 1 0 0 1 1 0 0 0 0 0","0 1 1 1 0 1 1 1 1 0 0 1|1 0 1 1 0 1 1 0 1 1 1 1|1 1 0 1 1 1 1 1 1 1 1 1|1 1 1 0 0 1 1 1 1 1 1 1|0 0 1 0 0 0 0 1 1 1 0 1|1 1 1 1 0 0 1 0 1 0 0 1|1 1 1 1 0 1 0 0 1 1 1 1|1 0 1 1 1 0 0 0 1 0 1 0|1 1 1 1 1 1 1 1 0 1 1 1|0 1 1 1 1 0 1 0 1 0 0 1|0 1 1 1 0 0 1 1 1 0 0 0|1 1 1 1 1 1 1 0 1 1 0 0"
18,"ID2-12.57.1:",12,8,21857,"1, 2, 3, 4, 5, 6, 7, 8, 10, 12","1->5, 2->6, 3->10, 4->8, 5->7, 6->12, 7->2, 8->4, 9->9, 10->3, 11->11, 12->1","1-3, 1-4, 1-8, 2-3, 2-4, 2-6, 2-7, 2-9, 2-10, 2-11, 3-4, 3-8, 3-10, 3-11, 3-12, 4-6, 4-7, 4-8, 4-9, 4-12, 5-9, 5-10, 5-12, 6-7, 8-11, 9-10, 9-12, 10-12","1-3, 1-7, 1-8, 1-9, 1-10, 2-6, 2-8, 2-12, 3-6, 3-7, 3-9, 3-10, 4-5, 4-8, 4-10, 4-11, 5-8, 5-10, 6-8, 6-9, 6-10, 6-11, 6-12, 7-9, 8-9, 8-10, 8-12, 10-11","1-3, 1-4, 1-7, 1-8, 1-9, 1-10, 2-3, 2-4, 2-6, 2-7, 2-8, 2-9, 2-10, 2-11, 2-12, 3-4, 3-6, 3-7, 3-8, 3-9, 3-10, 3-11, 3-12, 4-5, 4-6, 4-7, 4-8, 4-9, 4-10, 4-11, 4-12, 5-8, 5-9, 5-10, 5-12, 6-7, 6-8, 6-9, 6-10, 6-11, 6-12, 7-9, 8-9, 8-10, 8-11, 8-12, 9-10, 9-12, 10-11, 10-12",4,4,8,"0 0 1 1 0 0 0 1 0 0 0 0|0 0 1 1 0 1 1 0 1 1 1 0|1 1 0 1 0 0 0 1 0 1 1 1|1 1 1 0 0 1 1 1 1 0 0 1|0 0 0 0 0 0 0 0 1 1 0 1|0 1 0 1 0 0 1 0 0 0 0 0|0 1 0 1 0 1 0 0 0 0 0 0|1 0 1 1 0 0 0 0 0 0 1 0|0 1 0 1 1 0 0 0 0 1 0 1|0 1 1 0 1 0 0 0 1 0 0 1|0 1 1 0 0 0 0 1 0 0 0 0|0 0 1 1 1 0 0 0 1 1 0 0","0 0 1 0 0 0 1 1 1 1 0 0|0 0 0 0 0 1 0 1 0 0 0 1|1 0 0 0 0 1 1 0 1 1 0 0|0 0 0 0 1 0 0 1 0 1 1 0|0 0 0 1 0 0 0 1 0 1 0 0|0 1 1 0 0 0 0 1 1 1 1 1|1 0 1 0 0 0 0 0 1 0 0 0|1 1 0 1 1 1 0 0 1 1 0 1|1 0 1 0 0 1 1 1 0 0 0 0|1 0 1 1 1 1 0 1 0 0 1 0|0 0 0 1 0 1 0 0 0 1 0 0|0 1 0 0 0 1 0 1 0 0 0 0","0 0 1 1 0 0 1 1 1 1 0 0|0 0 1 1 0 1 1 1 1 1 1 1|1 1 0 1 0 1 1 1 1 1 1 1|1 1 1 0 1 1 1 1 1 1 1 1|0 0 0 1 0 0 0 1 1 1 0 1|0 1 1 1 0 0 1 1 1 1 1 1|1 1 1 1 0 1 0 0 1 0 0 0|1 1 1 1 1 1 0 0 1 1 1 1|1 1 1 1 1 1 1 1 0 1 0 1|1 1 1 1 1 1 0 1 1 0 1 1|0 1 1 1 0 1 0 1 0 1 0 0|0 1 1 1 1 1 0 1 1 1 0 0"
19,"ID2-12.57.1:",12,9,23389,"1, 2, 3, 4, 5, 6, 7, 9, 10, 12","1->7, 2->5, 3->10, 4->1, 5->6, 6->2, 7->12, 8->8, 9->3, 10->4, 11->11, 12->9","1-3, 1-4, 1-8, 2-3, 2-4, 2-6, 2-7, 2-9, 2-10, 2-11, 3-4, 3-8, 3-10, 3-11, 3-12, 4-6, 4-7, 4-8, 4-9, 4-12, 5-9, 5-10, 5-12, 6-7, 8-11, 9-10, 9-12, 10-12","1-2, 1-3, 1-5, 1-7, 1-8, 1-9, 1-10, 1-12, 2-5, 2-12, 3-4, 3-5, 3-6, 3-9, 4-5, 4-6, 4-9, 4-10, 5-10, 5-11, 5-12, 6-9, 7-8, 7-10, 8-10, 8-11, 9-10, 10-11","1-2, 1-3, 1-4, 1-5, 1-7, 1-8, 1-9, 1-10, 1-12, 2-3, 2-4, 2-5, 2-6, 2-7, 2-9, 2-10, 2-11, 2-12, 3-4, 3-5, 3-6, 3-8, 3-9, 3-10, 3-11, 3-12, 4-5, 4-6, 4-7, 4-8, 4-9, 4-10, 4-12, 5-9, 5-10, 5-11, 5-12, 6-7, 6-9, 7-8, 7-10, 8-10, 8-11, 9-10, 9-12, 10-11, 10-12",4,4,8,"0 0 1 1 0 0 0 1 0 0 0 0|0 0 1 1 0 1 1 0 1 1 1 0|1 1 0 1 0 0 0 1 0 1 1 1|1 1 1 0 0 1 1 1 1 0 0 1|0 0 0 0 0 0 0 0 1 1 0 1|0 1 0 1 0 0 1 0 0 0 0 0|0 1 0 1 0 1 0 0 0 0 0 0|1 0 1 1 0 0 0 0 0 0 1 0|0 1 0 1 1 0 0 0 0 1 0 1|0 1 1 0 1 0 0 0 1 0 0 1|0 1 1 0 0 0 0 1 0 0 0 0|0 0 1 1 1 0 0 0 1 1 0 0","0 1 1 0 1 0 1 1 1 1 0 1|1 0 0 0 1 0 0 0 0 0 0 1|1 0 0 1 1 1 0 0 1 0 0 0|0 0 1 0 1 1 0 0 1 1 0 0|1 1 1 1 0 0 0 0 0 1 1 1|0 0 1 1 0 0 0 0 1 0 0 0|1 0 0 0 0 0 0 1 0 1 0 0|1 0 0 0 0 0 1 0 0 1 1 0|1 0 1 1 0 1 0 0 0 1 0 0|1 0 0 1 1 0 1 1 1 0 1 0|0 0 0 0 1 0 0 1 0 1 0 0|1 1 0 0 1 0 0 0 0 0 0 0","0 1 1 1 1 0 1 1 1 1 0 1|1 0 1 1 1 1 1 0 1 1 1 1|1 1 0 1 1 1 0 1 1 1 1 1|1 1 1 0 1 1 1 1 1 1 0 1|1 1 1 1 0 0 0 0 1 1 1 1|0 1 1 1 0 0 1 0 1 0 0 0|1 1 0 1 0 1 0 1 0 1 0 0|1 0 1 1 0 0 1 0 0 1 1 0|1 1 1 1 1 1 0 0 0 1 0 1|1 1 1 1 1 0 1 1 1 0 1 1|0 1 1 0 1 0 0 1 0 1 0 0|1 1 1 1 1 0 0 0 1 1 0 0"
20,"ID2-12.57.1:",12,10,25538,"1, 2, 3, 4, 5, 6, 8, 9, 11, 12","1->5, 2->8, 3->1, 4->9, 5->4, 6->12, 7->7, 8->6, 9->3, 10->10, 11->2, 12->11","1-3, 1-4, 1-8, 2-3, 2-4, 2-6, 2-7, 2-9, 2-10, 2-11, 3-4, 3-8, 3-10, 3-11, 3-12, 4-6, 4-7, 4-8, 4-9, 4-12, 5-9, 5-10, 5-12, 6-7, 8-11, 9-10, 9-12, 10-12","1-2, 1-5, 1-6, 1-8, 1-9, 1-10, 1-11, 2-6, 2-8, 3-4, 3-8, 3-9, 3-10, 3-11, 4-10, 4-11, 5-6, 5-9, 6-9, 7-8, 7-9, 7-12, 8-9, 8-10, 8-12, 9-11, 9-12, 10-11","1-2, 1-3, 1-4, 1-5, 1-6, 1-8, 1-9, 1-10, 1-11, 2-3, 2-4, 2-6, 2-7, 2-8, 2-9, 2-10, 2-11, 3-4, 3-8, 3-9, 3-10, 3-11, 3-12, 4-6, 4-7, 4-8, 4-9, 4-10, 4-11, 4-12, 5-6, 5-9, 5-10, 5-12, 6-7, 6-9, 7-8, 7-9, 7-12, 8-9, 8-10, 8-11, 8-12, 9-10, 9-11, 9-12, 10-11, 10-12",4,4,8,"0 0 1 1 0 0 0 1 0 0 0 0|0 0 1 1 0 1 1 0 1 1 1 0|1 1 0 1 0 0 0 1 0 1 1 1|1 1 1 0 0 1 1 1 1 0 0 1|0 0 0 0 0 0 0 0 1 1 0 1|0 1 0 1 0 0 1 0 0 0 0 0|0 1 0 1 0 1 0 0 0 0 0 0|1 0 1 1 0 0 0 0 0 0 1 0|0 1 0 1 1 0 0 0 0 1 0 1|0 1 1 0 1 0 0 0 1 0 0 1|0 1 1 0 0 0 0 1 0 0 0 0|0 0 1 1 1 0 0 0 1 1 0 0","0 1 0 0 1 1 0 1 1 1 1 0|1 0 0 0 0 1 0 1 0 0 0 0|0 0 0 1 0 0 0 1 1 1 1 0|0 0 1 0 0 0 0 0 0 1 1 0|1 0 0 0 0 1 0 0 1 0 0 0|1 1 0 0 1 0 0 0 1 0 0 0|0 0 0 0 0 0 0 1 1 0 0 1|1 1 1 0 0 0 1 0 1 1 0 1|1 0 1 0 1 1 1 1 0 0 1 1|1 0 1 1 0 0 0 1 0 0 1 0|1 0 1 1 0 0 0 0 1 1 0 0|0 0 0 0 0 0 1 1 1 0 0 0","0 1 1 1 1 1 0 1 1 1 1 0|1 0 1 1 0 1 1 1 1 1 1 0|1 1 0 1 0 0 0 1 1 1 1 1|1 1 1 0 0 1 1 1 1 1 1 1|1 0 0 0 0 1 0 0 1 1 0 1|1 1 0 1 1 0 1 0 1 0 0 0|0 1 0 1 0 1 0 1 1 0 0 1|1 1 1 1 0 0 1 0 1 1 1 1|1 1 1 1 1 1 1 1 0 1 1 1|1 1 1 1 1 0 0 1 1 0 1 1|1 1 1 1 0 0 0 1 1 1 0 0|0 0 1 1 1 0 1 1 1 1 0 0"
21,"ID3-13.61.1:",13,1,16263,"1, 2, 3, 4, 7, 9, 10, 11, 12, 13","1->3, 2->12, 3->10, 4->2, 5->5, 6->6, 7->13, 8->8, 9->1, 10->7, 11->4, 12->11, 13->9","1-7, 1-8, 1-10, 1-12, 1-13, 2-9, 2-10, 2-11, 2-12, 3-7, 3-10, 3-12, 4-6, 4-9, 4-10, 4-11, 5-10, 5-12, 5-13, 6-9, 6-10, 6-12, 7-12, 8-10, 8-13, 9-11, 9-12, 10-11, 10-12","1-2, 1-4, 1-6, 1-11, 1-12, 2-4, 2-6, 2-7, 3-7, 3-8, 3-9, 3-11, 3-13, 4-7, 4-12, 5-7, 5-9, 5-11, 6-7, 6-11, 7-8, 7-10, 7-11, 7-12, 8-9, 10-11, 10-13, 11-12, 11-13","1-2, 1-4, 1-6, 1-7, 1-8, 1-10, 1-11, 1-12, 1-13, 2-4, 2-6, 2-7, 2-9, 2-10, 2-11, 2-12, 3-7, 3-8, 3-9, 3-10, 3-11, 3-12, 3-13, 4-6, 4-7, 4-9, 4-10, 4-11, 4-12, 5-7, 5-9, 5-10, 5-11, 5-12, 5-13, 6-7, 6-9, 6-10, 6-11, 6-12, 7-8, 7-10, 7-11, 7-12, 8-9, 8-10, 8-13, 9-11, 9-12, 10-11, 10-12, 10-13, 11-12, 11-13",4,4,8,"0 0 0 0 0 0 1 1 0 1 0 1 1|0 0 0 0 0 0 0 0 1 1 1 1 0|0 0 0 0 0 0 1 0 0 1 0 1 0|0 0 0 0 0 1 0 0 1 1 1 0 0|0 0 0 0 0 0 0 0 0 1 0 1 1|0 0 0 1 0 0 0 0 1 1 0 1 0|1 0 1 0 0 0 0 0 0 0 0 1 0|1 0 0 0 0 0 0 0 0 1 0 0 1|0 1 0 1 0 1 0 0 0 0 1 1 0|1 1 1 1 1 1 0 1 0 0 1 1 0|0 1 0 1 0 0 0 0 1 1 0 0 0|1 1 1 0 1 1 1 0 1 1 0 0 0|1 0 0 0 1 0 0 1 0 0 0 0 0","0 1 0 1 0 1 0 0 0 0 1 1 0|1 0 0 1 0 1 1 0 0 0 0 0 0|0 0 0 0 0 0 1 1 1 0 1 0 1|1 1 0 0 0 0 1 0 0 0 0 1 0|0 0 0 0 0 0 1 0 1 0 1 0 0|1 1 0 0 0 0 1 0 0 0 1 0 0|0 1 1 1 1 1 0 1 0 1 1 1 0|0 0 1 0 0 0 1 0 1 0 0 0 0|0 0 1 0 1 0 0 1 0 0 0 0 0|0 0 0 0 0 0 1 0 0 0 1 0 1|1 0 1 0 1 1 1 0 0 1 0 1 1|1 0 0 1 0 0 1 0 0 0 1 0 0|0 0 1 0 0 0 0 0 0 1 1 0 0","0 1 0 1 0 1 1 1 0 1 1 1 1|1 0 0 1 0 1 1 0 1 1 1 1 0|0 0 0 0 0 0 1 1 1 1 1 1 1|1 1 0 0 0 1 1 0 1 1 1 1 0|0 0 0 0 0 0 1 0 1 1 1 1 1|1 1 0 1 0 0 1 0 1 1 1 1 0|1 1 1 1 1 1 0 1 0 1 1 1 0|1 0 1 0 0 0 1 0 1 1 0 0 1|0 1 1 1 1 1 0 1 0 0 1 1 0|1 1 1 1 1 1 1 1 0 0 1 1 1|1 1 1 1 1 1 1 0 1 1 0 1 1|1 1 1 1 1 1 1 0 1 1 1 0 0|1 0 1 0 1 0 0 1 0 1 1 0 0"
22,"ID3-13.61.1:",13,2,40721,"1, 2, 4, 5, 6, 8, 9, 10, 12, 13","1->5, 2->6, 3->3, 4->13, 5->8, 6->4, 7->7, 8->9, 9->12, 10->1, 11->11, 12->2, 13->10","1-7, 1-8, 1-10, 1-12, 1-13, 2-9, 2-10, 2-11, 2-12, 3-7, 3-10, 3-12, 4-6, 4-9, 4-10, 4-11, 5-10, 5-12, 5-13, 6-9, 6-10, 6-12, 7-12, 8-10, 8-13, 9-11, 9-12, 10-11, 10-12","1-2, 1-3, 1-4, 1-5, 1-6, 1-8, 1-9, 1-11, 1-13, 2-3, 2-4, 2-5, 2-6, 2-7, 2-8, 2-12, 3-7, 4-12, 4-13, 5-7, 5-9, 5-10, 6-11, 6-12, 8-10, 9-10, 11-12, 11-13, 12-13","1-2, 1-3, 1-4, 1-5, 1-6, 1-7, 1-8, 1-9, 1-10, 1-11, 1-12, 1-13, 2-3, 2-4, 2-5, 2-6, 2-7, 2-8, 2-9, 2-10, 2-11, 2-12, 3-7, 3-10, 3-12, 4-6, 4-9, 4-10, 4-11, 4-12, 4-13, 5-7, 5-9, 5-10, 5-12, 5-13, 6-9, 6-10, 6-11, 6-12, 7-12, 8-10, 8-13, 9-10, 9-11, 9-12, 10-11, 10-12, 11-12, 11-13, 12-13",4,4,8,"0 0 0 0 0 0 1 1 0 1 0 1 1|0 0 0 0 0 0 0 0 1 1 1 1 0|0 0 0 0 0 0 1 0 0 1 0 1 0|0 0 0 0 0 1 0 0 1 1 1 0 0|0 0 0 0 0 0 0 0 0 1 0 1 1|0 0 0 1 0 0 0 0 1 1 0 1 0|1 0 1 0 0 0 0 0 0 0 0 1 0|1 0 0 0 0 0 0 0 0 1 0 0 1|0 1 0 1 0 1 0 0 0 0 1 1 0|1 1 1 1 1 1 0 1 0 0 1 1 0|0 1 0 1 0 0 0 0 1 1 0 0 0|1 1 1 0 1 1 1 0 1 1 0 0 0|1 0 0 0 1 0 0 1 0 0 0 0 0","0 1 1 1 1 1 0 1 1 0 1 0 1|1 0 1 1 1 1 1 1 0 0 0 1 0|1 1 0 0 0 0 1 0 0 0 0 0 0|1 1 0 0 0 0 0 0 0 0 0 1 1|1 1 0 0 0 0 1 0 1 1 0 0 0|1 1 0 0 0 0 0 0 0 0 1 1 0|0 1 1 0 1 0 0 0 0 0 0 0 0|1 1 0 0 0 0 0 0 0 1 0 0 0|1 0 0 0 1 0 0 0 0 1 0 0 0|0 0 0 0 1 0 0 1 1 0 0 0 0|1 0 0 0 0 1 0 0 0 0 0 1 1|0 1 0 1 0 1 0 0 0 0 1 0 1|1 0 0 1 0 0 0 0 0 0 1 1 0","0 1 1 1 1 1 1 1 1 1 1 1 1|1 0 1 1 1 1 1 1 1 1 1 1 0|1 1 0 0 0 0 1 0 0 1 0 1 0|1 1 0 0 0 1 0 0 1 1 1 1 1|1 1 0 0 0 0 1 0 1 1 0 1 1|1 1 0 1 0 0 0 0 1 1 1 1 0|1 1 1 0 1 0 0 0 0 0 0 1 0|1 1 0 0 0 0 0 0 0 1 0 0 1|1 1 0 1 1 1 0 0 0 1 1 1 0|1 1 1 1 1 1 0 1 1 0 1 1 0|1 1 0 1 0 1 0 0 1 1 0 1 1|1 1 1 1 1 1 1 0 1 1 1 0 1|1 0 0 1 1 0 0 1 0 0 1 1 0"
23,"ID3-13.61.1:",13,3,44338,"1, 2, 3, 6, 8, 9, 10, 11, 12, 13","1->8, 2->6, 3->13, 4->4, 5->5, 6->3, 7->7, 8->9, 9->12, 10->1, 11->2, 12->11, 13->10","1-7, 1-8, 1-10, 1-12, 1-13, 2-9, 2-10, 2-11, 2-12, 3-7, 3-10, 3-12, 4-6, 4-9, 4-10, 4-11, 5-10, 5-12, 5-13, 6-9, 6-10, 6-12, 7-12, 8-10, 8-13, 9-11, 9-12, 10-11, 10-12","1-2, 1-3, 1-4, 1-5, 1-6, 1-8, 1-9, 1-11, 1-13, 2-4, 2-6, 2-12, 3-4, 3-11, 3-12, 4-12, 5-10, 5-11, 6-11, 6-12, 7-8, 7-11, 7-13, 8-9, 8-10, 8-11, 9-10, 11-12, 11-13","1-2, 1-3, 1-4, 1-5, 1-6, 1-7, 1-8, 1-9, 1-10, 1-11, 1-12, 1-13, 2-4, 2-6, 2-9, 2-10, 2-11, 2-12, 3-4, 3-7, 3-10, 3-11, 3-12, 4-6, 4-9, 4-10, 4-11, 4-12, 5-10, 5-11, 5-12, 5-13, 6-9, 6-10, 6-11, 6-12, 7-8, 7-11, 7-12, 7-13, 8-9, 8-10, 8-11, 8-13, 9-10, 9-11, 9-12, 10-11, 10-12, 11-12, 11-13",4,4,8,"0 0 0 0 0 0 1 1 0 1 0 1 1|0 0 0 0 0 0 0 0 1 1 1 1 0|0 0 0 0 0 0 1 0 0 1 0 1 0|0 0 0 0 0 1 0 0 1 1 1 0 0|0 0 0 0 0 0 0 0 0 1 0 1 1|0 0 0 1 0 0 0 0 1 1 0 1 0|1 0 1 0 0 0 0 0 0 0 0 1 0|1 0 0 0 0 0 0 0 0 1 0 0 1|0 1 0 1 0 1 0 0 0 0 1 1 0|1 1 1 1 1 1 0 1 0 0 1 1 0|0 1 0 1 0 0 0 0 1 1 0 0 0|1 1 1 0 1 1 1 0 1 1 0 0 0|1 0 0 0 1 0 0 1 0 0 0 0 0","0 1 1 1 1 1 0 1 1 0 1 0 1|1 0 0 1 0 1 0 0 0 0 0 1 0|1 0 0 1 0 0 0 0 0 0 1 1 0|1 1 1 0 0 0 0 0 0 0 0 1 0|1 0 0 0 0 0 0 0 0 1 1 0 0|1 1 0 0 0 0 0 0 0 0 1 1 0|0 0 0 0 0 0 0 1 0 0 1 0 1|1 0 0 0 0 0 1 0 1 1 1 0 0|1 0 0 0 0 0 0 1 0 1 0 0 0|0 0 0 0 1 0 0 1 1 0 0 0 0|1 0 1 0 1 1 1 1 0 0 0 1 1|0 1 1 1 0 1 0 0 0 0 1 0 0|1 0 0 0 0 0 1 0 0 0 1 0 0","0 1 1 1 1 1 1 1 1 1 1 1 1|1 0 0 1 0 1 0 0 1 1 1 1 0|1 0 0 1 0 0 1 0 0 1 1 1 0|1 1 1 0 0 1 0 0 1 1 1 1 0|1 0 0 0 0 0 0 0 0 1 1 1 1|1 1 0 1 0 0 0 0 1 1 1 1 0|1 0 1 0 0 0 0 1 0 0 1 1 1|1 0 0 0 0 0 1 0 1 1 1 0 1|1 1 0 1 0 1 0 1 0 1 1 1 0|1 1 1 1 1 1 0 1 1 0 1 1 0|1 1 1 1 1 1 1 1 1 1 0 1 1|1 1 1 1 1 1 1 0 1 1 1 0 0|1 0 0 0 1 0 1 1 0 0 1 0 0"
24,"ID3-13.61.1:",13,4,46541,"1, 2, 3, 4, 7, 9, 10, 11, 12, 13","1->9, 2->4, 3->1, 4->11, 5->5, 6->6, 7->10, 8->8, 9->12, 10->3, 11->13, 12->2, 13->7","1-7, 1-8, 1-10, 1-12, 1-13, 2-9, 2-10, 2-11, 2-12, 3-7, 3-10, 3-12, 4-6, 4-9, 4-10, 4-11, 5-10, 5-12, 5-13, 6-9, 6-10, 6-12, 7-12, 8-10, 8-13, 9-11, 9-12, 10-11, 10-12","1-2, 1-3, 1-10, 2-3, 2-4, 2-5, 2-6, 2-9, 2-10, 2-12, 3-4, 3-5, 3-6, 3-8, 3-9, 3-11, 3-13, 4-12, 4-13, 5-7, 6-11, 6-12, 7-8, 7-9, 8-9, 9-10, 11-12, 11-13, 12-13","1-2, 1-3, 1-7, 1-8, 1-10, 1-12, 1-13, 2-3, 2-4, 2-5, 2-6, 2-9, 2-10, 2-11, 2-12, 3-4, 3-5, 3-6, 3-7, 3-8, 3-9, 3-10, 3-11, 3-12, 3-13, 4-6, 4-9, 4-10, 4-11, 4-12, 4-13, 5-7, 5-10, 5-12, 5-13, 6-9, 6-10, 6-11, 6-12, 7-8, 7-9, 7-12, 8-9, 8-10, 8-13, 9-10, 9-11, 9-12, 10-11, 10-12, 11-12, 11-13, 12-13",4,4,8,"0 0 0 0 0 0 1 1 0 1 0 1 1|0 0 0 0 0 0 0 0 1 1 1 1 0|0 0 0 0 0 0 1 0 0 1 0 1 0|0 0 0 0 0 1 0 0 1 1 1 0 0|0 0 0 0 0 0 0 0 0 1 0 1 1|0 0 0 1 0 0 0 0 1 1 0 1 0|1 0 1 0 0 0 0 0 0 0 0 1 0|1 0 0 0 0 0 0 0 0 1 0 0 1|0 1 0 1 0 1 0 0 0 0 1 1 0|1 1 1 1 1 1 0 1 0 0 1 1 0|0 1 0 1 0 0 0 0 1 1 0 0 0|1 1 1 0 1 1 1 0 1 1 0 0 0|1 0 0 0 1 0 0 1 0 0 0 0 0","0 1 1 0 0 0 0 0 0 1 0 0 0|1 0 1 1 1 1 0 0 1 1 0 1 0|1 1 0 1 1 1 0 1 1 0 1 0 1|0 1 1 0 0 0 0 0 0 0 0 1 1|0 1 1 0 0 0 1 0 0 0 0 0 0|0 1 1 0 0 0 0 0 0 0 1 1 0|0 0 0 0 1 0 0 1 1 0 0 0 0|0 0 1 0 0 0 1 0 1 0 0 0 0|0 1 1 0 0 0 1 1 0 1 0 0 0|1 1 0 0 0 0 0 0 1 0 0 0 0|0 0 1 0 0 1 0 0 0 0 0 1 1|0 1 0 1 0 1 0 0 0 0 1 0 1|0 0 1 1 0 0 0 0 0 0 1 1 0","0 1 1 0 0 0 1 1 0 1 0 1 1|1 0 1 1 1 1 0 0 1 1 1 1 0|1 1 0 1 1 1 1 1 1 1 1 1 1|0 1 1 0 0 1 0 0 1 1 1 1 1|0 1 1 0 0 0 1 0 0 1 0 1 1|0 1 1 1 0 0 0 0 1 1 1 1 0|1 0 1 0 1 0 0 1 1 0 0 1 0|1 0 1 0 0 0 1 0 1 1 0 0 1|0 1 1 1 0 1 1 1 0 1 1 1 0|1 1 1 1 1 1 0 1 1 0 1 1 0|0 1 1 1 0 1 0 0 1 1 0 1 1|1 1 1 1 1 1 1 0 1 1 1 0 1|1 0 1 1 1 0 0 1 0 0 1 1 0"
25,"ID3-13.61.1:",13,5,56001,"1, 2, 3, 4, 7, 9, 10, 11, 12, 13","1->13, 2->4, 3->10, 4->1, 5->5, 6->6, 7->9, 8->8, 9->11, 10->2, 11->12, 12->3, 13->7","1-7, 1-8, 1-10, 1-12, 1-13, 2-9, 2-10, 2-11, 2-12, 3-7, 3-10, 3-12, 4-6, 4-9, 4-10, 4-11, 5-10, 5-12, 5-13, 6-9, 6-10, 6-12, 7-12, 8-10, 8-13, 9-11, 9-12, 10-11, 10-12","1-2, 1-6, 1-11, 1-12, 2-3, 2-4, 2-5, 2-6, 2-8, 2-10, 2-12, 2-13, 3-4, 3-5, 3-6, 3-9, 3-10, 3-11, 3-13, 4-11, 4-12, 5-7, 6-11, 7-8, 7-13, 8-13, 9-10, 9-13, 11-12","1-2, 1-6, 1-7, 1-8, 1-10, 1-11, 1-12, 1-13, 2-3, 2-4, 2-5, 2-6, 2-8, 2-9, 2-10, 2-11, 2-12, 2-13, 3-4, 3-5, 3-6, 3-7, 3-9, 3-10, 3-11, 3-12, 3-13, 4-6, 4-9, 4-10, 4-11, 4-12, 5-7, 5-10, 5-12, 5-13, 6-9, 6-10, 6-11, 6-12, 7-8, 7-12, 7-13, 8-10, 8-13, 9-10, 9-11, 9-12, 9-13, 10-11, 10-12, 11-12",4,4,8,"0 0 0 0 0 0 1 1 0 1 0 1 1|0 0 0 0 0 0 0 0 1 1 1 1 0|0 0 0 0 0 0 1 0 0 1 0 1 0|0 0 0 0 0 1 0 0 1 1 1 0 0|0 0 0 0 0 0 0 0 0 1 0 1 1|0 0 0 1 0 0 0 0 1 1 0 1 0|1 0 1 0 0 0 0 0 0 0 0 1 0|1 0 0 0 0 0 0 0 0 1 0 0 1|0 1 0 1 0 1 0 0 0 0 1 1 0|1 1 1 1 1 1 0 1 0 0 1 1 0|0 1 0 1 0 0 0 0 1 1 0 0 0|1 1 1 0 1 1 1 0 1 1 0 0 0|1 0 0 0 1 0 0 1 0 0 0 0 0","0 1 0 0 0 1 0 0 0 0 1 1 0|1 0 1 1 1 1 0 1 0 1 0 1 1|0 1 0 1 1 1 0 0 1 1 1 0 1|0 1 1 0 0 0 0 0 0 0 1 1 0|0 1 1 0 0 0 1 0 0 0 0 0 0|1 1 1 0 0 0 0 0 0 0 1 0 0|0 0 0 0 1 0 0 1 0 0 0 0 1|0 1 0 0 0 0 1 0 0 0 0 0 1|0 0 1 0 0 0 0 0 0 1 0 0 1|0 1 1 0 0 0 0 0 1 0 0 0 0|1 0 1 1 0 1 0 0 0 0 0 1 0|1 1 0 1 0 0 0 0 0 0 1 0 0|0 1 1 0 0 0 1 1 1 0 0 0 0","0 1 0 0 0 1 1 1 0 1 1 1 1|1 0 1 1 1 1 0 1 1 1 1 1 1|0 1 0 1 1 1 1 0 1 1 1 1 1|0 1 1 0 0 1 0 0 1 1 1 1 0|0 1 1 0 0 0 1 0 0 1 0 1 1|1 1 1 1 0 0 0 0 1 1 1 1 0|1 0 1 0 1 0 0 1 0 0 0 1 1|1 1 0 0 0 0 1 0 0 1 0 0 1|0 1 1 1 0 1 0 0 0 1 1 1 1|1 1 1 1 1 1 0 1 1 0 1 1 0|1 1 1 1 0 1 0 0 1 1 0 1 0|1 1 1 1 1 1 1 0 1 1 1 0 0|1 1 1 0 1 0 1 1 1 0 0 0 0"
26,"ID3-13.61.1:",13,6,87708,"1, 2, 3, 4, 6, 7, 8, 9, 10, 12","1->10, 2->12, 3->8, 4->6, 5->5, 6->2, 7->4, 8->3, 9->1, 10->7, 11->11, 12->9, 13->13","1-7, 1-8, 1-10, 1-12, 1-13, 2-9, 2-10, 2-11, 2-12, 3-7, 3-10, 3-12, 4-6, 4-9, 4-10, 4-11, 5-10, 5-12, 5-13, 6-9, 6-10, 6-12, 7-12, 8-10, 8-13, 9-11, 9-12, 10-11, 10-12","1-2, 1-6, 1-9, 1-11, 1-12, 2-6, 2-7, 2-9, 3-7, 3-10, 3-13, 4-8, 4-9, 4-10, 5-7, 5-9, 5-13, 6-7, 6-11, 7-8, 7-9, 7-10, 7-11, 7-12, 8-9, 9-10, 9-12, 10-13, 11-12","1-2, 1-6, 1-7, 1-8, 1-9, 1-10, 1-11, 1-12, 1-13, 2-6, 2-7, 2-9, 2-10, 2-11, 2-12, 3-7, 3-10, 3-12, 3-13, 4-6, 4-8, 4-9, 4-10, 4-11, 5-7, 5-9, 5-10, 5-12, 5-13, 6-7, 6-9, 6-10, 6-11, 6-12, 7-8, 7-9, 7-10, 7-11, 7-12, 8-9, 8-10, 8-13, 9-10, 9-11, 9-12, 10-11, 10-12, 10-13, 11-12",4,4,8,"0 0 0 0 0 0 1 1 0 1 0 1 1|0 0 0 0 0 0 0 0 1 1 1 1 0|0 0 0 0 0 0 1 0 0 1 0 1 0|0 0 0 0 0 1 0 0 1 1 1 0 0|0 0 0 0 0 0 0 0 0 1 0 1 1|0 0 0 1 0 0 0 0 1 1 0 1 0|1 0 1 0 0 0 0 0 0 0 0 1 0|1 0 0 0 0 0 0 0 0 1 0 0 1|0 1 0 1 0 1 0 0 0 0 1 1 0|1 1 1 1 1 1 0 1 0 0 1 1 0|0 1 0 1 0 0 0 0 1 1 0 0 0|1 1 1 0 1 1 1 0 1 1 0 0 0|1 0 0 0 1 0 0 1 0 0 0 0 0","0 1 0 0 0 1 0 0 1 0 1 1 0|1 0 0 0 0 1 1 0 1 0 0 0 0|0 0 0 0 0 0 1 0 0 1 0 0 1|0 0 0 0 0 0 0 1 1 1 0 0 0|0 0 0 0 0 0 1 0 1 0 0 0 1|1 1 0 0 0 0 1 0 0 0 1 0 0|0 1 1 0 1 1 0 1 1 1 1 1 0|0 0 0 1 0 0 1 0 1 0 0 0 0|1 1 0 1 1 0 1 1 0 1 0 1 0|0 0 1 1 0 0 1 0 1 0 0 0 1|1 0 0 0 0 1 1 0 0 0 0 1 0|1 0 0 0 0 0 1 0 1 0 1 0 0|0 0 1 0 1 0 0 0 0 1 0 0 0","0 1 0 0 0 1 1 1 1 1 1 1 1|1 0 0 0 0 1 1 0 1 1 1 1 0|0 0 0 0 0 0 1 0 0 1 0 1 1|0 0 0 0 0 1 0 1 1 1 1 0 0|0 0 0 0 0 0 1 0 1 1 0 1 1|1 1 0 1 0 0 1 0 1 1 1 1 0|1 1 1 0 1 1 0 1 1 1 1 1 0|1 0 0 1 0 0 1 0 1 1 0 0 1|1 1 0 1 1 1 1 1 0 1 1 1 0|1 1 1 1 1 1 1 1 1 0 1 1 1|1 1 0 1 0 1 1 0 1 1 0 1 0|1 1 1 0 1 1 1 0 1 1 1 0 0|1 0 1 0 1 0 0 1 0 1 0 0 0"
27,"ID3-13.61.1:",13,7,97293,"1, 2, 3, 4, 6, 8, 9, 10, 11, 12","1->9, 2->4, 3->8, 4->6, 5->5, 6->11, 7->7, 8->3, 9->12, 10->1, 11->2, 12->10, 13->13","1-7, 1-8, 1-10, 1-12, 1-13, 2-9, 2-10, 2-11, 2-12, 3-7, 3-10, 3-12, 4-6, 4-9, 4-10, 4-11, 5-10, 5-12, 5-13, 6-9, 6-10, 6-12, 7-12, 8-10, 8-13, 9-11, 9-12, 10-11, 10-12","1-2, 1-3, 1-4, 1-5, 1-6, 1-8, 1-9, 1-10, 1-11, 2-4, 2-6, 2-12, 3-9, 3-13, 4-10, 4-12, 5-10, 5-13, 6-11, 6-12, 7-8, 7-9, 7-10, 8-10, 9-10, 9-13, 10-11, 10-12, 11-12","1-2, 1-3, 1-4, 1-5, 1-6, 1-7, 1-8, 1-9, 1-10, 1-11, 1-12, 1-13, 2-4, 2-6, 2-9, 2-10, 2-11, 2-12, 3-7, 3-9, 3-10, 3-12, 3-13, 4-6, 4-9, 4-10, 4-11, 4-12, 5-10, 5-12, 5-13, 6-9, 6-10, 6-11, 6-12, 7-8, 7-9, 7-10, 7-12, 8-10, 8-13, 9-10, 9-11, 9-12, 9-13, 10-11, 10-12, 11-12",4,4,8,"0 0 0 0 0 0 1 1 0 1 0 1 1|0 0 0 0 0 0 0 0 1 1 1 1 0|0 0 0 0 0 0 1 0 0 1 0 1 0|0 0 0 0 0 1 0 0 1 1 1 0 0|0 0 0 0 0 0 0 0 0 1 0 1 1|0 0 0 1 0 0 0 0 1 1 0 1 0|1 0 1 0 0 0 0 0 0 0 0 1 0|1 0 0 0 0 0 0 0 0 1 0 0 1|0 1 0 1 0 1 0 0 0 0 1 1 0|1 1 1 1 1 1 0 1 0 0 1 1 0|0 1 0 1 0 0 0 0 1 1 0 0 0|1 1 1 0 1 1 1 0 1 1 0 0 0|1 0 0 0 1 0 0 1 0 0 0 0 0","0 1 1 1 1 1 0 1 1 1 1 0 0|1 0 0 1 0 1 0 0 0 0 0 1 0|1 0 0 0 0 0 0 0 1 0 0 0 1|1 1 0 0 0 0 0 0 0 1 0 1 0|1 0 0 0 0 0 0 0 0 1 0 0 1|1 1 0 0 0 0 0 0 0 0 1 1 0|0 0 0 0 0 0 0 1 1 1 0 0 0|1 0 0 0 0 0 1 0 0 1 0 0 0|1 0 1 0 0 0 1 0 0 1 0 0 1|1 0 0 1 1 0 1 1 1 0 1 1 0|1 0 0 0 0 1 0 0 0 1 0 1 0|0 1 0 1 0 1 0 0 0 1 1 0 0|0 0 1 0 1 0 0 0 1 0 0 0 0","0 1 1 1 1 1 1 1 1 1 1 1 1|1 0 0 1 0 1 0 0 1 1 1 1 0|1 0 0 0 0 0 1 0 1 1 0 1 1|1 1 0 0 0 1 0 0 1 1 1 1 0|1 0 0 0 0 0 0 0 0 1 0 1 1|1 1 0 1 0 0 0 0 1 1 1 1 0|1 0 1 0 0 0 0 1 1 1 0 1 0|1 0 0 0 0 0 1 0 0 1 0 0 1|1 1 1 1 0 1 1 0 0 1 1 1 1|1 1 1 1 1 1 1 1 1 0 1 1 0|1 1 0 1 0 1 0 0 1 1 0 1 0|1 1 1 1 1 1 1 0 1 1 1 0 0|1 0 1 0 1 0 0 1 1 0 0 0 0"
28,"ID3-13.61.1:",13,8,143227,"2, 3, 5, 6, 7, 9, 10, 11, 12, 13","1->1, 2->11, 3->9, 4->4, 5->7, 6->2, 7->10, 8->8, 9->13, 10->5, 11->12, 12->6, 13->3","1-7, 1-8, 1-10, 1-12, 1-13, 2-9, 2-10, 2-11, 2-12, 3-7, 3-10, 3-12, 4-6, 4-9, 4-10, 4-11, 5-10, 5-12, 5-13, 6-9, 6-10, 6-12, 7-12, 8-10, 8-13, 9-11, 9-12, 10-11, 10-12","1-3, 1-5, 1-6, 1-8, 1-10, 2-4, 2-5, 2-6, 2-13, 3-7, 3-8, 4-5, 4-12, 4-13, 5-6, 5-7, 5-8, 5-9, 5-11, 5-12, 6-7, 6-9, 6-10, 6-11, 6-13, 9-10, 11-12, 11-13, 12-13","1-3, 1-5, 1-6, 1-7, 1-8, 1-10, 1-12, 1-13, 2-4, 2-5, 2-6, 2-9, 2-10, 2-11, 2-12, 2-13, 3-7, 3-8, 3-10, 3-12, 4-5, 4-6, 4-9, 4-10, 4-11, 4-12, 4-13, 5-6, 5-7, 5-8, 5-9, 5-10, 5-11, 5-12, 5-13, 6-7, 6-9, 6-10, 6-11, 6-12, 6-13, 7-12, 8-10, 8-13, 9-10, 9-11, 9-12, 10-11, 10-12, 11-12, 11-13, 12-13",4,4,8,"0 0 0 0 0 0 1 1 0 1 0 1 1|0 0 0 0 0 0 0 0 1 1 1 1 0|0 0 0 0 0 0 1 0 0 1 0 1 0|0 0 0 0 0 1 0 0 1 1 1 0 0|0 0 0 0 0 0 0 0 0 1 0 1 1|0 0 0 1 0 0 0 0 1 1 0 1 0|1 0 1 0 0 0 0 0 0 0 0 1 0|1 0 0 0 0 0 0 0 0 1 0 0 1|0 1 0 1 0 1 0 0 0 0 1 1 0|1 1 1 1 1 1 0 1 0 0 1 1 0|0 1 0 1 0 0 0 0 1 1 0 0 0|1 1 1 0 1 1 1 0 1 1 0 0 0|1 0 0 0 1 0 0 1 0 0 0 0 0","0 0 1 0 1 1 0 1 0 1 0 0 0|0 0 0 1 1 1 0 0 0 0 0 0 1|1 0 0 0 0 0 1 1 0 0 0 0 0|0 1 0 0 1 0 0 0 0 0 0 1 1|1 1 0 1 0 1 1 1 1 0 1 1 0|1 1 0 0 1 0 1 0 1 1 1 0 1|0 0 1 0 1 1 0 0 0 0 0 0 0|1 0 1 0 1 0 0 0 0 0 0 0 0|0 0 0 0 1 1 0 0 0 1 0 0 0|1 0 0 0 0 1 0 0 1 0 0 0 0|0 0 0 0 1 1 0 0 0 0 0 1 1|0 0 0 1 1 0 0 0 0 0 1 0 1|0 1 0 1 0 1 0 0 0 0 1 1 0","0 0 1 0 1 1 1 1 0 1 0 1 1|0 0 0 1 1 1 0 0 1 1 1 1 1|1 0 0 0 0 0 1 1 0 1 0 1 0|0 1 0 0 1 1 0 0 1 1 1 1 1|1 1 0 1 0 1 1 1 1 1 1 1 1|1 1 0 1 1 0 1 0 1 1 1 1 1|1 0 1 0 1 1 0 0 0 0 0 1 0|1 0 1 0 1 0 0 0 0 1 0 0 1|0 1 0 1 1 1 0 0 0 1 1 1 0|1 1 1 1 1 1 0 1 1 0 1 1 0|0 1 0 1 1 1 0 0 1 1 0 1 1|1 1 1 1 1 1 1 0 1 1 1 0 1|1 1 0 1 1 1 0 1 0 0 1 1 0"
29,"ID3-13.61.1:",13,9,147354,"2, 3, 4, 5, 6, 7, 9, 10, 11, 13","1->1, 2->11, 3->7, 4->2, 5->9, 6->4, 7->13, 8->8, 9->3, 10->5, 11->6, 12->12, 13->10","1-7, 1-8, 1-10, 1-12, 1-13, 2-9, 2-10, 2-11, 2-12, 3-7, 3-10, 3-12, 4-6, 4-9, 4-10, 4-11, 5-10, 5-12, 5-13, 6-9, 6-10, 6-12, 7-12, 8-10, 8-13, 9-11, 9-12, 10-11, 10-12","1-5, 1-8, 1-10, 1-12, 1-13, 2-3, 2-4, 2-5, 2-6, 3-4, 3-6, 3-11, 3-12, 4-5, 4-12, 5-6, 5-7, 5-8, 5-9, 5-11, 5-12, 6-11, 7-12, 7-13, 8-10, 9-10, 9-12, 11-12, 12-13","1-5, 1-7, 1-8, 1-10, 1-12, 1-13, 2-3, 2-4, 2-5, 2-6, 2-9, 2-10, 2-11, 2-12, 3-4, 3-6, 3-7, 3-10, 3-11, 3-12, 4-5, 4-6, 4-9, 4-10, 4-11, 4-12, 5-6, 5-7, 5-8, 5-9, 5-10, 5-11, 5-12, 5-13, 6-9, 6-10, 6-11, 6-12, 7-12, 7-13, 8-10, 8-13, 9-10, 9-11, 9-12, 10-11, 10-12, 11-12, 12-13",4,4,8,"0 0 0 0 0 0 1 1 0 1 0 1 1|0 0 0 0 0 0 0 0 1 1 1 1 0|0 0 0 0 0 0 1 0 0 1 0 1 0|0 0 0 0 0 1 0 0 1 1 1 0 0|0 0 0 0 0 0 0 0 0 1 0 1 1|0 0 0 1 0 0 0 0 1 1 0 1 0|1 0 1 0 0 0 0 0 0 0 0 1 0|1 0 0 0 0 0 0 0 0 1 0 0 1|0 1 0 1 0 1 0 0 0 0 1 1 0|1 1 1 1 1 1 0 1 0 0 1 1 0|0 1 0 1 0 0 0 0 1 1 0 0 0|1 1 1 0 1 1 1 0 1 1 0 0 0|1 0 0 0 1 0 0 1 0 0 0 0 0","0 0 0 0 1 0 0 1 0 1 0 1 1|0 0 1 1 1 1 0 0 0 0 0 0 0|0 1 0 1 0 1 0 0 0 0 1 1 0|0 1 1 0 1 0 0 0 0 0 0 1 0|1 1 0 1 0 1 1 1 1 0 1 1 0|0 1 1 0 1 0 0 0 0 0 1 0 0|0 0 0 0 1 0 0 0 0 0 0 1 1|1 0 0 0 1 0 0 0 0 1 0 0 0|0 0 0 0 1 0 0 0 0 1 0 1 0|1 0 0 0 0 0 0 1 1 0 0 0 0|0 0 1 0 1 1 0 0 0 0 0 1 0|1 0 1 1 1 0 1 0 1 0 1 0 1|1 0 0 0 0 0 1 0 0 0 0 1 0","0 0 0 0 1 0 1 1 0 1 0 1 1|0 0 1 1 1 1 0 0 1 1 1 1 0|0 1 0 1 0 1 1 0 0 1 1 1 0|0 1 1 0 1 1 0 0 1 1 1 1 0|1 1 0 1 0 1 1 1 1 1 1 1 1|0 1 1 1 1 0 0 0 1 1 1 1 0|1 0 1 0 1 0 0 0 0 0 0 1 1|1 0 0 0 1 0 0 0 0 1 0 0 1|0 1 0 1 1 1 0 0 0 1 1 1 0|1 1 1 1 1 1 0 1 1 0 1 1 0|0 1 1 1 1 1 0 0 1 1 0 1 0|1 1 1 1 1 1 1 0 1 1 1 0 1|1 0 0 0 1 0 1 1 0 0 0 1 0"
30,"ID3-13.61.1:",13,10,154968,"1, 3, 4, 5, 6, 7, 9, 10, 11, 12","1->9, 2->2, 3->5, 4->11, 5->10, 6->12, 7->3, 8->8, 9->1, 10->7, 11->6, 12->4, 13->13","1-7, 1-8, 1-10, 1-12, 1-13, 2-9, 2-10, 2-11, 2-12, 3-7, 3-10, 3-12, 4-6, 4-9, 4-10, 4-11, 5-10, 5-12, 5-13, 6-9, 6-10, 6-12, 7-12, 8-10, 8-13, 9-11, 9-12, 10-11, 10-12","1-2, 1-4, 1-6, 1-11, 1-12, 2-4, 2-6, 2-7, 3-4, 3-5, 3-9, 4-5, 4-7, 4-9, 4-10, 4-12, 5-7, 6-7, 6-11, 7-8, 7-9, 7-10, 7-11, 7-12, 8-9, 8-13, 9-13, 10-13, 11-12","1-2, 1-4, 1-6, 1-7, 1-8, 1-10, 1-11, 1-12, 1-13, 2-4, 2-6, 2-7, 2-9, 2-10, 2-11, 2-12, 3-4, 3-5, 3-7, 3-9, 3-10, 3-12, 4-5, 4-6, 4-7, 4-9, 4-10, 4-11, 4-12, 5-7, 5-10, 5-12, 5-13, 6-7, 6-9, 6-10, 6-11, 6-12, 7-8, 7-9, 7-10, 7-11, 7-12, 8-9, 8-10, 8-13, 9-11, 9-12, 9-13, 10-11, 10-12, 10-13, 11-12",4,4,8,"0 0 0 0 0 0 1 1 0 1 0 1 1|0 0 0 0 0 0 0 0 1 1 1 1 0|0 0 0 0 0 0 1 0 0 1 0 1 0|0 0 0 0 0 1 0 0 1 1 1 0 0|0 0 0 0 0 0 0 0 0 1 0 1 1|0 0 0 1 0 0 0 0 1 1 0 1 0|1 0 1 0 0 0 0 0 0 0 0 1 0|1 0 0 0 0 0 0 0 0 1 0 0 1|0 1 0 1 0 1 0 0 0 0 1 1 0|1 1 1 1 1 1 0 1 0 0 1 1 0|0 1 0 1 0 0 0 0 1 1 0 0 0|1 1 1 0 1 1 1 0 1 1 0 0 0|1 0 0 0 1 0 0 1 0 0 0 0 0","0 1 0 1 0 1 0 0 0 0 1 1 0|1 0 0 1 0 1 1 0 0 0 0 0 0|0 0 0 1 1 0 0 0 1 0 0 0 0|1 1 1 0 1 0 1 0 1 1 0 1 0|0 0 1 1 0 0 1 0 0 0 0 0 0|1 1 0 0 0 0 1 0 0 0 1 0 0|0 1 0 1 1 1 0 1 1 1 1 1 0|0 0 0 0 0 0 1 0 1 0 0 0 1|0 0 1 1 0 0 1 1 0 0 0 0 1|0 0 0 1 0 0 1 0 0 0 0 0 1|1 0 0 0 0 1 1 0 0 0 0 1 0|1 0 0 1 0 0 1 0 0 0 1 0 0|0 0 0 0 0 0 0 1 1 1 0 0 0","0 1 0 1 0 1 1 1 0 1 1 1 1|1 0 0 1 0 1 1 0 1 1 1 1 0|0 0 0 1 1 0 1 0 1 1 0 1 0|1 1 1 0 1 1 1 0 1 1 1 1 0|0 0 1 1 0 0 1 0 0 1 0 1 1|1 1 0 1 0 0 1 0 1 1 1 1 0|1 1 1 1 1 1 0 1 1 1 1 1 0|1 0 0 0 0 0 1 0 1 1 0 0 1|0 1 1 1 0 1 1 1 0 0 1 1 1|1 1 1 1 1 1 1 1 0 0 1 1 1|1 1 0 1 0 1 1 0 1 1 0 1 0|1 1 1 1 1 1 1 0 1 1 1 0 0|1 0 0 0 1 0 0 1 1 1 0 0 0"
31,"ID4-13.61.2:",13,1,4575,"2, 3, 4, 5, 6, 8, 9, 11, 12, 13","1->1, 2->9, 3->11, 4->2, 5->6, 6->12, 7->7, 8->4, 9->8, 10->10, 11->13, 12->5, 13->3","1-3, 1-7, 1-8, 1-11, 2-9, 2-10, 2-12, 2-13, 3-5, 3-7, 3-8, 3-10, 3-11, 4-6, 4-9, 4-13, 5-11, 5-12, 6-9, 6-11, 6-13, 7-11, 8-10, 8-11, 8-13, 9-11, 9-12, 9-13, 10-12, 10-13, 11-12, 11-13","1-4, 1-7, 1-11, 1-13, 2-3, 2-8, 2-12, 3-4, 3-8, 3-9, 3-10, 3-12, 3-13, 4-10, 4-11, 4-13, 5-6, 5-8, 5-9, 5-10, 5-13, 6-11, 6-13, 7-11, 7-13, 8-9, 8-12, 8-13, 9-10, 10-11, 11-13, 12-13","1-3, 1-4, 1-7, 1-8, 1-11, 1-13, 2-3, 2-8, 2-9, 2-10, 2-12, 2-13, 3-4, 3-5, 3-7, 3-8, 3-9, 3-10, 3-11, 3-12, 3-13, 4-6, 4-9, 4-10, 4-11, 4-13, 5-6, 5-8, 5-9, 5-10, 5-11, 5-12, 5-13, 6-9, 6-11, 6-13, 7-11, 7-13, 8-9, 8-10, 8-11, 8-12, 8-13, 9-10, 9-11, 9-12, 9-13, 10-11, 10-12, 10-13, 11-12, 11-13, 12-13",4,4,8,"0 0 1 0 0 0 1 1 0 0 1 0 0|0 0 0 0 0 0 0 0 1 1 0 1 1|1 0 0 0 1 0 1 1 0 1 1 0 0|0 0 0 0 0 1 0 0 1 0 0 0 1|0 0 1 0 0 0 0 0 0 0 1 1 0|0 0 0 1 0 0 0 0 1 0 1 0 1|1 0 1 0 0 0 0 0 0 0 1 0 0|1 0 1 0 0 0 0 0 0 1 1 0 1|0 1 0 1 0 1 0 0 0 0 1 1 1|0 1 1 0 0 0 0 1 0 0 0 1 1|1 0 1 0 1 1 1 1 1 0 0 1 1|0 1 0 0 1 0 0 0 1 1 1 0 0|0 1 0 1 0 1 0 1 1 1 1 0 0","0 0 0 1 0 0 1 0 0 0 1 0 1|0 0 1 0 0 0 0 1 0 0 0 1 0|0 1 0 1 0 0 0 1 1 1 0 1 1|1 0 1 0 0 0 0 0 0 1 1 0 1|0 0 0 0 0 1 0 1 1 1 0 0 1|0 0 0 0 1 0 0 0 0 0 1 0 1|1 0 0 0 0 0 0 0 0 0 1 0 1|0 1 1 0 1 0 0 0 1 0 0 1 1|0 0 1 0 1 0 0 1 0 1 0 0 0|0 0 1 1 1 0 0 0 1 0 1 0 0|1 0 0 1 0 1 1 0 0 1 0 0 1|0 1 1 0 0 0 0 1 0 0 0 0 1|1 0 1 1 1 1 1 1 0 0 1 1 0","0 0 1 1 0 0 1 1 0 0 1 0 1|0 0 1 0 0 0 0 1 1 1 0 1 1|1 1 0 1 1 0 1 1 1 1 1 1 1|1 0 1 0 0 1 0 0 1 1 1 0 1|0 0 1 0 0 1 0 1 1 1 1 1 1|0 0 0 1 1 0 0 0 1 0 1 0 1|1 0 1 0 0 0 0 0 0 0 1 0 1|1 1 1 0 1 0 0 0 1 1 1 1 1|0 1 1 1 1 1 0 1 0 1 1 1 1|0 1 1 1 1 0 0 1 1 0 1 1 1|1 0 1 1 1 1 1 1 1 1 0 1 1|0 1 1 0 1 0 0 1 1 1 1 0 1|1 1 1 1 1 1 1 1 1 1 1 1 0"
32,"ID4-13.61.2:",13,2,16503,"1, 2, 3, 4, 5, 8, 9, 10, 11, 12","1->4, 2->5, 3->1, 4->11, 5->2, 6->6, 7->7, 8->12, 9->10, 10->8, 11->3, 12->9, 13->13","1-3, 1-7, 1-8, 1-11, 2-9, 2-10, 2-12, 2-13, 3-5, 3-7, 3-8, 3-10, 3-11, 4-6, 4-9, 4-13, 5-11, 5-12, 6-9, 6-11, 6-13, 7-11, 8-10, 8-11, 8-13, 9-11, 9-12, 9-13, 10-12, 10-13, 11-12, 11-13","1-2, 1-3, 1-4, 1-7, 1-8, 1-12, 2-3, 2-9, 3-4, 3-6, 3-7, 3-9, 3-10, 3-12, 3-13, 4-7, 4-12, 5-8, 5-9, 5-10, 5-13, 6-10, 6-11, 6-13, 8-9, 8-12, 8-13, 9-10, 10-11, 10-13, 11-13, 12-13","1-2, 1-3, 1-4, 1-7, 1-8, 1-11, 1-12, 2-3, 2-9, 2-10, 2-12, 2-13, 3-4, 3-5, 3-6, 3-7, 3-8, 3-9, 3-10, 3-11, 3-12, 3-13, 4-6, 4-7, 4-9, 4-12, 4-13, 5-8, 5-9, 5-10, 5-11, 5-12, 5-13, 6-9, 6-10, 6-11, 6-13, 7-11, 8-9, 8-10, 8-11, 8-12, 8-13, 9-10, 9-11, 9-12, 9-13, 10-11, 10-12, 10-13, 11-12, 11-13, 12-13",4,4,8,"0 0 1 0 0 0 1 1 0 0 1 0 0|0 0 0 0 0 0 0 0 1 1 0 1 1|1 0 0 0 1 0 1 1 0 1 1 0 0|0 0 0 0 0 1 0 0 1 0 0 0 1|0 0 1 0 0 0 0 0 0 0 1 1 0|0 0 0 1 0 0 0 0 1 0 1 0 1|1 0 1 0 0 0 0 0 0 0 1 0 0|1 0 1 0 0 0 0 0 0 1 1 0 1|0 1 0 1 0 1 0 0 0 0 1 1 1|0 1 1 0 0 0 0 1 0 0 0 1 1|1 0 1 0 1 1 1 1 1 0 0 1 1|0 1 0 0 1 0 0 0 1 1 1 0 0|0 1 0 1 0 1 0 1 1 1 1 0 0","0 1 1 1 0 0 1 1 0 0 0 1 0|1 0 1 0 0 0 0 0 1 0 0 0 0|1 1 0 1 0 1 1 0 1 1 0 1 1|1 0 1 0 0 0 1 0 0 0 0 1 0|0 0 0 0 0 0 0 1 1 1 0 0 1|0 0 1 0 0 0 0 0 0 1 1 0 1|1 0 1 1 0 0 0 0 0 0 0 0 0|1 0 0 0 1 0 0 0 1 0 0 1 1|0 1 1 0 1 0 0 1 0 1 0 0 0|0 0 1 0 1 1 0 0 1 0 1 0 1|0 0 0 0 0 1 0 0 0 1 0 0 1|1 0 1 1 0 0 0 1 0 0 0 0 1|0 0 1 0 1 1 0 1 0 1 1 1 0","0 1 1 1 0 0 1 1 0 0 1 1 0|1 0 1 0 0 0 0 0 1 1 0 1 1|1 1 0 1 1 1 1 1 1 1 1 1 1|1 0 1 0 0 1 1 0 1 0 0 1 1|0 0 1 0 0 0 0 1 1 1 1 1 1|0 0 1 1 0 0 0 0 1 1 1 0 1|1 0 1 1 0 0 0 0 0 0 1 0 0|1 0 1 0 1 0 0 0 1 1 1 1 1|0 1 1 1 1 1 0 1 0 1 1 1 1|0 1 1 0 1 1 0 1 1 0 1 1 1|1 0 1 0 1 1 1 1 1 1 0 1 1|1 1 1 1 1 0 0 1 1 1 1 0 1|0 1 1 1 1 1 0 1 1 1 1 1 0"
33,"ID4-13.61.2:",13,3,30908,"1, 2, 4, 6, 7, 8, 10, 11, 12, 13","1->13, 2->11, 3->3, 4->1, 5->5, 6->7, 7->8, 8->12, 9->9, 10->4, 11->6, 12->10, 13->2","1-3, 1-7, 1-8, 1-11, 2-9, 2-10, 2-12, 2-13, 3-5, 3-7, 3-8, 3-10, 3-11, 4-6, 4-9, 4-13, 5-11, 5-12, 6-9, 6-11, 6-13, 7-11, 8-10, 8-11, 8-13, 9-11, 9-12, 9-13, 10-12, 10-13, 11-12, 11-13","1-2, 1-7, 1-9, 2-4, 2-6, 2-7, 2-9, 2-11, 2-12, 3-4, 3-5, 3-6, 3-8, 3-12, 3-13, 4-10, 4-11, 4-12, 5-6, 5-10, 6-7, 6-8, 6-9, 6-10, 6-12, 6-13, 7-9, 8-13, 9-10, 9-11, 10-11, 12-13","1-2, 1-3, 1-7, 1-8, 1-9, 1-11, 2-4, 2-6, 2-7, 2-9, 2-10, 2-11, 2-12, 2-13, 3-4, 3-5, 3-6, 3-7, 3-8, 3-10, 3-11, 3-12, 3-13, 4-6, 4-9, 4-10, 4-11, 4-12, 4-13, 5-6, 5-10, 5-11, 5-12, 6-7, 6-8, 6-9, 6-10, 6-11, 6-12, 6-13, 7-9, 7-11, 8-10, 8-11, 8-13, 9-10, 9-11, 9-12, 9-13, 10-11, 10-12, 10-13, 11-12, 11-13, 12-13",4,4,8,"0 0 1 0 0 0 1 1 0 0 1 0 0|0 0 0 0 0 0 0 0 1 1 0 1 1|1 0 0 0 1 0 1 1 0 1 1 0 0|0 0 0 0 0 1 0 0 1 0 0 0 1|0 0 1 0 0 0 0 0 0 0 1 1 0|0 0 0 1 0 0 0 0 1 0 1 0 1|1 0 1 0 0 0 0 0 0 0 1 0 0|1 0 1 0 0 0 0 0 0 1 1 0 1|0 1 0 1 0 1 0 0 0 0 1 1 1|0 1 1 0 0 0 0 1 0 0 0 1 1|1 0 1 0 1 1 1 1 1 0 0 1 1|0 1 0 0 1 0 0 0 1 1 1 0 0|0 1 0 1 0 1 0 1 1 1 1 0 0","0 1 0 0 0 0 1 0 1 0 0 0 0|1 0 0 1 0 1 1 0 1 0 1 1 0|0 0 0 1 1 1 0 1 0 0 0 1 1|0 1 1 0 0 0 0 0 0 1 1 1 0|0 0 1 0 0 1 0 0 0 1 0 0 0|0 1 1 0 1 0 1 1 1 1 0 1 1|1 1 0 0 0 1 0 0 1 0 0 0 0|0 0 1 0 0 1 0 0 0 0 0 0 1|1 1 0 0 0 1 1 0 0 1 1 0 0|0 0 0 1 1 1 0 0 1 0 1 0 0|0 1 0 1 0 0 0 0 1 1 0 0 0|0 1 1 1 0 1 0 0 0 0 0 0 1|0 0 1 0 0 1 0 1 0 0 0 1 0","0 1 1 0 0 0 1 1 1 0 1 0 0|1 0 0 1 0 1 1 0 1 1 1 1 1|1 0 0 1 1 1 1 1 0 1 1 1 1|0 1 1 0 0 1 0 0 1 1 1 1 1|0 0 1 0 0 1 0 0 0 1 1 1 0|0 1 1 1 1 0 1 1 1 1 1 1 1|1 1 1 0 0 1 0 0 1 0 1 0 0|1 0 1 0 0 1 0 0 0 1 1 0 1|1 1 0 1 0 1 1 0 0 1 1 1 1|0 1 1 1 1 1 0 1 1 0 1 1 1|1 1 1 1 1 1 1 1 1 1 0 1 1|0 1 1 1 1 1 0 0 1 1 1 0 1|0 1 1 1 0 1 0 1 1 1 1 1 0"
34,"ID4-13.61.2:",13,4,51134,"1, 2, 3, 6, 7, 9, 10, 11, 12, 13","1->2, 2->3, 3->10, 4->4, 5->5, 6->7, 7->11, 8->8, 9->13, 10->9, 11->6, 12->1, 13->12","1-3, 1-7, 1-8, 1-11, 2-9, 2-10, 2-12, 2-13, 3-5, 3-7, 3-8, 3-10, 3-11, 4-6, 4-9, 4-13, 5-11, 5-12, 6-9, 6-11, 6-13, 7-11, 8-10, 8-11, 8-13, 9-11, 9-12, 9-13, 10-12, 10-13, 11-12, 11-13","1-3, 1-5, 1-6, 1-9, 1-13, 2-6, 2-8, 2-10, 2-11, 3-9, 3-12, 3-13, 4-7, 4-12, 4-13, 5-6, 5-10, 6-7, 6-8, 6-10, 6-11, 6-12, 6-13, 7-12, 7-13, 8-9, 8-10, 8-12, 9-10, 9-12, 10-11, 12-13","1-3, 1-5, 1-6, 1-7, 1-8, 1-9, 1-11, 1-13, 2-6, 2-8, 2-9, 2-10, 2-11, 2-12, 2-13, 3-5, 3-7, 3-8, 3-9, 3-10, 3-11, 3-12, 3-13, 4-6, 4-7, 4-9, 4-12, 4-13, 5-6, 5-10, 5-11, 5-12, 6-7, 6-8, 6-9, 6-10, 6-11, 6-12, 6-13, 7-11, 7-12, 7-13, 8-9, 8-10, 8-11, 8-12, 8-13, 9-10, 9-11, 9-12, 9-13, 10-11, 10-12, 10-13, 11-12, 11-13, 12-13",4,4,8,"0 0 1 0 0 0 1 1 0 0 1 0 0|0 0 0 0 0 0 0 0 1 1 0 1 1|1 0 0 0 1 0 1 1 0 1 1 0 0|0 0 0 0 0 1 0 0 1 0 0 0 1|0 0 1 0 0 0 0 0 0 0 1 1 0|0 0 0 1 0 0 0 0 1 0 1 0 1|1 0 1 0 0 0 0 0 0 0 1 0 0|1 0 1 0 0 0 0 0 0 1 1 0 1|0 1 0 1 0 1 0 0 0 0 1 1 1|0 1 1 0 0 0 0 1 0 0 0 1 1|1 0 1 0 1 1 1 1 1 0 0 1 1|0 1 0 0 1 0 0 0 1 1 1 0 0|0 1 0 1 0 1 0 1 1 1 1 0 0","0 0 1 0 1 1 0 0 1 0 0 0 1|0 0 0 0 0 1 0 1 0 1 1 0 0|1 0 0 0 0 0 0 0 1 0 0 1 1|0 0 0 0 0 0 1 0 0 0 0 1 1|1 0 0 0 0 1 0 0 0 1 0 0 0|1 1 0 0 1 0 1 1 0 1 1 1 1|0 0 0 1 0 1 0 0 0 0 0 1 1|0 1 0 0 0 1 0 0 1 1 0 1 0|1 0 1 0 0 0 0 1 0 1 0 1 0|0 1 0 0 1 1 0 1 1 0 1 0 0|0 1 0 0 0 1 0 0 0 1 0 0 0|0 0 1 1 0 1 1 1 1 0 0 0 1|1 0 1 1 0 1 1 0 0 0 0 1 0","0 0 1 0 1 1 1 1 1 0 1 0 1|0 0 0 0 0 1 0 1 1 1 1 1 1|1 0 0 0 1 0 1 1 1 1 1 1 1|0 0 0 0 0 1 1 0 1 0 0 1 1|1 0 1 0 0 1 0 0 0 1 1 1 0|1 1 0 1 1 0 1 1 1 1 1 1 1|1 0 1 1 0 1 0 0 0 0 1 1 1|1 1 1 0 0 1 0 0 1 1 1 1 1|1 1 1 1 0 1 0 1 0 1 1 1 1|0 1 1 0 1 1 0 1 1 0 1 1 1|1 1 1 0 1 1 1 1 1 1 0 1 1|0 1 1 1 1 1 1 1 1 1 1 0 1|1 1 1 1 0 1 1 1 1 1 1 1 0"
35,"ID4-13.61.2:",13,5,51346,"1, 2, 4, 6, 7, 9, 10, 11, 12, 13","1->6, 2->4, 3->3, 4->12, 5->5, 6->11, 7->2, 8->8, 9->10, 10->13, 11->9, 12->1, 13->7","1-3, 1-7, 1-8, 1-11, 2-9, 2-10, 2-12, 2-13, 3-5, 3-7, 3-8, 3-10, 3-11, 4-6, 4-9, 4-13, 5-11, 5-12, 6-9, 6-11, 6-13, 7-11, 8-10, 8-11, 8-13, 9-11, 9-12, 9-13, 10-12, 10-13, 11-12, 11-13","1-4, 1-5, 1-9, 1-10, 1-13, 2-3, 2-6, 2-9, 3-5, 3-6, 3-8, 3-9, 3-13, 4-7, 4-10, 4-13, 5-9, 6-8, 6-9, 7-8, 7-9, 7-10, 7-11, 7-12, 7-13, 8-9, 8-13, 9-10, 9-11, 10-11, 10-12, 11-12","1-3, 1-4, 1-5, 1-7, 1-8, 1-9, 1-10, 1-11, 1-13, 2-3, 2-6, 2-9, 2-10, 2-12, 2-13, 3-5, 3-6, 3-7, 3-8, 3-9, 3-10, 3-11, 3-13, 4-6, 4-7, 4-9, 4-10, 4-13, 5-9, 5-11, 5-12, 6-8, 6-9, 6-11, 6-13, 7-8, 7-9, 7-10, 7-11, 7-12, 7-13, 8-9, 8-10, 8-11, 8-13, 9-10, 9-11, 9-12, 9-13, 10-11, 10-12, 10-13, 11-12, 11-13",4,4,8,"0 0 1 0 0 0 1 1 0 0 1 0 0|0 0 0 0 0 0 0 0 1 1 0 1 1|1 0 0 0 1 0 1 1 0 1 1 0 0|0 0 0 0 0 1 0 0 1 0 0 0 1|0 0 1 0 0 0 0 0 0 0 1 1 0|0 0 0 1 0 0 0 0 1 0 1 0 1|1 0 1 0 0 0 0 0 0 0 1 0 0|1 0 1 0 0 0 0 0 0 1 1 0 1|0 1 0 1 0 1 0 0 0 0 1 1 1|0 1 1 0 0 0 0 1 0 0 0 1 1|1 0 1 0 1 1 1 1 1 0 0 1 1|0 1 0 0 1 0 0 0 1 1 1 0 0|0 1 0 1 0 1 0 1 1 1 1 0 0","0 0 0 1 1 0 0 0 1 1 0 0 1|0 0 1 0 0 1 0 0 1 0 0 0 0|0 1 0 0 1 1 0 1 1 0 0 0 1|1 0 0 0 0 0 1 0 0 1 0 0 1|1 0 1 0 0 0 0 0 1 0 0 0 0|0 1 1 0 0 0 0 1 1 0 0 0 0|0 0 0 1 0 0 0 1 1 1 1 1 1|0 0 1 0 0 1 1 0 1 0 0 0 1|1 1 1 0 1 1 1 1 0 1 1 0 0|1 0 0 1 0 0 1 0 1 0 1 1 0|0 0 0 0 0 0 1 0 1 1 0 1 0|0 0 0 0 0 0 1 0 0 1 1 0 0|1 0 1 1 0 0 1 1 0 0 0 0 0","0 0 1 1 1 0 1 1 1 1 1 0 1|0 0 1 0 0 1 0 0 1 1 0 1 1|1 1 0 0 1 1 1 1 1 1 1 0 1|1 0 0 0 0 1 1 0 1 1 0 0 1|1 0 1 0 0 0 0 0 1 0 1 1 0|0 1 1 1 0 0 0 1 1 0 1 0 1|1 0 1 1 0 0 0 1 1 1 1 1 1|1 0 1 0 0 1 1 0 1 1 1 0 1|1 1 1 1 1 1 1 1 0 1 1 1 1|1 1 1 1 0 0 1 1 1 0 1 1 1|1 0 1 0 1 1 1 1 1 1 0 1 1|0 1 0 0 1 0 1 0 1 1 1 0 0|1 1 1 1 0 1 1 1 1 1 1 0 0"
36,"ID4-13.61.2:",13,6,56858,"1, 2, 4, 5, 6, 9, 10, 11, 12, 13","1->12, 2->10, 3->3, 4->6, 5->4, 6->2, 7->7, 8->8, 9->11, 10->9, 11->13, 12->1, 13->5","1-3, 1-7, 1-8, 1-11, 2-9, 2-10, 2-12, 2-13, 3-5, 3-7, 3-8, 3-10, 3-11, 4-6, 4-9, 4-13, 5-11, 5-12, 6-9, 6-11, 6-13, 7-11, 8-10, 8-11, 8-13, 9-11, 9-12, 9-13, 10-12, 10-13, 11-12, 11-13","1-4, 1-9, 1-10, 1-11, 1-13, 2-5, 2-6, 2-11, 2-13, 3-4, 3-7, 3-8, 3-9, 3-12, 3-13, 4-13, 5-6, 5-8, 5-9, 5-10, 5-11, 5-13, 6-11, 7-12, 7-13, 8-9, 8-12, 8-13, 9-10, 10-11, 11-13, 12-13","1-3, 1-4, 1-7, 1-8, 1-9, 1-10, 1-11, 1-13, 2-5, 2-6, 2-9, 2-10, 2-11, 2-12, 2-13, 3-4, 3-5, 3-7, 3-8, 3-9, 3-10, 3-11, 3-12, 3-13, 4-6, 4-9, 4-13, 5-6, 5-8, 5-9, 5-10, 5-11, 5-12, 5-13, 6-9, 6-11, 6-13, 7-11, 7-12, 7-13, 8-9, 8-10, 8-11, 8-12, 8-13, 9-10, 9-11, 9-12, 9-13, 10-11, 10-12, 10-13, 11-12, 11-13, 12-13",4,4,8,"0 0 1 0 0 0 1 1 0 0 1 0 0|0 0 0 0 0 0 0 0 1 1 0 1 1|1 0 0 0 1 0 1 1 0 1 1 0 0|0 0 0 0 0 1 0 0 1 0 0 0 1|0 0 1 0 0 0 0 0 0 0 1 1 0|0 0 0 1 0 0 0 0 1 0 1 0 1|1 0 1 0 0 0 0 0 0 0 1 0 0|1 0 1 0 0 0 0 0 0 1 1 0 1|0 1 0 1 0 1 0 0 0 0 1 1 1|0 1 1 0 0 0 0 1 0 0 0 1 1|1 0 1 0 1 1 1 1 1 0 0 1 1|0 1 0 0 1 0 0 0 1 1 1 0 0|0 1 0 1 0 1 0 1 1 1 1 0 0","0 0 0 1 0 0 0 0 1 1 1 0 1|0 0 0 0 1 1 0 0 0 0 1 0 1|0 0 0 1 0 0 1 1 1 0 0 1 1|1 0 1 0 0 0 0 0 0 0 0 0 1|0 1 0 0 0 1 0 1 1 1 1 0 1|0 1 0 0 1 0 0 0 0 0 1 0 0|0 0 1 0 0 0 0 0 0 0 0 1 1|0 0 1 0 1 0 0 0 1 0 0 1 1|1 0 1 0 1 0 0 1 0 1 0 0 0|1 0 0 0 1 0 0 0 1 0 1 0 0|1 1 0 0 1 1 0 0 0 1 0 0 1|0 0 1 0 0 0 1 1 0 0 0 0 1|1 1 1 1 1 0 1 1 0 0 1 1 0","0 0 1 1 0 0 1 1 1 1 1 0 1|0 0 0 0 1 1 0 0 1 1 1 1 1|1 0 0 1 1 0 1 1 1 1 1 1 1|1 0 1 0 0 1 0 0 1 0 0 0 1|0 1 1 0 0 1 0 1 1 1 1 1 1|0 1 0 1 1 0 0 0 1 0 1 0 1|1 0 1 0 0 0 0 0 0 0 1 1 1|1 0 1 0 1 0 0 0 1 1 1 1 1|1 1 1 1 1 1 0 1 0 1 1 1 1|1 1 1 0 1 0 0 1 1 0 1 1 1|1 1 1 0 1 1 1 1 1 1 0 1 1|0 1 1 0 1 0 1 1 1 1 1 0 1|1 1 1 1 1 1 1 1 1 1 1 1 0"
37,"ID4-13.61.2:",13,7,58295,"1, 2, 3, 4, 6, 8, 9, 11, 12, 13","1->3, 2->9, 3->11, 4->12, 5->5, 6->13, 7->7, 8->4, 9->8, 10->10, 11->2, 12->6, 13->1","1-3, 1-7, 1-8, 1-11, 2-9, 2-10, 2-12, 2-13, 3-5, 3-7, 3-8, 3-10, 3-11, 4-6, 4-9, 4-13, 5-11, 5-12, 6-9, 6-11, 6-13, 7-11, 8-10, 8-11, 8-13, 9-11, 9-12, 9-13, 10-12, 10-13, 11-12, 11-13","1-2, 1-4, 1-8, 1-9, 1-10, 1-12, 1-13, 2-3, 2-4, 2-5, 2-6, 2-7, 2-8, 2-11, 2-13, 3-4, 3-7, 3-11, 4-10, 4-11, 5-6, 5-11, 6-8, 6-9, 6-10, 7-11, 8-9, 8-12, 8-13, 9-10, 10-11, 12-13","1-2, 1-3, 1-4, 1-7, 1-8, 1-9, 1-10, 1-11, 1-12, 1-13, 2-3, 2-4, 2-5, 2-6, 2-7, 2-8, 2-9, 2-10, 2-11, 2-12, 2-13, 3-4, 3-5, 3-7, 3-8, 3-10, 3-11, 4-6, 4-9, 4-10, 4-11, 4-13, 5-6, 5-11, 5-12, 6-8, 6-9, 6-10, 6-11, 6-13, 7-11, 8-9, 8-10, 8-11, 8-12, 8-13, 9-10, 9-11, 9-12, 9-13, 10-11, 10-12, 10-13, 11-12, 11-13, 12-13",4,4,8,"0 0 1 0 0 0 1 1 0 0 1 0 0|0 0 0 0 0 0 0 0 1 1 0 1 1|1 0 0 0 1 0 1 1 0 1 1 0 0|0 0 0 0 0 1 0 0 1 0 0 0 1|0 0 1 0 0 0 0 0 0 0 1 1 0|0 0 0 1 0 0 0 0 1 0 1 0 1|1 0 1 0 0 0 0 0 0 0 1 0 0|1 0 1 0 0 0 0 0 0 1 1 0 1|0 1 0 1 0 1 0 0 0 0 1 1 1|0 1 1 0 0 0 0 1 0 0 0 1 1|1 0 1 0 1 1 1 1 1 0 0 1 1|0 1 0 0 1 0 0 0 1 1 1 0 0|0 1 0 1 0 1 0 1 1 1 1 0 0","0 1 0 1 0 0 0 1 1 1 0 1 1|1 0 1 1 1 1 1 1 0 0 1 0 1|0 1 0 1 0 0 1 0 0 0 1 0 0|1 1 1 0 0 0 0 0 0 1 1 0 0|0 1 0 0 0 1 0 0 0 0 1 0 0|0 1 0 0 1 0 0 1 1 1 0 0 0|0 1 1 0 0 0 0 0 0 0 1 0 0|1 1 0 0 0 1 0 0 1 0 0 1 1|1 0 0 0 0 1 0 1 0 1 0 0 0|1 0 0 1 0 1 0 0 1 0 1 0 0|0 1 1 1 1 0 1 0 0 1 0 0 0|1 0 0 0 0 0 0 1 0 0 0 0 1|1 1 0 0 0 0 0 1 0 0 0 1 0","0 1 1 1 0 0 1 1 1 1 1 1 1|1 0 1 1 1 1 1 1 1 1 1 1 1|1 1 0 1 1 0 1 1 0 1 1 0 0|1 1 1 0 0 1 0 0 1 1 1 0 1|0 1 1 0 0 1 0 0 0 0 1 1 0|0 1 0 1 1 0 0 1 1 1 1 0 1|1 1 1 0 0 0 0 0 0 0 1 0 0|1 1 1 0 0 1 0 0 1 1 1 1 1|1 1 0 1 0 1 0 1 0 1 1 1 1|1 1 1 1 0 1 0 1 1 0 1 1 1|1 1 1 1 1 1 1 1 1 1 0 1 1|1 1 0 0 1 0 0 1 1 1 1 0 1|1 1 0 1 0 1 0 1 1 1 1 1 0"
38,"ID4-13.61.2:",13,8,93470,"2, 3, 5, 6, 8, 9, 10, 11, 12, 13","1->1, 2->5, 3->11, 4->4, 5->10, 6->13, 7->7, 8->2, 9->6, 10->8, 11->3, 12->9, 13->12","1-3, 1-7, 1-8, 1-11, 2-9, 2-10, 2-12, 2-13, 3-5, 3-7, 3-8, 3-10, 3-11, 4-6, 4-9, 4-13, 5-11, 5-12, 6-9, 6-11, 6-13, 7-11, 8-10, 8-11, 8-13, 9-11, 9-12, 9-13, 10-12, 10-13, 11-12, 11-13","1-2, 1-3, 1-7, 1-11, 2-3, 2-8, 2-11, 2-12, 3-6, 3-7, 3-9, 3-10, 3-11, 3-12, 3-13, 4-6, 4-12, 4-13, 5-6, 5-8, 5-9, 5-12, 6-9, 6-12, 6-13, 7-11, 8-9, 8-11, 8-12, 9-10, 10-11, 12-13","1-2, 1-3, 1-7, 1-8, 1-11, 2-3, 2-8, 2-9, 2-10, 2-11, 2-12, 2-13, 3-5, 3-6, 3-7, 3-8, 3-9, 3-10, 3-11, 3-12, 3-13, 4-6, 4-9, 4-12, 4-13, 5-6, 5-8, 5-9, 5-11, 5-12, 6-9, 6-11, 6-12, 6-13, 7-11, 8-9, 8-10, 8-11, 8-12, 8-13, 9-10, 9-11, 9-12, 9-13, 10-11, 10-12, 10-13, 11-12, 11-13, 12-13",4,4,8,"0 0 1 0 0 0 1 1 0 0 1 0 0|0 0 0 0 0 0 0 0 1 1 0 1 1|1 0 0 0 1 0 1 1 0 1 1 0 0|0 0 0 0 0 1 0 0 1 0 0 0 1|0 0 1 0 0 0 0 0 0 0 1 1 0|0 0 0 1 0 0 0 0 1 0 1 0 1|1 0 1 0 0 0 0 0 0 0 1 0 0|1 0 1 0 0 0 0 0 0 1 1 0 1|0 1 0 1 0 1 0 0 0 0 1 1 1|0 1 1 0 0 0 0 1 0 0 0 1 1|1 0 1 0 1 1 1 1 1 0 0 1 1|0 1 0 0 1 0 0 0 1 1 1 0 0|0 1 0 1 0 1 0 1 1 1 1 0 0","0 1 1 0 0 0 1 0 0 0 1 0 0|1 0 1 0 0 0 0 1 0 0 1 1 0|1 1 0 0 0 1 1 0 1 1 1 1 1|0 0 0 0 0 1 0 0 0 0 0 1 1|0 0 0 0 0 1 0 1 1 0 0 1 0|0 0 1 1 1 0 0 0 1 0 0 1 1|1 0 1 0 0 0 0 0 0 0 1 0 0|0 1 0 0 1 0 0 0 1 0 1 1 0|0 0 1 0 1 1 0 1 0 1 0 0 0|0 0 1 0 0 0 0 0 1 0 1 0 0|1 1 1 0 0 0 1 1 0 1 0 0 0|0 1 1 1 1 1 0 1 0 0 0 0 1|0 0 1 1 0 1 0 0 0 0 0 1 0","0 1 1 0 0 0 1 1 0 0 1 0 0|1 0 1 0 0 0 0 1 1 1 1 1 1|1 1 0 0 1 1 1 1 1 1 1 1 1|0 0 0 0 0 1 0 0 1 0 0 1 1|0 0 1 0 0 1 0 1 1 0 1 1 0|0 0 1 1 1 0 0 0 1 0 1 1 1|1 0 1 0 0 0 0 0 0 0 1 0 0|1 1 1 0 1 0 0 0 1 1 1 1 1|0 1 1 1 1 1 0 1 0 1 1 1 1|0 1 1 0 0 0 0 1 1 0 1 1 1|1 1 1 0 1 1 1 1 1 1 0 1 1|0 1 1 1 1 1 0 1 1 1 1 0 1|0 1 1 1 0 1 0 1 1 1 1 1 0"
39,"ID4-13.61.2:",13,9,94051,"1, 4, 5, 6, 8, 9, 10, 11, 12, 13","1->13, 2->2, 3->3, 4->9, 5->12, 6->11, 7->7, 8->1, 9->5, 10->6, 11->4, 12->8, 13->10","1-3, 1-7, 1-8, 1-11, 2-9, 2-10, 2-12, 2-13, 3-5, 3-7, 3-8, 3-10, 3-11, 4-6, 4-9, 4-13, 5-11, 5-12, 6-9, 6-11, 6-13, 7-11, 8-10, 8-11, 8-13, 9-11, 9-12, 9-13, 10-12, 10-13, 11-12, 11-13","1-3, 1-4, 1-6, 1-10, 1-13, 2-5, 2-6, 2-8, 2-10, 3-4, 3-6, 3-7, 3-12, 3-13, 4-5, 4-7, 4-8, 4-10, 4-11, 4-12, 4-13, 5-8, 5-9, 5-10, 5-11, 6-8, 6-10, 7-13, 8-12, 9-10, 9-11, 10-11","1-3, 1-4, 1-6, 1-7, 1-8, 1-10, 1-11, 1-13, 2-5, 2-6, 2-8, 2-9, 2-10, 2-12, 2-13, 3-4, 3-5, 3-6, 3-7, 3-8, 3-10, 3-11, 3-12, 3-13, 4-5, 4-6, 4-7, 4-8, 4-9, 4-10, 4-11, 4-12, 4-13, 5-8, 5-9, 5-10, 5-11, 5-12, 6-8, 6-9, 6-10, 6-11, 6-13, 7-11, 7-13, 8-10, 8-11, 8-12, 8-13, 9-10, 9-11, 9-12, 9-13, 10-11, 10-12, 10-13, 11-12, 11-13",4,4,8,"0 0 1 0 0 0 1 1 0 0 1 0 0|0 0 0 0 0 0 0 0 1 1 0 1 1|1 0 0 0 1 0 1 1 0 1 1 0 0|0 0 0 0 0 1 0 0 1 0 0 0 1|0 0 1 0 0 0 0 0 0 0 1 1 0|0 0 0 1 0 0 0 0 1 0 1 0 1|1 0 1 0 0 0 0 0 0 0 1 0 0|1 0 1 0 0 0 0 0 0 1 1 0 1|0 1 0 1 0 1 0 0 0 0 1 1 1|0 1 1 0 0 0 0 1 0 0 0 1 1|1 0 1 0 1 1 1 1 1 0 0 1 1|0 1 0 0 1 0 0 0 1 1 1 0 0|0 1 0 1 0 1 0 1 1 1 1 0 0","0 0 1 1 0 1 0 0 0 1 0 0 1|0 0 0 0 1 1 0 1 0 1 0 0 0|1 0 0 1 0 1 1 0 0 0 0 1 1|1 0 1 0 1 0 1 1 0 1 1 1 1|0 1 0 1 0 0 0 1 1 1 1 0 0|1 1 1 0 0 0 0 1 0 1 0 0 0|0 0 1 1 0 0 0 0 0 0 0 0 1|0 1 0 1 1 1 0 0 0 0 0 1 0|0 0 0 0 1 0 0 0 0 1 1 0 0|1 1 0 1 1 1 0 0 1 0 1 0 0|0 0 0 1 1 0 0 0 1 1 0 0 0|0 0 1 1 0 0 0 1 0 0 0 0 0|1 0 1 1 0 0 1 0 0 0 0 0 0","0 0 1 1 0 1 1 1 0 1 1 0 1|0 0 0 0 1 1 0 1 1 1 0 1 1|1 0 0 1 1 1 1 1 0 1 1 1 1|1 0 1 0 1 1 1 1 1 1 1 1 1|0 1 1 1 0 0 0 1 1 1 1 1 0|1 1 1 1 0 0 0 1 1 1 1 0 1|1 0 1 1 0 0 0 0 0 0 1 0 1|1 1 1 1 1 1 0 0 0 1 1 1 1|0 1 0 1 1 1 0 0 0 1 1 1 1|1 1 1 1 1 1 0 1 1 0 1 1 1|1 0 1 1 1 1 1 1 1 1 0 1 1|0 1 1 1 1 0 0 1 1 1 1 0 0|1 1 1 1 0 1 1 1 1 1 1 0 0"
40,"ID4-13.61.2:",13,10,100452,"2, 3, 4, 5, 7, 9, 10, 11, 12, 13","1->1, 2->3, 3->2, 4->11, 5->7, 6->6, 7->4, 8->8, 9->10, 10->12, 11->5, 12->13, 13->9","1-3, 1-7, 1-8, 1-11, 2-9, 2-10, 2-12, 2-13, 3-5, 3-7, 3-8, 3-10, 3-11, 4-6, 4-9, 4-13, 5-11, 5-12, 6-9, 6-11, 6-13, 7-11, 8-10, 8-11, 8-13, 9-11, 9-12, 9-13, 10-12, 10-13, 11-12, 11-13","1-2, 1-4, 1-5, 1-8, 2-4, 2-5, 2-7, 2-8, 2-12, 3-9, 3-10, 3-12, 3-13, 4-5, 5-6, 5-7, 5-8, 5-9, 5-10, 5-13, 6-9, 6-10, 6-11, 7-13, 8-9, 8-12, 9-10, 9-11, 9-12, 10-11, 10-13, 12-13","1-2, 1-3, 1-4, 1-5, 1-7, 1-8, 1-11, 2-4, 2-5, 2-7, 2-8, 2-9, 2-10, 2-12, 2-13, 3-5, 3-7, 3-8, 3-9, 3-10, 3-11, 3-12, 3-13, 4-5, 4-6, 4-9, 4-13, 5-6, 5-7, 5-8, 5-9, 5-10, 5-11, 5-12, 5-13, 6-9, 6-10, 6-11, 6-13, 7-11, 7-13, 8-9, 8-10, 8-11, 8-12, 8-13, 9-10, 9-11, 9-12, 9-13, 10-11, 10-12, 10-13, 11-12, 11-13, 12-13",4,4,8,"0 0 1 0 0 0 1 1 0 0 1 0 0|0 0 0 0 0 0 0 0 1 1 0 1 1|1 0 0 0 1 0 1 1 0 1 1 0 0|0 0 0 0 0 1 0 0 1 0 0 0 1|0 0 1 0 0 0 0 0 0 0 1 1 0|0 0 0 1 0 0 0 0 1 0 1 0 1|1 0 1 0 0 0 0 0 0 0 1 0 0|1 0 1 0 0 0 0 0 0 1 1 0 1|0 1 0 1 0 1 0 0 0 0 1 1 1|0 1 1 0 0 0 0 1 0 0 0 1 1|1 0 1 0 1 1 1 1 1 0 0 1 1|0 1 0 0 1 0 0 0 1 1 1 0 0|0 1 0 1 0 1 0 1 1 1 1 0 0","0 1 0 1 1 0 0 1 0 0 0 0 0|1 0 0 1 1 0 1 1 0 0 0 1 0|0 0 0 0 0 0 0 0 1 1 0 1 1|1 1 0 0 1 0 0 0 0 0 0 0 0|1 1 0 1 0 1 1 1 1 1 0 0 1|0 0 0 0 1 0 0 0 1 1 1 0 0|0 1 0 0 1 0 0 0 0 0 0 0 1|1 1 0 0 1 0 0 0 1 0 0 1 0|0 0 1 0 1 1 0 1 0 1 1 1 0|0 0 1 0 1 1 0 0 1 0 1 0 1|0 0 0 0 0 1 0 0 1 1 0 0 0|0 1 1 0 0 0 0 1 1 0 0 0 1|0 0 1 0 1 0 1 0 0 1 0 1 0","0 1 1 1 1 0 1 1 0 0 1 0 0|1 0 0 1 1 0 1 1 1 1 0 1 1|1 0 0 0 1 0 1 1 1 1 1 1 1|1 1 0 0 1 1 0 0 1 0 0 0 1|1 1 1 1 0 1 1 1 1 1 1 1 1|0 0 0 1 1 0 0 0 1 1 1 0 1|1 1 1 0 1 0 0 0 0 0 1 0 1|1 1 1 0 1 0 0 0 1 1 1 1 1|0 1 1 1 1 1 0 1 0 1 1 1 1|0 1 1 0 1 1 0 1 1 0 1 1 1|1 0 1 0 1 1 1 1 1 1 0 1 1|0 1 1 0 1 0 0 1 1 1 1 0 1|0 1 1 1 1 1 1 1 1 1 1 1 0"
41,"ID5-13.62.1:",13,1,29781,"1, 3, 5, 6, 7, 9, 10, 11, 12, 13","1->7, 2->2, 3->13, 4->4, 5->11, 6->12, 7->9, 8->8, 9->5, 10->3, 11->6, 12->1, 13->10","1-3, 1-5, 1-9, 1-10, 1-11, 1-12, 2-4, 2-8, 2-10, 2-11, 2-13, 3-5, 3-9, 4-6, 4-8, 4-11, 4-13, 5-9, 5-10, 6-9, 6-10, 6-11, 7-9, 7-11, 7-12, 8-10, 8-13, 9-11, 9-12, 10-11, 11-12","1-5, 1-6, 1-7, 1-9, 2-3, 2-4, 2-6, 2-8, 2-10, 3-6, 3-7, 3-8, 3-11, 3-12, 4-6, 4-8, 4-10, 4-12, 5-6, 5-7, 5-9, 5-11, 5-12, 5-13, 6-7, 6-9, 6-12, 7-11, 7-13, 8-10, 11-13","1-3, 1-5, 1-6, 1-7, 1-9, 1-10, 1-11, 1-12, 2-3, 2-4, 2-6, 2-8, 2-10, 2-11, 2-13, 3-5, 3-6, 3-7, 3-8, 3-9, 3-11, 3-12, 4-6, 4-8, 4-10, 4-11, 4-12, 4-13, 5-6, 5-7, 5-9, 5-10, 5-11, 5-12, 5-13, 6-7, 6-9, 6-10, 6-11, 6-12, 7-9, 7-11, 7-12, 7-13, 8-10, 8-13, 9-11, 9-12, 10-11, 11-12, 11-13",4,4,8,"0 0 1 0 1 0 0 0 1 1 1 1 0|0 0 0 1 0 0 0 1 0 1 1 0 1|1 0 0 0 1 0 0 0 1 0 0 0 0|0 1 0 0 0 1 0 1 0 0 1 0 1|1 0 1 0 0 0 0 0 1 1 0 0 0|0 0 0 1 0 0 0 0 1 1 1 0 0|0 0 0 0 0 0 0 0 1 0 1 1 0|0 1 0 1 0 0 0 0 0 1 0 0 1|1 0 1 0 1 1 1 0 0 0 1 1 0|1 1 0 0 1 1 0 1 0 0 1 0 0|1 1 0 1 0 1 1 0 1 1 0 1 0|1 0 0 0 0 0 1 0 1 0 1 0 0|0 1 0 1 0 0 0 1 0 0 0 0 0","0 0 0 0 1 1 1 0 1 0 0 0 0|0 0 1 1 0 1 0 1 0 1 0 0 0|0 1 0 0 0 1 1 1 0 0 1 1 0|0 1 0 0 0 1 0 1 0 1 0 1 0|1 0 0 0 0 1 1 0 1 0 1 1 1|1 1 1 1 1 0 1 0 1 0 0 1 0|1 0 1 0 1 1 0 0 0 0 1 0 1|0 1 1 1 0 0 0 0 0 1 0 0 0|1 0 0 0 1 1 0 0 0 0 0 0 0|0 1 0 1 0 0 0 1 0 0 0 0 0|0 0 1 0 1 0 1 0 0 0 0 0 1|0 0 1 1 1 1 0 0 0 0 0 0 0|0 0 0 0 1 0 1 0 0 0 1 0 0","0 0 1 0 1 1 1 0 1 1 1 1 0|0 0 1 1 0 1 0 1 0 1 1 0 1|1 1 0 0 1 1 1 1 1 0 1 1 0|0 1 0 0 0 1 0 1 0 1 1 1 1|1 0 1 0 0 1 1 0 1 1 1 1 1|1 1 1 1 1 0 1 0 1 1 1 1 0|1 0 1 0 1 1 0 0 1 0 1 1 1|0 1 1 1 0 0 0 0 0 1 0 0 1|1 0 1 0 1 1 1 0 0 0 1 1 0|1 1 0 1 1 1 0 1 0 0 1 0 0|1 1 1 1 1 1 1 0 1 1 0 1 1|1 0 1 1 1 1 1 0 1 0 1 0 0|0 1 0 1 1 0 1 1 0 0 1 0 0"
42,"ID5-13.62.1:",13,2,117120,"1, 2, 3, 4, 5, 6, 9, 10, 11, 12","1->3, 2->4, 3->9, 4->1, 5->10, 6->5, 7->7, 8->8, 9->11, 10->12, 11->6, 12->2, 13->13","1-3, 1-5, 1-9, 1-10, 1-11, 1-12, 2-4, 2-8, 2-10, 2-11, 2-13, 3-5, 3-9, 4-6, 4-8, 4-11, 4-13, 5-9, 5-10, 6-9, 6-10, 6-11, 7-9, 7-11, 7-12, 8-10, 8-13, 9-11, 9-12, 10-11, 11-12","1-4, 1-5, 1-6, 1-8, 1-13, 2-3, 2-6, 2-7, 2-11, 3-6, 3-9, 3-10, 3-11, 3-12, 4-6, 4-8, 4-12, 4-13, 5-6, 5-11, 5-12, 6-7, 6-11, 6-12, 7-11, 8-12, 8-13, 9-10, 9-11, 10-11, 10-12","1-3, 1-4, 1-5, 1-6, 1-8, 1-9, 1-10, 1-11, 1-12, 1-13, 2-3, 2-4, 2-6, 2-7, 2-8, 2-10, 2-11, 2-13, 3-5, 3-6, 3-9, 3-10, 3-11, 3-12, 4-6, 4-8, 4-11, 4-12, 4-13, 5-6, 5-9, 5-10, 5-11, 5-12, 6-7, 6-9, 6-10, 6-11, 6-12, 7-9, 7-11, 7-12, 8-10, 8-12, 8-13, 9-10, 9-11, 9-12, 10-11, 10-12, 11-12",4,4,8,"0 0 1 0 1 0 0 0 1 1 1 1 0|0 0 0 1 0 0 0 1 0 1 1 0 1|1 0 0 0 1 0 0 0 1 0 0 0 0|0 1 0 0 0 1 0 1 0 0 1 0 1|1 0 1 0 0 0 0 0 1 1 0 0 0|0 0 0 1 0 0 0 0 1 1 1 0 0|0 0 0 0 0 0 0 0 1 0 1 1 0|0 1 0 1 0 0 0 0 0 1 0 0 1|1 0 1 0 1 1 1 0 0 0 1 1 0|1 1 0 0 1 1 0 1 0 0 1 0 0|1 1 0 1 0 1 1 0 1 1 0 1 0|1 0 0 0 0 0 1 0 1 0 1 0 0|0 1 0 1 0 0 0 1 0 0 0 0 0","0 0 0 1 1 1 0 1 0 0 0 0 1|0 0 1 0 0 1 1 0 0 0 1 0 0|0 1 0 0 0 1 0 0 1 1 1 1 0|1 0 0 0 0 1 0 1 0 0 0 1 1|1 0 0 0 0 1 0 0 0 0 1 1 0|1 1 1 1 1 0 1 0 0 0 1 1 0|0 1 0 0 0 1 0 0 0 0 1 0 0|1 0 0 1 0 0 0 0 0 0 0 1 1|0 0 1 0 0 0 0 0 0 1 1 0 0|0 0 1 0 0 0 0 0 1 0 1 1 0|0 1 1 0 1 1 1 0 1 1 0 0 0|0 0 1 1 1 1 0 1 0 1 0 0 0|1 0 0 1 0 0 0 1 0 0 0 0 0","0 0 1 1 1 1 0 1 1 1 1 1 1|0 0 1 1 0 1 1 1 0 1 1 0 1|1 1 0 0 1 1 0 0 1 1 1 1 0|1 1 0 0 0 1 0 1 0 0 1 1 1|1 0 1 0 0 1 0 0 1 1 1 1 0|1 1 1 1 1 0 1 0 1 1 1 1 0|0 1 0 0 0 1 0 0 1 0 1 1 0|1 1 0 1 0 0 0 0 0 1 0 1 1|1 0 1 0 1 1 1 0 0 1 1 1 0|1 1 1 0 1 1 0 1 1 0 1 1 0|1 1 1 1 1 1 1 0 1 1 0 1 0|1 0 1 1 1 1 1 1 1 1 1 0 0|1 1 0 1 0 0 0 1 0 0 0 0 0"
43,"ID5-13.62.1:",13,3,145983,"1, 2, 3, 6, 7, 8, 9, 11, 12, 13","1->7, 2->9, 3->2, 4->4, 5->5, 6->12, 7->11, 8->3, 9->6, 10->10, 11->13, 12->1, 13->8","1-3, 1-5, 1-9, 1-10, 1-11, 1-12, 2-4, 2-8, 2-10, 2-11, 2-13, 3-5, 3-9, 4-6, 4-8, 4-11, 4-13, 5-9, 5-10, 6-9, 6-10, 6-11, 7-9, 7-11, 7-12, 8-10, 8-13, 9-11, 9-12, 10-11, 11-12","1-6, 1-7, 1-11, 1-13, 2-5, 2-6, 2-7, 3-4, 3-8, 3-9, 3-10, 4-8, 4-9, 4-12, 4-13, 5-6, 5-7, 5-10, 6-7, 6-11, 6-12, 6-13, 7-10, 7-13, 8-9, 9-10, 9-13, 10-12, 10-13, 11-13, 12-13","1-3, 1-5, 1-6, 1-7, 1-9, 1-10, 1-11, 1-12, 1-13, 2-4, 2-5, 2-6, 2-7, 2-8, 2-10, 2-11, 2-13, 3-4, 3-5, 3-8, 3-9, 3-10, 4-6, 4-8, 4-9, 4-11, 4-12, 4-13, 5-6, 5-7, 5-9, 5-10, 6-7, 6-9, 6-10, 6-11, 6-12, 6-13, 7-9, 7-10, 7-11, 7-12, 7-13, 8-9, 8-10, 8-13, 9-10, 9-11, 9-12, 9-13, 10-11, 10-12, 10-13, 11-12, 11-13, 12-13",4,4,8,"0 0 1 0 1 0 0 0 1 1 1 1 0|0 0 0 1 0 0 0 1 0 1 1 0 1|1 0 0 0 1 0 0 0 1 0 0 0 0|0 1 0 0 0 1 0 1 0 0 1 0 1|1 0 1 0 0 0 0 0 1 1 0 0 0|0 0 0 1 0 0 0 0 1 1 1 0 0|0 0 0 0 0 0 0 0 1 0 1 1 0|0 1 0 1 0 0 0 0 0 1 0 0 1|1 0 1 0 1 1 1 0 0 0 1 1 0|1 1 0 0 1 1 0 1 0 0 1 0 0|1 1 0 1 0 1 1 0 1 1 0 1 0|1 0 0 0 0 0 1 0 1 0 1 0 0|0 1 0 1 0 0 0 1 0 0 0 0 0","0 0 0 0 0 1 1 0 0 0 1 0 1|0 0 0 0 1 1 1 0 0 0 0 0 0|0 0 0 1 0 0 0 1 1 1 0 0 0|0 0 1 0 0 0 0 1 1 0 0 1 1|0 1 0 0 0 1 1 0 0 1 0 0 0|1 1 0 0 1 0 1 0 0 0 1 1 1|1 1 0 0 1 1 0 0 0 1 0 0 1|0 0 1 1 0 0 0 0 1 0 0 0 0|0 0 1 1 0 0 0 1 0 1 0 0 1|0 0 1 0 1 0 1 0 1 0 0 1 1|1 0 0 0 0 1 0 0 0 0 0 0 1|0 0 0 1 0 1 0 0 0 1 0 0 1|1 0 0 1 0 1 1 0 1 1 1 1 0","0 0 1 0 1 1 1 0 1 1 1 1 1|0 0 0 1 1 1 1 1 0 1 1 0 1|1 0 0 1 1 0 0 1 1 1 0 0 0|0 1 1 0 0 1 0 1 1 0 1 1 1|1 1 1 0 0 1 1 0 1 1 0 0 0|1 1 0 1 1 0 1 0 1 1 1 1 1|1 1 0 0 1 1 0 0 1 1 1 1 1|0 1 1 1 0 0 0 0 1 1 0 0 1|1 0 1 1 1 1 1 1 0 1 1 1 1|1 1 1 0 1 1 1 1 1 0 1 1 1|1 1 0 1 0 1 1 0 1 1 0 1 1|1 0 0 1 0 1 1 0 1 1 1 0 1|1 1 0 1 0 1 1 1 1 1 1 1 0"
44,"ID5-13.62.1:",13,4,148046,"1, 2, 3, 5, 6, 7, 8, 9, 11, 12","1->3, 2->9, 3->1, 4->4, 5->8, 6->7, 7->5, 8->2, 9->6, 10->10, 11->12, 12->11, 13->13","1-3, 1-5, 1-9, 1-10, 1-11, 1-12, 2-4, 2-8, 2-10, 2-11, 2-13, 3-5, 3-9, 4-6, 4-8, 4-11, 4-13, 5-9, 5-10, 6-9, 6-10, 6-11, 7-9, 7-11, 7-12, 8-10, 8-13, 9-11, 9-12, 10-11, 11-12","1-3, 1-6, 1-8, 2-4, 2-9, 2-10, 2-13, 3-6, 3-8, 3-10, 3-11, 3-12, 4-7, 4-9, 4-12, 4-13, 5-6, 5-11, 5-12, 6-7, 6-8, 6-11, 6-12, 7-10, 7-12, 8-10, 9-10, 9-12, 9-13, 10-12, 11-12","1-3, 1-5, 1-6, 1-8, 1-9, 1-10, 1-11, 1-12, 2-4, 2-8, 2-9, 2-10, 2-11, 2-13, 3-5, 3-6, 3-8, 3-9, 3-10, 3-11, 3-12, 4-6, 4-7, 4-8, 4-9, 4-11, 4-12, 4-13, 5-6, 5-9, 5-10, 5-11, 5-12, 6-7, 6-8, 6-9, 6-10, 6-11, 6-12, 7-9, 7-10, 7-11, 7-12, 8-10, 8-13, 9-10, 9-11, 9-12, 9-13, 10-11, 10-12, 11-12",4,4,8,"0 0 1 0 1 0 0 0 1 1 1 1 0|0 0 0 1 0 0 0 1 0 1 1 0 1|1 0 0 0 1 0 0 0 1 0 0 0 0|0 1 0 0 0 1 0 1 0 0 1 0 1|1 0 1 0 0 0 0 0 1 1 0 0 0|0 0 0 1 0 0 0 0 1 1 1 0 0|0 0 0 0 0 0 0 0 1 0 1 1 0|0 1 0 1 0 0 0 0 0 1 0 0 1|1 0 1 0 1 1 1 0 0 0 1 1 0|1 1 0 0 1 1 0 1 0 0 1 0 0|1 1 0 1 0 1 1 0 1 1 0 1 0|1 0 0 0 0 0 1 0 1 0 1 0 0|0 1 0 1 0 0 0 1 0 0 0 0 0","0 0 1 0 0 1 0 1 0 0 0 0 0|0 0 0 1 0 0 0 0 1 1 0 0 1|1 0 0 0 0 1 0 1 0 1 1 1 0|0 1 0 0 0 0 1 0 1 0 0 1 1|0 0 0 0 0 1 0 0 0 0 1 1 0|1 0 1 0 1 0 1 1 0 0 1 1 0|0 0 0 1 0 1 0 0 0 1 0 1 0|1 0 1 0 0 1 0 0 0 1 0 0 0|0 1 0 1 0 0 0 0 0 1 0 1 1|0 1 1 0 0 0 1 1 1 0 0 1 0|0 0 1 0 1 1 0 0 0 0 0 1 0|0 0 1 1 1 1 1 0 1 1 1 0 0|0 1 0 1 0 0 0 0 1 0 0 0 0","0 0 1 0 1 1 0 1 1 1 1 1 0|0 0 0 1 0 0 0 1 1 1 1 0 1|1 0 0 0 1 1 0 1 1 1 1 1 0|0 1 0 0 0 1 1 1 1 0 1 1 1|1 0 1 0 0 1 0 0 1 1 1 1 0|1 0 1 1 1 0 1 1 1 1 1 1 0|0 0 0 1 0 1 0 0 1 1 1 1 0|1 1 1 1 0 1 0 0 0 1 0 0 1|1 1 1 1 1 1 1 0 0 1 1 1 1|1 1 1 0 1 1 1 1 1 0 1 1 0|1 1 1 1 1 1 1 0 1 1 0 1 0|1 0 1 1 1 1 1 0 1 1 1 0 0|0 1 0 1 0 0 0 1 1 0 0 0 0"
45,"ID5-13.62.1:",13,5,174157,"1, 2, 3, 4, 6, 7, 8, 10, 11, 12","1->8, 2->1, 3->2, 4->12, 5->5, 6->10, 7->3, 8->6, 9->9, 10->7, 11->4, 12->11, 13->13","1-3, 1-5, 1-9, 1-10, 1-11, 1-12, 2-4, 2-8, 2-10, 2-11, 2-13, 3-5, 3-9, 4-6, 4-8, 4-11, 4-13, 5-9, 5-10, 6-9, 6-10, 6-11, 7-9, 7-11, 7-12, 8-10, 8-13, 9-11, 9-12, 10-11, 11-12","1-4, 1-6, 1-7, 1-12, 1-13, 2-5, 2-8, 2-9, 3-4, 3-9, 3-11, 4-7, 4-8, 4-9, 4-10, 4-11, 4-12, 5-7, 5-8, 5-9, 6-7, 6-12, 6-13, 7-8, 7-10, 8-9, 8-11, 9-10, 9-11, 10-12, 12-13","1-3, 1-4, 1-5, 1-6, 1-7, 1-9, 1-10, 1-11, 1-12, 1-13, 2-4, 2-5, 2-8, 2-9, 2-10, 2-11, 2-13, 3-4, 3-5, 3-9, 3-11, 4-6, 4-7, 4-8, 4-9, 4-10, 4-11, 4-12, 4-13, 5-7, 5-8, 5-9, 5-10, 6-7, 6-9, 6-10, 6-11, 6-12, 6-13, 7-8, 7-9, 7-10, 7-11, 7-12, 8-9, 8-10, 8-11, 8-13, 9-10, 9-11, 9-12, 10-11, 10-12, 11-12, 12-13",4,4,8,"0 0 1 0 1 0 0 0 1 1 1 1 0|0 0 0 1 0 0 0 1 0 1 1 0 1|1 0 0 0 1 0 0 0 1 0 0 0 0|0 1 0 0 0 1 0 1 0 0 1 0 1|1 0 1 0 0 0 0 0 1 1 0 0 0|0 0 0 1 0 0 0 0 1 1 1 0 0|0 0 0 0 0 0 0 0 1 0 1 1 0|0 1 0 1 0 0 0 0 0 1 0 0 1|1 0 1 0 1 1 1 0 0 0 1 1 0|1 1 0 0 1 1 0 1 0 0 1 0 0|1 1 0 1 0 1 1 0 1 1 0 1 0|1 0 0 0 0 0 1 0 1 0 1 0 0|0 1 0 1 0 0 0 1 0 0 0 0 0","0 0 0 1 0 1 1 0 0 0 0 1 1|0 0 0 0 1 0 0 1 1 0 0 0 0|0 0 0 1 0 0 0 0 1 0 1 0 0|1 0 1 0 0 0 1 1 1 1 1 1 0|0 1 0 0 0 0 1 1 1 0 0 0 0|1 0 0 0 0 0 1 0 0 0 0 1 1|1 0 0 1 1 1 0 1 0 1 0 0 0|0 1 0 1 1 0 1 0 1 0 1 0 0|0 1 1 1 1 0 0 1 0 1 1 0 0|0 0 0 1 0 0 1 0 1 0 0 1 0|0 0 1 1 0 0 0 1 1 0 0 0 0|1 0 0 1 0 1 0 0 0 1 0 0 1|1 0 0 0 0 1 0 0 0 0 0 1 0","0 0 1 1 1 1 1 0 1 1 1 1 1|0 0 0 1 1 0 0 1 1 1 1 0 1|1 0 0 1 1 0 0 0 1 0 1 0 0|1 1 1 0 0 1 1 1 1 1 1 1 1|1 1 1 0 0 0 1 1 1 1 0 0 0|1 0 0 1 0 0 1 0 1 1 1 1 1|1 0 0 1 1 1 0 1 1 1 1 1 0|0 1 0 1 1 0 1 0 1 1 1 0 1|1 1 1 1 1 1 1 1 0 1 1 1 0|1 1 0 1 1 1 1 1 1 0 1 1 0|1 1 1 1 0 1 1 1 1 1 0 1 0|1 0 0 1 0 1 1 0 1 1 1 0 1|1 1 0 1 0 1 0 1 0 0 0 1 0"
46,"ID5-13.62.1:",13,6,181918,"1, 2, 3, 5, 7, 8, 9, 10, 11, 12","1->2, 2->3, 3->1, 4->4, 5->7, 6->6, 7->8, 8->11, 9->10, 10->5, 11->12, 12->9, 13->13","1-3, 1-5, 1-9, 1-10, 1-11, 1-12, 2-4, 2-8, 2-10, 2-11, 2-13, 3-5, 3-9, 4-6, 4-8, 4-11, 4-13, 5-9, 5-10, 6-9, 6-10, 6-11, 7-9, 7-11, 7-12, 8-10, 8-13, 9-11, 9-12, 10-11, 11-12","1-2, 1-7, 1-10, 2-5, 2-7, 2-9, 2-10, 2-12, 3-4, 3-5, 3-11, 3-12, 3-13, 4-6, 4-11, 4-12, 4-13, 5-6, 5-7, 5-11, 5-12, 6-10, 6-12, 7-10, 8-9, 8-10, 8-12, 9-10, 9-12, 10-12, 11-13","1-2, 1-3, 1-5, 1-7, 1-9, 1-10, 1-11, 1-12, 2-4, 2-5, 2-7, 2-8, 2-9, 2-10, 2-11, 2-12, 2-13, 3-4, 3-5, 3-9, 3-11, 3-12, 3-13, 4-6, 4-8, 4-11, 4-12, 4-13, 5-6, 5-7, 5-9, 5-10, 5-11, 5-12, 6-9, 6-10, 6-11, 6-12, 7-9, 7-10, 7-11, 7-12, 8-9, 8-10, 8-12, 8-13, 9-10, 9-11, 9-12, 10-11, 10-12, 11-12, 11-13",4,4,8,"0 0 1 0 1 0 0 0 1 1 1 1 0|0 0 0 1 0 0 0 1 0 1 1 0 1|1 0 0 0 1 0 0 0 1 0 0 0 0|0 1 0 0 0 1 0 1 0 0 1 0 1|1 0 1 0 0 0 0 0 1 1 0 0 0|0 0 0 1 0 0 0 0 1 1 1 0 0|0 0 0 0 0 0 0 0 1 0 1 1 0|0 1 0 1 0 0 0 0 0 1 0 0 1|1 0 1 0 1 1 1 0 0 0 1 1 0|1 1 0 0 1 1 0 1 0 0 1 0 0|1 1 0 1 0 1 1 0 1 1 0 1 0|1 0 0 0 0 0 1 0 1 0 1 0 0|0 1 0 1 0 0 0 1 0 0 0 0 0","0 1 0 0 0 0 1 0 0 1 0 0 0|1 0 0 0 1 0 1 0 1 1 0 1 0|0 0 0 1 1 0 0 0 0 0 1 1 1|0 0 1 0 0 1 0 0 0 0 1 1 1|0 1 1 0 0 1 1 0 0 0 1 1 0|0 0 0 1 1 0 0 0 0 1 0 1 0|1 1 0 0 1 0 0 0 0 1 0 0 0|0 0 0 0 0 0 0 0 1 1 0 1 0|0 1 0 0 0 0 0 1 0 1 0 1 0|1 1 0 0 0 1 1 1 1 0 0 1 0|0 0 1 1 1 0 0 0 0 0 0 0 1|0 1 1 1 1 1 0 1 1 1 0 0 0|0 0 1 1 0 0 0 0 0 0 1 0 0","0 1 1 0 1 0 1 0 1 1 1 1 0|1 0 0 1 1 0 1 1 1 1 1 1 1|1 0 0 1 1 0 0 0 1 0 1 1 1|0 1 1 0 0 1 0 1 0 0 1 1 1|1 1 1 0 0 1 1 0 1 1 1 1 0|0 0 0 1 1 0 0 0 1 1 1 1 0|1 1 0 0 1 0 0 0 1 1 1 1 0|0 1 0 1 0 0 0 0 1 1 0 1 1|1 1 1 0 1 1 1 1 0 1 1 1 0|1 1 0 0 1 1 1 1 1 0 1 1 0|1 1 1 1 1 1 1 0 1 1 0 1 1|1 1 1 1 1 1 1 1 1 1 1 0 0|0 1 1 1 0 0 0 1 0 0 1 0 0"
47,"ID5-13.62.1:",13,7,187555,"1, 3, 5, 6, 7, 9, 10, 11, 12, 13","1->6, 2->2, 3->1, 4->4, 5->7, 6->11, 7->9, 8->8, 9->10, 10->5, 11->12, 12->13, 13->3","1-3, 1-5, 1-9, 1-10, 1-11, 1-12, 2-4, 2-8, 2-10, 2-11, 2-13, 3-5, 3-9, 4-6, 4-8, 4-11, 4-13, 5-9, 5-10, 6-9, 6-10, 6-11, 7-9, 7-11, 7-12, 8-10, 8-13, 9-11, 9-12, 10-11, 11-12","1-6, 1-7, 1-10, 2-3, 2-4, 2-5, 2-8, 2-12, 3-4, 3-8, 4-8, 4-11, 4-12, 5-6, 5-7, 5-8, 5-11, 5-12, 6-7, 6-10, 6-12, 6-13, 7-10, 9-10, 9-12, 9-13, 10-11, 10-12, 10-13, 11-12, 12-13","1-3, 1-5, 1-6, 1-7, 1-9, 1-10, 1-11, 1-12, 2-3, 2-4, 2-5, 2-8, 2-10, 2-11, 2-12, 2-13, 3-4, 3-5, 3-8, 3-9, 4-6, 4-8, 4-11, 4-12, 4-13, 5-6, 5-7, 5-8, 5-9, 5-10, 5-11, 5-12, 6-7, 6-9, 6-10, 6-11, 6-12, 6-13, 7-9, 7-10, 7-11, 7-12, 8-10, 8-13, 9-10, 9-11, 9-12, 9-13, 10-11, 10-12, 10-13, 11-12, 12-13",4,4,8,"0 0 1 0 1 0 0 0 1 1 1 1 0|0 0 0 1 0 0 0 1 0 1 1 0 1|1 0 0 0 1 0 0 0 1 0 0 0 0|0 1 0 0 0 1 0 1 0 0 1 0 1|1 0 1 0 0 0 0 0 1 1 0 0 0|0 0 0 1 0 0 0 0 1 1 1 0 0|0 0 0 0 0 0 0 0 1 0 1 1 0|0 1 0 1 0 0 0 0 0 1 0 0 1|1 0 1 0 1 1 1 0 0 0 1 1 0|1 1 0 0 1 1 0 1 0 0 1 0 0|1 1 0 1 0 1 1 0 1 1 0 1 0|1 0 0 0 0 0 1 0 1 0 1 0 0|0 1 0 1 0 0 0 1 0 0 0 0 0","0 0 0 0 0 1 1 0 0 1 0 0 0|0 0 1 1 1 0 0 1 0 0 0 1 0|0 1 0 1 0 0 0 1 0 0 0 0 0|0 1 1 0 0 0 0 1 0 0 1 1 0|0 1 0 0 0 1 1 1 0 0 1 1 0|1 0 0 0 1 0 1 0 0 1 0 1 1|1 0 0 0 1 1 0 0 0 1 0 0 0|0 1 1 1 1 0 0 0 0 0 0 0 0|0 0 0 0 0 0 0 0 0 1 0 1 1|1 0 0 0 0 1 1 0 1 0 1 1 1|0 0 0 1 1 0 0 0 0 1 0 1 0|0 1 0 1 1 1 0 0 1 1 1 0 1|0 0 0 0 0 1 0 0 1 1 0 1 0","0 0 1 0 1 1 1 0 1 1 1 1 0|0 0 1 1 1 0 0 1 0 1 1 1 1|1 1 0 1 1 0 0 1 1 0 0 0 0|0 1 1 0 0 1 0 1 0 0 1 1 1|1 1 1 0 0 1 1 1 1 1 1 1 0|1 0 0 1 1 0 1 0 1 1 1 1 1|1 0 0 0 1 1 0 0 1 1 1 1 0|0 1 1 1 1 0 0 0 0 1 0 0 1|1 0 1 0 1 1 1 0 0 1 1 1 1|1 1 0 0 1 1 1 1 1 0 1 1 1|1 1 0 1 1 1 1 0 1 1 0 1 0|1 1 0 1 1 1 1 0 1 1 1 0 1|0 1 0 1 0 1 0 1 1 1 0 1 0"
48,"ID5-13.62.1:",13,8,193221,"1, 3, 4, 5, 6, 7, 8, 9, 11, 12","1->12, 2->2, 3->5, 4->3, 5->11, 6->9, 7->1, 8->7, 9->8, 10->10, 11->4, 12->6, 13->13","1-3, 1-5, 1-9, 1-10, 1-11, 1-12, 2-4, 2-8, 2-10, 2-11, 2-13, 3-5, 3-9, 4-6, 4-8, 4-11, 4-13, 5-9, 5-10, 6-9, 6-10, 6-11, 7-9, 7-11, 7-12, 8-10, 8-13, 9-11, 9-12, 10-11, 11-12","1-4, 1-6, 1-8, 2-3, 2-4, 2-7, 2-10, 2-13, 3-4, 3-7, 3-9, 3-13, 4-6, 4-8, 4-9, 4-10, 4-12, 5-8, 5-11, 5-12, 6-8, 6-12, 7-10, 7-13, 8-9, 8-11, 8-12, 9-10, 10-11, 10-12, 11-12","1-3, 1-4, 1-5, 1-6, 1-8, 1-9, 1-10, 1-11, 1-12, 2-3, 2-4, 2-7, 2-8, 2-10, 2-11, 2-13, 3-4, 3-5, 3-7, 3-9, 3-13, 4-6, 4-8, 4-9, 4-10, 4-11, 4-12, 4-13, 5-8, 5-9, 5-10, 5-11, 5-12, 6-8, 6-9, 6-10, 6-11, 6-12, 7-9, 7-10, 7-11, 7-12, 7-13, 8-9, 8-10, 8-11, 8-12, 8-13, 9-10, 9-11, 9-12, 10-11, 10-12, 11-12",4,4,8,"0 0 1 0 1 0 0 0 1 1 1 1 0|0 0 0 1 0 0 0 1 0 1 1 0 1|1 0 0 0 1 0 0 0 1 0 0 0 0|0 1 0 0 0 1 0 1 0 0 1 0 1|1 0 1 0 0 0 0 0 1 1 0 0 0|0 0 0 1 0 0 0 0 1 1 1 0 0|0 0 0 0 0 0 0 0 1 0 1 1 0|0 1 0 1 0 0 0 0 0 1 0 0 1|1 0 1 0 1 1 1 0 0 0 1 1 0|1 1 0 0 1 1 0 1 0 0 1 0 0|1 1 0 1 0 1 1 0 1 1 0 1 0|1 0 0 0 0 0 1 0 1 0 1 0 0|0 1 0 1 0 0 0 1 0 0 0 0 0","0 0 0 1 0 1 0 1 0 0 0 0 0|0 0 1 1 0 0 1 0 0 1 0 0 1|0 1 0 1 0 0 1 0 1 0 0 0 1|1 1 1 0 0 1 0 1 1 1 0 1 0|0 0 0 0 0 0 0 1 0 0 1 1 0|1 0 0 1 0 0 0 1 0 0 0 1 0|0 1 1 0 0 0 0 0 0 1 0 0 1|1 0 0 1 1 1 0 0 1 0 1 1 0|0 0 1 1 0 0 0 1 0 1 0 0 0|0 1 0 1 0 0 1 0 1 0 1 1 0|0 0 0 0 1 0 0 1 0 1 0 1 0|0 0 0 1 1 1 0 1 0 1 1 0 0|0 1 1 0 0 0 1 0 0 0 0 0 0","0 0 1 1 1 1 0 1 1 1 1 1 0|0 0 1 1 0 0 1 1 0 1 1 0 1|1 1 0 1 1 0 1 0 1 0 0 0 1|1 1 1 0 0 1 0 1 1 1 1 1 1|1 0 1 0 0 0 0 1 1 1 1 1 0|1 0 0 1 0 0 0 1 1 1 1 1 0|0 1 1 0 0 0 0 0 1 1 1 1 1|1 1 0 1 1 1 0 0 1 1 1 1 1|1 0 1 1 1 1 1 1 0 1 1 1 0|1 1 0 1 1 1 1 1 1 0 1 1 0|1 1 0 1 1 1 1 1 1 1 0 1 0|1 0 0 1 1 1 1 1 1 1 1 0 0|0 1 1 1 0 0 1 1 0 0 0 0 0"
49,"ID5-13.62.1:",13,9,195753,"1, 2, 3, 4, 6, 7, 9, 10, 11, 12","1->6, 2->7, 3->4, 4->9, 5->5, 6->10, 7->2, 8->8, 9->12, 10->11, 11->3, 12->1, 13->13","1-3, 1-5, 1-9, 1-10, 1-11, 1-12, 2-4, 2-8, 2-10, 2-11, 2-13, 3-5, 3-9, 4-6, 4-8, 4-11, 4-13, 5-9, 5-10, 6-9, 6-10, 6-11, 7-9, 7-11, 7-12, 8-10, 8-13, 9-11, 9-12, 10-11, 11-12","1-2, 1-3, 1-6, 1-12, 2-3, 2-12, 3-6, 3-7, 3-9, 3-10, 3-11, 3-12, 4-5, 4-6, 4-12, 5-6, 5-11, 5-12, 6-11, 6-12, 7-8, 7-9, 7-11, 7-13, 8-9, 8-11, 8-13, 9-10, 9-13, 10-11, 10-12","1-2, 1-3, 1-5, 1-6, 1-9, 1-10, 1-11, 1-12, 2-3, 2-4, 2-8, 2-10, 2-11, 2-12, 2-13, 3-5, 3-6, 3-7, 3-9, 3-10, 3-11, 3-12, 4-5, 4-6, 4-8, 4-11, 4-12, 4-13, 5-6, 5-9, 5-10, 5-11, 5-12, 6-9, 6-10, 6-11, 6-12, 7-8, 7-9, 7-11, 7-12, 7-13, 8-9, 8-10, 8-11, 8-13, 9-10, 9-11, 9-12, 9-13, 10-11, 10-12, 11-12",4,4,8,"0 0 1 0 1 0 0 0 1 1 1 1 0|0 0 0 1 0 0 0 1 0 1 1 0 1|1 0 0 0 1 0 0 0 1 0 0 0 0|0 1 0 0 0 1 0 1 0 0 1 0 1|1 0 1 0 0 0 0 0 1 1 0 0 0|0 0 0 1 0 0 0 0 1 1 1 0 0|0 0 0 0 0 0 0 0 1 0 1 1 0|0 1 0 1 0 0 0 0 0 1 0 0 1|1 0 1 0 1 1 1 0 0 0 1 1 0|1 1 0 0 1 1 0 1 0 0 1 0 0|1 1 0 1 0 1 1 0 1 1 0 1 0|1 0 0 0 0 0 1 0 1 0 1 0 0|0 1 0 1 0 0 0 1 0 0 0 0 0","0 1 1 0 0 1 0 0 0 0 0 1 0|1 0 1 0 0 0 0 0 0 0 0 1 0|1 1 0 0 0 1 1 0 1 1 1 1 0|0 0 0 0 1 1 0 0 0 0 0 1 0|0 0 0 1 0 1 0 0 0 0 1 1 0|1 0 1 1 1 0 0 0 0 0 1 1 0|0 0 1 0 0 0 0 1 1 0 1 0 1|0 0 0 0 0 0 1 0 1 0 1 0 1|0 0 1 0 0 0 1 1 0 1 0 0 1|0 0 1 0 0 0 0 0 1 0 1 1 0|0 0 1 0 1 1 1 1 0 1 0 0 0|1 1 1 1 1 1 0 0 0 1 0 0 0|0 0 0 0 0 0 1 1 1 0 0 0 0","0 1 1 0 1 1 0 0 1 1 1 1 0|1 0 1 1 0 0 0 1 0 1 1 1 1|1 1 0 0 1 1 1 0 1 1 1 1 0|0 1 0 0 1 1 0 1 0 0 1 1 1|1 0 1 1 0 1 0 0 1 1 1 1 0|1 0 1 1 1 0 0 0 1 1 1 1 0|0 0 1 0 0 0 0 1 1 0 1 1 1|0 1 0 1 0 0 1 0 1 1 1 0 1|1 0 1 0 1 1 1 1 0 1 1 1 1|1 1 1 0 1 1 0 1 1 0 1 1 0|1 1 1 1 1 1 1 1 1 1 0 1 0|1 1 1 1 1 1 1 0 1 1 1 0 0|0 1 0 1 0 0 1 1 1 0 0 0 0"
50,"ID5-13.62.1:",13,10,255897,"1, 2, 3, 5, 6, 7, 9, 11, 12, 13","1->7, 2->3, 3->13, 4->4, 5->9, 6->12, 7->11, 8->8, 9->2, 10->10, 11->5, 12->1, 13->6","1-3, 1-5, 1-9, 1-10, 1-11, 1-12, 2-4, 2-8, 2-10, 2-11, 2-13, 3-5, 3-9, 4-6, 4-8, 4-11, 4-13, 5-9, 5-10, 6-9, 6-10, 6-11, 7-9, 7-11, 7-12, 8-10, 8-13, 9-11, 9-12, 10-11, 11-12","1-2, 1-5, 1-7, 1-11, 2-5, 2-7, 2-9, 2-11, 2-12, 2-13, 3-4, 3-5, 3-6, 3-8, 3-10, 4-5, 4-6, 4-8, 4-12, 5-7, 5-10, 5-11, 5-12, 6-8, 7-9, 7-10, 7-13, 8-10, 9-10, 9-13, 10-12","1-2, 1-3, 1-5, 1-7, 1-9, 1-10, 1-11, 1-12, 2-4, 2-5, 2-7, 2-8, 2-9, 2-10, 2-11, 2-12, 2-13, 3-4, 3-5, 3-6, 3-8, 3-9, 3-10, 4-5, 4-6, 4-8, 4-11, 4-12, 4-13, 5-7, 5-9, 5-10, 5-11, 5-12, 6-8, 6-9, 6-10, 6-11, 7-9, 7-10, 7-11, 7-12, 7-13, 8-10, 8-13, 9-10, 9-11, 9-12, 9-13, 10-11, 10-12, 11-12",4,4,8,"0 0 1 0 1 0 0 0 1 1 1 1 0|0 0 0 1 0 0 0 1 0 1 1 0 1|1 0 0 0 1 0 0 0 1 0 0 0 0|0 1 0 0 0 1 0 1 0 0 1 0 1|1 0 1 0 0 0 0 0 1 1 0 0 0|0 0 0 1 0 0 0 0 1 1 1 0 0|0 0 0 0 0 0 0 0 1 0 1 1 0|0 1 0 1 0 0 0 0 0 1 0 0 1|1 0 1 0 1 1 1 0 0 0 1 1 0|1 1 0 0 1 1 0 1 0 0 1 0 0|1 1 0 1 0 1 1 0 1 1 0 1 0|1 0 0 0 0 0 1 0 1 0 1 0 0|0 1 0 1 0 0 0 1 0 0 0 0 0","0 1 0 0 1 0 1 0 0 0 1 0 0|1 0 0 0 1 0 1 0 1 0 1 1 1|0 0 0 1 1 1 0 1 0 1 0 0 0|0 0 1 0 1 1 0 1 0 0 0 1 0|1 1 1 1 0 0 1 0 0 1 1 1 0|0 0 1 1 0 0 0 1 0 0 0 0 0|1 1 0 0 1 0 0 0 1 1 0 0 1|0 0 1 1 0 1 0 0 0 1 0 0 0|0 1 0 0 0 0 1 0 0 1 0 0 1|0 0 1 0 1 0 1 1 1 0 0 1 0|1 1 0 0 1 0 0 0 0 0 0 0 0|0 1 0 1 1 0 0 0 0 1 0 0 0|0 1 0 0 0 0 1 0 1 0 0 0 0","0 1 1 0 1 0 1 0 1 1 1 1 0|1 0 0 1 1 0 1 1 1 1 1 1 1|1 0 0 1 1 1 0 1 1 1 0 0 0|0 1 1 0 1 1 0 1 0 0 1 1 1|1 1 1 1 0 0 1 0 1 1 1 1 0|0 0 1 1 0 0 0 1 1 1 1 0 0|1 1 0 0 1 0 0 0 1 1 1 1 1|0 1 1 1 0 1 0 0 0 1 0 0 1|1 1 1 0 1 1 1 0 0 1 1 1 1|1 1 1 0 1 1 1 1 1 0 1 1 0|1 1 0 1 1 1 1 0 1 1 0 1 0|1 1 0 1 1 0 1 0 1 1 1 0 0|0 1 0 1 0 0 1 1 1 0 0 0 0"
51,"ID6-13.63.1:",13,1,2808,"1, 2, 4, 5, 7, 8, 9, 11, 12, 13","1->8, 2->1, 3->3, 4->12, 5->2, 6->6, 7->4, 8->13, 9->7, 10->10, 11->5, 12->11, 13->9","1-3, 1-6, 1-9, 1-10, 1-13, 2-4, 2-8, 2-9, 2-11, 2-12, 3-5, 3-6, 3-7, 3-12, 3-13, 4-8, 4-9, 4-11, 4-13, 5-7, 5-10, 5-13, 6-9, 6-12, 7-13, 8-11, 9-12, 9-13, 10-13, 11-12, 11-13, 12-13","1-5, 1-7, 1-11, 1-12, 1-13, 2-3, 2-4, 2-9, 2-10, 3-4, 3-6, 3-8, 3-9, 3-11, 4-9, 5-9, 5-11, 5-12, 5-13, 6-7, 6-8, 6-11, 7-8, 7-9, 7-11, 7-12, 8-9, 8-10, 9-10, 9-11, 9-12, 12-13","1-3, 1-5, 1-6, 1-7, 1-9, 1-10, 1-11, 1-12, 1-13, 2-3, 2-4, 2-8, 2-9, 2-10, 2-11, 2-12, 3-4, 3-5, 3-6, 3-7, 3-8, 3-9, 3-11, 3-12, 3-13, 4-8, 4-9, 4-11, 4-13, 5-7, 5-9, 5-10, 5-11, 5-12, 5-13, 6-7, 6-8, 6-9, 6-11, 6-12, 7-8, 7-9, 7-11, 7-12, 7-13, 8-9, 8-10, 8-11, 9-10, 9-11, 9-12, 9-13, 10-13, 11-12, 11-13, 12-13",4,4,8,"0 0 1 0 0 1 0 0 1 1 0 0 1|0 0 0 1 0 0 0 1 1 0 1 1 0|1 0 0 0 1 1 1 0 0 0 0 1 1|0 1 0 0 0 0 0 1 1 0 1 0 1|0 0 1 0 0 0 1 0 0 1 0 0 1|1 0 1 0 0 0 0 0 1 0 0 1 0|0 0 1 0 1 0 0 0 0 0 0 0 1|0 1 0 1 0 0 0 0 0 0 1 0 0|1 1 0 1 0 1 0 0 0 0 0 1 1|1 0 0 0 1 0 0 0 0 0 0 0 1|0 1 0 1 0 0 0 1 0 0 0 1 1|0 1 1 0 0 1 0 0 1 0 1 0 1|1 0 1 1 1 0 1 0 1 1 1 1 0","0 0 0 0 1 0 1 0 0 0 1 1 1|0 0 1 1 0 0 0 0 1 1 0 0 0|0 1 0 1 0 1 0 1 1 0 1 0 0|0 1 1 0 0 0 0 0 1 0 0 0 0|1 0 0 0 0 0 0 0 1 0 1 1 1|0 0 1 0 0 0 1 1 0 0 1 0 0|1 0 0 0 0 1 0 1 1 0 1 1 0|0 0 1 0 0 1 1 0 1 1 0 0 0|0 1 1 1 1 0 1 1 0 1 1 1 0|0 1 0 0 0 0 0 1 1 0 0 0 0|1 0 1 0 1 1 1 0 1 0 0 0 0|1 0 0 0 1 0 1 0 1 0 0 0 1|1 0 0 0 1 0 0 0 0 0 0 1 0","0 0 1 0 1 1 1 0 1 1 1 1 1|0 0 1 1 0 0 0 1 1 1 1 1 0|1 1 0 1 1 1 1 1 1 0 1 1 1|0 1 1 0 0 0 0 1 1 0 1 0 1|1 0 1 0 0 0 1 0 1 1 1 1 1|1 0 1 0 0 0 1 1 1 0 1 1 0|1 0 1 0 1 1 0 1 1 0 1 1 1|0 1 1 1 0 1 1 0 1 1 1 0 0|1 1 1 1 1 1 1 1 0 1 1 1 1|1 1 0 0 1 0 0 1 1 0 0 0 1|1 1 1 1 1 1 1 1 1 0 0 1 1|1 1 1 0 1 1 1 0 1 0 1 0 1|1 0 1 1 1 0 1 0 1 1 1 1 0"
52,"ID6-13.63.1:",13,2,3006,"1, 2, 3, 5, 6, 9, 10, 11, 12, 13","1->5, 2->12, 3->6, 4->4, 5->3, 6->9, 7->7, 8->8, 9->10, 10->13, 11->1, 12->11, 13->2","1-3, 1-6, 1-9, 1-10, 1-13, 2-4, 2-8, 2-9, 2-11, 2-12, 3-5, 3-6, 3-7, 3-12, 3-13, 4-8, 4-9, 4-11, 4-13, 5-7, 5-10, 5-13, 6-9, 6-12, 7-13, 8-11, 9-12, 9-13, 10-13, 11-12, 11-13, 12-13","1-2, 1-4, 1-8, 1-11, 1-12, 2-3, 2-4, 2-5, 2-6, 2-7, 2-10, 2-11, 2-13, 3-6, 3-7, 3-13, 4-8, 4-10, 4-12, 5-6, 5-9, 5-10, 5-13, 6-7, 6-9, 6-11, 8-12, 9-10, 9-11, 10-11, 10-12, 11-12","1-2, 1-3, 1-4, 1-6, 1-8, 1-9, 1-10, 1-11, 1-12, 1-13, 2-3, 2-4, 2-5, 2-6, 2-7, 2-8, 2-9, 2-10, 2-11, 2-12, 2-13, 3-5, 3-6, 3-7, 3-12, 3-13, 4-8, 4-9, 4-10, 4-11, 4-12, 4-13, 5-6, 5-7, 5-9, 5-10, 5-13, 6-7, 6-9, 6-11, 6-12, 7-13, 8-11, 8-12, 9-10, 9-11, 9-12, 9-13, 10-11, 10-12, 10-13, 11-12, 11-13, 12-13",4,4,8,"0 0 1 0 0 1 0 0 1 1 0 0 1|0 0 0 1 0 0 0 1 1 0 1 1 0|1 0 0 0 1 1 1 0 0 0 0 1 1|0 1 0 0 0 0 0 1 1 0 1 0 1|0 0 1 0 0 0 1 0 0 1 0 0 1|1 0 1 0 0 0 0 0 1 0 0 1 0|0 0 1 0 1 0 0 0 0 0 0 0 1|0 1 0 1 0 0 0 0 0 0 1 0 0|1 1 0 1 0 1 0 0 0 0 0 1 1|1 0 0 0 1 0 0 0 0 0 0 0 1|0 1 0 1 0 0 0 1 0 0 0 1 1|0 1 1 0 0 1 0 0 1 0 1 0 1|1 0 1 1 1 0 1 0 1 1 1 1 0","0 1 0 1 0 0 0 1 0 0 1 1 0|1 0 1 1 1 1 1 0 0 1 1 0 1|0 1 0 0 0 1 1 0 0 0 0 0 1|1 1 0 0 0 0 0 1 0 1 0 1 0|0 1 0 0 0 1 0 0 1 1 0 0 1|0 1 1 0 1 0 1 0 1 0 1 0 0|0 1 1 0 0 1 0 0 0 0 0 0 0|1 0 0 1 0 0 0 0 0 0 0 1 0|0 0 0 0 1 1 0 0 0 1 1 0 0|0 1 0 1 1 0 0 0 1 0 1 1 0|1 1 0 0 0 1 0 0 1 1 0 1 0|1 0 0 1 0 0 0 1 0 1 1 0 0|0 1 1 0 1 0 0 0 0 0 0 0 0","0 1 1 1 0 1 0 1 1 1 1 1 1|1 0 1 1 1 1 1 1 1 1 1 1 1|1 1 0 0 1 1 1 0 0 0 0 1 1|1 1 0 0 0 0 0 1 1 1 1 1 1|0 1 1 0 0 1 1 0 1 1 0 0 1|1 1 1 0 1 0 1 0 1 0 1 1 0|0 1 1 0 1 1 0 0 0 0 0 0 1|1 1 0 1 0 0 0 0 0 0 1 1 0|1 1 0 1 1 1 0 0 0 1 1 1 1|1 1 0 1 1 0 0 0 1 0 1 1 1|1 1 0 1 0 1 0 1 1 1 0 1 1|1 1 1 1 0 1 0 1 1 1 1 0 1|1 1 1 1 1 0 1 0 1 1 1 1 0"
53,"ID6-13.63.1:",13,3,14664,"2, 3, 4, 6, 7, 9, 10, 11, 12, 13","1->1, 2->4, 3->13, 4->9, 5->5, 6->2, 7->10, 8->8, 9->3, 10->7, 11->12, 12->6, 13->11","1-3, 1-6, 1-9, 1-10, 1-13, 2-4, 2-8, 2-9, 2-11, 2-12, 3-5, 3-6, 3-7, 3-12, 3-13, 4-8, 4-9, 4-11, 4-13, 5-7, 5-10, 5-13, 6-9, 6-12, 7-13, 8-11, 9-12, 9-13, 10-13, 11-12, 11-13, 12-13","1-2, 1-3, 1-7, 1-11, 1-13, 2-3, 2-6, 2-13, 3-4, 3-6, 3-9, 3-11, 4-6, 4-8, 4-9, 4-12, 5-7, 5-10, 5-11, 5-13, 6-11, 6-12, 6-13, 7-11, 8-9, 8-12, 9-11, 9-12, 10-11, 10-13, 11-12, 11-13","1-2, 1-3, 1-6, 1-7, 1-9, 1-10, 1-11, 1-13, 2-3, 2-4, 2-6, 2-8, 2-9, 2-11, 2-12, 2-13, 3-4, 3-5, 3-6, 3-7, 3-9, 3-11, 3-12, 3-13, 4-6, 4-8, 4-9, 4-11, 4-12, 4-13, 5-7, 5-10, 5-11, 5-13, 6-9, 6-11, 6-12, 6-13, 7-11, 7-13, 8-9, 8-11, 8-12, 9-11, 9-12, 9-13, 10-11, 10-13, 11-12, 11-13, 12-13",4,4,8,"0 0 1 0 0 1 0 0 1 1 0 0 1|0 0 0 1 0 0 0 1 1 0 1 1 0|1 0 0 0 1 1 1 0 0 0 0 1 1|0 1 0 0 0 0 0 1 1 0 1 0 1|0 0 1 0 0 0 1 0 0 1 0 0 1|1 0 1 0 0 0 0 0 1 0 0 1 0|0 0 1 0 1 0 0 0 0 0 0 0 1|0 1 0 1 0 0 0 0 0 0 1 0 0|1 1 0 1 0 1 0 0 0 0 0 1 1|1 0 0 0 1 0 0 0 0 0 0 0 1|0 1 0 1 0 0 0 1 0 0 0 1 1|0 1 1 0 0 1 0 0 1 0 1 0 1|1 0 1 1 1 0 1 0 1 1 1 1 0","0 1 1 0 0 0 1 0 0 0 1 0 1|1 0 1 0 0 1 0 0 0 0 0 0 1|1 1 0 1 0 1 0 0 1 0 1 0 0|0 0 1 0 0 1 0 1 1 0 0 1 0|0 0 0 0 0 0 1 0 0 1 1 0 1|0 1 1 1 0 0 0 0 0 0 1 1 1|1 0 0 0 1 0 0 0 0 0 1 0 0|0 0 0 1 0 0 0 0 1 0 0 1 0|0 0 1 1 0 0 0 1 0 0 1 1 0|0 0 0 0 1 0 0 0 0 0 1 0 1|1 0 1 0 1 1 1 0 1 1 0 1 1|0 0 0 1 0 1 0 1 1 0 1 0 0|1 1 0 0 1 1 0 0 0 1 1 0 0","0 1 1 0 0 1 1 0 1 1 1 0 1|1 0 1 1 0 1 0 1 1 0 1 1 1|1 1 0 1 1 1 1 0 1 0 1 1 1|0 1 1 0 0 1 0 1 1 0 1 1 1|0 0 1 0 0 0 1 0 0 1 1 0 1|1 1 1 1 0 0 0 0 1 0 1 1 1|1 0 1 0 1 0 0 0 0 0 1 0 1|0 1 0 1 0 0 0 0 1 0 1 1 0|1 1 1 1 0 1 0 1 0 0 1 1 1|1 0 0 0 1 0 0 0 0 0 1 0 1|1 1 1 1 1 1 1 1 1 1 0 1 1|0 1 1 1 0 1 0 1 1 0 1 0 1|1 1 1 1 1 1 1 0 1 1 1 1 0"
54,"ID6-13.63.1:",13,4,16403,"2, 4, 6, 7, 8, 9, 10, 11, 12, 13","1->1, 2->13, 3->3, 4->2, 5->5, 6->9, 7->8, 8->7, 9->12, 10->11, 11->6, 12->10, 13->4","1-3, 1-6, 1-9, 1-10, 1-13, 2-4, 2-8, 2-9, 2-11, 2-12, 3-5, 3-6, 3-7, 3-12, 3-13, 4-8, 4-9, 4-11, 4-13, 5-7, 5-10, 5-13, 6-9, 6-12, 7-13, 8-11, 9-12, 9-13, 10-13, 11-12, 11-13, 12-13","1-3, 1-4, 1-9, 1-11, 1-12, 2-4, 2-6, 2-7, 2-12, 2-13, 3-4, 3-5, 3-8, 3-9, 3-10, 4-5, 4-6, 4-8, 4-10, 4-11, 4-12, 5-8, 5-11, 6-7, 6-10, 6-13, 7-13, 9-10, 9-12, 10-12, 10-13, 12-13","1-3, 1-4, 1-6, 1-9, 1-10, 1-11, 1-12, 1-13, 2-4, 2-6, 2-7, 2-8, 2-9, 2-11, 2-12, 2-13, 3-4, 3-5, 3-6, 3-7, 3-8, 3-9, 3-10, 3-12, 3-13, 4-5, 4-6, 4-8, 4-9, 4-10, 4-11, 4-12, 4-13, 5-7, 5-8, 5-10, 5-11, 5-13, 6-7, 6-9, 6-10, 6-12, 6-13, 7-13, 8-11, 9-10, 9-12, 9-13, 10-12, 10-13, 11-12, 11-13, 12-13",4,4,8,"0 0 1 0 0 1 0 0 1 1 0 0 1|0 0 0 1 0 0 0 1 1 0 1 1 0|1 0 0 0 1 1 1 0 0 0 0 1 1|0 1 0 0 0 0 0 1 1 0 1 0 1|0 0 1 0 0 0 1 0 0 1 0 0 1|1 0 1 0 0 0 0 0 1 0 0 1 0|0 0 1 0 1 0 0 0 0 0 0 0 1|0 1 0 1 0 0 0 0 0 0 1 0 0|1 1 0 1 0 1 0 0 0 0 0 1 1|1 0 0 0 1 0 0 0 0 0 0 0 1|0 1 0 1 0 0 0 1 0 0 0 1 1|0 1 1 0 0 1 0 0 1 0 1 0 1|1 0 1 1 1 0 1 0 1 1 1 1 0","0 0 1 1 0 0 0 0 1 0 1 1 0|0 0 0 1 0 1 1 0 0 0 0 1 1|1 0 0 1 1 0 0 1 1 1 0 0 0|1 1 1 0 1 1 0 1 0 1 1 1 0|0 0 1 1 0 0 0 1 0 0 1 0 0|0 1 0 1 0 0 1 0 0 1 0 0 1|0 1 0 0 0 1 0 0 0 0 0 0 1|0 0 1 1 1 0 0 0 0 0 0 0 0|1 0 1 0 0 0 0 0 0 1 0 1 0|0 0 1 1 0 1 0 0 1 0 0 1 1|1 0 0 1 1 0 0 0 0 0 0 0 0|1 1 0 1 0 0 0 0 1 1 0 0 1|0 1 0 0 0 1 1 0 0 1 0 1 0","0 0 1 1 0 1 0 0 1 1 1 1 1|0 0 0 1 0 1 1 1 1 0 1 1 1|1 0 0 1 1 1 1 1 1 1 0 1 1|1 1 1 0 1 1 0 1 1 1 1 1 1|0 0 1 1 0 0 1 1 0 1 1 0 1|1 1 1 1 0 0 1 0 1 1 0 1 1|0 1 1 0 1 1 0 0 0 0 0 0 1|0 1 1 1 1 0 0 0 0 0 1 0 0|1 1 1 1 0 1 0 0 0 1 0 1 1|1 0 1 1 1 1 0 0 1 0 0 1 1|1 1 0 1 1 0 0 1 0 0 0 1 1|1 1 1 1 0 1 0 0 1 1 1 0 1|1 1 1 1 1 1 1 0 1 1 1 1 0"
55,"ID6-13.63.1:",13,5,17749,"2, 3, 5, 6, 7, 9, 10, 11, 12, 13","1->1, 2->7, 3->5, 4->4, 5->9, 6->12, 7->10, 8->8, 9->2, 10->3, 11->13, 12->6, 13->11","1-3, 1-6, 1-9, 1-10, 1-13, 2-4, 2-8, 2-9, 2-11, 2-12, 3-5, 3-6, 3-7, 3-12, 3-13, 4-8, 4-9, 4-11, 4-13, 5-7, 5-10, 5-13, 6-9, 6-12, 7-13, 8-11, 9-12, 9-13, 10-13, 11-12, 11-13, 12-13","1-2, 1-3, 1-5, 1-11, 1-12, 2-4, 2-6, 2-7, 2-11, 2-12, 3-9, 3-11, 4-7, 4-8, 4-11, 4-13, 5-6, 5-9, 5-10, 5-11, 5-12, 6-7, 6-11, 6-12, 6-13, 7-8, 7-13, 8-13, 9-10, 9-11, 10-11, 11-13","1-2, 1-3, 1-5, 1-6, 1-9, 1-10, 1-11, 1-12, 1-13, 2-4, 2-6, 2-7, 2-8, 2-9, 2-11, 2-12, 3-5, 3-6, 3-7, 3-9, 3-11, 3-12, 3-13, 4-7, 4-8, 4-9, 4-11, 4-13, 5-6, 5-7, 5-9, 5-10, 5-11, 5-12, 5-13, 6-7, 6-9, 6-11, 6-12, 6-13, 7-8, 7-13, 8-11, 8-13, 9-10, 9-11, 9-12, 9-13, 10-11, 10-13, 11-12, 11-13, 12-13",4,4,8,"0 0 1 0 0 1 0 0 1 1 0 0 1|0 0 0 1 0 0 0 1 1 0 1 1 0|1 0 0 0 1 1 1 0 0 0 0 1 1|0 1 0 0 0 0 0 1 1 0 1 0 1|0 0 1 0 0 0 1 0 0 1 0 0 1|1 0 1 0 0 0 0 0 1 0 0 1 0|0 0 1 0 1 0 0 0 0 0 0 0 1|0 1 0 1 0 0 0 0 0 0 1 0 0|1 1 0 1 0 1 0 0 0 0 0 1 1|1 0 0 0 1 0 0 0 0 0 0 0 1|0 1 0 1 0 0 0 1 0 0 0 1 1|0 1 1 0 0 1 0 0 1 0 1 0 1|1 0 1 1 1 0 1 0 1 1 1 1 0","0 1 1 0 1 0 0 0 0 0 1 1 0|1 0 0 1 0 1 1 0 0 0 1 1 0|1 0 0 0 0 0 0 0 1 0 1 0 0|0 1 0 0 0 0 1 1 0 0 1 0 1|1 0 0 0 0 1 0 0 1 1 1 1 0|0 1 0 0 1 0 1 0 0 0 1 1 1|0 1 0 1 0 1 0 1 0 0 0 0 1|0 0 0 1 0 0 1 0 0 0 0 0 1|0 0 1 0 1 0 0 0 0 1 1 0 0|0 0 0 0 1 0 0 0 1 0 1 0 0|1 1 1 1 1 1 0 0 1 1 0 0 1|1 1 0 0 1 1 0 0 0 0 0 0 0|0 0 0 1 0 1 1 1 0 0 1 0 0","0 1 1 0 1 1 0 0 1 1 1 1 1|1 0 0 1 0 1 1 1 1 0 1 1 0|1 0 0 0 1 1 1 0 1 0 1 1 1|0 1 0 0 0 0 1 1 1 0 1 0 1|1 0 1 0 0 1 1 0 1 1 1 1 1|1 1 1 0 1 0 1 0 1 0 1 1 1|0 1 1 1 1 1 0 1 0 0 0 0 1|0 1 0 1 0 0 1 0 0 0 1 0 1|1 1 1 1 1 1 0 0 0 1 1 1 1|1 0 0 0 1 0 0 0 1 0 1 0 1|1 1 1 1 1 1 0 1 1 1 0 1 1|1 1 1 0 1 1 0 0 1 0 1 0 1|1 0 1 1 1 1 1 1 1 1 1 1 0"
56,"ID6-13.63.1:",13,6,22598,"1, 2, 3, 4, 6, 9, 10, 11, 12, 13","1->2, 2->12, 3->11, 4->1, 5->5, 6->3, 7->7, 8->8, 9->4, 10->13, 11->10, 12->9, 13->6","1-3, 1-6, 1-9, 1-10, 1-13, 2-4, 2-8, 2-9, 2-11, 2-12, 3-5, 3-6, 3-7, 3-12, 3-13, 4-8, 4-9, 4-11, 4-13, 5-7, 5-10, 5-13, 6-9, 6-12, 7-13, 8-11, 9-12, 9-13, 10-13, 11-12, 11-13, 12-13","1-4, 1-6, 1-8, 1-10, 1-12, 2-3, 2-4, 2-6, 2-11, 2-13, 3-4, 3-9, 3-11, 4-6, 4-9, 4-12, 5-6, 5-7, 5-11, 5-13, 6-7, 6-9, 6-10, 6-11, 6-13, 7-11, 8-10, 8-12, 9-10, 9-11, 9-12, 10-12","1-3, 1-4, 1-6, 1-8, 1-9, 1-10, 1-12, 1-13, 2-3, 2-4, 2-6, 2-8, 2-9, 2-11, 2-12, 2-13, 3-4, 3-5, 3-6, 3-7, 3-9, 3-11, 3-12, 3-13, 4-6, 4-8, 4-9, 4-11, 4-12, 4-13, 5-6, 5-7, 5-10, 5-11, 5-13, 6-7, 6-9, 6-10, 6-11, 6-12, 6-13, 7-11, 7-13, 8-10, 8-11, 8-12, 9-10, 9-11, 9-12, 9-13, 10-12, 10-13, 11-12, 11-13, 12-13",4,4,8,"0 0 1 0 0 1 0 0 1 1 0 0 1|0 0 0 1 0 0 0 1 1 0 1 1 0|1 0 0 0 1 1 1 0 0 0 0 1 1|0 1 0 0 0 0 0 1 1 0 1 0 1|0 0 1 0 0 0 1 0 0 1 0 0 1|1 0 1 0 0 0 0 0 1 0 0 1 0|0 0 1 0 1 0 0 0 0 0 0 0 1|0 1 0 1 0 0 0 0 0 0 1 0 0|1 1 0 1 0 1 0 0 0 0 0 1 1|1 0 0 0 1 0 0 0 0 0 0 0 1|0 1 0 1 0 0 0 1 0 0 0 1 1|0 1 1 0 0 1 0 0 1 0 1 0 1|1 0 1 1 1 0 1 0 1 1 1 1 0","0 0 0 1 0 1 0 1 0 1 0 1 0|0 0 1 1 0 1 0 0 0 0 1 0 1|0 1 0 1 0 0 0 0 1 0 1 0 0|1 1 1 0 0 1 0 0 1 0 0 1 0|0 0 0 0 0 1 1 0 0 0 1 0 1|1 1 0 1 1 0 1 0 1 1 1 0 1|0 0 0 0 1 1 0 0 0 0 1 0 0|1 0 0 0 0 0 0 0 0 1 0 1 0|0 0 1 1 0 1 0 0 0 1 1 1 0|1 0 0 0 0 1 0 1 1 0 0 1 0|0 1 1 0 1 1 1 0 1 0 0 0 0|1 0 0 1 0 0 0 1 1 1 0 0 0|0 1 0 0 1 1 0 0 0 0 0 0 0","0 0 1 1 0 1 0 1 1 1 0 1 1|0 0 1 1 0 1 0 1 1 0 1 1 1|1 1 0 1 1 1 1 0 1 0 1 1 1|1 1 1 0 0 1 0 1 1 0 1 1 1|0 0 1 0 0 1 1 0 0 1 1 0 1|1 1 1 1 1 0 1 0 1 1 1 1 1|0 0 1 0 1 1 0 0 0 0 1 0 1|1 1 0 1 0 0 0 0 0 1 1 1 0|1 1 1 1 0 1 0 0 0 1 1 1 1|1 0 0 0 1 1 0 1 1 0 0 1 1|0 1 1 1 1 1 1 1 1 0 0 1 1|1 1 1 1 0 1 0 1 1 1 1 0 1|1 1 1 1 1 1 1 0 1 1 1 1 0"
57,"ID6-13.63.1:",13,7,25879,"1, 2, 4, 5, 6, 8, 9, 11, 12, 13","1->12, 2->13, 3->3, 4->8, 5->9, 6->11, 7->7, 8->4, 9->1, 10->10, 11->6, 12->2, 13->5","1-3, 1-6, 1-9, 1-10, 1-13, 2-4, 2-8, 2-9, 2-11, 2-12, 3-5, 3-6, 3-7, 3-12, 3-13, 4-8, 4-9, 4-11, 4-13, 5-7, 5-10, 5-13, 6-9, 6-12, 7-13, 8-11, 9-12, 9-13, 10-13, 11-12, 11-13, 12-13","1-2, 1-5, 1-8, 1-11, 1-12, 1-13, 2-3, 2-5, 2-6, 2-11, 2-13, 3-5, 3-7, 3-9, 3-11, 3-12, 4-6, 4-8, 4-13, 5-6, 5-7, 5-8, 5-9, 5-10, 5-12, 6-8, 6-13, 7-9, 8-13, 9-10, 10-12, 11-12","1-2, 1-3, 1-5, 1-6, 1-8, 1-9, 1-10, 1-11, 1-12, 1-13, 2-3, 2-4, 2-5, 2-6, 2-8, 2-9, 2-11, 2-12, 2-13, 3-5, 3-6, 3-7, 3-9, 3-11, 3-12, 3-13, 4-6, 4-8, 4-9, 4-11, 4-13, 5-6, 5-7, 5-8, 5-9, 5-10, 5-12, 5-13, 6-8, 6-9, 6-12, 6-13, 7-9, 7-13, 8-11, 8-13, 9-10, 9-12, 9-13, 10-12, 10-13, 11-12, 11-13, 12-13",4,4,8,"0 0 1 0 0 1 0 0 1 1 0 0 1|0 0 0 1 0 0 0 1 1 0 1 1 0|1 0 0 0 1 1 1 0 0 0 0 1 1|0 1 0 0 0 0 0 1 1 0 1 0 1|0 0 1 0 0 0 1 0 0 1 0 0 1|1 0 1 0 0 0 0 0 1 0 0 1 0|0 0 1 0 1 0 0 0 0 0 0 0 1|0 1 0 1 0 0 0 0 0 0 1 0 0|1 1 0 1 0 1 0 0 0 0 0 1 1|1 0 0 0 1 0 0 0 0 0 0 0 1|0 1 0 1 0 0 0 1 0 0 0 1 1|0 1 1 0 0 1 0 0 1 0 1 0 1|1 0 1 1 1 0 1 0 1 1 1 1 0","0 1 0 0 1 0 0 1 0 0 1 1 1|1 0 1 0 1 1 0 0 0 0 1 0 1|0 1 0 0 1 0 1 0 1 0 1 1 0|0 0 0 0 0 1 0 1 0 0 0 0 1|1 1 1 0 0 1 1 1 1 1 0 1 0|0 1 0 1 1 0 0 1 0 0 0 0 1|0 0 1 0 1 0 0 0 1 0 0 0 0|1 0 0 1 1 1 0 0 0 0 0 0 1|0 0 1 0 1 0 1 0 0 1 0 0 0|0 0 0 0 1 0 0 0 1 0 0 1 0|1 1 1 0 0 0 0 0 0 0 0 1 0|1 0 1 0 1 0 0 0 0 1 1 0 0|1 1 0 1 0 1 0 1 0 0 0 0 0","0 1 1 0 1 1 0 1 1 1 1 1 1|1 0 1 1 1 1 0 1 1 0 1 1 1|1 1 0 0 1 1 1 0 1 0 1 1 1|0 1 0 0 0 1 0 1 1 0 1 0 1|1 1 1 0 0 1 1 1 1 1 0 1 1|1 1 1 1 1 0 0 1 1 0 0 1 1|0 0 1 0 1 0 0 0 1 0 0 0 1|1 1 0 1 1 1 0 0 0 0 1 0 1|1 1 1 1 1 1 1 0 0 1 0 1 1|1 0 0 0 1 0 0 0 1 0 0 1 1|1 1 1 1 0 0 0 1 0 0 0 1 1|1 1 1 0 1 1 0 0 1 1 1 0 1|1 1 1 1 1 1 1 1 1 1 1 1 0"
58,"ID6-13.63.1:",13,8,34441,"1, 2, 3, 4, 7, 9, 10, 11, 12, 13","1->9, 2->12, 3->13, 4->11, 5->5, 6->6, 7->2, 8->8, 9->10, 10->7, 11->1, 12->4, 13->3","1-3, 1-6, 1-9, 1-10, 1-13, 2-4, 2-8, 2-9, 2-11, 2-12, 3-5, 3-6, 3-7, 3-12, 3-13, 4-8, 4-9, 4-11, 4-13, 5-7, 5-10, 5-13, 6-9, 6-12, 7-13, 8-11, 9-12, 9-13, 10-13, 11-12, 11-13, 12-13","1-3, 1-4, 1-8, 1-11, 1-12, 2-3, 2-5, 2-13, 3-4, 3-5, 3-7, 3-9, 3-10, 3-11, 3-13, 4-6, 4-10, 4-12, 4-13, 5-7, 5-13, 6-9, 6-10, 6-13, 7-9, 8-11, 8-12, 9-10, 9-13, 10-11, 10-12, 11-12","1-3, 1-4, 1-6, 1-8, 1-9, 1-10, 1-11, 1-12, 1-13, 2-3, 2-4, 2-5, 2-8, 2-9, 2-11, 2-12, 2-13, 3-4, 3-5, 3-6, 3-7, 3-9, 3-10, 3-11, 3-12, 3-13, 4-6, 4-8, 4-9, 4-10, 4-11, 4-12, 4-13, 5-7, 5-10, 5-13, 6-9, 6-10, 6-12, 6-13, 7-9, 7-13, 8-11, 8-12, 9-10, 9-12, 9-13, 10-11, 10-12, 10-13, 11-12, 11-13, 12-13",4,4,8,"0 0 1 0 0 1 0 0 1 1 0 0 1|0 0 0 1 0 0 0 1 1 0 1 1 0|1 0 0 0 1 1 1 0 0 0 0 1 1|0 1 0 0 0 0 0 1 1 0 1 0 1|0 0 1 0 0 0 1 0 0 1 0 0 1|1 0 1 0 0 0 0 0 1 0 0 1 0|0 0 1 0 1 0 0 0 0 0 0 0 1|0 1 0 1 0 0 0 0 0 0 1 0 0|1 1 0 1 0 1 0 0 0 0 0 1 1|1 0 0 0 1 0 0 0 0 0 0 0 1|0 1 0 1 0 0 0 1 0 0 0 1 1|0 1 1 0 0 1 0 0 1 0 1 0 1|1 0 1 1 1 0 1 0 1 1 1 1 0","0 0 1 1 0 0 0 1 0 0 1 1 0|0 0 1 0 1 0 0 0 0 0 0 0 1|1 1 0 1 1 0 1 0 1 1 1 0 1|1 0 1 0 0 1 0 0 0 1 0 1 1|0 1 1 0 0 0 1 0 0 0 0 0 1|0 0 0 1 0 0 0 0 1 1 0 0 1|0 0 1 0 1 0 0 0 1 0 0 0 0|1 0 0 0 0 0 0 0 0 0 1 1 0|0 0 1 0 0 1 1 0 0 1 0 0 1|0 0 1 1 0 1 0 0 1 0 1 1 0|1 0 1 0 0 0 0 1 0 1 0 1 0|1 0 0 1 0 0 0 1 0 1 1 0 0|0 1 1 1 1 1 0 0 1 0 0 0 0","0 0 1 1 0 1 0 1 1 1 1 1 1|0 0 1 1 1 0 0 1 1 0 1 1 1|1 1 0 1 1 1 1 0 1 1 1 1 1|1 1 1 0 0 1 0 1 1 1 1 1 1|0 1 1 0 0 0 1 0 0 1 0 0 1|1 0 1 1 0 0 0 0 1 1 0 1 1|0 0 1 0 1 0 0 0 1 0 0 0 1|1 1 0 1 0 0 0 0 0 0 1 1 0|1 1 1 1 0 1 1 0 0 1 0 1 1|1 0 1 1 1 1 0 0 1 0 1 1 1|1 1 1 1 0 0 0 1 0 1 0 1 1|1 1 1 1 0 1 0 1 1 1 1 0 1|1 1 1 1 1 1 1 0 1 1 1 1 0"
59,"ID6-13.63.1:",13,9,44596,"2, 3, 4, 5, 6, 7, 8, 9, 12, 13","1->1, 2->13, 3->5, 4->3, 5->8, 6->7, 7->12, 8->9, 9->2, 10->10, 11->11, 12->6, 13->4","1-3, 1-6, 1-9, 1-10, 1-13, 2-4, 2-8, 2-9, 2-11, 2-12, 3-5, 3-6, 3-7, 3-12, 3-13, 4-8, 4-9, 4-11, 4-13, 5-7, 5-10, 5-13, 6-9, 6-12, 7-13, 8-11, 9-12, 9-13, 10-13, 11-12, 11-13, 12-13","1-2, 1-4, 1-5, 1-7, 1-10, 2-3, 2-4, 2-6, 2-7, 2-13, 3-4, 3-9, 3-11, 3-13, 4-5, 4-6, 4-8, 4-10, 4-11, 4-12, 5-6, 5-7, 5-8, 5-12, 6-7, 6-11, 6-13, 8-10, 8-12, 9-11, 9-13, 11-13","1-2, 1-3, 1-4, 1-5, 1-6, 1-7, 1-9, 1-10, 1-13, 2-3, 2-4, 2-6, 2-7, 2-8, 2-9, 2-11, 2-12, 2-13, 3-4, 3-5, 3-6, 3-7, 3-9, 3-11, 3-12, 3-13, 4-5, 4-6, 4-8, 4-9, 4-10, 4-11, 4-12, 4-13, 5-6, 5-7, 5-8, 5-10, 5-12, 5-13, 6-7, 6-9, 6-11, 6-12, 6-13, 7-13, 8-10, 8-11, 8-12, 9-11, 9-12, 9-13, 10-13, 11-12, 11-13, 12-13",4,4,8,"0 0 1 0 0 1 0 0 1 1 0 0 1|0 0 0 1 0 0 0 1 1 0 1 1 0|1 0 0 0 1 1 1 0 0 0 0 1 1|0 1 0 0 0 0 0 1 1 0 1 0 1|0 0 1 0 0 0 1 0 0 1 0 0 1|1 0 1 0 0 0 0 0 1 0 0 1 0|0 0 1 0 1 0 0 0 0 0 0 0 1|0 1 0 1 0 0 0 0 0 0 1 0 0|1 1 0 1 0 1 0 0 0 0 0 1 1|1 0 0 0 1 0 0 0 0 0 0 0 1|0 1 0 1 0 0 0 1 0 0 0 1 1|0 1 1 0 0 1 0 0 1 0 1 0 1|1 0 1 1 1 0 1 0 1 1 1 1 0","0 1 0 1 1 0 1 0 0 1 0 0 0|1 0 1 1 0 1 1 0 0 0 0 0 1|0 1 0 1 0 0 0 0 1 0 1 0 1|1 1 1 0 1 1 0 1 0 1 1 1 0|1 0 0 1 0 1 1 1 0 0 0 1 0|0 1 0 1 1 0 1 0 0 0 1 0 1|1 1 0 0 1 1 0 0 0 0 0 0 0|0 0 0 1 1 0 0 0 0 1 0 1 0|0 0 1 0 0 0 0 0 0 0 1 0 1|1 0 0 1 0 0 0 1 0 0 0 0 0|0 0 1 1 0 1 0 0 1 0 0 0 1|0 0 0 1 1 0 0 1 0 0 0 0 0|0 1 1 0 0 1 0 0 1 0 1 0 0","0 1 1 1 1 1 1 0 1 1 0 0 1|1 0 1 1 0 1 1 1 1 0 1 1 1|1 1 0 1 1 1 1 0 1 0 1 1 1|1 1 1 0 1 1 0 1 1 1 1 1 1|1 0 1 1 0 1 1 1 0 1 0 1 1|1 1 1 1 1 0 1 0 1 0 1 1 1|1 1 1 0 1 1 0 0 0 0 0 0 1|0 1 0 1 1 0 0 0 0 1 1 1 0|1 1 1 1 0 1 0 0 0 0 1 1 1|1 0 0 1 1 0 0 1 0 0 0 0 1|0 1 1 1 0 1 0 1 1 0 0 1 1|0 1 1 1 1 1 0 1 1 0 1 0 1|1 1 1 1 1 1 1 0 1 1 1 1 0"
60,"ID6-13.63.1:",13,10,60535,"1, 3, 4, 5, 6, 8, 10, 11, 12, 13","1->10, 2->2, 3->4, 4->1, 5->12, 6->11, 7->7, 8->6, 9->9, 10->5, 11->13, 12->3, 13->8","1-3, 1-6, 1-9, 1-10, 1-13, 2-4, 2-8, 2-9, 2-11, 2-12, 3-5, 3-6, 3-7, 3-12, 3-13, 4-8, 4-9, 4-11, 4-13, 5-7, 5-10, 5-13, 6-9, 6-12, 7-13, 8-11, 9-12, 9-13, 10-13, 11-12, 11-13, 12-13","1-2, 1-6, 1-8, 1-9, 1-13, 2-3, 2-6, 2-9, 2-13, 3-4, 3-8, 3-9, 3-11, 3-13, 4-7, 4-8, 4-10, 4-11, 4-12, 5-8, 5-10, 5-12, 6-13, 7-8, 7-12, 8-9, 8-10, 8-12, 8-13, 9-10, 9-11, 10-11","1-2, 1-3, 1-6, 1-8, 1-9, 1-10, 1-13, 2-3, 2-4, 2-6, 2-8, 2-9, 2-11, 2-12, 2-13, 3-4, 3-5, 3-6, 3-7, 3-8, 3-9, 3-11, 3-12, 3-13, 4-7, 4-8, 4-9, 4-10, 4-11, 4-12, 4-13, 5-7, 5-8, 5-10, 5-12, 5-13, 6-9, 6-12, 6-13, 7-8, 7-12, 7-13, 8-9, 8-10, 8-11, 8-12, 8-13, 9-10, 9-11, 9-12, 9-13, 10-11, 10-13, 11-12, 11-13, 12-13",4,4,8,"0 0 1 0 0 1 0 0 1 1 0 0 1|0 0 0 1 0 0 0 1 1 0 1 1 0|1 0 0 0 1 1 1 0 0 0 0 1 1|0 1 0 0 0 0 0 1 1 0 1 0 1|0 0 1 0 0 0 1 0 0 1 0 0 1|1 0 1 0 0 0 0 0 1 0 0 1 0|0 0 1 0 1 0 0 0 0 0 0 0 1|0 1 0 1 0 0 0 0 0 0 1 0 0|1 1 0 1 0 1 0 0 0 0 0 1 1|1 0 0 0 1 0 0 0 0 0 0 0 1|0 1 0 1 0 0 0 1 0 0 0 1 1|0 1 1 0 0 1 0 0 1 0 1 0 1|1 0 1 1 1 0 1 0 1 1 1 1 0","0 1 0 0 0 1 0 1 1 0 0 0 1|1 0 1 0 0 1 0 0 1 0 0 0 1|0 1 0 1 0 0 0 1 1 0 1 0 1|0 0 1 0 0 0 1 1 0 1 1 1 0|0 0 0 0 0 0 0 1 0 1 0 1 0|1 1 0 0 0 0 0 0 0 0 0 0 1|0 0 0 1 0 0 0 1 0 0 0 1 0|1 0 1 1 1 0 1 0 1 1 0 1 1|1 1 1 0 0 0 0 1 0 1 1 0 0|0 0 0 1 1 0 0 1 1 0 1 0 0|0 0 1 1 0 0 0 0 1 1 0 0 0|0 0 0 1 1 0 1 1 0 0 0 0 0|1 1 1 0 0 1 0 1 0 0 0 0 0","0 1 1 0 0 1 0 1 1 1 0 0 1|1 0 1 1 0 1 0 1 1 0 1 1 1|1 1 0 1 1 1 1 1 1 0 1 1 1|0 1 1 0 0 0 1 1 1 1 1 1 1|0 0 1 0 0 0 1 1 0 1 0 1 1|1 1 1 0 0 0 0 0 1 0 0 1 1|0 0 1 1 1 0 0 1 0 0 0 1 1|1 1 1 1 1 0 1 0 1 1 1 1 1|1 1 1 1 0 1 0 1 0 1 1 1 1|1 0 0 1 1 0 0 1 1 0 1 0 1|0 1 1 1 0 0 0 1 1 1 0 1 1|0 1 1 1 1 1 1 1 1 0 1 0 1|1 1 1 1 1 1 1 1 1 1 1 1 0"
61,"ID7-13.63.2",13,1,1244,"1, 3, 4, 5, 6, 7, 8, 10, 11, 13","1->13, 2->2, 3->7, 4->10, 5->11, 6->1, 7->8, 8->5, 9->9, 10->6, 11->4, 12->12, 13->3","1-6, 1-8, 1-12, 1-13, 2-7, 2-9, 2-13, 3-7, 3-9, 3-11, 4-6, 4-11, 4-13, 5-8, 5-9, 5-10, 5-11, 6-8, 6-12, 6-13, 7-9, 7-11, 7-13, 8-10, 8-11, 8-12, 8-13, 9-10, 9-11, 9-13, 10-13, 11-13","1-3, 1-5, 1-10, 1-12, 1-13, 2-3, 2-8, 2-9, 3-4, 3-5, 3-6, 3-8, 3-9, 3-10, 3-13, 4-5, 4-7, 4-8, 4-9, 4-10, 4-11, 5-6, 5-11, 5-12, 5-13, 6-9, 6-11, 7-8, 7-9, 8-9, 9-11, 12-13","1-3, 1-5, 1-6, 1-8, 1-10, 1-12, 1-13, 2-3, 2-7, 2-8, 2-9, 2-13, 3-4, 3-5, 3-6, 3-7, 3-8, 3-9, 3-10, 3-11, 3-13, 4-5, 4-6, 4-7, 4-8, 4-9, 4-10, 4-11, 4-13, 5-6, 5-8, 5-9, 5-10, 5-11, 5-12, 5-13, 6-8, 6-9, 6-11, 6-12, 6-13, 7-8, 7-9, 7-11, 7-13, 8-9, 8-10, 8-11, 8-12, 8-13, 9-10, 9-11, 9-13, 10-13, 11-13, 12-13",4,4,8,"0 0 0 0 0 1 0 1 0 0 0 1 1|0 0 0 0 0 0 1 0 1 0 0 0 1|0 0 0 0 0 0 1 0 1 0 1 0 0|0 0 0 0 0 1 0 0 0 0 1 0 1|0 0 0 0 0 0 0 1 1 1 1 0 0|1 0 0 1 0 0 0 1 0 0 0 1 1|0 1 1 0 0 0 0 0 1 0 1 0 1|1 0 0 0 1 1 0 0 0 1 1 1 1|0 1 1 0 1 0 1 0 0 1 1 0 1|0 0 0 0 1 0 0 1 1 0 0 0 1|0 0 1 1 1 0 1 1 1 0 0 0 1|1 0 0 0 0 1 0 1 0 0 0 0 0|1 1 0 1 0 1 1 1 1 1 1 0 0","0 0 1 0 1 0 0 0 0 1 0 1 1|0 0 1 0 0 0 0 1 1 0 0 0 0|1 1 0 1 1 1 0 1 1 1 0 0 1|0 0 1 0 1 0 1 1 1 1 1 0 0|1 0 1 1 0 1 0 0 0 0 1 1 1|0 0 1 0 1 0 0 0 1 0 1 0 0|0 0 0 1 0 0 0 1 1 0 0 0 0|0 1 1 1 0 0 1 0 1 0 0 0 0|0 1 1 1 0 1 1 1 0 0 1 0 0|1 0 1 1 0 0 0 0 0 0 0 0 0|0 0 0 1 1 1 0 0 1 0 0 0 0|1 0 0 0 1 0 0 0 0 0 0 0 1|1 0 1 0 1 0 0 0 0 0 0 1 0","0 0 1 0 1 1 0 1 0 1 0 1 1|0 0 1 0 0 0 1 1 1 0 0 0 1|1 1 0 1 1 1 1 1 1 1 1 0 1|0 0 1 0 1 1 1 1 1 1 1 0 1|1 0 1 1 0 1 0 1 1 1 1 1 1|1 0 1 1 1 0 0 1 1 0 1 1 1|0 1 1 1 0 0 0 1 1 0 1 0 1|1 1 1 1 1 1 1 0 1 1 1 1 1|0 1 1 1 1 1 1 1 0 1 1 0 1|1 0 1 1 1 0 0 1 1 0 0 0 1|0 0 1 1 1 1 1 1 1 0 0 0 1|1 0 0 0 1 1 0 1 0 0 0 0 1|1 1 1 1 1 1 1 1 1 1 1 1 0"
62,"ID7-13.63.2",13,2,2366,"1, 4, 5, 6, 8, 9, 10, 11, 12, 13","1->13, 2->2, 3->3, 4->11, 5->8, 6->5, 7->7, 8->4, 9->1, 10->9, 11->10, 12->6, 13->12","1-6, 1-8, 1-12, 1-13, 2-7, 2-9, 2-13, 3-7, 3-9, 3-11, 4-6, 4-11, 4-13, 5-8, 5-9, 5-10, 5-11, 6-8, 6-12, 6-13, 7-9, 7-11, 7-13, 8-10, 8-11, 8-12, 8-13, 9-10, 9-11, 9-13, 10-13, 11-13","1-2, 1-3, 1-7, 1-8, 1-9, 1-10, 1-12, 2-7, 2-12, 3-7, 3-10, 4-5, 4-6, 4-8, 4-9, 4-10, 4-12, 4-13, 5-6, 5-11, 5-12, 5-13, 6-13, 7-10, 7-12, 8-9, 8-10, 9-12, 10-11, 10-12, 11-12, 12-13","1-2, 1-3, 1-6, 1-7, 1-8, 1-9, 1-10, 1-12, 1-13, 2-7, 2-9, 2-12, 2-13, 3-7, 3-9, 3-10, 3-11, 4-5, 4-6, 4-8, 4-9, 4-10, 4-11, 4-12, 4-13, 5-6, 5-8, 5-9, 5-10, 5-11, 5-12, 5-13, 6-8, 6-12, 6-13, 7-9, 7-10, 7-11, 7-12, 7-13, 8-9, 8-10, 8-11, 8-12, 8-13, 9-10, 9-11, 9-12, 9-13, 10-11, 10-12, 10-13, 11-12, 11-13, 12-13",4,4,8,"0 0 0 0 0 1 0 1 0 0 0 1 1|0 0 0 0 0 0 1 0 1 0 0 0 1|0 0 0 0 0 0 1 0 1 0 1 0 0|0 0 0 0 0 1 0 0 0 0 1 0 1|0 0 0 0 0 0 0 1 1 1 1 0 0|1 0 0 1 0 0 0 1 0 0 0 1 1|0 1 1 0 0 0 0 0 1 0 1 0 1|1 0 0 0 1 1 0 0 0 1 1 1 1|0 1 1 0 1 0 1 0 0 1 1 0 1|0 0 0 0 1 0 0 1 1 0 0 0 1|0 0 1 1 1 0 1 1 1 0 0 0 1|1 0 0 0 0 1 0 1 0 0 0 0 0|1 1 0 1 0 1 1 1 1 1 1 0 0","0 1 1 0 0 0 1 1 1 1 0 1 0|1 0 0 0 0 0 1 0 0 0 0 1 0|1 0 0 0 0 0 1 0 0 1 0 0 0|0 0 0 0 1 1 0 1 1 1 0 1 1|0 0 0 1 0 1 0 0 0 0 1 1 1|0 0 0 1 1 0 0 0 0 0 0 0 1|1 1 1 0 0 0 0 0 0 1 0 1 0|1 0 0 1 0 0 0 0 1 1 0 0 0|1 0 0 1 0 0 0 1 0 0 0 1 0|1 0 1 1 0 0 1 1 0 0 1 1 0|0 0 0 0 1 0 0 0 0 1 0 1 0|1 1 0 1 1 0 1 0 1 1 1 0 1|0 0 0 1 1 1 0 0 0 0 0 1 0","0 1 1 0 0 1 1 1 1 1 0 1 1|1 0 0 0 0 0 1 0 1 0 0 1 1|1 0 0 0 0 0 1 0 1 1 1 0 0|0 0 0 0 1 1 0 1 1 1 1 1 1|0 0 0 1 0 1 0 1 1 1 1 1 1|1 0 0 1 1 0 0 1 0 0 0 1 1|1 1 1 0 0 0 0 0 1 1 1 1 1|1 0 0 1 1 1 0 0 1 1 1 1 1|1 1 1 1 1 0 1 1 0 1 1 1 1|1 0 1 1 1 0 1 1 1 0 1 1 1|0 0 1 1 1 0 1 1 1 1 0 1 1|1 1 0 1 1 1 1 1 1 1 1 0 1|1 1 0 1 1 1 1 1 1 1 1 1 0"
63,"ID7-13.63.2",13,3,7612,"1, 2, 3, 5, 7, 8, 9, 10, 11, 13","1->9, 2->13, 3->7, 4->4, 5->10, 6->6, 7->5, 8->11, 9->3, 10->1, 11->2, 12->12, 13->8","1-6, 1-8, 1-12, 1-13, 2-7, 2-9, 2-13, 3-7, 3-9, 3-11, 4-6, 4-11, 4-13, 5-8, 5-9, 5-10, 5-11, 6-8, 6-12, 6-13, 7-9, 7-11, 7-13, 8-10, 8-11, 8-12, 8-13, 9-10, 9-11, 9-13, 10-13, 11-13","1-3, 1-8, 1-10, 1-11, 2-3, 2-4, 2-5, 2-7, 2-8, 2-10, 2-11, 3-5, 3-7, 3-8, 3-10, 3-13, 4-6, 4-8, 5-7, 5-8, 5-13, 6-8, 6-9, 6-11, 6-12, 8-9, 8-11, 8-13, 9-11, 9-12, 10-11, 11-12","1-3, 1-6, 1-8, 1-10, 1-11, 1-12, 1-13, 2-3, 2-4, 2-5, 2-7, 2-8, 2-9, 2-10, 2-11, 2-13, 3-5, 3-7, 3-8, 3-9, 3-10, 3-11, 3-13, 4-6, 4-8, 4-11, 4-13, 5-7, 5-8, 5-9, 5-10, 5-11, 5-13, 6-8, 6-9, 6-11, 6-12, 6-13, 7-9, 7-11, 7-13, 8-9, 8-10, 8-11, 8-12, 8-13, 9-10, 9-11, 9-12, 9-13, 10-11, 10-13, 11-12, 11-13",4,4,8,"0 0 0 0 0 1 0 1 0 0 0 1 1|0 0 0 0 0 0 1 0 1 0 0 0 1|0 0 0 0 0 0 1 0 1 0 1 0 0|0 0 0 0 0 1 0 0 0 0 1 0 1|0 0 0 0 0 0 0 1 1 1 1 0 0|1 0 0 1 0 0 0 1 0 0 0 1 1|0 1 1 0 0 0 0 0 1 0 1 0 1|1 0 0 0 1 1 0 0 0 1 1 1 1|0 1 1 0 1 0 1 0 0 1 1 0 1|0 0 0 0 1 0 0 1 1 0 0 0 1|0 0 1 1 1 0 1 1 1 0 0 0 1|1 0 0 0 0 1 0 1 0 0 0 0 0|1 1 0 1 0 1 1 1 1 1 1 0 0","0 0 1 0 0 0 0 1 0 1 1 0 0|0 0 1 1 1 0 1 1 0 1 1 0 0|1 1 0 0 1 0 1 1 0 1 0 0 1|0 1 0 0 0 1 0 1 0 0 0 0 0|0 1 1 0 0 0 1 1 0 0 0 0 1|0 0 0 1 0 0 0 1 1 0 1 1 0|0 1 1 0 1 0 0 0 0 0 0 0 0|1 1 1 1 1 1 0 0 1 0 1 0 1|0 0 0 0 0 1 0 1 0 0 1 1 0|1 1 1 0 0 0 0 0 0 0 1 0 0|1 1 0 0 0 1 0 1 1 1 0 1 0|0 0 0 0 0 1 0 0 1 0 1 0 0|0 0 1 0 1 0 0 1 0 0 0 0 0","0 0 1 0 0 1 0 1 0 1 1 1 1|0 0 1 1 1 0 1 1 1 1 1 0 1|1 1 0 0 1 0 1 1 1 1 1 0 1|0 1 0 0 0 1 0 1 0 0 1 0 1|0 1 1 0 0 0 1 1 1 1 1 0 1|1 0 0 1 0 0 0 1 1 0 1 1 1|0 1 1 0 1 0 0 0 1 0 1 0 1|1 1 1 1 1 1 0 0 1 1 1 1 1|0 1 1 0 1 1 1 1 0 1 1 1 1|1 1 1 0 1 0 0 1 1 0 1 0 1|1 1 1 1 1 1 1 1 1 1 0 1 1|1 0 0 0 0 1 0 1 1 0 1 0 0|1 1 1 1 1 1 1 1 1 1 1 0 0"
64,"ID7-13.63.2",13,4,8091,"1, 3, 4, 5, 6, 7, 8, 10, 11, 13","1->6, 2->2, 3->13, 4->3, 5->11, 6->7, 7->5, 8->10, 9->9, 10->8, 11->1, 12->12, 13->4","1-6, 1-8, 1-12, 1-13, 2-7, 2-9, 2-13, 3-7, 3-9, 3-11, 4-6, 4-11, 4-13, 5-8, 5-9, 5-10, 5-11, 6-8, 6-12, 6-13, 7-9, 7-11, 7-13, 8-10, 8-11, 8-12, 8-13, 9-10, 9-11, 9-13, 10-13, 11-13","1-3, 1-4, 1-5, 1-9, 1-10, 1-11, 1-13, 2-4, 2-5, 2-9, 3-4, 3-7, 4-5, 4-6, 4-7, 4-8, 4-9, 4-10, 5-9, 5-13, 6-7, 6-10, 6-12, 7-10, 7-12, 8-9, 8-10, 8-11, 9-11, 9-13, 10-11, 10-12","1-3, 1-4, 1-5, 1-6, 1-8, 1-9, 1-10, 1-11, 1-12, 1-13, 2-4, 2-5, 2-7, 2-9, 2-13, 3-4, 3-7, 3-9, 3-11, 4-5, 4-6, 4-7, 4-8, 4-9, 4-10, 4-11, 4-13, 5-8, 5-9, 5-10, 5-11, 5-13, 6-7, 6-8, 6-10, 6-12, 6-13, 7-9, 7-10, 7-11, 7-12, 7-13, 8-9, 8-10, 8-11, 8-12, 8-13, 9-10, 9-11, 9-13, 10-11, 10-12, 10-13, 11-13",4,4,8,"0 0 0 0 0 1 0 1 0 0 0 1 1|0 0 0 0 0 0 1 0 1 0 0 0 1|0 0 0 0 0 0 1 0 1 0 1 0 0|0 0 0 0 0 1 0 0 0 0 1 0 1|0 0 0 0 0 0 0 1 1 1 1 0 0|1 0 0 1 0 0 0 1 0 0 0 1 1|0 1 1 0 0 0 0 0 1 0 1 0 1|1 0 0 0 1 1 0 0 0 1 1 1 1|0 1 1 0 1 0 1 0 0 1 1 0 1|0 0 0 0 1 0 0 1 1 0 0 0 1|0 0 1 1 1 0 1 1 1 0 0 0 1|1 0 0 0 0 1 0 1 0 0 0 0 0|1 1 0 1 0 1 1 1 1 1 1 0 0","0 0 1 1 1 0 0 0 1 1 1 0 1|0 0 0 1 1 0 0 0 1 0 0 0 0|1 0 0 1 0 0 1 0 0 0 0 0 0|1 1 1 0 1 1 1 1 1 1 0 0 0|1 1 0 1 0 0 0 0 1 0 0 0 1|0 0 0 1 0 0 1 0 0 1 0 1 0|0 0 1 1 0 1 0 0 0 1 0 1 0|0 0 0 1 0 0 0 0 1 1 1 0 0|1 1 0 1 1 0 0 1 0 0 1 0 1|1 0 0 1 0 1 1 1 0 0 1 1 0|1 0 0 0 0 0 0 1 1 1 0 0 0|0 0 0 0 0 1 1 0 0 1 0 0 0|1 0 0 0 1 0 0 0 1 0 0 0 0","0 0 1 1 1 1 0 1 1 1 1 1 1|0 0 0 1 1 0 1 0 1 0 0 0 1|1 0 0 1 0 0 1 0 1 0 1 0 0|1 1 1 0 1 1 1 1 1 1 1 0 1|1 1 0 1 0 0 0 1 1 1 1 0 1|1 0 0 1 0 0 1 1 0 1 0 1 1|0 1 1 1 0 1 0 0 1 1 1 1 1|1 0 0 1 1 1 0 0 1 1 1 1 1|1 1 1 1 1 0 1 1 0 1 1 0 1|1 0 0 1 1 1 1 1 1 0 1 1 1|1 0 1 1 1 0 1 1 1 1 0 0 1|1 0 0 0 0 1 1 1 0 1 0 0 0|1 1 0 1 1 1 1 1 1 1 1 0 0"
65,"ID7-13.63.2",13,5,12116,"2, 3, 4, 5, 7, 8, 9, 11, 12, 13","1->1, 2->3, 3->9, 4->12, 5->2, 6->6, 7->13, 8->11, 9->4, 10->10, 11->5, 12->8, 13->7","1-6, 1-8, 1-12, 1-13, 2-7, 2-9, 2-13, 3-7, 3-9, 3-11, 4-6, 4-11, 4-13, 5-8, 5-9, 5-10, 5-11, 6-8, 6-12, 6-13, 7-9, 7-11, 7-13, 8-10, 8-11, 8-12, 8-13, 9-10, 9-11, 9-13, 10-13, 11-13","1-6, 1-7, 1-8, 1-11, 2-4, 2-5, 2-10, 2-11, 3-4, 3-7, 3-13, 4-5, 4-7, 4-9, 4-10, 4-13, 5-7, 5-9, 5-11, 5-12, 5-13, 6-7, 6-8, 6-11, 6-12, 7-10, 7-11, 7-12, 7-13, 8-11, 9-13, 10-11","1-6, 1-7, 1-8, 1-11, 1-12, 1-13, 2-4, 2-5, 2-7, 2-9, 2-10, 2-11, 2-13, 3-4, 3-7, 3-9, 3-11, 3-13, 4-5, 4-6, 4-7, 4-9, 4-10, 4-11, 4-13, 5-7, 5-8, 5-9, 5-10, 5-11, 5-12, 5-13, 6-7, 6-8, 6-11, 6-12, 6-13, 7-9, 7-10, 7-11, 7-12, 7-13, 8-10, 8-11, 8-12, 8-13, 9-10, 9-11, 9-13, 10-11, 10-13, 11-13",4,4,8,"0 0 0 0 0 1 0 1 0 0 0 1 1|0 0 0 0 0 0 1 0 1 0 0 0 1|0 0 0 0 0 0 1 0 1 0 1 0 0|0 0 0 0 0 1 0 0 0 0 1 0 1|0 0 0 0 0 0 0 1 1 1 1 0 0|1 0 0 1 0 0 0 1 0 0 0 1 1|0 1 1 0 0 0 0 0 1 0 1 0 1|1 0 0 0 1 1 0 0 0 1 1 1 1|0 1 1 0 1 0 1 0 0 1 1 0 1|0 0 0 0 1 0 0 1 1 0 0 0 1|0 0 1 1 1 0 1 1 1 0 0 0 1|1 0 0 0 0 1 0 1 0 0 0 0 0|1 1 0 1 0 1 1 1 1 1 1 0 0","0 0 0 0 0 1 1 1 0 0 1 0 0|0 0 0 1 1 0 0 0 0 1 1 0 0|0 0 0 1 0 0 1 0 0 0 0 0 1|0 1 1 0 1 0 1 0 1 1 0 0 1|0 1 0 1 0 0 1 0 1 0 1 1 1|1 0 0 0 0 0 1 1 0 0 1 1 0|1 0 1 1 1 1 0 0 0 1 1 1 1|1 0 0 0 0 1 0 0 0 0 1 0 0|0 0 0 1 1 0 0 0 0 0 0 0 1|0 1 0 1 0 0 1 0 0 0 1 0 0|1 1 0 0 1 1 1 1 0 1 0 0 0|0 0 0 0 1 1 1 0 0 0 0 0 0|0 0 1 1 1 0 1 0 1 0 0 0 0","0 0 0 0 0 1 1 1 0 0 1 1 1|0 0 0 1 1 0 1 0 1 1 1 0 1|0 0 0 1 0 0 1 0 1 0 1 0 1|0 1 1 0 1 1 1 0 1 1 1 0 1|0 1 0 1 0 0 1 1 1 1 1 1 1|1 0 0 1 0 0 1 1 0 0 1 1 1|1 1 1 1 1 1 0 0 1 1 1 1 1|1 0 0 0 1 1 0 0 0 1 1 1 1|0 1 1 1 1 0 1 0 0 1 1 0 1|0 1 0 1 1 0 1 1 1 0 1 0 1|1 1 1 1 1 1 1 1 1 1 0 0 1|1 0 0 0 1 1 1 1 0 0 0 0 0|1 1 1 1 1 1 1 1 1 1 1 0 0"
66,"ID7-13.63.2",13,6,16816,"1, 2, 3, 7, 8, 9, 10, 11, 12, 13","1->12, 2->13, 3->11, 4->4, 5->5, 6->6, 7->10, 8->9, 9->7, 10->8, 11->1, 12->2, 13->3","1-6, 1-8, 1-12, 1-13, 2-7, 2-9, 2-13, 3-7, 3-9, 3-11, 4-6, 4-11, 4-13, 5-8, 5-9, 5-10, 5-11, 6-8, 6-12, 6-13, 7-9, 7-11, 7-13, 8-10, 8-11, 8-12, 8-13, 9-10, 9-11, 9-13, 10-13, 11-13","1-3, 1-4, 1-5, 1-7, 1-9, 1-10, 1-11, 2-6, 2-9, 2-12, 3-4, 3-6, 3-7, 3-8, 3-9, 3-10, 3-12, 3-13, 4-6, 5-7, 5-8, 5-9, 6-9, 6-12, 7-8, 7-10, 7-11, 7-13, 8-9, 9-12, 10-11, 10-13","1-3, 1-4, 1-5, 1-6, 1-7, 1-8, 1-9, 1-10, 1-11, 1-12, 1-13, 2-6, 2-7, 2-9, 2-12, 2-13, 3-4, 3-6, 3-7, 3-8, 3-9, 3-10, 3-11, 3-12, 3-13, 4-6, 4-11, 4-13, 5-7, 5-8, 5-9, 5-10, 5-11, 6-8, 6-9, 6-12, 6-13, 7-8, 7-9, 7-10, 7-11, 7-13, 8-9, 8-10, 8-11, 8-12, 8-13, 9-10, 9-11, 9-12, 9-13, 10-11, 10-13, 11-13",4,4,8,"0 0 0 0 0 1 0 1 0 0 0 1 1|0 0 0 0 0 0 1 0 1 0 0 0 1|0 0 0 0 0 0 1 0 1 0 1 0 0|0 0 0 0 0 1 0 0 0 0 1 0 1|0 0 0 0 0 0 0 1 1 1 1 0 0|1 0 0 1 0 0 0 1 0 0 0 1 1|0 1 1 0 0 0 0 0 1 0 1 0 1|1 0 0 0 1 1 0 0 0 1 1 1 1|0 1 1 0 1 0 1 0 0 1 1 0 1|0 0 0 0 1 0 0 1 1 0 0 0 1|0 0 1 1 1 0 1 1 1 0 0 0 1|1 0 0 0 0 1 0 1 0 0 0 0 0|1 1 0 1 0 1 1 1 1 1 1 0 0","0 0 1 1 1 0 1 0 1 1 1 0 0|0 0 0 0 0 1 0 0 1 0 0 1 0|1 0 0 1 0 1 1 1 1 1 0 1 1|1 0 1 0 0 1 0 0 0 0 0 0 0|1 0 0 0 0 0 1 1 1 0 0 0 0|0 1 1 1 0 0 0 0 1 0 0 1 0|1 0 1 0 1 0 0 1 0 1 1 0 1|0 0 1 0 1 0 1 0 1 0 0 0 0|1 1 1 0 1 1 0 1 0 0 0 1 0|1 0 1 0 0 0 1 0 0 0 1 0 1|1 0 0 0 0 0 1 0 0 1 0 0 0|0 1 1 0 0 1 0 0 1 0 0 0 0|0 0 1 0 0 0 1 0 0 1 0 0 0","0 0 1 1 1 1 1 1 1 1 1 1 1|0 0 0 0 0 1 1 0 1 0 0 1 1|1 0 0 1 0 1 1 1 1 1 1 1 1|1 0 1 0 0 1 0 0 0 0 1 0 1|1 0 0 0 0 0 1 1 1 1 1 0 0|1 1 1 1 0 0 0 1 1 0 0 1 1|1 1 1 0 1 0 0 1 1 1 1 0 1|1 0 1 0 1 1 1 0 1 1 1 1 1|1 1 1 0 1 1 1 1 0 1 1 1 1|1 0 1 0 1 0 1 1 1 0 1 0 1|1 0 1 1 1 0 1 1 1 1 0 0 1|1 1 1 0 0 1 0 1 1 0 0 0 0|1 1 1 1 0 1 1 1 1 1 1 0 0"
67,"ID7-13.63.2",13,7,18955,"1, 2, 4, 5, 6, 7, 8, 9, 11, 13","1->4, 2->7, 3->3, 4->2, 5->1, 6->13, 7->8, 8->5, 9->11, 10->10, 11->9, 12->12, 13->6","1-6, 1-8, 1-12, 1-13, 2-7, 2-9, 2-13, 3-7, 3-9, 3-11, 4-6, 4-11, 4-13, 5-8, 5-9, 5-10, 5-11, 6-8, 6-12, 6-13, 7-9, 7-11, 7-13, 8-10, 8-11, 8-12, 8-13, 9-10, 9-11, 9-13, 10-13, 11-13","1-5, 1-9, 1-10, 1-11, 2-6, 2-9, 2-13, 3-8, 3-9, 3-11, 4-5, 4-6, 4-12, 4-13, 5-6, 5-9, 5-10, 5-12, 5-13, 6-7, 6-8, 6-9, 6-10, 6-11, 6-13, 7-8, 7-11, 8-9, 8-11, 9-11, 10-11, 12-13","1-5, 1-6, 1-8, 1-9, 1-10, 1-11, 1-12, 1-13, 2-6, 2-7, 2-9, 2-13, 3-7, 3-8, 3-9, 3-11, 4-5, 4-6, 4-11, 4-12, 4-13, 5-6, 5-8, 5-9, 5-10, 5-11, 5-12, 5-13, 6-7, 6-8, 6-9, 6-10, 6-11, 6-12, 6-13, 7-8, 7-9, 7-11, 7-13, 8-9, 8-10, 8-11, 8-12, 8-13, 9-10, 9-11, 9-13, 10-11, 10-13, 11-13, 12-13",4,4,8,"0 0 0 0 0 1 0 1 0 0 0 1 1|0 0 0 0 0 0 1 0 1 0 0 0 1|0 0 0 0 0 0 1 0 1 0 1 0 0|0 0 0 0 0 1 0 0 0 0 1 0 1|0 0 0 0 0 0 0 1 1 1 1 0 0|1 0 0 1 0 0 0 1 0 0 0 1 1|0 1 1 0 0 0 0 0 1 0 1 0 1|1 0 0 0 1 1 0 0 0 1 1 1 1|0 1 1 0 1 0 1 0 0 1 1 0 1|0 0 0 0 1 0 0 1 1 0 0 0 1|0 0 1 1 1 0 1 1 1 0 0 0 1|1 0 0 0 0 1 0 1 0 0 0 0 0|1 1 0 1 0 1 1 1 1 1 1 0 0","0 0 0 0 1 0 0 0 1 1 1 0 0|0 0 0 0 0 1 0 0 1 0 0 0 1|0 0 0 0 0 0 0 1 1 0 1 0 0|0 0 0 0 1 1 0 0 0 0 0 1 1|1 0 0 1 0 1 0 0 1 1 0 1 1|0 1 0 1 1 0 1 1 1 1 1 0 1|0 0 0 0 0 1 0 1 0 0 1 0 0|0 0 1 0 0 1 1 0 1 0 1 0 0|1 1 1 0 1 1 0 1 0 0 1 0 0|1 0 0 0 1 1 0 0 0 0 1 0 0|1 0 1 0 0 1 1 1 1 1 0 0 0|0 0 0 1 1 0 0 0 0 0 0 0 1|0 1 0 1 1 1 0 0 0 0 0 1 0","0 0 0 0 1 1 0 1 1 1 1 1 1|0 0 0 0 0 1 1 0 1 0 0 0 1|0 0 0 0 0 0 1 1 1 0 1 0 0|0 0 0 0 1 1 0 0 0 0 1 1 1|1 0 0 1 0 1 0 1 1 1 1 1 1|1 1 0 1 1 0 1 1 1 1 1 1 1|0 1 1 0 0 1 0 1 1 0 1 0 1|1 0 1 0 1 1 1 0 1 1 1 1 1|1 1 1 0 1 1 1 1 0 1 1 0 1|1 0 0 0 1 1 0 1 1 0 1 0 1|1 0 1 1 1 1 1 1 1 1 0 0 1|1 0 0 1 1 1 0 1 0 0 0 0 1|1 1 0 1 1 1 1 1 1 1 1 1 0"
68,"ID7-13.63.2",13,8,19238,"2, 3, 4, 7, 8, 9, 10, 11, 12, 13","1->1, 2->11, 3->9, 4->12, 5->5, 6->6, 7->8, 8->13, 9->2, 10->4, 11->3, 12->7, 13->10","1-6, 1-8, 1-12, 1-13, 2-7, 2-9, 2-13, 3-7, 3-9, 3-11, 4-6, 4-11, 4-13, 5-8, 5-9, 5-10, 5-11, 6-8, 6-12, 6-13, 7-9, 7-11, 7-13, 8-10, 8-11, 8-12, 8-13, 9-10, 9-11, 9-13, 10-13, 11-13","1-6, 1-7, 1-10, 1-13, 2-3, 2-4, 2-5, 2-8, 2-9, 2-10, 2-11, 3-5, 3-8, 3-9, 3-10, 3-12, 3-13, 4-5, 4-10, 4-13, 5-13, 6-7, 6-10, 6-12, 6-13, 7-13, 8-9, 8-10, 8-11, 10-11, 10-12, 10-13","1-6, 1-7, 1-8, 1-10, 1-12, 1-13, 2-3, 2-4, 2-5, 2-7, 2-8, 2-9, 2-10, 2-11, 2-13, 3-5, 3-7, 3-8, 3-9, 3-10, 3-11, 3-12, 3-13, 4-5, 4-6, 4-10, 4-11, 4-13, 5-8, 5-9, 5-10, 5-11, 5-13, 6-7, 6-8, 6-10, 6-12, 6-13, 7-9, 7-11, 7-13, 8-9, 8-10, 8-11, 8-12, 8-13, 9-10, 9-11, 9-13, 10-11, 10-12, 10-13, 11-13",4,4,8,"0 0 0 0 0 1 0 1 0 0 0 1 1|0 0 0 0 0 0 1 0 1 0 0 0 1|0 0 0 0 0 0 1 0 1 0 1 0 0|0 0 0 0 0 1 0 0 0 0 1 0 1|0 0 0 0 0 0 0 1 1 1 1 0 0|1 0 0 1 0 0 0 1 0 0 0 1 1|0 1 1 0 0 0 0 0 1 0 1 0 1|1 0 0 0 1 1 0 0 0 1 1 1 1|0 1 1 0 1 0 1 0 0 1 1 0 1|0 0 0 0 1 0 0 1 1 0 0 0 1|0 0 1 1 1 0 1 1 1 0 0 0 1|1 0 0 0 0 1 0 1 0 0 0 0 0|1 1 0 1 0 1 1 1 1 1 1 0 0","0 0 0 0 0 1 1 0 0 1 0 0 1|0 0 1 1 1 0 0 1 1 1 1 0 0|0 1 0 0 1 0 0 1 1 1 0 1 1|0 1 0 0 1 0 0 0 0 1 0 0 1|0 1 1 1 0 0 0 0 0 0 0 0 1|1 0 0 0 0 0 1 0 0 1 0 1 1|1 0 0 0 0 1 0 0 0 0 0 0 1|0 1 1 0 0 0 0 0 1 1 1 0 0|0 1 1 0 0 0 0 1 0 0 0 0 0|1 1 1 1 0 1 0 1 0 0 1 1 1|0 1 0 0 0 0 0 1 0 1 0 0 0|0 0 1 0 0 1 0 0 0 1 0 0 0|1 0 1 1 1 1 1 0 0 1 0 0 0","0 0 0 0 0 1 1 1 0 1 0 1 1|0 0 1 1 1 0 1 1 1 1 1 0 1|0 1 0 0 1 0 1 1 1 1 1 1 1|0 1 0 0 1 1 0 0 0 1 1 0 1|0 1 1 1 0 0 0 1 1 1 1 0 1|1 0 0 1 0 0 1 1 0 1 0 1 1|1 1 1 0 0 1 0 0 1 0 1 0 1|1 1 1 0 1 1 0 0 1 1 1 1 1|0 1 1 0 1 0 1 1 0 1 1 0 1|1 1 1 1 1 1 0 1 1 0 1 1 1|0 1 1 1 1 0 1 1 1 1 0 0 1|1 0 1 0 0 1 0 1 0 1 0 0 0|1 1 1 1 1 1 1 1 1 1 1 0 0"
69,"ID7-13.63.2",13,9,22366,"2, 3, 4, 5, 7, 8, 9, 11, 12, 13","1->1, 2->4, 3->13, 4->12, 5->2, 6->6, 7->9, 8->11, 9->3, 10->10, 11->5, 12->8, 13->7","1-6, 1-8, 1-12, 1-13, 2-7, 2-9, 2-13, 3-7, 3-9, 3-11, 4-6, 4-11, 4-13, 5-8, 5-9, 5-10, 5-11, 6-8, 6-12, 6-13, 7-9, 7-11, 7-13, 8-10, 8-11, 8-12, 8-13, 9-10, 9-11, 9-13, 10-13, 11-13","1-6, 1-7, 1-8, 1-11, 2-3, 2-5, 2-10, 2-11, 3-4, 3-5, 3-7, 3-9, 3-10, 3-13, 4-7, 4-9, 5-7, 5-9, 5-11, 5-12, 5-13, 6-7, 6-8, 6-11, 6-12, 7-9, 7-10, 7-11, 7-12, 8-11, 9-13, 10-11","1-6, 1-7, 1-8, 1-11, 1-12, 1-13, 2-3, 2-5, 2-7, 2-9, 2-10, 2-11, 2-13, 3-4, 3-5, 3-7, 3-9, 3-10, 3-11, 3-13, 4-6, 4-7, 4-9, 4-11, 4-13, 5-7, 5-8, 5-9, 5-10, 5-11, 5-12, 5-13, 6-7, 6-8, 6-11, 6-12, 6-13, 7-9, 7-10, 7-11, 7-12, 7-13, 8-10, 8-11, 8-12, 8-13, 9-10, 9-11, 9-13, 10-11, 10-13, 11-13",4,4,8,"0 0 0 0 0 1 0 1 0 0 0 1 1|0 0 0 0 0 0 1 0 1 0 0 0 1|0 0 0 0 0 0 1 0 1 0 1 0 0|0 0 0 0 0 1 0 0 0 0 1 0 1|0 0 0 0 0 0 0 1 1 1 1 0 0|1 0 0 1 0 0 0 1 0 0 0 1 1|0 1 1 0 0 0 0 0 1 0 1 0 1|1 0 0 0 1 1 0 0 0 1 1 1 1|0 1 1 0 1 0 1 0 0 1 1 0 1|0 0 0 0 1 0 0 1 1 0 0 0 1|0 0 1 1 1 0 1 1 1 0 0 0 1|1 0 0 0 0 1 0 1 0 0 0 0 0|1 1 0 1 0 1 1 1 1 1 1 0 0","0 0 0 0 0 1 1 1 0 0 1 0 0|0 0 1 0 1 0 0 0 0 1 1 0 0|0 1 0 1 1 0 1 0 1 1 0 0 1|0 0 1 0 0 0 1 0 1 0 0 0 0|0 1 1 0 0 0 1 0 1 0 1 1 1|1 0 0 0 0 0 1 1 0 0 1 1 0|1 0 1 1 1 1 0 0 1 1 1 1 0|1 0 0 0 0 1 0 0 0 0 1 0 0|0 0 1 1 1 0 1 0 0 0 0 0 1|0 1 1 0 0 0 1 0 0 0 1 0 0|1 1 0 0 1 1 1 1 0 1 0 0 0|0 0 0 0 1 1 1 0 0 0 0 0 0|0 0 1 0 1 0 0 0 1 0 0 0 0","0 0 0 0 0 1 1 1 0 0 1 1 1|0 0 1 0 1 0 1 0 1 1 1 0 1|0 1 0 1 1 0 1 0 1 1 1 0 1|0 0 1 0 0 1 1 0 1 0 1 0 1|0 1 1 0 0 0 1 1 1 1 1 1 1|1 0 0 1 0 0 1 1 0 0 1 1 1|1 1 1 1 1 1 0 0 1 1 1 1 1|1 0 0 0 1 1 0 0 0 1 1 1 1|0 1 1 1 1 0 1 0 0 1 1 0 1|0 1 1 0 1 0 1 1 1 0 1 0 1|1 1 1 1 1 1 1 1 1 1 0 0 1|1 0 0 0 1 1 1 1 0 0 0 0 0|1 1 1 1 1 1 1 1 1 1 1 0 0"
70,"ID7-13.63.2",13,10,22718,"1, 3, 4, 5, 7, 8, 9, 10, 11, 13","1->10, 2->2, 3->1, 4->11, 5->13, 6->6, 7->9, 8->3, 9->7, 10->5, 11->8, 12->12, 13->4","1-6, 1-8, 1-12, 1-13, 2-7, 2-9, 2-13, 3-7, 3-9, 3-11, 4-6, 4-11, 4-13, 5-8, 5-9, 5-10, 5-11, 6-8, 6-12, 6-13, 7-9, 7-11, 7-13, 8-10, 8-11, 8-12, 8-13, 9-10, 9-11, 9-13, 10-13, 11-13","1-7, 1-8, 1-9, 2-4, 2-7, 2-9, 3-4, 3-5, 3-6, 3-8, 3-10, 3-12, 3-13, 4-5, 4-6, 4-7, 4-8, 4-9, 4-10, 4-11, 5-7, 5-13, 6-10, 6-11, 6-12, 7-8, 7-9, 7-13, 8-9, 8-11, 8-13, 10-12","1-6, 1-7, 1-8, 1-9, 1-12, 1-13, 2-4, 2-7, 2-9, 2-13, 3-4, 3-5, 3-6, 3-7, 3-8, 3-9, 3-10, 3-11, 3-12, 3-13, 4-5, 4-6, 4-7, 4-8, 4-9, 4-10, 4-11, 4-13, 5-7, 5-8, 5-9, 5-10, 5-11, 5-13, 6-8, 6-10, 6-11, 6-12, 6-13, 7-8, 7-9, 7-11, 7-13, 8-9, 8-10, 8-11, 8-12, 8-13, 9-10, 9-11, 9-13, 10-12, 10-13, 11-13",4,4,8,"0 0 0 0 0 1 0 1 0 0 0 1 1|0 0 0 0 0 0 1 0 1 0 0 0 1|0 0 0 0 0 0 1 0 1 0 1 0 0|0 0 0 0 0 1 0 0 0 0 1 0 1|0 0 0 0 0 0 0 1 1 1 1 0 0|1 0 0 1 0 0 0 1 0 0 0 1 1|0 1 1 0 0 0 0 0 1 0 1 0 1|1 0 0 0 1 1 0 0 0 1 1 1 1|0 1 1 0 1 0 1 0 0 1 1 0 1|0 0 0 0 1 0 0 1 1 0 0 0 1|0 0 1 1 1 0 1 1 1 0 0 0 1|1 0 0 0 0 1 0 1 0 0 0 0 0|1 1 0 1 0 1 1 1 1 1 1 0 0","0 0 0 0 0 0 1 1 1 0 0 0 0|0 0 0 1 0 0 1 0 1 0 0 0 0|0 0 0 1 1 1 0 1 0 1 0 1 1|0 1 1 0 1 1 1 1 1 1 1 0 0|0 0 1 1 0 0 1 0 0 0 0 0 1|0 0 1 1 0 0 0 0 0 1 1 1 0|1 1 0 1 1 0 0 1 1 0 0 0 1|1 0 1 1 0 0 1 0 1 0 1 0 1|1 1 0 1 0 0 1 1 0 0 0 0 0|0 0 1 1 0 1 0 0 0 0 0 1 0|0 0 0 1 0 1 0 1 0 0 0 0 0|0 0 1 0 0 1 0 0 0 1 0 0 0|0 0 1 0 1 0 1 1 0 0 0 0 0","0 0 0 0 0 1 1 1 1 0 0 1 1|0 0 0 1 0 0 1 0 1 0 0 0 1|0 0 0 1 1 1 1 1 1 1 1 1 1|0 1 1 0 1 1 1 1 1 1 1 0 1|0 0 1 1 0 0 1 1 1 1 1 0 1|1 0 1 1 0 0 0 1 0 1 1 1 1|1 1 1 1 1 0 0 1 1 0 1 0 1|1 0 1 1 1 1 1 0 1 1 1 1 1|1 1 1 1 1 0 1 1 0 1 1 0 1|0 0 1 1 1 1 0 1 1 0 0 1 1|0 0 1 1 1 1 1 1 1 0 0 0 1|1 0 1 0 0 1 0 1 0 1 0 0 0|1 1 1 1 1 1 1 1 1 1 1 0 0"
71,"ID8-13.63.3:",13,1,4070,"1, 2, 3, 4, 7, 8, 9, 10, 11, 13","1->2, 2->13, 3->1, 4->8, 5->5, 6->6, 7->10, 8->11, 9->7, 10->9, 11->4, 12->12, 13->3","1-5, 1-11, 1-13, 2-4, 2-6, 2-10, 2-11, 2-12, 3-7, 3-9, 3-10, 3-11, 3-13, 4-7, 4-10, 5-9, 5-10, 5-11, 5-13, 6-11, 6-12, 7-10, 7-11, 8-10, 8-11, 8-12, 9-10, 9-13, 10-11, 10-12, 11-13","1-3, 1-4, 1-7, 1-9, 1-10, 2-3, 2-4, 2-5, 3-4, 3-5, 3-7, 4-5, 4-6, 4-9, 4-10, 4-11, 4-13, 5-7, 5-9, 6-12, 6-13, 7-9, 8-9, 8-10, 8-13, 9-10, 9-11, 9-12, 9-13, 11-12, 12-13","1-3, 1-4, 1-5, 1-7, 1-9, 1-10, 1-11, 1-13, 2-3, 2-4, 2-5, 2-6, 2-10, 2-11, 2-12, 3-4, 3-5, 3-7, 3-9, 3-10, 3-11, 3-13, 4-5, 4-6, 4-7, 4-9, 4-10, 4-11, 4-13, 5-7, 5-9, 5-10, 5-11, 5-13, 6-11, 6-12, 6-13, 7-9, 7-10, 7-11, 8-9, 8-10, 8-11, 8-12, 8-13, 9-10, 9-11, 9-12, 9-13, 10-11, 10-12, 11-12, 11-13, 12-13",4,4,8,"0 0 0 0 1 0 0 0 0 0 1 0 1|0 0 0 1 0 1 0 0 0 1 1 1 0|0 0 0 0 0 0 1 0 1 1 1 0 1|0 1 0 0 0 0 1 0 0 1 0 0 0|1 0 0 0 0 0 0 0 1 1 1 0 1|0 1 0 0 0 0 0 0 0 0 1 1 0|0 0 1 1 0 0 0 0 0 1 1 0 0|0 0 0 0 0 0 0 0 0 1 1 1 0|0 0 1 0 1 0 0 0 0 1 0 0 1|0 1 1 1 1 0 1 1 1 0 1 1 0|1 1 1 0 1 1 1 1 0 1 0 0 1|0 1 0 0 0 1 0 1 0 1 0 0 0|1 0 1 0 1 0 0 0 1 0 1 0 0","0 0 1 1 0 0 1 0 1 1 0 0 0|0 0 1 1 1 0 0 0 0 0 0 0 0|1 1 0 1 1 0 1 0 0 0 0 0 0|1 1 1 0 1 1 0 0 1 1 1 0 1|0 1 1 1 0 0 1 0 1 0 0 0 0|0 0 0 1 0 0 0 0 0 0 0 1 1|1 0 1 0 1 0 0 0 1 0 0 0 0|0 0 0 0 0 0 0 0 1 1 0 0 1|1 0 0 1 1 0 1 1 0 1 1 1 1|1 0 0 1 0 0 0 1 1 0 0 0 0|0 0 0 1 0 0 0 0 1 0 0 1 0|0 0 0 0 0 1 0 0 1 0 1 0 1|0 0 0 1 0 1 0 1 1 0 0 1 0","0 0 1 1 1 0 1 0 1 1 1 0 1|0 0 1 1 1 1 0 0 0 1 1 1 0|1 1 0 1 1 0 1 0 1 1 1 0 1|1 1 1 0 1 1 1 0 1 1 1 0 1|1 1 1 1 0 0 1 0 1 1 1 0 1|0 1 0 1 0 0 0 0 0 0 1 1 1|1 0 1 1 1 0 0 0 1 1 1 0 0|0 0 0 0 0 0 0 0 1 1 1 1 1|1 0 1 1 1 0 1 1 0 1 1 1 1|1 1 1 1 1 0 1 1 1 0 1 1 0|1 1 1 1 1 1 1 1 1 1 0 1 1|0 1 0 0 0 1 0 1 1 1 1 0 1|1 0 1 1 1 1 0 1 1 0 1 1 0"
72,"ID8-13.63.3:",13,2,7194,"1, 2, 4, 5, 7, 8, 9, 10, 11, 13","1->7, 2->1, 3->3, 4->8, 5->13, 6->6, 7->11, 8->9, 9->10, 10->4, 11->5, 12->12, 13->2","1-5, 1-11, 1-13, 2-4, 2-6, 2-10, 2-11, 2-12, 3-7, 3-9, 3-10, 3-11, 3-13, 4-7, 4-10, 5-9, 5-10, 5-11, 5-13, 6-11, 6-12, 7-10, 7-11, 8-10, 8-11, 8-12, 9-10, 9-13, 10-11, 10-12, 11-13","1-4, 1-5, 1-6, 1-8, 1-12, 2-3, 2-5, 2-7, 2-10, 2-13, 3-4, 3-5, 3-10, 3-11, 4-5, 4-8, 4-9, 4-10, 4-11, 4-12, 4-13, 5-6, 5-7, 5-9, 5-11, 5-13, 6-12, 7-13, 8-11, 9-12, 10-13","1-4, 1-5, 1-6, 1-8, 1-11, 1-12, 1-13, 2-3, 2-4, 2-5, 2-6, 2-7, 2-10, 2-11, 2-12, 2-13, 3-4, 3-5, 3-7, 3-9, 3-10, 3-11, 3-13, 4-5, 4-7, 4-8, 4-9, 4-10, 4-11, 4-12, 4-13, 5-6, 5-7, 5-9, 5-10, 5-11, 5-13, 6-11, 6-12, 7-10, 7-11, 7-13, 8-10, 8-11, 8-12, 9-10, 9-12, 9-13, 10-11, 10-12, 10-13, 11-13",4,4,8,"0 0 0 0 1 0 0 0 0 0 1 0 1|0 0 0 1 0 1 0 0 0 1 1 1 0|0 0 0 0 0 0 1 0 1 1 1 0 1|0 1 0 0 0 0 1 0 0 1 0 0 0|1 0 0 0 0 0 0 0 1 1 1 0 1|0 1 0 0 0 0 0 0 0 0 1 1 0|0 0 1 1 0 0 0 0 0 1 1 0 0|0 0 0 0 0 0 0 0 0 1 1 1 0|0 0 1 0 1 0 0 0 0 1 0 0 1|0 1 1 1 1 0 1 1 1 0 1 1 0|1 1 1 0 1 1 1 1 0 1 0 0 1|0 1 0 0 0 1 0 1 0 1 0 0 0|1 0 1 0 1 0 0 0 1 0 1 0 0","0 0 0 1 1 1 0 1 0 0 0 1 0|0 0 1 0 1 0 1 0 0 1 0 0 1|0 1 0 1 1 0 0 0 0 1 1 0 0|1 0 1 0 1 0 0 1 1 1 1 1 1|1 1 1 1 0 1 1 0 1 0 1 0 1|1 0 0 0 1 0 0 0 0 0 0 1 0|0 1 0 0 1 0 0 0 0 0 0 0 1|1 0 0 1 0 0 0 0 0 0 1 0 0|0 0 0 1 1 0 0 0 0 0 0 1 0|0 1 1 1 0 0 0 0 0 0 0 0 1|0 0 1 1 1 0 0 1 0 0 0 0 0|1 0 0 1 0 1 0 0 1 0 0 0 0|0 1 0 1 1 0 1 0 0 1 0 0 0","0 0 0 1 1 1 0 1 0 0 1 1 1|0 0 1 1 1 1 1 0 0 1 1 1 1|0 1 0 1 1 0 1 0 1 1 1 0 1|1 1 1 0 1 0 1 1 1 1 1 1 1|1 1 1 1 0 1 1 0 1 1 1 0 1|1 1 0 0 1 0 0 0 0 0 1 1 0|0 1 1 1 1 0 0 0 0 1 1 0 1|1 0 0 1 0 0 0 0 0 1 1 1 0|0 0 1 1 1 0 0 0 0 1 0 1 1|0 1 1 1 1 0 1 1 1 0 1 1 1|1 1 1 1 1 1 1 1 0 1 0 0 1|1 1 0 1 0 1 0 1 1 1 0 0 0|1 1 1 1 1 0 1 0 1 1 1 0 0"
73,"ID8-13.63.3:",13,3,13350,"1, 2, 4, 5, 8, 9, 10, 11, 12, 13","1->4, 2->12, 3->3, 4->8, 5->13, 6->6, 7->7, 8->9, 9->10, 10->1, 11->2, 12->11, 13->5","1-5, 1-11, 1-13, 2-4, 2-6, 2-10, 2-11, 2-12, 3-7, 3-9, 3-10, 3-11, 3-13, 4-7, 4-10, 5-9, 5-10, 5-11, 5-13, 6-11, 6-12, 7-10, 7-11, 8-10, 8-11, 8-12, 9-10, 9-13, 10-11, 10-12, 11-13","1-2, 1-3, 1-7, 1-8, 1-9, 1-10, 1-11, 1-12, 1-13, 2-3, 2-4, 2-5, 2-6, 2-7, 2-9, 2-12, 2-13, 3-5, 3-7, 3-10, 4-5, 4-13, 5-10, 5-13, 6-11, 6-12, 7-8, 8-12, 9-11, 10-13, 11-12","1-2, 1-3, 1-5, 1-7, 1-8, 1-9, 1-10, 1-11, 1-12, 1-13, 2-3, 2-4, 2-5, 2-6, 2-7, 2-9, 2-10, 2-11, 2-12, 2-13, 3-5, 3-7, 3-9, 3-10, 3-11, 3-13, 4-5, 4-7, 4-10, 4-13, 5-9, 5-10, 5-11, 5-13, 6-11, 6-12, 7-8, 7-10, 7-11, 8-10, 8-11, 8-12, 9-10, 9-11, 9-13, 10-11, 10-12, 10-13, 11-12, 11-13",4,4,8,"0 0 0 0 1 0 0 0 0 0 1 0 1|0 0 0 1 0 1 0 0 0 1 1 1 0|0 0 0 0 0 0 1 0 1 1 1 0 1|0 1 0 0 0 0 1 0 0 1 0 0 0|1 0 0 0 0 0 0 0 1 1 1 0 1|0 1 0 0 0 0 0 0 0 0 1 1 0|0 0 1 1 0 0 0 0 0 1 1 0 0|0 0 0 0 0 0 0 0 0 1 1 1 0|0 0 1 0 1 0 0 0 0 1 0 0 1|0 1 1 1 1 0 1 1 1 0 1 1 0|1 1 1 0 1 1 1 1 0 1 0 0 1|0 1 0 0 0 1 0 1 0 1 0 0 0|1 0 1 0 1 0 0 0 1 0 1 0 0","0 1 1 0 0 0 1 1 1 1 1 1 1|1 0 1 1 1 1 1 0 1 0 0 1 1|1 1 0 0 1 0 1 0 0 1 0 0 0|0 1 0 0 1 0 0 0 0 0 0 0 1|0 1 1 1 0 0 0 0 0 1 0 0 1|0 1 0 0 0 0 0 0 0 0 1 1 0|1 1 1 0 0 0 0 1 0 0 0 0 0|1 0 0 0 0 0 1 0 0 0 0 1 0|1 1 0 0 0 0 0 0 0 0 1 0 0|1 0 1 0 1 0 0 0 0 0 0 0 1|1 0 0 0 0 1 0 0 1 0 0 1 0|1 1 0 0 0 1 0 1 0 0 1 0 0|1 1 0 1 1 0 0 0 0 1 0 0 0","0 1 1 0 1 0 1 1 1 1 1 1 1|1 0 1 1 1 1 1 0 1 1 1 1 1|1 1 0 0 1 0 1 0 1 1 1 0 1|0 1 0 0 1 0 1 0 0 1 0 0 1|1 1 1 1 0 0 0 0 1 1 1 0 1|0 1 0 0 0 0 0 0 0 0 1 1 0|1 1 1 1 0 0 0 1 0 1 1 0 0|1 0 0 0 0 0 1 0 0 1 1 1 0|1 1 1 0 1 0 0 0 0 1 1 0 1|1 1 1 1 1 0 1 1 1 0 1 1 1|1 1 1 0 1 1 1 1 1 1 0 1 1|1 1 0 0 0 1 0 1 0 1 1 0 0|1 1 1 1 1 0 0 0 1 1 1 0 0"
74,"ID8-13.63.3:",13,4,16182,"1, 2, 4, 5, 6, 7, 9, 10, 11, 13","1->2, 2->13, 3->3, 4->10, 5->9, 6->7, 7->5, 8->8, 9->1, 10->6, 11->4, 12->12, 13->11","1-5, 1-11, 1-13, 2-4, 2-6, 2-10, 2-11, 2-12, 3-7, 3-9, 3-10, 3-11, 3-13, 4-7, 4-10, 5-9, 5-10, 5-11, 5-13, 6-11, 6-12, 7-10, 7-11, 8-10, 8-11, 8-12, 9-10, 9-13, 10-11, 10-12, 11-13","1-3, 1-6, 1-9, 1-11, 2-4, 2-9, 2-11, 3-4, 3-5, 3-6, 3-11, 4-5, 4-6, 4-7, 4-8, 4-9, 4-11, 4-13, 5-6, 5-10, 6-8, 6-9, 6-10, 6-12, 6-13, 7-12, 7-13, 8-12, 9-11, 10-13, 12-13","1-3, 1-5, 1-6, 1-9, 1-11, 1-13, 2-4, 2-6, 2-9, 2-10, 2-11, 2-12, 3-4, 3-5, 3-6, 3-7, 3-9, 3-10, 3-11, 3-13, 4-5, 4-6, 4-7, 4-8, 4-9, 4-10, 4-11, 4-13, 5-6, 5-9, 5-10, 5-11, 5-13, 6-8, 6-9, 6-10, 6-11, 6-12, 6-13, 7-10, 7-11, 7-12, 7-13, 8-10, 8-11, 8-12, 9-10, 9-11, 9-13, 10-11, 10-12, 10-13, 11-13, 12-13",4,4,8,"0 0 0 0 1 0 0 0 0 0 1 0 1|0 0 0 1 0 1 0 0 0 1 1 1 0|0 0 0 0 0 0 1 0 1 1 1 0 1|0 1 0 0 0 0 1 0 0 1 0 0 0|1 0 0 0 0 0 0 0 1 1 1 0 1|0 1 0 0 0 0 0 0 0 0 1 1 0|0 0 1 1 0 0 0 0 0 1 1 0 0|0 0 0 0 0 0 0 0 0 1 1 1 0|0 0 1 0 1 0 0 0 0 1 0 0 1|0 1 1 1 1 0 1 1 1 0 1 1 0|1 1 1 0 1 1 1 1 0 1 0 0 1|0 1 0 0 0 1 0 1 0 1 0 0 0|1 0 1 0 1 0 0 0 1 0 1 0 0","0 0 1 0 0 1 0 0 1 0 1 0 0|0 0 0 1 0 0 0 0 1 0 1 0 0|1 0 0 1 1 1 0 0 0 0 1 0 0|0 1 1 0 1 1 1 1 1 0 1 0 1|0 0 1 1 0 1 0 0 0 1 0 0 0|1 0 1 1 1 0 0 1 1 1 0 1 1|0 0 0 1 0 0 0 0 0 0 0 1 1|0 0 0 1 0 1 0 0 0 0 0 1 0|1 1 0 1 0 1 0 0 0 0 1 0 0|0 0 0 0 1 1 0 0 0 0 0 0 1|1 1 1 1 0 0 0 0 1 0 0 0 0|0 0 0 0 0 1 1 1 0 0 0 0 1|0 0 0 1 0 1 1 0 0 1 0 1 0","0 0 1 0 1 1 0 0 1 0 1 0 1|0 0 0 1 0 1 0 0 1 1 1 1 0|1 0 0 1 1 1 1 0 1 1 1 0 1|0 1 1 0 1 1 1 1 1 1 1 0 1|1 0 1 1 0 1 0 0 1 1 1 0 1|1 1 1 1 1 0 0 1 1 1 1 1 1|0 0 1 1 0 0 0 0 0 1 1 1 1|0 0 0 1 0 1 0 0 0 1 1 1 0|1 1 1 1 1 1 0 0 0 1 1 0 1|0 1 1 1 1 1 1 1 1 0 1 1 1|1 1 1 1 1 1 1 1 1 1 0 0 1|0 1 0 0 0 1 1 1 0 1 0 0 1|1 0 1 1 1 1 1 0 1 1 1 1 0"
75,"ID8-13.63.3:",13,5,28060,"1, 3, 4, 5, 6, 7, 10, 11, 12, 13","1->6, 2->2, 3->1, 4->5, 5->11, 6->7, 7->3, 8->8, 9->9, 10->12, 11->13, 12->4, 13->10","1-5, 1-11, 1-13, 2-4, 2-6, 2-10, 2-11, 2-12, 3-7, 3-9, 3-10, 3-11, 3-13, 4-7, 4-10, 5-9, 5-10, 5-11, 5-13, 6-11, 6-12, 7-10, 7-11, 8-10, 8-11, 8-12, 9-10, 9-13, 10-11, 10-12, 11-13","1-3, 1-9, 1-10, 1-12, 1-13, 2-4, 2-5, 2-7, 2-12, 2-13, 3-5, 3-12, 3-13, 4-7, 4-8, 4-12, 5-12, 6-10, 6-11, 6-13, 7-13, 8-12, 8-13, 9-10, 9-11, 9-12, 10-11, 10-13, 11-12, 11-13, 12-13","1-3, 1-5, 1-9, 1-10, 1-11, 1-12, 1-13, 2-4, 2-5, 2-6, 2-7, 2-10, 2-11, 2-12, 2-13, 3-5, 3-7, 3-9, 3-10, 3-11, 3-12, 3-13, 4-7, 4-8, 4-10, 4-12, 5-9, 5-10, 5-11, 5-12, 5-13, 6-10, 6-11, 6-12, 6-13, 7-10, 7-11, 7-13, 8-10, 8-11, 8-12, 8-13, 9-10, 9-11, 9-12, 9-13, 10-11, 10-12, 10-13, 11-12, 11-13, 12-13",4,4,8,"0 0 0 0 1 0 0 0 0 0 1 0 1|0 0 0 1 0 1 0 0 0 1 1 1 0|0 0 0 0 0 0 1 0 1 1 1 0 1|0 1 0 0 0 0 1 0 0 1 0 0 0|1 0 0 0 0 0 0 0 1 1 1 0 1|0 1 0 0 0 0 0 0 0 0 1 1 0|0 0 1 1 0 0 0 0 0 1 1 0 0|0 0 0 0 0 0 0 0 0 1 1 1 0|0 0 1 0 1 0 0 0 0 1 0 0 1|0 1 1 1 1 0 1 1 1 0 1 1 0|1 1 1 0 1 1 1 1 0 1 0 0 1|0 1 0 0 0 1 0 1 0 1 0 0 0|1 0 1 0 1 0 0 0 1 0 1 0 0","0 0 1 0 0 0 0 0 1 1 0 1 1|0 0 0 1 1 0 1 0 0 0 0 1 1|1 0 0 0 1 0 0 0 0 0 0 1 1|0 1 0 0 0 0 1 1 0 0 0 1 0|0 1 1 0 0 0 0 0 0 0 0 1 0|0 0 0 0 0 0 0 0 0 1 1 0 1|0 1 0 1 0 0 0 0 0 0 0 0 1|0 0 0 1 0 0 0 0 0 0 0 1 1|1 0 0 0 0 0 0 0 0 1 1 1 0|1 0 0 0 0 1 0 0 1 0 1 0 1|0 0 0 0 0 1 0 0 1 1 0 1 1|1 1 1 1 1 0 0 1 1 0 1 0 1|1 1 1 0 0 1 1 1 0 1 1 1 0","0 0 1 0 1 0 0 0 1 1 1 1 1|0 0 0 1 1 1 1 0 0 1 1 1 1|1 0 0 0 1 0 1 0 1 1 1 1 1|0 1 0 0 0 0 1 1 0 1 0 1 0|1 1 1 0 0 0 0 0 1 1 1 1 1|0 1 0 0 0 0 0 0 0 1 1 1 1|0 1 1 1 0 0 0 0 0 1 1 0 1|0 0 0 1 0 0 0 0 0 1 1 1 1|1 0 1 0 1 0 0 0 0 1 1 1 1|1 1 1 1 1 1 1 1 1 0 1 1 1|1 1 1 0 1 1 1 1 1 1 0 1 1|1 1 1 1 1 1 0 1 1 1 1 0 1|1 1 1 0 1 1 1 1 1 1 1 1 0"
76,"ID8-13.63.3:",13,6,31041,"1, 2, 5, 6, 8, 9, 10, 11, 12, 13","1->10, 2->9, 3->3, 4->4, 5->13, 6->2, 7->7, 8->11, 9->5, 10->12, 11->1, 12->8, 13->6","1-5, 1-11, 1-13, 2-4, 2-6, 2-10, 2-11, 2-12, 3-7, 3-9, 3-10, 3-11, 3-13, 4-7, 4-10, 5-9, 5-10, 5-11, 5-13, 6-11, 6-12, 7-10, 7-11, 8-10, 8-11, 8-12, 9-10, 9-13, 10-11, 10-12, 11-13","1-2, 1-3, 1-6, 1-7, 1-9, 1-10, 1-11, 1-12, 1-13, 2-8, 2-9, 3-5, 3-6, 3-7, 3-12, 4-7, 4-9, 4-12, 5-6, 5-12, 5-13, 6-10, 6-13, 7-12, 8-9, 8-11, 8-12, 9-12, 10-13, 11-12, 12-13","1-2, 1-3, 1-5, 1-6, 1-7, 1-9, 1-10, 1-11, 1-12, 1-13, 2-4, 2-6, 2-8, 2-9, 2-10, 2-11, 2-12, 3-5, 3-6, 3-7, 3-9, 3-10, 3-11, 3-12, 3-13, 4-7, 4-9, 4-10, 4-12, 5-6, 5-9, 5-10, 5-11, 5-12, 5-13, 6-10, 6-11, 6-12, 6-13, 7-10, 7-11, 7-12, 8-9, 8-10, 8-11, 8-12, 9-10, 9-12, 9-13, 10-11, 10-12, 10-13, 11-12, 11-13, 12-13",4,4,8,"0 0 0 0 1 0 0 0 0 0 1 0 1|0 0 0 1 0 1 0 0 0 1 1 1 0|0 0 0 0 0 0 1 0 1 1 1 0 1|0 1 0 0 0 0 1 0 0 1 0 0 0|1 0 0 0 0 0 0 0 1 1 1 0 1|0 1 0 0 0 0 0 0 0 0 1 1 0|0 0 1 1 0 0 0 0 0 1 1 0 0|0 0 0 0 0 0 0 0 0 1 1 1 0|0 0 1 0 1 0 0 0 0 1 0 0 1|0 1 1 1 1 0 1 1 1 0 1 1 0|1 1 1 0 1 1 1 1 0 1 0 0 1|0 1 0 0 0 1 0 1 0 1 0 0 0|1 0 1 0 1 0 0 0 1 0 1 0 0","0 1 1 0 0 1 1 0 1 1 1 1 1|1 0 0 0 0 0 0 1 1 0 0 0 0|1 0 0 0 1 1 1 0 0 0 0 1 0|0 0 0 0 0 0 1 0 1 0 0 1 0|0 0 1 0 0 1 0 0 0 0 0 1 1|1 0 1 0 1 0 0 0 0 1 0 0 1|1 0 1 1 0 0 0 0 0 0 0 1 0|0 1 0 0 0 0 0 0 1 0 1 1 0|1 1 0 1 0 0 0 1 0 0 0 1 0|1 0 0 0 0 1 0 0 0 0 0 0 1|1 0 0 0 0 0 0 1 0 0 0 1 0|1 0 1 1 1 0 1 1 1 0 1 0 1|1 0 0 0 1 1 0 0 0 1 0 1 0","0 1 1 0 1 1 1 0 1 1 1 1 1|1 0 0 1 0 1 0 1 1 1 1 1 0|1 0 0 0 1 1 1 0 1 1 1 1 1|0 1 0 0 0 0 1 0 1 1 0 1 0|1 0 1 0 0 1 0 0 1 1 1 1 1|1 1 1 0 1 0 0 0 0 1 1 1 1|1 0 1 1 0 0 0 0 0 1 1 1 0|0 1 0 0 0 0 0 0 1 1 1 1 0|1 1 1 1 1 0 0 1 0 1 0 1 1|1 1 1 1 1 1 1 1 1 0 1 1 1|1 1 1 0 1 1 1 1 0 1 0 1 1|1 1 1 1 1 1 1 1 1 1 1 0 1|1 0 1 0 1 1 0 0 1 1 1 1 0"
77,"ID8-13.63.3:",13,7,34264,"1, 2, 3, 4, 5, 6, 7, 9, 10, 11","1->10, 2->3, 3->9, 4->1, 5->6, 6->2, 7->11, 8->8, 9->7, 10->5, 11->4, 12->12, 13->13","1-5, 1-11, 1-13, 2-4, 2-6, 2-10, 2-11, 2-12, 3-7, 3-9, 3-10, 3-11, 3-13, 4-7, 4-10, 5-9, 5-10, 5-11, 5-13, 6-11, 6-12, 7-10, 7-11, 8-10, 8-11, 8-12, 9-10, 9-13, 10-11, 10-12, 11-13","1-3, 1-5, 1-11, 2-3, 2-4, 2-12, 3-4, 3-5, 3-12, 4-5, 4-6, 4-8, 4-9, 4-10, 4-11, 4-13, 5-6, 5-7, 5-8, 5-9, 5-11, 5-12, 6-7, 6-10, 6-13, 7-9, 7-13, 8-12, 9-11, 9-13, 10-13","1-3, 1-5, 1-11, 1-13, 2-3, 2-4, 2-6, 2-10, 2-11, 2-12, 3-4, 3-5, 3-7, 3-9, 3-10, 3-11, 3-12, 3-13, 4-5, 4-6, 4-7, 4-8, 4-9, 4-10, 4-11, 4-13, 5-6, 5-7, 5-8, 5-9, 5-10, 5-11, 5-12, 5-13, 6-7, 6-10, 6-11, 6-12, 6-13, 7-9, 7-10, 7-11, 7-13, 8-10, 8-11, 8-12, 9-10, 9-11, 9-13, 10-11, 10-12, 10-13, 11-13",4,4,8,"0 0 0 0 1 0 0 0 0 0 1 0 1|0 0 0 1 0 1 0 0 0 1 1 1 0|0 0 0 0 0 0 1 0 1 1 1 0 1|0 1 0 0 0 0 1 0 0 1 0 0 0|1 0 0 0 0 0 0 0 1 1 1 0 1|0 1 0 0 0 0 0 0 0 0 1 1 0|0 0 1 1 0 0 0 0 0 1 1 0 0|0 0 0 0 0 0 0 0 0 1 1 1 0|0 0 1 0 1 0 0 0 0 1 0 0 1|0 1 1 1 1 0 1 1 1 0 1 1 0|1 1 1 0 1 1 1 1 0 1 0 0 1|0 1 0 0 0 1 0 1 0 1 0 0 0|1 0 1 0 1 0 0 0 1 0 1 0 0","0 0 1 0 1 0 0 0 0 0 1 0 0|0 0 1 1 0 0 0 0 0 0 0 1 0|1 1 0 1 1 0 0 0 0 0 0 1 0|0 1 1 0 1 1 0 1 1 1 1 0 1|1 0 1 1 0 1 1 1 1 0 1 1 0|0 0 0 1 1 0 1 0 0 1 0 0 1|0 0 0 0 1 1 0 0 1 0 0 0 1|0 0 0 1 1 0 0 0 0 0 0 1 0|0 0 0 1 1 0 1 0 0 0 1 0 1|0 0 0 1 0 1 0 0 0 0 0 0 1|1 0 0 1 1 0 0 0 1 0 0 0 0|0 1 1 0 1 0 0 1 0 0 0 0 0|0 0 0 1 0 1 1 0 1 1 0 0 0","0 0 1 0 1 0 0 0 0 0 1 0 1|0 0 1 1 0 1 0 0 0 1 1 1 0|1 1 0 1 1 0 1 0 1 1 1 1 1|0 1 1 0 1 1 1 1 1 1 1 0 1|1 0 1 1 0 1 1 1 1 1 1 1 1|0 1 0 1 1 0 1 0 0 1 1 1 1|0 0 1 1 1 1 0 0 1 1 1 0 1|0 0 0 1 1 0 0 0 0 1 1 1 0|0 0 1 1 1 0 1 0 0 1 1 0 1|0 1 1 1 1 1 1 1 1 0 1 1 1|1 1 1 1 1 1 1 1 1 1 0 0 1|0 1 1 0 1 1 0 1 0 1 0 0 0|1 0 1 1 1 1 1 0 1 1 1 0 0"
78,"ID8-13.63.3:",13,8,34295,"1, 2, 3, 6, 7, 8, 9, 10, 11, 13","1->8, 2->1, 3->9, 4->4, 5->5, 6->13, 7->11, 8->10, 9->2, 10->7, 11->6, 12->12, 13->3","1-5, 1-11, 1-13, 2-4, 2-6, 2-10, 2-11, 2-12, 3-7, 3-9, 3-10, 3-11, 3-13, 4-7, 4-10, 5-9, 5-10, 5-11, 5-13, 6-11, 6-12, 7-10, 7-11, 8-10, 8-11, 8-12, 9-10, 9-13, 10-11, 10-12, 11-13","1-4, 1-6, 1-7, 1-12, 1-13, 2-3, 2-5, 2-7, 2-9, 3-5, 3-6, 3-8, 3-9, 4-7, 4-11, 5-6, 5-7, 5-8, 6-7, 6-8, 6-9, 6-10, 6-11, 6-13, 7-9, 7-10, 7-11, 7-12, 9-11, 10-12, 12-13","1-4, 1-5, 1-6, 1-7, 1-11, 1-12, 1-13, 2-3, 2-4, 2-5, 2-6, 2-7, 2-9, 2-10, 2-11, 2-12, 3-5, 3-6, 3-7, 3-8, 3-9, 3-10, 3-11, 3-13, 4-7, 4-10, 4-11, 5-6, 5-7, 5-8, 5-9, 5-10, 5-11, 5-13, 6-7, 6-8, 6-9, 6-10, 6-11, 6-12, 6-13, 7-9, 7-10, 7-11, 7-12, 8-10, 8-11, 8-12, 9-10, 9-11, 9-13, 10-11, 10-12, 11-13, 12-13",4,4,8,"0 0 0 0 1 0 0 0 0 0 1 0 1|0 0 0 1 0 1 0 0 0 1 1 1 0|0 0 0 0 0 0 1 0 1 1 1 0 1|0 1 0 0 0 0 1 0 0 1 0 0 0|1 0 0 0 0 0 0 0 1 1 1 0 1|0 1 0 0 0 0 0 0 0 0 1 1 0|0 0 1 1 0 0 0 0 0 1 1 0 0|0 0 0 0 0 0 0 0 0 1 1 1 0|0 0 1 0 1 0 0 0 0 1 0 0 1|0 1 1 1 1 0 1 1 1 0 1 1 0|1 1 1 0 1 1 1 1 0 1 0 0 1|0 1 0 0 0 1 0 1 0 1 0 0 0|1 0 1 0 1 0 0 0 1 0 1 0 0","0 0 0 1 0 1 1 0 0 0 0 1 1|0 0 1 0 1 0 1 0 1 0 0 0 0|0 1 0 0 1 1 0 1 1 0 0 0 0|1 0 0 0 0 0 1 0 0 0 1 0 0|0 1 1 0 0 1 1 1 0 0 0 0 0|1 0 1 0 1 0 1 1 1 1 1 0 1|1 1 0 1 1 1 0 0 1 1 1 1 0|0 0 1 0 1 1 0 0 0 0 0 0 0|0 1 1 0 0 1 1 0 0 0 1 0 0|0 0 0 0 0 1 1 0 0 0 0 1 0|0 0 0 1 0 1 1 0 1 0 0 0 0|1 0 0 0 0 0 1 0 0 1 0 0 1|1 0 0 0 0 1 0 0 0 0 0 1 0","0 0 0 1 1 1 1 0 0 0 1 1 1|0 0 1 1 1 1 1 0 1 1 1 1 0|0 1 0 0 1 1 1 1 1 1 1 0 1|1 1 0 0 0 0 1 0 0 1 1 0 0|1 1 1 0 0 1 1 1 1 1 1 0 1|1 1 1 0 1 0 1 1 1 1 1 1 1|1 1 1 1 1 1 0 0 1 1 1 1 0|0 0 1 0 1 1 0 0 0 1 1 1 0|0 1 1 0 1 1 1 0 0 1 1 0 1|0 1 1 1 1 1 1 1 1 0 1 1 0|1 1 1 1 1 1 1 1 1 1 0 0 1|1 1 0 0 0 1 1 1 0 1 0 0 1|1 0 1 0 1 1 0 0 1 0 1 1 0"
79,"ID8-13.63.3:",13,9,45431,"1, 2, 3, 6, 7, 9, 10, 11, 12, 13","1->10, 2->12, 3->9, 4->4, 5->5, 6->1, 7->11, 8->8, 9->2, 10->7, 11->6, 12->13, 13->3","1-5, 1-11, 1-13, 2-4, 2-6, 2-10, 2-11, 2-12, 3-7, 3-9, 3-10, 3-11, 3-13, 4-7, 4-10, 5-9, 5-10, 5-11, 5-13, 6-11, 6-12, 7-10, 7-11, 8-10, 8-11, 8-12, 9-10, 9-13, 10-11, 10-12, 11-13","1-6, 1-12, 1-13, 2-3, 2-5, 2-7, 2-9, 3-5, 3-6, 3-9, 3-10, 4-7, 4-11, 4-12, 5-6, 5-7, 5-10, 6-7, 6-8, 6-9, 6-10, 6-11, 6-12, 7-8, 7-9, 7-11, 7-12, 7-13, 8-13, 9-11, 12-13","1-5, 1-6, 1-11, 1-12, 1-13, 2-3, 2-4, 2-5, 2-6, 2-7, 2-9, 2-10, 2-11, 2-12, 3-5, 3-6, 3-7, 3-9, 3-10, 3-11, 3-13, 4-7, 4-10, 4-11, 4-12, 5-6, 5-7, 5-9, 5-10, 5-11, 5-13, 6-7, 6-8, 6-9, 6-10, 6-11, 6-12, 7-8, 7-9, 7-10, 7-11, 7-12, 7-13, 8-10, 8-11, 8-12, 8-13, 9-10, 9-11, 9-13, 10-11, 10-12, 11-13, 12-13",4,4,8,"0 0 0 0 1 0 0 0 0 0 1 0 1|0 0 0 1 0 1 0 0 0 1 1 1 0|0 0 0 0 0 0 1 0 1 1 1 0 1|0 1 0 0 0 0 1 0 0 1 0 0 0|1 0 0 0 0 0 0 0 1 1 1 0 1|0 1 0 0 0 0 0 0 0 0 1 1 0|0 0 1 1 0 0 0 0 0 1 1 0 0|0 0 0 0 0 0 0 0 0 1 1 1 0|0 0 1 0 1 0 0 0 0 1 0 0 1|0 1 1 1 1 0 1 1 1 0 1 1 0|1 1 1 0 1 1 1 1 0 1 0 0 1|0 1 0 0 0 1 0 1 0 1 0 0 0|1 0 1 0 1 0 0 0 1 0 1 0 0","0 0 0 0 0 1 0 0 0 0 0 1 1|0 0 1 0 1 0 1 0 1 0 0 0 0|0 1 0 0 1 1 0 0 1 1 0 0 0|0 0 0 0 0 0 1 0 0 0 1 1 0|0 1 1 0 0 1 1 0 0 1 0 0 0|1 0 1 0 1 0 1 1 1 1 1 1 0|0 1 0 1 1 1 0 1 1 0 1 1 1|0 0 0 0 0 1 1 0 0 0 0 0 1|0 1 1 0 0 1 1 0 0 0 1 0 0|0 0 1 0 1 1 0 0 0 0 0 0 0|0 0 0 1 0 1 1 0 1 0 0 0 0|1 0 0 1 0 1 1 0 0 0 0 0 1|1 0 0 0 0 0 1 1 0 0 0 1 0","0 0 0 0 1 1 0 0 0 0 1 1 1|0 0 1 1 1 1 1 0 1 1 1 1 0|0 1 0 0 1 1 1 0 1 1 1 0 1|0 1 0 0 0 0 1 0 0 1 1 1 0|1 1 1 0 0 1 1 0 1 1 1 0 1|1 1 1 0 1 0 1 1 1 1 1 1 0|0 1 1 1 1 1 0 1 1 1 1 1 1|0 0 0 0 0 1 1 0 0 1 1 1 1|0 1 1 0 1 1 1 0 0 1 1 0 1|0 1 1 1 1 1 1 1 1 0 1 1 0|1 1 1 1 1 1 1 1 1 1 0 0 1|1 1 0 1 0 1 1 1 0 1 0 0 1|1 0 1 0 1 0 1 1 1 0 1 1 0"
80,"ID8-13.63.3:",13,10,54405,"2, 4, 5, 7, 8, 9, 10, 11, 12, 13","1->1, 2->10, 3->3, 4->9, 5->7, 6->6, 7->13, 8->11, 9->2, 10->12, 11->4, 12->5, 13->8","1-5, 1-11, 1-13, 2-4, 2-6, 2-10, 2-11, 2-12, 3-7, 3-9, 3-10, 3-11, 3-13, 4-7, 4-10, 5-9, 5-10, 5-11, 5-13, 6-11, 6-12, 7-10, 7-11, 8-10, 8-11, 8-12, 9-10, 9-13, 10-11, 10-12, 11-13","1-4, 1-7, 1-8, 2-3, 2-7, 2-8, 2-12, 3-4, 3-8, 3-12, 3-13, 4-6, 4-7, 4-8, 4-10, 4-11, 4-12, 4-13, 5-6, 5-10, 5-11, 5-12, 6-10, 7-8, 7-12, 9-10, 9-12, 9-13, 10-12, 11-12, 12-13","1-4, 1-5, 1-7, 1-8, 1-11, 1-13, 2-3, 2-4, 2-6, 2-7, 2-8, 2-10, 2-11, 2-12, 3-4, 3-7, 3-8, 3-9, 3-10, 3-11, 3-12, 3-13, 4-6, 4-7, 4-8, 4-10, 4-11, 4-12, 4-13, 5-6, 5-9, 5-10, 5-11, 5-12, 5-13, 6-10, 6-11, 6-12, 7-8, 7-10, 7-11, 7-12, 8-10, 8-11, 8-12, 9-10, 9-12, 9-13, 10-11, 10-12, 11-12, 11-13, 12-13",4,4,8,"0 0 0 0 1 0 0 0 0 0 1 0 1|0 0 0 1 0 1 0 0 0 1 1 1 0|0 0 0 0 0 0 1 0 1 1 1 0 1|0 1 0 0 0 0 1 0 0 1 0 0 0|1 0 0 0 0 0 0 0 1 1 1 0 1|0 1 0 0 0 0 0 0 0 0 1 1 0|0 0 1 1 0 0 0 0 0 1 1 0 0|0 0 0 0 0 0 0 0 0 1 1 1 0|0 0 1 0 1 0 0 0 0 1 0 0 1|0 1 1 1 1 0 1 1 1 0 1 1 0|1 1 1 0 1 1 1 1 0 1 0 0 1|0 1 0 0 0 1 0 1 0 1 0 0 0|1 0 1 0 1 0 0 0 1 0 1 0 0","0 0 0 1 0 0 1 1 0 0 0 0 0|0 0 1 0 0 0 1 1 0 0 0 1 0|0 1 0 1 0 0 0 1 0 0 0 1 1|1 0 1 0 0 1 1 1 0 1 1 1 1|0 0 0 0 0 1 0 0 0 1 1 1 0|0 0 0 1 1 0 0 0 0 1 0 0 0|1 1 0 1 0 0 0 1 0 0 0 1 0|1 1 1 1 0 0 1 0 0 0 0 0 0|0 0 0 0 0 0 0 0 0 1 0 1 1|0 0 0 1 1 1 0 0 1 0 0 1 0|0 0 0 1 1 0 0 0 0 0 0 1 0|0 1 1 1 1 0 1 0 1 1 1 0 1|0 0 1 1 0 0 0 0 1 0 0 1 0","0 0 0 1 1 0 1 1 0 0 1 0 1|0 0 1 1 0 1 1 1 0 1 1 1 0|0 1 0 1 0 0 1 1 1 1 1 1 1|1 1 1 0 0 1 1 1 0 1 1 1 1|1 0 0 0 0 1 0 0 1 1 1 1 1|0 1 0 1 1 0 0 0 0 1 1 1 0|1 1 1 1 0 0 0 1 0 1 1 1 0|1 1 1 1 0 0 1 0 0 1 1 1 0|0 0 1 0 1 0 0 0 0 1 0 1 1|0 1 1 1 1 1 1 1 1 0 1 1 0|1 1 1 1 1 1 1 1 0 1 0 1 1|0 1 1 1 1 1 1 1 1 1 1 0 1|1 0 1 1 1 0 0 0 1 0 1 1 0"
81,"ID9-13.64.1:",13,1,621,"1, 2, 4, 5, 7, 9, 10, 11, 12, 13","1->4, 2->11, 3->3, 4->12, 5->13, 6->6, 7->2, 8->8, 9->7, 10->9, 11->10, 12->5, 13->1","1-4, 1-9, 1-10, 1-11, 1-13, 2-5, 2-9, 2-11, 3-6, 3-8, 3-9, 3-12, 4-8, 4-11, 4-13, 5-9, 5-10, 5-11, 6-9, 6-11, 6-12, 7-8, 7-11, 7-12, 8-9, 8-11, 8-12, 8-13, 9-10, 9-11, 9-13, 11-12","1-4, 1-7, 1-8, 1-12, 2-5, 2-8, 2-10, 3-5, 3-6, 3-7, 3-8, 4-7, 4-9, 4-10, 4-12, 5-6, 5-8, 5-10, 6-7, 6-10, 7-8, 7-9, 7-10, 7-11, 7-13, 8-10, 8-12, 9-13, 10-11, 10-12, 10-13, 11-13","1-4, 1-7, 1-8, 1-9, 1-10, 1-11, 1-12, 1-13, 2-5, 2-8, 2-9, 2-10, 2-11, 3-5, 3-6, 3-7, 3-8, 3-9, 3-12, 4-7, 4-8, 4-9, 4-10, 4-11, 4-12, 4-13, 5-6, 5-8, 5-9, 5-10, 5-11, 6-7, 6-9, 6-10, 6-11, 6-12, 7-8, 7-9, 7-10, 7-11, 7-12, 7-13, 8-9, 8-10, 8-11, 8-12, 8-13, 9-10, 9-11, 9-13, 10-11, 10-12, 10-13, 11-12, 11-13",4,4,8,"0 0 0 1 0 0 0 0 1 1 1 0 1|0 0 0 0 1 0 0 0 1 0 1 0 0|0 0 0 0 0 1 0 1 1 0 0 1 0|1 0 0 0 0 0 0 1 0 0 1 0 1|0 1 0 0 0 0 0 0 1 1 1 0 0|0 0 1 0 0 0 0 0 1 0 1 1 0|0 0 0 0 0 0 0 1 0 0 1 1 0|0 0 1 1 0 0 1 0 1 0 1 1 1|1 1 1 0 1 1 0 1 0 1 1 0 1|1 0 0 0 1 0 0 0 1 0 0 0 0|1 1 0 1 1 1 1 1 1 0 0 1 0|0 0 1 0 0 1 1 1 0 0 1 0 0|1 0 0 1 0 0 0 1 1 0 0 0 0","0 0 0 1 0 0 1 1 0 0 0 1 0|0 0 0 0 1 0 0 1 0 1 0 0 0|0 0 0 0 1 1 1 1 0 0 0 0 0|1 0 0 0 0 0 1 0 1 1 0 1 0|0 1 1 0 0 1 0 1 0 1 0 0 0|0 0 1 0 1 0 1 0 0 1 0 0 0|1 0 1 1 0 1 0 1 1 1 1 0 1|1 1 1 0 1 0 1 0 0 1 0 1 0|0 0 0 1 0 0 1 0 0 0 0 0 1|0 1 0 1 1 1 1 1 0 0 1 1 1|0 0 0 0 0 0 1 0 0 1 0 0 1|1 0 0 1 0 0 0 1 0 1 0 0 0|0 0 0 0 0 0 1 0 1 1 1 0 0","0 0 0 1 0 0 1 1 1 1 1 1 1|0 0 0 0 1 0 0 1 1 1 1 0 0|0 0 0 0 1 1 1 1 1 0 0 1 0|1 0 0 0 0 0 1 1 1 1 1 1 1|0 1 1 0 0 1 0 1 1 1 1 0 0|0 0 1 0 1 0 1 0 1 1 1 1 0|1 0 1 1 0 1 0 1 1 1 1 1 1|1 1 1 1 1 0 1 0 1 1 1 1 1|1 1 1 1 1 1 1 1 0 1 1 0 1|1 1 0 1 1 1 1 1 1 0 1 1 1|1 1 0 1 1 1 1 1 1 1 0 1 1|1 0 1 1 0 1 1 1 0 1 1 0 0|1 0 0 1 0 0 1 1 1 1 1 0 0"
82,"ID9-13.64.1:",13,2,1440,"1, 2, 3, 5, 7, 8, 9, 11, 12, 13","1->9, 2->12, 3->5, 4->4, 5->11, 6->6, 7->8, 8->2, 9->13, 10->10, 11->7, 12->1, 13->3","1-4, 1-9, 1-10, 1-11, 1-13, 2-5, 2-9, 2-11, 3-6, 3-8, 3-9, 3-12, 4-8, 4-11, 4-13, 5-9, 5-10, 5-11, 6-9, 6-11, 6-12, 7-8, 7-11, 7-12, 8-9, 8-11, 8-12, 8-13, 9-10, 9-11, 9-13, 11-12","1-2, 1-5, 1-6, 1-7, 1-8, 2-3, 2-4, 2-5, 2-7, 2-8, 2-13, 3-4, 3-9, 3-13, 4-7, 4-9, 5-6, 5-13, 6-7, 6-13, 7-8, 7-9, 7-11, 7-12, 7-13, 9-10, 9-13, 10-11, 10-13, 11-12, 11-13, 12-13","1-2, 1-4, 1-5, 1-6, 1-7, 1-8, 1-9, 1-10, 1-11, 1-13, 2-3, 2-4, 2-5, 2-7, 2-8, 2-9, 2-11, 2-13, 3-4, 3-6, 3-8, 3-9, 3-12, 3-13, 4-7, 4-8, 4-9, 4-11, 4-13, 5-6, 5-9, 5-10, 5-11, 5-13, 6-7, 6-9, 6-11, 6-12, 6-13, 7-8, 7-9, 7-11, 7-12, 7-13, 8-9, 8-11, 8-12, 8-13, 9-10, 9-11, 9-13, 10-11, 10-13, 11-12, 11-13, 12-13",4,4,8,"0 0 0 1 0 0 0 0 1 1 1 0 1|0 0 0 0 1 0 0 0 1 0 1 0 0|0 0 0 0 0 1 0 1 1 0 0 1 0|1 0 0 0 0 0 0 1 0 0 1 0 1|0 1 0 0 0 0 0 0 1 1 1 0 0|0 0 1 0 0 0 0 0 1 0 1 1 0|0 0 0 0 0 0 0 1 0 0 1 1 0|0 0 1 1 0 0 1 0 1 0 1 1 1|1 1 1 0 1 1 0 1 0 1 1 0 1|1 0 0 0 1 0 0 0 1 0 0 0 0|1 1 0 1 1 1 1 1 1 0 0 1 0|0 0 1 0 0 1 1 1 0 0 1 0 0|1 0 0 1 0 0 0 1 1 0 0 0 0","0 1 0 0 1 1 1 1 0 0 0 0 0|1 0 1 1 1 0 1 1 0 0 0 0 1|0 1 0 1 0 0 0 0 1 0 0 0 1|0 1 1 0 0 0 1 0 1 0 0 0 0|1 1 0 0 0 1 0 0 0 0 0 0 1|1 0 0 0 1 0 1 0 0 0 0 0 1|1 1 0 1 0 1 0 1 1 0 1 1 1|1 1 0 0 0 0 1 0 0 0 0 0 0|0 0 1 1 0 0 1 0 0 1 0 0 1|0 0 0 0 0 0 0 0 1 0 1 0 1|0 0 0 0 0 0 1 0 0 1 0 1 1|0 0 0 0 0 0 1 0 0 0 1 0 1|0 1 1 0 1 1 1 0 1 1 1 1 0","0 1 0 1 1 1 1 1 1 1 1 0 1|1 0 1 1 1 0 1 1 1 0 1 0 1|0 1 0 1 0 1 0 1 1 0 0 1 1|1 1 1 0 0 0 1 1 1 0 1 0 1|1 1 0 0 0 1 0 0 1 1 1 0 1|1 0 1 0 1 0 1 0 1 0 1 1 1|1 1 0 1 0 1 0 1 1 0 1 1 1|1 1 1 1 0 0 1 0 1 0 1 1 1|1 1 1 1 1 1 1 1 0 1 1 0 1|1 0 0 0 1 0 0 0 1 0 1 0 1|1 1 0 1 1 1 1 1 1 1 0 1 1|0 0 1 0 0 1 1 1 0 0 1 0 1|1 1 1 1 1 1 1 1 1 1 1 1 0"
83,"ID9-13.64.1:",13,3,1798,"1, 3, 4, 6, 7, 8, 9, 10, 11, 13","1->8, 2->2, 3->11, 4->6, 5->5, 6->1, 7->9, 8->13, 9->3, 10->4, 11->7, 12->12, 13->10","1-4, 1-9, 1-10, 1-11, 1-13, 2-5, 2-9, 2-11, 3-6, 3-8, 3-9, 3-12, 4-8, 4-11, 4-13, 5-9, 5-10, 5-11, 6-9, 6-11, 6-12, 7-8, 7-11, 7-12, 8-9, 8-11, 8-12, 8-13, 9-10, 9-11, 9-13, 11-12","1-3, 1-7, 1-11, 1-12, 2-3, 2-5, 2-7, 3-4, 3-5, 3-7, 3-8, 3-10, 3-11, 3-13, 4-5, 4-8, 5-7, 6-7, 6-8, 6-10, 6-13, 7-8, 7-9, 7-12, 7-13, 8-10, 9-12, 9-13, 10-13, 11-12, 11-13, 12-13","1-3, 1-4, 1-7, 1-9, 1-10, 1-11, 1-12, 1-13, 2-3, 2-5, 2-7, 2-9, 2-11, 3-4, 3-5, 3-6, 3-7, 3-8, 3-9, 3-10, 3-11, 3-12, 3-13, 4-5, 4-8, 4-11, 4-13, 5-7, 5-9, 5-10, 5-11, 6-7, 6-8, 6-9, 6-10, 6-11, 6-12, 6-13, 7-8, 7-9, 7-11, 7-12, 7-13, 8-9, 8-10, 8-11, 8-12, 8-13, 9-10, 9-11, 9-12, 9-13, 10-13, 11-12, 11-13, 12-13",4,4,8,"0 0 0 1 0 0 0 0 1 1 1 0 1|0 0 0 0 1 0 0 0 1 0 1 0 0|0 0 0 0 0 1 0 1 1 0 0 1 0|1 0 0 0 0 0 0 1 0 0 1 0 1|0 1 0 0 0 0 0 0 1 1 1 0 0|0 0 1 0 0 0 0 0 1 0 1 1 0|0 0 0 0 0 0 0 1 0 0 1 1 0|0 0 1 1 0 0 1 0 1 0 1 1 1|1 1 1 0 1 1 0 1 0 1 1 0 1|1 0 0 0 1 0 0 0 1 0 0 0 0|1 1 0 1 1 1 1 1 1 0 0 1 0|0 0 1 0 0 1 1 1 0 0 1 0 0|1 0 0 1 0 0 0 1 1 0 0 0 0","0 0 1 0 0 0 1 0 0 0 1 1 0|0 0 1 0 1 0 1 0 0 0 0 0 0|1 1 0 1 1 0 1 1 0 1 1 0 1|0 0 1 0 1 0 0 1 0 0 0 0 0|0 1 1 1 0 0 1 0 0 0 0 0 0|0 0 0 0 0 0 1 1 0 1 0 0 1|1 1 1 0 1 1 0 1 1 0 0 1 1|0 0 1 1 0 1 1 0 0 1 0 0 0|0 0 0 0 0 0 1 0 0 0 0 1 1|0 0 1 0 0 1 0 1 0 0 0 0 1|1 0 1 0 0 0 0 0 0 0 0 1 1|1 0 0 0 0 0 1 0 1 0 1 0 1|0 0 1 0 0 1 1 0 1 1 1 1 0","0 0 1 1 0 0 1 0 1 1 1 1 1|0 0 1 0 1 0 1 0 1 0 1 0 0|1 1 0 1 1 1 1 1 1 1 1 1 1|1 0 1 0 1 0 0 1 0 0 1 0 1|0 1 1 1 0 0 1 0 1 1 1 0 0|0 0 1 0 0 0 1 1 1 1 1 1 1|1 1 1 0 1 1 0 1 1 0 1 1 1|0 0 1 1 0 1 1 0 1 1 1 1 1|1 1 1 0 1 1 1 1 0 1 1 1 1|1 0 1 0 1 1 0 1 1 0 0 0 1|1 1 1 1 1 1 1 1 1 0 0 1 1|1 0 1 0 0 1 1 1 1 0 1 0 1|1 0 1 1 0 1 1 1 1 1 1 1 0"
84,"ID9-13.64.1:",13,4,3392,"1, 4, 5, 6, 8, 9, 10, 11, 12, 13","1->8, 2->2, 3->3, 4->10, 5->13, 6->11, 7->7, 8->4, 9->5, 10->1, 11->12, 12->9, 13->6","1-4, 1-9, 1-10, 1-11, 1-13, 2-5, 2-9, 2-11, 3-6, 3-8, 3-9, 3-12, 4-8, 4-11, 4-13, 5-9, 5-10, 5-11, 6-9, 6-11, 6-12, 7-8, 7-11, 7-12, 8-9, 8-11, 8-12, 8-13, 9-10, 9-11, 9-13, 11-12","1-5, 1-8, 1-13, 2-5, 2-12, 2-13, 3-4, 3-5, 3-9, 3-11, 4-5, 4-6, 4-7, 4-9, 4-10, 4-12, 5-6, 5-8, 5-11, 5-12, 5-13, 6-8, 6-10, 7-9, 7-12, 8-10, 8-12, 9-11, 9-12, 10-12, 11-12, 12-13","1-4, 1-5, 1-8, 1-9, 1-10, 1-11, 1-13, 2-5, 2-9, 2-11, 2-12, 2-13, 3-4, 3-5, 3-6, 3-8, 3-9, 3-11, 3-12, 4-5, 4-6, 4-7, 4-8, 4-9, 4-10, 4-11, 4-12, 4-13, 5-6, 5-8, 5-9, 5-10, 5-11, 5-12, 5-13, 6-8, 6-9, 6-10, 6-11, 6-12, 7-8, 7-9, 7-11, 7-12, 8-9, 8-10, 8-11, 8-12, 8-13, 9-10, 9-11, 9-12, 9-13, 10-12, 11-12, 12-13",4,4,8,"0 0 0 1 0 0 0 0 1 1 1 0 1|0 0 0 0 1 0 0 0 1 0 1 0 0|0 0 0 0 0 1 0 1 1 0 0 1 0|1 0 0 0 0 0 0 1 0 0 1 0 1|0 1 0 0 0 0 0 0 1 1 1 0 0|0 0 1 0 0 0 0 0 1 0 1 1 0|0 0 0 0 0 0 0 1 0 0 1 1 0|0 0 1 1 0 0 1 0 1 0 1 1 1|1 1 1 0 1 1 0 1 0 1 1 0 1|1 0 0 0 1 0 0 0 1 0 0 0 0|1 1 0 1 1 1 1 1 1 0 0 1 0|0 0 1 0 0 1 1 1 0 0 1 0 0|1 0 0 1 0 0 0 1 1 0 0 0 0","0 0 0 0 1 0 0 1 0 0 0 0 1|0 0 0 0 1 0 0 0 0 0 0 1 1|0 0 0 1 1 0 0 0 1 0 1 0 0|0 0 1 0 1 1 1 0 1 1 0 1 0|1 1 1 1 0 1 0 1 0 0 1 1 1|0 0 0 1 1 0 0 1 0 1 0 0 0|0 0 0 1 0 0 0 0 1 0 0 1 0|1 0 0 0 1 1 0 0 0 1 0 1 0|0 0 1 1 0 0 1 0 0 0 1 1 0|0 0 0 1 0 1 0 1 0 0 0 1 0|0 0 1 0 1 0 0 0 1 0 0 1 0|0 1 0 1 1 0 1 1 1 1 1 0 1|1 1 0 0 1 0 0 0 0 0 0 1 0","0 0 0 1 1 0 0 1 1 1 1 0 1|0 0 0 0 1 0 0 0 1 0 1 1 1|0 0 0 1 1 1 0 1 1 0 1 1 0|1 0 1 0 1 1 1 1 1 1 1 1 1|1 1 1 1 0 1 0 1 1 1 1 1 1|0 0 1 1 1 0 0 1 1 1 1 1 0|0 0 0 1 0 0 0 1 1 0 1 1 0|1 0 1 1 1 1 1 0 1 1 1 1 1|1 1 1 1 1 1 1 1 0 1 1 1 1|1 0 0 1 1 1 0 1 1 0 0 1 0|1 1 1 1 1 1 1 1 1 0 0 1 0|0 1 1 1 1 1 1 1 1 1 1 0 1|1 1 0 1 1 0 0 1 1 0 0 1 0"
85,"ID9-13.64.1:",13,5,5212,"1, 3, 6, 7, 8, 9, 10, 11, 12, 13","1->9, 2->2, 3->11, 4->4, 5->5, 6->3, 7->13, 8->6, 9->10, 10->12, 11->7, 12->1, 13->8","1-4, 1-9, 1-10, 1-11, 1-13, 2-5, 2-9, 2-11, 3-6, 3-8, 3-9, 3-12, 4-8, 4-11, 4-13, 5-9, 5-10, 5-11, 6-9, 6-11, 6-12, 7-8, 7-11, 7-12, 8-9, 8-11, 8-12, 8-13, 9-10, 9-11, 9-13, 11-12","1-3, 1-6, 1-7, 1-11, 1-13, 2-5, 2-7, 2-10, 3-7, 3-10, 3-11, 4-6, 4-7, 4-8, 4-9, 5-7, 5-10, 5-12, 6-7, 6-8, 6-10, 6-11, 6-13, 7-9, 7-10, 7-13, 8-9, 8-10, 9-10, 9-12, 10-11, 10-12","1-3, 1-4, 1-6, 1-7, 1-9, 1-10, 1-11, 1-13, 2-5, 2-7, 2-9, 2-10, 2-11, 3-6, 3-7, 3-8, 3-9, 3-10, 3-11, 3-12, 4-6, 4-7, 4-8, 4-9, 4-11, 4-13, 5-7, 5-9, 5-10, 5-11, 5-12, 6-7, 6-8, 6-9, 6-10, 6-11, 6-12, 6-13, 7-8, 7-9, 7-10, 7-11, 7-12, 7-13, 8-9, 8-10, 8-11, 8-12, 8-13, 9-10, 9-11, 9-12, 9-13, 10-11, 10-12, 11-12",4,4,8,"0 0 0 1 0 0 0 0 1 1 1 0 1|0 0 0 0 1 0 0 0 1 0 1 0 0|0 0 0 0 0 1 0 1 1 0 0 1 0|1 0 0 0 0 0 0 1 0 0 1 0 1|0 1 0 0 0 0 0 0 1 1 1 0 0|0 0 1 0 0 0 0 0 1 0 1 1 0|0 0 0 0 0 0 0 1 0 0 1 1 0|0 0 1 1 0 0 1 0 1 0 1 1 1|1 1 1 0 1 1 0 1 0 1 1 0 1|1 0 0 0 1 0 0 0 1 0 0 0 0|1 1 0 1 1 1 1 1 1 0 0 1 0|0 0 1 0 0 1 1 1 0 0 1 0 0|1 0 0 1 0 0 0 1 1 0 0 0 0","0 0 1 0 0 1 1 0 0 0 1 0 1|0 0 0 0 1 0 1 0 0 1 0 0 0|1 0 0 0 0 0 1 0 0 1 1 0 0|0 0 0 0 0 1 1 1 1 0 0 0 0|0 1 0 0 0 0 1 0 0 1 0 1 0|1 0 0 1 0 0 1 1 0 1 1 0 1|1 1 1 1 1 1 0 0 1 1 0 0 1|0 0 0 1 0 1 0 0 1 1 0 0 0|0 0 0 1 0 0 1 1 0 1 0 1 0|0 1 1 0 1 1 1 1 1 0 1 1 0|1 0 1 0 0 1 0 0 0 1 0 0 0|0 0 0 0 1 0 0 0 1 1 0 0 0|1 0 0 0 0 1 1 0 0 0 0 0 0","0 0 1 1 0 1 1 0 1 1 1 0 1|0 0 0 0 1 0 1 0 1 1 1 0 0|1 0 0 0 0 1 1 1 1 1 1 1 0|1 0 0 0 0 1 1 1 1 0 1 0 1|0 1 0 0 0 0 1 0 1 1 1 1 0|1 0 1 1 0 0 1 1 1 1 1 1 1|1 1 1 1 1 1 0 1 1 1 1 1 1|0 0 1 1 0 1 1 0 1 1 1 1 1|1 1 1 1 1 1 1 1 0 1 1 1 1|1 1 1 0 1 1 1 1 1 0 1 1 0|1 1 1 1 1 1 1 1 1 1 0 1 0|0 0 1 0 1 1 1 1 1 1 1 0 0|1 0 0 1 0 1 1 1 1 0 0 0 0"
86,"ID9-13.64.1:",13,6,8543,"2, 3, 4, 5, 6, 8, 9, 11, 12, 13","1->1, 2->3, 3->11, 4->8, 5->12, 6->9, 7->7, 8->13, 9->4, 10->10, 11->5, 12->6, 13->2","1-4, 1-9, 1-10, 1-11, 1-13, 2-5, 2-9, 2-11, 3-6, 3-8, 3-9, 3-12, 4-8, 4-11, 4-13, 5-9, 5-10, 5-11, 6-9, 6-11, 6-12, 7-8, 7-11, 7-12, 8-9, 8-11, 8-12, 8-13, 9-10, 9-11, 9-13, 11-12","1-2, 1-4, 1-5, 1-8, 1-10, 2-4, 2-8, 2-13, 3-4, 3-5, 3-12, 4-5, 4-9, 4-10, 4-11, 4-12, 4-13, 5-6, 5-7, 5-8, 5-9, 5-12, 5-13, 6-7, 6-9, 6-11, 6-13, 7-13, 8-13, 9-11, 10-12, 11-13","1-2, 1-4, 1-5, 1-8, 1-9, 1-10, 1-11, 1-13, 2-4, 2-5, 2-8, 2-9, 2-11, 2-13, 3-4, 3-5, 3-6, 3-8, 3-9, 3-12, 4-5, 4-8, 4-9, 4-10, 4-11, 4-12, 4-13, 5-6, 5-7, 5-8, 5-9, 5-10, 5-11, 5-12, 5-13, 6-7, 6-9, 6-11, 6-12, 6-13, 7-8, 7-11, 7-12, 7-13, 8-9, 8-11, 8-12, 8-13, 9-10, 9-11, 9-13, 10-12, 11-12, 11-13",4,4,8,"0 0 0 1 0 0 0 0 1 1 1 0 1|0 0 0 0 1 0 0 0 1 0 1 0 0|0 0 0 0 0 1 0 1 1 0 0 1 0|1 0 0 0 0 0 0 1 0 0 1 0 1|0 1 0 0 0 0 0 0 1 1 1 0 0|0 0 1 0 0 0 0 0 1 0 1 1 0|0 0 0 0 0 0 0 1 0 0 1 1 0|0 0 1 1 0 0 1 0 1 0 1 1 1|1 1 1 0 1 1 0 1 0 1 1 0 1|1 0 0 0 1 0 0 0 1 0 0 0 0|1 1 0 1 1 1 1 1 1 0 0 1 0|0 0 1 0 0 1 1 1 0 0 1 0 0|1 0 0 1 0 0 0 1 1 0 0 0 0","0 1 0 1 1 0 0 1 0 1 0 0 0|1 0 0 1 0 0 0 1 0 0 0 0 1|0 0 0 1 1 0 0 0 0 0 0 1 0|1 1 1 0 1 0 0 0 1 1 1 1 1|1 0 1 1 0 1 1 1 1 0 0 1 1|0 0 0 0 1 0 1 0 1 0 1 0 1|0 0 0 0 1 1 0 0 0 0 0 0 1|1 1 0 0 1 0 0 0 0 0 0 0 1|0 0 0 1 1 1 0 0 0 0 1 0 0|1 0 0 1 0 0 0 0 0 0 0 1 0|0 0 0 1 0 1 0 0 1 0 0 0 1|0 0 1 1 1 0 0 0 0 1 0 0 0|0 1 0 1 1 1 1 1 0 0 1 0 0","0 1 0 1 1 0 0 1 1 1 1 0 1|1 0 0 1 1 0 0 1 1 0 1 0 1|0 0 0 1 1 1 0 1 1 0 0 1 0|1 1 1 0 1 0 0 1 1 1 1 1 1|1 1 1 1 0 1 1 1 1 1 1 1 1|0 0 1 0 1 0 1 0 1 0 1 1 1|0 0 0 0 1 1 0 1 0 0 1 1 1|1 1 1 1 1 0 1 0 1 0 1 1 1|1 1 1 1 1 1 0 1 0 1 1 0 1|1 0 0 1 1 0 0 0 1 0 0 1 0|1 1 0 1 1 1 1 1 1 0 0 1 1|0 0 1 1 1 1 1 1 0 1 1 0 0|1 1 0 1 1 1 1 1 1 0 1 0 0"
87,"ID9-13.64.1:",13,7,12157,"1, 2, 3, 4, 5, 6, 9, 10, 11, 13","1->13, 2->9, 3->6, 4->1, 5->4, 6->3, 7->7, 8->8, 9->10, 10->2, 11->5, 12->12, 13->11","1-4, 1-9, 1-10, 1-11, 1-13, 2-5, 2-9, 2-11, 3-6, 3-8, 3-9, 3-12, 4-8, 4-11, 4-13, 5-9, 5-10, 5-11, 6-9, 6-11, 6-12, 7-8, 7-11, 7-12, 8-9, 8-11, 8-12, 8-13, 9-10, 9-11, 9-13, 11-12","1-5, 1-8, 1-11, 1-13, 2-4, 2-10, 2-13, 3-5, 3-6, 3-10, 3-12, 4-5, 4-9, 4-10, 5-7, 5-8, 5-9, 5-10, 5-12, 5-13, 6-8, 6-10, 6-12, 7-8, 7-12, 8-10, 8-11, 8-12, 9-10, 10-11, 10-13, 11-13","1-4, 1-5, 1-8, 1-9, 1-10, 1-11, 1-13, 2-4, 2-5, 2-9, 2-10, 2-11, 2-13, 3-5, 3-6, 3-8, 3-9, 3-10, 3-12, 4-5, 4-8, 4-9, 4-10, 4-11, 4-13, 5-7, 5-8, 5-9, 5-10, 5-11, 5-12, 5-13, 6-8, 6-9, 6-10, 6-11, 6-12, 7-8, 7-11, 7-12, 8-9, 8-10, 8-11, 8-12, 8-13, 9-10, 9-11, 9-13, 10-11, 10-13, 11-12, 11-13",4,4,8,"0 0 0 1 0 0 0 0 1 1 1 0 1|0 0 0 0 1 0 0 0 1 0 1 0 0|0 0 0 0 0 1 0 1 1 0 0 1 0|1 0 0 0 0 0 0 1 0 0 1 0 1|0 1 0 0 0 0 0 0 1 1 1 0 0|0 0 1 0 0 0 0 0 1 0 1 1 0|0 0 0 0 0 0 0 1 0 0 1 1 0|0 0 1 1 0 0 1 0 1 0 1 1 1|1 1 1 0 1 1 0 1 0 1 1 0 1|1 0 0 0 1 0 0 0 1 0 0 0 0|1 1 0 1 1 1 1 1 1 0 0 1 0|0 0 1 0 0 1 1 1 0 0 1 0 0|1 0 0 1 0 0 0 1 1 0 0 0 0","0 0 0 0 1 0 0 1 0 0 1 0 1|0 0 0 1 0 0 0 0 0 1 0 0 1|0 0 0 0 1 1 0 0 0 1 0 1 0|0 1 0 0 1 0 0 0 1 1 0 0 0|1 0 1 1 0 0 1 1 1 1 0 1 1|0 0 1 0 0 0 0 1 0 1 0 1 0|0 0 0 0 1 0 0 1 0 0 0 1 0|1 0 0 0 1 1 1 0 0 1 1 1 0|0 0 0 1 1 0 0 0 0 1 0 0 0|0 1 1 1 1 1 0 1 1 0 1 0 1|1 0 0 0 0 0 0 1 0 1 0 0 1|0 0 1 0 1 1 1 1 0 0 0 0 0|1 1 0 0 1 0 0 0 0 1 1 0 0","0 0 0 1 1 0 0 1 1 1 1 0 1|0 0 0 1 1 0 0 0 1 1 1 0 1|0 0 0 0 1 1 0 1 1 1 0 1 0|1 1 0 0 1 0 0 1 1 1 1 0 1|1 1 1 1 0 0 1 1 1 1 1 1 1|0 0 1 0 0 0 0 1 1 1 1 1 0|0 0 0 0 1 0 0 1 0 0 1 1 0|1 0 1 1 1 1 1 0 1 1 1 1 1|1 1 1 1 1 1 0 1 0 1 1 0 1|1 1 1 1 1 1 0 1 1 0 1 0 1|1 1 0 1 1 1 1 1 1 1 0 1 1|0 0 1 0 1 1 1 1 0 0 1 0 0|1 1 0 1 1 0 0 1 1 1 1 0 0"
88,"ID9-13.64.1:",13,8,13551,"2, 3, 4, 5, 6, 7, 8, 9, 11, 13","1->1, 2->13, 3->2, 4->7, 5->11, 6->8, 7->9, 8->4, 9->3, 10->10, 11->5, 12->12, 13->6","1-4, 1-9, 1-10, 1-11, 1-13, 2-5, 2-9, 2-11, 3-6, 3-8, 3-9, 3-12, 4-8, 4-11, 4-13, 5-9, 5-10, 5-11, 6-9, 6-11, 6-12, 7-8, 7-11, 7-12, 8-9, 8-11, 8-12, 8-13, 9-10, 9-11, 9-13, 11-12","1-3, 1-5, 1-6, 1-7, 1-10, 2-3, 2-4, 2-8, 2-12, 3-4, 3-5, 3-6, 3-8, 3-10, 3-11, 3-13, 4-5, 4-6, 4-7, 4-9, 4-12, 5-7, 5-8, 5-9, 5-11, 5-12, 5-13, 6-7, 8-12, 9-12, 10-11, 11-13","1-3, 1-4, 1-5, 1-6, 1-7, 1-9, 1-10, 1-11, 1-13, 2-3, 2-4, 2-5, 2-8, 2-9, 2-11, 2-12, 3-4, 3-5, 3-6, 3-8, 3-9, 3-10, 3-11, 3-12, 3-13, 4-5, 4-6, 4-7, 4-8, 4-9, 4-11, 4-12, 4-13, 5-7, 5-8, 5-9, 5-10, 5-11, 5-12, 5-13, 6-7, 6-9, 6-11, 6-12, 7-8, 7-11, 7-12, 8-9, 8-11, 8-12, 8-13, 9-10, 9-11, 9-12, 9-13, 10-11, 11-12, 11-13",4,4,8,"0 0 0 1 0 0 0 0 1 1 1 0 1|0 0 0 0 1 0 0 0 1 0 1 0 0|0 0 0 0 0 1 0 1 1 0 0 1 0|1 0 0 0 0 0 0 1 0 0 1 0 1|0 1 0 0 0 0 0 0 1 1 1 0 0|0 0 1 0 0 0 0 0 1 0 1 1 0|0 0 0 0 0 0 0 1 0 0 1 1 0|0 0 1 1 0 0 1 0 1 0 1 1 1|1 1 1 0 1 1 0 1 0 1 1 0 1|1 0 0 0 1 0 0 0 1 0 0 0 0|1 1 0 1 1 1 1 1 1 0 0 1 0|0 0 1 0 0 1 1 1 0 0 1 0 0|1 0 0 1 0 0 0 1 1 0 0 0 0","0 0 1 0 1 1 1 0 0 1 0 0 0|0 0 1 1 0 0 0 1 0 0 0 1 0|1 1 0 1 1 1 0 1 0 1 1 0 1|0 1 1 0 1 1 1 0 1 0 0 1 0|1 0 1 1 0 0 1 1 1 0 1 1 1|1 0 1 1 0 0 1 0 0 0 0 0 0|1 0 0 1 1 1 0 0 0 0 0 0 0|0 1 1 0 1 0 0 0 0 0 0 1 0|0 0 0 1 1 0 0 0 0 0 0 1 0|1 0 1 0 0 0 0 0 0 0 1 0 0|0 0 1 0 1 0 0 0 0 1 0 0 1|0 1 0 1 1 0 0 1 1 0 0 0 0|0 0 1 0 1 0 0 0 0 0 1 0 0","0 0 1 1 1 1 1 0 1 1 1 0 1|0 0 1 1 1 0 0 1 1 0 1 1 0|1 1 0 1 1 1 0 1 1 1 1 1 1|1 1 1 0 1 1 1 1 1 0 1 1 1|1 1 1 1 0 0 1 1 1 1 1 1 1|1 0 1 1 0 0 1 0 1 0 1 1 0|1 0 0 1 1 1 0 1 0 0 1 1 0|0 1 1 1 1 0 1 0 1 0 1 1 1|1 1 1 1 1 1 0 1 0 1 1 1 1|1 0 1 0 1 0 0 0 1 0 1 0 0|1 1 1 1 1 1 1 1 1 1 0 1 1|0 1 1 1 1 1 1 1 1 0 1 0 0|1 0 1 1 1 0 0 1 1 0 1 0 0"
89,"ID9-13.64.1:",13,9,14652,"2, 3, 4, 5, 7, 8, 9, 10, 11, 13","1->1, 2->11, 3->2, 4->8, 5->13, 6->6, 7->3, 8->4, 9->7, 10->5, 11->10, 12->12, 13->9","1-4, 1-9, 1-10, 1-11, 1-13, 2-5, 2-9, 2-11, 3-6, 3-8, 3-9, 3-12, 4-8, 4-11, 4-13, 5-9, 5-10, 5-11, 6-9, 6-11, 6-12, 7-8, 7-11, 7-12, 8-9, 8-11, 8-12, 8-13, 9-10, 9-11, 9-13, 11-12","1-5, 1-7, 1-8, 1-9, 1-10, 2-4, 2-6, 2-7, 2-12, 3-4, 3-10, 3-12, 4-7, 4-8, 4-9, 4-10, 4-12, 5-7, 5-13, 6-7, 6-10, 6-12, 7-9, 7-10, 7-11, 7-13, 8-9, 8-10, 10-11, 10-12, 10-13, 11-13","1-4, 1-5, 1-7, 1-8, 1-9, 1-10, 1-11, 1-13, 2-4, 2-5, 2-6, 2-7, 2-9, 2-11, 2-12, 3-4, 3-6, 3-8, 3-9, 3-10, 3-12, 4-7, 4-8, 4-9, 4-10, 4-11, 4-12, 4-13, 5-7, 5-9, 5-10, 5-11, 5-13, 6-7, 6-9, 6-10, 6-11, 6-12, 7-8, 7-9, 7-10, 7-11, 7-12, 7-13, 8-9, 8-10, 8-11, 8-12, 8-13, 9-10, 9-11, 9-13, 10-11, 10-12, 10-13, 11-12, 11-13",4,4,8,"0 0 0 1 0 0 0 0 1 1 1 0 1|0 0 0 0 1 0 0 0 1 0 1 0 0|0 0 0 0 0 1 0 1 1 0 0 1 0|1 0 0 0 0 0 0 1 0 0 1 0 1|0 1 0 0 0 0 0 0 1 1 1 0 0|0 0 1 0 0 0 0 0 1 0 1 1 0|0 0 0 0 0 0 0 1 0 0 1 1 0|0 0 1 1 0 0 1 0 1 0 1 1 1|1 1 1 0 1 1 0 1 0 1 1 0 1|1 0 0 0 1 0 0 0 1 0 0 0 0|1 1 0 1 1 1 1 1 1 0 0 1 0|0 0 1 0 0 1 1 1 0 0 1 0 0|1 0 0 1 0 0 0 1 1 0 0 0 0","0 0 0 0 1 0 1 1 1 1 0 0 0|0 0 0 1 0 1 1 0 0 0 0 1 0|0 0 0 1 0 0 0 0 0 1 0 1 0|0 1 1 0 0 0 1 1 1 1 0 1 0|1 0 0 0 0 0 1 0 0 0 0 0 1|0 1 0 0 0 0 1 0 0 1 0 1 0|1 1 0 1 1 1 0 0 1 1 1 0 1|1 0 0 1 0 0 0 0 1 1 0 0 0|1 0 0 1 0 0 1 1 0 0 0 0 0|1 0 1 1 0 1 1 1 0 0 1 1 1|0 0 0 0 0 0 1 0 0 1 0 0 1|0 1 1 1 0 1 0 0 0 1 0 0 0|0 0 0 0 1 0 1 0 0 1 1 0 0","0 0 0 1 1 0 1 1 1 1 1 0 1|0 0 0 1 1 1 1 0 1 0 1 1 0|0 0 0 1 0 1 0 1 1 1 0 1 0|1 1 1 0 0 0 1 1 1 1 1 1 1|1 1 0 0 0 0 1 0 1 1 1 0 1|0 1 1 0 0 0 1 0 1 1 1 1 0|1 1 0 1 1 1 0 1 1 1 1 1 1|1 0 1 1 0 0 1 0 1 1 1 1 1|1 1 1 1 1 1 1 1 0 1 1 0 1|1 0 1 1 1 1 1 1 1 0 1 1 1|1 1 0 1 1 1 1 1 1 1 0 1 1|0 1 1 1 0 1 1 1 0 1 1 0 0|1 0 0 1 1 0 1 1 1 1 1 0 0"
90,"ID9-13.64.1:",13,10,15398,"1, 2, 5, 6, 7, 8, 9, 11, 12, 13","1->12, 2->11, 3->3, 4->4, 5->1, 6->8, 7->2, 8->7, 9->13, 10->10, 11->5, 12->6, 13->9","1-4, 1-9, 1-10, 1-11, 1-13, 2-5, 2-9, 2-11, 3-6, 3-8, 3-9, 3-12, 4-8, 4-11, 4-13, 5-9, 5-10, 5-11, 6-9, 6-11, 6-12, 7-8, 7-11, 7-12, 8-9, 8-11, 8-12, 8-13, 9-10, 9-11, 9-13, 11-12","1-5, 1-10, 1-11, 1-13, 2-5, 2-6, 2-7, 3-6, 3-7, 3-8, 3-13, 4-5, 4-7, 4-9, 4-12, 5-6, 5-7, 5-8, 5-11, 5-12, 5-13, 6-7, 6-8, 7-9, 7-13, 8-13, 9-12, 9-13, 10-12, 10-13, 11-13, 12-13","1-4, 1-5, 1-9, 1-10, 1-11, 1-13, 2-5, 2-6, 2-7, 2-9, 2-11, 3-6, 3-7, 3-8, 3-9, 3-12, 3-13, 4-5, 4-7, 4-8, 4-9, 4-11, 4-12, 4-13, 5-6, 5-7, 5-8, 5-9, 5-10, 5-11, 5-12, 5-13, 6-7, 6-8, 6-9, 6-11, 6-12, 7-8, 7-9, 7-11, 7-12, 7-13, 8-9, 8-11, 8-12, 8-13, 9-10, 9-11, 9-12, 9-13, 10-12, 10-13, 11-12, 11-13, 12-13",4,4,8,"0 0 0 1 0 0 0 0 1 1 1 0 1|0 0 0 0 1 0 0 0 1 0 1 0 0|0 0 0 0 0 1 0 1 1 0 0 1 0|1 0 0 0 0 0 0 1 0 0 1 0 1|0 1 0 0 0 0 0 0 1 1 1 0 0|0 0 1 0 0 0 0 0 1 0 1 1 0|0 0 0 0 0 0 0 1 0 0 1 1 0|0 0 1 1 0 0 1 0 1 0 1 1 1|1 1 1 0 1 1 0 1 0 1 1 0 1|1 0 0 0 1 0 0 0 1 0 0 0 0|1 1 0 1 1 1 1 1 1 0 0 1 0|0 0 1 0 0 1 1 1 0 0 1 0 0|1 0 0 1 0 0 0 1 1 0 0 0 0","0 0 0 0 1 0 0 0 0 1 1 0 1|0 0 0 0 1 1 1 0 0 0 0 0 0|0 0 0 0 0 1 1 1 0 0 0 0 1|0 0 0 0 1 0 1 0 1 0 0 1 0|1 1 0 1 0 1 1 1 0 0 1 1 1|0 1 1 0 1 0 1 1 0 0 0 0 0|0 1 1 1 1 1 0 0 1 0 0 0 1|0 0 1 0 1 1 0 0 0 0 0 0 1|0 0 0 1 0 0 1 0 0 0 0 1 1|1 0 0 0 0 0 0 0 0 0 0 1 1|1 0 0 0 1 0 0 0 0 0 0 0 1|0 0 0 1 1 0 0 0 1 1 0 0 1|1 0 1 0 1 0 1 1 1 1 1 1 0","0 0 0 1 1 0 0 0 1 1 1 0 1|0 0 0 0 1 1 1 0 1 0 1 0 0|0 0 0 0 0 1 1 1 1 0 0 1 1|1 0 0 0 1 0 1 1 1 0 1 1 1|1 1 0 1 0 1 1 1 1 1 1 1 1|0 1 1 0 1 0 1 1 1 0 1 1 0|0 1 1 1 1 1 0 1 1 0 1 1 1|0 0 1 1 1 1 1 0 1 0 1 1 1|1 1 1 1 1 1 1 1 0 1 1 1 1|1 0 0 0 1 0 0 0 1 0 0 1 1|1 1 0 1 1 1 1 1 1 0 0 1 1|0 0 1 1 1 1 1 1 1 1 1 0 1|1 0 1 1 1 0 1 1 1 1 1 1 0"
91,"ID10-13.64.2:",13,1,7096,"1, 3, 4, 5, 6, 8, 9, 10, 12, 13","1->12, 2->2, 3->13, 4->9, 5->1, 6->10, 7->7, 8->5, 9->8, 10->6, 11->11, 12->4, 13->3","1-4, 1-5, 1-7, 1-10, 2-8, 2-11, 2-12, 3-6, 3-9, 3-10, 3-12, 3-13, 4-5, 4-10, 4-12, 5-7, 5-12, 6-10, 6-11, 7-9, 7-10, 7-12, 7-13, 8-10, 8-11, 8-12, 9-10, 9-13, 10-11, 10-12, 11-12, 12-13","1-4, 1-7, 1-9, 1-12, 2-4, 2-5, 2-11, 3-4, 3-7, 3-8, 3-13, 4-5, 4-6, 4-7, 4-9, 4-11, 4-13, 5-6, 5-11, 6-7, 6-8, 6-9, 6-10, 6-11, 6-12, 6-13, 7-8, 7-12, 8-13, 9-12, 10-11, 10-13","1-4, 1-5, 1-7, 1-9, 1-10, 1-12, 2-4, 2-5, 2-8, 2-11, 2-12, 3-4, 3-6, 3-7, 3-8, 3-9, 3-10, 3-12, 3-13, 4-5, 4-6, 4-7, 4-9, 4-10, 4-11, 4-12, 4-13, 5-6, 5-7, 5-11, 5-12, 6-7, 6-8, 6-9, 6-10, 6-11, 6-12, 6-13, 7-8, 7-9, 7-10, 7-12, 7-13, 8-10, 8-11, 8-12, 8-13, 9-10, 9-12, 9-13, 10-11, 10-12, 10-13, 11-12, 12-13",4,4,8,"0 0 0 1 1 0 1 0 0 1 0 0 0|0 0 0 0 0 0 0 1 0 0 1 1 0|0 0 0 0 0 1 0 0 1 1 0 1 1|1 0 0 0 1 0 0 0 0 1 0 1 0|1 0 0 1 0 0 1 0 0 0 0 1 0|0 0 1 0 0 0 0 0 0 1 1 0 0|1 0 0 0 1 0 0 0 1 1 0 1 1|0 1 0 0 0 0 0 0 0 1 1 1 0|0 0 1 0 0 0 1 0 0 1 0 0 1|1 0 1 1 0 1 1 1 1 0 1 1 0|0 1 0 0 0 1 0 1 0 1 0 1 0|0 1 1 1 1 0 1 1 0 1 1 0 1|0 0 1 0 0 0 1 0 1 0 0 1 0","0 0 0 1 0 0 1 0 1 0 0 1 0|0 0 0 1 1 0 0 0 0 0 1 0 0|0 0 0 1 0 0 1 1 0 0 0 0 1|1 1 1 0 1 1 1 0 1 0 1 0 1|0 1 0 1 0 1 0 0 0 0 1 0 0|0 0 0 1 1 0 1 1 1 1 1 1 1|1 0 1 1 0 1 0 1 0 0 0 1 0|0 0 1 0 0 1 1 0 0 0 0 0 1|1 0 0 1 0 1 0 0 0 0 0 1 0|0 0 0 0 0 1 0 0 0 0 1 0 1|0 1 0 1 1 1 0 0 0 1 0 0 0|1 0 0 0 0 1 1 0 1 0 0 0 0|0 0 1 1 0 1 0 1 0 1 0 0 0","0 0 0 1 1 0 1 0 1 1 0 1 0|0 0 0 1 1 0 0 1 0 0 1 1 0|0 0 0 1 0 1 1 1 1 1 0 1 1|1 1 1 0 1 1 1 0 1 1 1 1 1|1 1 0 1 0 1 1 0 0 0 1 1 0|0 0 1 1 1 0 1 1 1 1 1 1 1|1 0 1 1 1 1 0 1 1 1 0 1 1|0 1 1 0 0 1 1 0 0 1 1 1 1|1 0 1 1 0 1 1 0 0 1 0 1 1|1 0 1 1 0 1 1 1 1 0 1 1 1|0 1 0 1 1 1 0 1 0 1 0 1 0|1 1 1 1 1 1 1 1 1 1 1 0 1|0 0 1 1 0 1 1 1 1 1 0 1 0"
92,"ID10-13.64.2:",13,2,12359,"1, 2, 3, 6, 8, 9, 10, 11, 12, 13","1->8, 2->12, 3->13, 4->4, 5->5, 6->1, 7->7, 8->2, 9->3, 10->11, 11->9, 12->6, 13->10","1-4, 1-5, 1-7, 1-10, 2-8, 2-11, 2-12, 3-6, 3-9, 3-10, 3-12, 3-13, 4-5, 4-10, 4-12, 5-7, 5-12, 6-10, 6-11, 7-9, 7-10, 7-12, 7-13, 8-10, 8-11, 8-12, 9-10, 9-13, 10-11, 10-12, 11-12, 12-13","1-9, 1-11, 1-13, 2-6, 2-9, 2-11, 2-12, 3-7, 3-10, 3-11, 3-13, 4-5, 4-6, 4-8, 4-11, 5-6, 5-7, 5-8, 6-7, 6-9, 6-10, 6-11, 6-12, 6-13, 7-8, 7-10, 7-11, 8-11, 9-11, 9-12, 10-13, 11-13","1-4, 1-5, 1-7, 1-9, 1-10, 1-11, 1-13, 2-6, 2-8, 2-9, 2-11, 2-12, 3-6, 3-7, 3-9, 3-10, 3-11, 3-12, 3-13, 4-5, 4-6, 4-8, 4-10, 4-11, 4-12, 5-6, 5-7, 5-8, 5-12, 6-7, 6-9, 6-10, 6-11, 6-12, 6-13, 7-8, 7-9, 7-10, 7-11, 7-12, 7-13, 8-10, 8-11, 8-12, 9-10, 9-11, 9-12, 9-13, 10-11, 10-12, 10-13, 11-12, 11-13, 12-13",4,4,8,"0 0 0 1 1 0 1 0 0 1 0 0 0|0 0 0 0 0 0 0 1 0 0 1 1 0|0 0 0 0 0 1 0 0 1 1 0 1 1|1 0 0 0 1 0 0 0 0 1 0 1 0|1 0 0 1 0 0 1 0 0 0 0 1 0|0 0 1 0 0 0 0 0 0 1 1 0 0|1 0 0 0 1 0 0 0 1 1 0 1 1|0 1 0 0 0 0 0 0 0 1 1 1 0|0 0 1 0 0 0 1 0 0 1 0 0 1|1 0 1 1 0 1 1 1 1 0 1 1 0|0 1 0 0 0 1 0 1 0 1 0 1 0|0 1 1 1 1 0 1 1 0 1 1 0 1|0 0 1 0 0 0 1 0 1 0 0 1 0","0 0 0 0 0 0 0 0 1 0 1 0 1|0 0 0 0 0 1 0 0 1 0 1 1 0|0 0 0 0 0 0 1 0 0 1 1 0 1|0 0 0 0 1 1 0 1 0 0 1 0 0|0 0 0 1 0 1 1 1 0 0 0 0 0|0 1 0 1 1 0 1 0 1 1 1 1 1|0 0 1 0 1 1 0 1 0 1 1 0 0|0 0 0 1 1 0 1 0 0 0 1 0 0|1 1 0 0 0 1 0 0 0 0 1 1 0|0 0 1 0 0 1 1 0 0 0 0 0 1|1 1 1 1 0 1 1 1 1 0 0 0 1|0 1 0 0 0 1 0 0 1 0 0 0 0|1 0 1 0 0 1 0 0 0 1 1 0 0","0 0 0 1 1 0 1 0 1 1 1 0 1|0 0 0 0 0 1 0 1 1 0 1 1 0|0 0 0 0 0 1 1 0 1 1 1 1 1|1 0 0 0 1 1 0 1 0 1 1 1 0|1 0 0 1 0 1 1 1 0 0 0 1 0|0 1 1 1 1 0 1 0 1 1 1 1 1|1 0 1 0 1 1 0 1 1 1 1 1 1|0 1 0 1 1 0 1 0 0 1 1 1 0|1 1 1 0 0 1 1 0 0 1 1 1 1|1 0 1 1 0 1 1 1 1 0 1 1 1|1 1 1 1 0 1 1 1 1 1 0 1 1|0 1 1 1 1 1 1 1 1 1 1 0 1|1 0 1 0 0 1 1 0 1 1 1 1 0"
93,"ID10-13.64.2:",13,3,12540,"1, 3, 4, 5, 6, 7, 10, 11, 12, 13","1->10, 2->2, 3->12, 4->6, 5->7, 6->4, 7->11, 8->8, 9->9, 10->5, 11->13, 12->3, 13->1","1-4, 1-5, 1-7, 1-10, 2-8, 2-11, 2-12, 3-6, 3-9, 3-10, 3-12, 3-13, 4-5, 4-10, 4-12, 5-7, 5-12, 6-10, 6-11, 7-9, 7-10, 7-12, 7-13, 8-10, 8-11, 8-12, 9-10, 9-13, 10-11, 10-12, 11-12, 12-13","1-3, 1-9, 1-11, 1-12, 2-3, 2-8, 2-13, 3-5, 3-6, 3-7, 3-8, 3-11, 3-12, 3-13, 4-5, 4-12, 4-13, 5-6, 5-8, 5-9, 5-10, 5-11, 5-12, 5-13, 6-7, 6-10, 7-10, 7-11, 8-13, 9-11, 9-12, 10-11","1-3, 1-4, 1-5, 1-7, 1-9, 1-10, 1-11, 1-12, 2-3, 2-8, 2-11, 2-12, 2-13, 3-5, 3-6, 3-7, 3-8, 3-9, 3-10, 3-11, 3-12, 3-13, 4-5, 4-10, 4-12, 4-13, 5-6, 5-7, 5-8, 5-9, 5-10, 5-11, 5-12, 5-13, 6-7, 6-10, 6-11, 7-9, 7-10, 7-11, 7-12, 7-13, 8-10, 8-11, 8-12, 8-13, 9-10, 9-11, 9-12, 9-13, 10-11, 10-12, 11-12, 12-13",4,4,8,"0 0 0 1 1 0 1 0 0 1 0 0 0|0 0 0 0 0 0 0 1 0 0 1 1 0|0 0 0 0 0 1 0 0 1 1 0 1 1|1 0 0 0 1 0 0 0 0 1 0 1 0|1 0 0 1 0 0 1 0 0 0 0 1 0|0 0 1 0 0 0 0 0 0 1 1 0 0|1 0 0 0 1 0 0 0 1 1 0 1 1|0 1 0 0 0 0 0 0 0 1 1 1 0|0 0 1 0 0 0 1 0 0 1 0 0 1|1 0 1 1 0 1 1 1 1 0 1 1 0|0 1 0 0 0 1 0 1 0 1 0 1 0|0 1 1 1 1 0 1 1 0 1 1 0 1|0 0 1 0 0 0 1 0 1 0 0 1 0","0 0 1 0 0 0 0 0 1 0 1 1 0|0 0 1 0 0 0 0 1 0 0 0 0 1|1 1 0 0 1 1 1 1 0 0 1 1 1|0 0 0 0 1 0 0 0 0 0 0 1 1|0 0 1 1 0 1 0 1 1 1 1 1 1|0 0 1 0 1 0 1 0 0 1 0 0 0|0 0 1 0 0 1 0 0 0 1 1 0 0|0 1 1 0 1 0 0 0 0 0 0 0 1|1 0 0 0 1 0 0 0 0 0 1 1 0|0 0 0 0 1 1 1 0 0 0 1 0 0|1 0 1 0 1 0 1 0 1 1 0 0 0|1 0 1 1 1 0 0 0 1 0 0 0 0|0 1 1 1 1 0 0 1 0 0 0 0 0","0 0 1 1 1 0 1 0 1 1 1 1 0|0 0 1 0 0 0 0 1 0 0 1 1 1|1 1 0 0 1 1 1 1 1 1 1 1 1|1 0 0 0 1 0 0 0 0 1 0 1 1|1 0 1 1 0 1 1 1 1 1 1 1 1|0 0 1 0 1 0 1 0 0 1 1 0 0|1 0 1 0 1 1 0 0 1 1 1 1 1|0 1 1 0 1 0 0 0 0 1 1 1 1|1 0 1 0 1 0 1 0 0 1 1 1 1|1 0 1 1 1 1 1 1 1 0 1 1 0|1 1 1 0 1 1 1 1 1 1 0 1 0|1 1 1 1 1 0 1 1 1 1 1 0 1|0 1 1 1 1 0 1 1 1 0 0 1 0"
94,"ID10-13.64.2:",13,4,13315,"1, 3, 4, 5, 7, 9, 10, 11, 12, 13","1->7, 2->2, 3->1, 4->10, 5->11, 6->6, 7->4, 8->8, 9->12, 10->13, 11->3, 12->5, 13->9","1-4, 1-5, 1-7, 1-10, 2-8, 2-11, 2-12, 3-6, 3-9, 3-10, 3-12, 3-13, 4-5, 4-10, 4-12, 5-7, 5-12, 6-10, 6-11, 7-9, 7-10, 7-12, 7-13, 8-10, 8-11, 8-12, 9-10, 9-13, 10-11, 10-12, 11-12, 12-13","1-5, 1-6, 1-9, 1-12, 1-13, 2-3, 2-5, 2-8, 3-5, 3-6, 3-8, 3-13, 4-5, 4-7, 4-9, 4-11, 4-12, 4-13, 5-8, 5-9, 5-10, 5-11, 5-13, 6-13, 7-10, 7-11, 7-13, 8-13, 9-12, 10-11, 10-13, 12-13","1-4, 1-5, 1-6, 1-7, 1-9, 1-10, 1-12, 1-13, 2-3, 2-5, 2-8, 2-11, 2-12, 3-5, 3-6, 3-8, 3-9, 3-10, 3-12, 3-13, 4-5, 4-7, 4-9, 4-10, 4-11, 4-12, 4-13, 5-7, 5-8, 5-9, 5-10, 5-11, 5-12, 5-13, 6-10, 6-11, 6-13, 7-9, 7-10, 7-11, 7-12, 7-13, 8-10, 8-11, 8-12, 8-13, 9-10, 9-12, 9-13, 10-11, 10-12, 10-13, 11-12, 12-13",4,4,8,"0 0 0 1 1 0 1 0 0 1 0 0 0|0 0 0 0 0 0 0 1 0 0 1 1 0|0 0 0 0 0 1 0 0 1 1 0 1 1|1 0 0 0 1 0 0 0 0 1 0 1 0|1 0 0 1 0 0 1 0 0 0 0 1 0|0 0 1 0 0 0 0 0 0 1 1 0 0|1 0 0 0 1 0 0 0 1 1 0 1 1|0 1 0 0 0 0 0 0 0 1 1 1 0|0 0 1 0 0 0 1 0 0 1 0 0 1|1 0 1 1 0 1 1 1 1 0 1 1 0|0 1 0 0 0 1 0 1 0 1 0 1 0|0 1 1 1 1 0 1 1 0 1 1 0 1|0 0 1 0 0 0 1 0 1 0 0 1 0","0 0 0 0 1 1 0 0 1 0 0 1 1|0 0 1 0 1 0 0 1 0 0 0 0 0|0 1 0 0 1 1 0 1 0 0 0 0 1|0 0 0 0 1 0 1 0 1 0 1 1 1|1 1 1 1 0 0 0 1 1 1 1 0 1|1 0 1 0 0 0 0 0 0 0 0 0 1|0 0 0 1 0 0 0 0 0 1 1 0 1|0 1 1 0 1 0 0 0 0 0 0 0 1|1 0 0 1 1 0 0 0 0 0 0 1 0|0 0 0 0 1 0 1 0 0 0 1 0 1|0 0 0 1 1 0 1 0 0 1 0 0 0|1 0 0 1 0 0 0 0 1 0 0 0 1|1 0 1 1 1 1 1 1 0 1 0 1 0","0 0 0 1 1 1 1 0 1 1 0 1 1|0 0 1 0 1 0 0 1 0 0 1 1 0|0 1 0 0 1 1 0 1 1 1 0 1 1|1 0 0 0 1 0 1 0 1 1 1 1 1|1 1 1 1 0 0 1 1 1 1 1 1 1|1 0 1 0 0 0 0 0 0 1 1 0 1|1 0 0 1 1 0 0 0 1 1 1 1 1|0 1 1 0 1 0 0 0 0 1 1 1 1|1 0 1 1 1 0 1 0 0 1 0 1 1|1 0 1 1 1 1 1 1 1 0 1 1 1|0 1 0 1 1 1 1 1 0 1 0 1 0|1 1 1 1 1 0 1 1 1 1 1 0 1|1 0 1 1 1 1 1 1 1 1 0 1 0"
95,"ID10-13.64.2:",13,5,18587,"1, 3, 5, 7, 8, 9, 10, 11, 12, 13","1->7, 2->2, 3->1, 4->4, 5->13, 6->6, 7->8, 8->10, 9->11, 10->3, 11->5, 12->9, 13->12","1-4, 1-5, 1-7, 1-10, 2-8, 2-11, 2-12, 3-6, 3-9, 3-10, 3-12, 3-13, 4-5, 4-10, 4-12, 5-7, 5-12, 6-10, 6-11, 7-9, 7-10, 7-12, 7-13, 8-10, 8-11, 8-12, 9-10, 9-13, 10-11, 10-12, 11-12, 12-13","1-3, 1-6, 1-9, 1-11, 1-12, 2-5, 2-9, 2-10, 3-4, 3-5, 3-6, 3-7, 3-8, 3-9, 3-10, 3-11, 4-7, 4-9, 4-13, 5-6, 5-9, 5-10, 7-8, 7-13, 8-9, 8-11, 8-12, 8-13, 9-10, 9-12, 9-13, 11-12","1-3, 1-4, 1-5, 1-6, 1-7, 1-9, 1-10, 1-11, 1-12, 2-5, 2-8, 2-9, 2-10, 2-11, 2-12, 3-4, 3-5, 3-6, 3-7, 3-8, 3-9, 3-10, 3-11, 3-12, 3-13, 4-5, 4-7, 4-9, 4-10, 4-12, 4-13, 5-6, 5-7, 5-9, 5-10, 5-12, 6-10, 6-11, 7-8, 7-9, 7-10, 7-12, 7-13, 8-9, 8-10, 8-11, 8-12, 8-13, 9-10, 9-12, 9-13, 10-11, 10-12, 11-12, 12-13",4,4,8,"0 0 0 1 1 0 1 0 0 1 0 0 0|0 0 0 0 0 0 0 1 0 0 1 1 0|0 0 0 0 0 1 0 0 1 1 0 1 1|1 0 0 0 1 0 0 0 0 1 0 1 0|1 0 0 1 0 0 1 0 0 0 0 1 0|0 0 1 0 0 0 0 0 0 1 1 0 0|1 0 0 0 1 0 0 0 1 1 0 1 1|0 1 0 0 0 0 0 0 0 1 1 1 0|0 0 1 0 0 0 1 0 0 1 0 0 1|1 0 1 1 0 1 1 1 1 0 1 1 0|0 1 0 0 0 1 0 1 0 1 0 1 0|0 1 1 1 1 0 1 1 0 1 1 0 1|0 0 1 0 0 0 1 0 1 0 0 1 0","0 0 1 0 0 1 0 0 1 0 1 1 0|0 0 0 0 1 0 0 0 1 1 0 0 0|1 0 0 1 1 1 1 1 1 1 1 0 0|0 0 1 0 0 0 1 0 1 0 0 0 1|0 1 1 0 0 1 0 0 1 1 0 0 0|1 0 1 0 1 0 0 0 0 0 0 0 0|0 0 1 1 0 0 0 1 0 0 0 0 1|0 0 1 0 0 0 1 0 1 0 1 1 1|1 1 1 1 1 0 0 1 0 1 0 1 1|0 1 1 0 1 0 0 0 1 0 0 0 0|1 0 1 0 0 0 0 1 0 0 0 1 0|1 0 0 0 0 0 0 1 1 0 1 0 0|0 0 0 1 0 0 1 1 1 0 0 0 0","0 0 1 1 1 1 1 0 1 1 1 1 0|0 0 0 0 1 0 0 1 1 1 1 1 0|1 0 0 1 1 1 1 1 1 1 1 1 1|1 0 1 0 1 0 1 0 1 1 0 1 1|1 1 1 1 0 1 1 0 1 1 0 1 0|1 0 1 0 1 0 0 0 0 1 1 0 0|1 0 1 1 1 0 0 1 1 1 0 1 1|0 1 1 0 0 0 1 0 1 1 1 1 1|1 1 1 1 1 0 1 1 0 1 0 1 1|1 1 1 1 1 1 1 1 1 0 1 1 0|1 1 1 0 0 1 0 1 0 1 0 1 0|1 1 1 1 1 0 1 1 1 1 1 0 1|0 0 1 1 0 0 1 1 1 0 0 1 0"
96,"ID10-13.64.2:",13,6,21365,"1, 2, 5, 7, 8, 9, 10, 11, 12, 13","1->9, 2->12, 3->3, 4->4, 5->10, 6->6, 7->13, 8->1, 9->7, 10->11, 11->2, 12->5, 13->8","1-4, 1-5, 1-7, 1-10, 2-8, 2-11, 2-12, 3-6, 3-9, 3-10, 3-12, 3-13, 4-5, 4-10, 4-12, 5-7, 5-12, 6-10, 6-11, 7-9, 7-10, 7-12, 7-13, 8-10, 8-11, 8-12, 9-10, 9-13, 10-11, 10-12, 11-12, 12-13","1-2, 1-5, 1-11, 1-12, 2-5, 2-6, 2-11, 2-12, 3-5, 3-6, 3-7, 3-8, 3-11, 4-5, 4-9, 4-10, 4-11, 5-8, 5-10, 5-11, 5-12, 5-13, 6-11, 7-8, 7-11, 7-13, 8-13, 9-10, 9-11, 9-13, 10-13, 11-13","1-2, 1-4, 1-5, 1-7, 1-10, 1-11, 1-12, 2-5, 2-6, 2-8, 2-11, 2-12, 3-5, 3-6, 3-7, 3-8, 3-9, 3-10, 3-11, 3-12, 3-13, 4-5, 4-9, 4-10, 4-11, 4-12, 5-7, 5-8, 5-10, 5-11, 5-12, 5-13, 6-10, 6-11, 7-8, 7-9, 7-10, 7-11, 7-12, 7-13, 8-10, 8-11, 8-12, 8-13, 9-10, 9-11, 9-13, 10-11, 10-12, 10-13, 11-12, 11-13, 12-13",4,4,8,"0 0 0 1 1 0 1 0 0 1 0 0 0|0 0 0 0 0 0 0 1 0 0 1 1 0|0 0 0 0 0 1 0 0 1 1 0 1 1|1 0 0 0 1 0 0 0 0 1 0 1 0|1 0 0 1 0 0 1 0 0 0 0 1 0|0 0 1 0 0 0 0 0 0 1 1 0 0|1 0 0 0 1 0 0 0 1 1 0 1 1|0 1 0 0 0 0 0 0 0 1 1 1 0|0 0 1 0 0 0 1 0 0 1 0 0 1|1 0 1 1 0 1 1 1 1 0 1 1 0|0 1 0 0 0 1 0 1 0 1 0 1 0|0 1 1 1 1 0 1 1 0 1 1 0 1|0 0 1 0 0 0 1 0 1 0 0 1 0","0 1 0 0 1 0 0 0 0 0 1 1 0|1 0 0 0 1 1 0 0 0 0 1 1 0|0 0 0 0 1 1 1 1 0 0 1 0 0|0 0 0 0 1 0 0 0 1 1 1 0 0|1 1 1 1 0 0 0 1 0 1 1 1 1|0 1 1 0 0 0 0 0 0 0 1 0 0|0 0 1 0 0 0 0 1 0 0 1 0 1|0 0 1 0 1 0 1 0 0 0 0 0 1|0 0 0 1 0 0 0 0 0 1 1 0 1|0 0 0 1 1 0 0 0 1 0 0 0 1|1 1 1 1 1 1 1 0 1 0 0 0 1|1 1 0 0 1 0 0 0 0 0 0 0 0|0 0 0 0 1 0 1 1 1 1 1 0 0","0 1 0 1 1 0 1 0 0 1 1 1 0|1 0 0 0 1 1 0 1 0 0 1 1 0|0 0 0 0 1 1 1 1 1 1 1 1 1|1 0 0 0 1 0 0 0 1 1 1 1 0|1 1 1 1 0 0 1 1 0 1 1 1 1|0 1 1 0 0 0 0 0 0 1 1 0 0|1 0 1 0 1 0 0 1 1 1 1 1 1|0 1 1 0 1 0 1 0 0 1 1 1 1|0 0 1 1 0 0 1 0 0 1 1 0 1|1 0 1 1 1 1 1 1 1 0 1 1 1|1 1 1 1 1 1 1 1 1 1 0 1 1|1 1 1 1 1 0 1 1 0 1 1 0 1|0 0 1 0 1 0 1 1 1 1 1 1 0"
97,"ID10-13.64.2:",13,7,24608,"1, 3, 5, 7, 8, 9, 10, 11, 12, 13","1->5, 2->2, 3->13, 4->4, 5->7, 6->6, 7->3, 8->12, 9->10, 10->1, 11->9, 12->11, 13->8","1-4, 1-5, 1-7, 1-10, 2-8, 2-11, 2-12, 3-6, 3-9, 3-10, 3-12, 3-13, 4-5, 4-10, 4-12, 5-7, 5-12, 6-10, 6-11, 7-9, 7-10, 7-12, 7-13, 8-10, 8-11, 8-12, 9-10, 9-13, 10-11, 10-12, 11-12, 12-13","1-3, 1-4, 1-5, 1-6, 1-9, 1-10, 1-11, 1-12, 1-13, 2-9, 2-11, 2-12, 3-5, 3-7, 3-8, 3-10, 3-11, 4-5, 4-7, 4-11, 5-7, 6-9, 6-13, 7-11, 8-10, 8-11, 8-13, 9-11, 9-12, 10-13, 11-12, 11-13","1-3, 1-4, 1-5, 1-6, 1-7, 1-9, 1-10, 1-11, 1-12, 1-13, 2-8, 2-9, 2-11, 2-12, 3-5, 3-6, 3-7, 3-8, 3-9, 3-10, 3-11, 3-12, 3-13, 4-5, 4-7, 4-10, 4-11, 4-12, 5-7, 5-12, 6-9, 6-10, 6-11, 6-13, 7-9, 7-10, 7-11, 7-12, 7-13, 8-10, 8-11, 8-12, 8-13, 9-10, 9-11, 9-12, 9-13, 10-11, 10-12, 10-13, 11-12, 11-13, 12-13",4,4,8,"0 0 0 1 1 0 1 0 0 1 0 0 0|0 0 0 0 0 0 0 1 0 0 1 1 0|0 0 0 0 0 1 0 0 1 1 0 1 1|1 0 0 0 1 0 0 0 0 1 0 1 0|1 0 0 1 0 0 1 0 0 0 0 1 0|0 0 1 0 0 0 0 0 0 1 1 0 0|1 0 0 0 1 0 0 0 1 1 0 1 1|0 1 0 0 0 0 0 0 0 1 1 1 0|0 0 1 0 0 0 1 0 0 1 0 0 1|1 0 1 1 0 1 1 1 1 0 1 1 0|0 1 0 0 0 1 0 1 0 1 0 1 0|0 1 1 1 1 0 1 1 0 1 1 0 1|0 0 1 0 0 0 1 0 1 0 0 1 0","0 0 1 1 1 1 0 0 1 1 1 1 1|0 0 0 0 0 0 0 0 1 0 1 1 0|1 0 0 0 1 0 1 1 0 1 1 0 0|1 0 0 0 1 0 1 0 0 0 1 0 0|1 0 1 1 0 0 1 0 0 0 0 0 0|1 0 0 0 0 0 0 0 1 0 0 0 1|0 0 1 1 1 0 0 0 0 0 1 0 0|0 0 1 0 0 0 0 0 0 1 1 0 1|1 1 0 0 0 1 0 0 0 0 1 1 0|1 0 1 0 0 0 0 1 0 0 0 0 1|1 1 1 1 0 0 1 1 1 0 0 1 1|1 1 0 0 0 0 0 0 1 0 1 0 0|1 0 0 0 0 1 0 1 0 1 1 0 0","0 0 1 1 1 1 1 0 1 1 1 1 1|0 0 0 0 0 0 0 1 1 0 1 1 0|1 0 0 0 1 1 1 1 1 1 1 1 1|1 0 0 0 1 0 1 0 0 1 1 1 0|1 0 1 1 0 0 1 0 0 0 0 1 0|1 0 1 0 0 0 0 0 1 1 1 0 1|1 0 1 1 1 0 0 0 1 1 1 1 1|0 1 1 0 0 0 0 0 0 1 1 1 1|1 1 1 0 0 1 1 0 0 1 1 1 1|1 0 1 1 0 1 1 1 1 0 1 1 1|1 1 1 1 0 1 1 1 1 1 0 1 1|1 1 1 1 1 0 1 1 1 1 1 0 1|1 0 1 0 0 1 1 1 1 1 1 1 0"
98,"ID10-13.64.2:",13,8,31291,"1, 2, 5, 6, 7, 8, 9, 10, 11, 12","1->2, 2->11, 3->3, 4->4, 5->7, 6->8, 7->5, 8->12, 9->10, 10->9, 11->1, 12->6, 13->13","1-4, 1-5, 1-7, 1-10, 2-8, 2-11, 2-12, 3-6, 3-9, 3-10, 3-12, 3-13, 4-5, 4-10, 4-12, 5-7, 5-12, 6-10, 6-11, 7-9, 7-10, 7-12, 7-13, 8-10, 8-11, 8-12, 9-10, 9-13, 10-11, 10-12, 11-12, 12-13","1-6, 1-8, 1-9, 1-11, 1-12, 2-4, 2-5, 2-7, 2-9, 3-6, 3-8, 3-9, 3-10, 3-13, 4-6, 4-7, 4-9, 5-6, 5-7, 5-9, 5-10, 5-13, 6-7, 6-9, 6-11, 6-12, 6-13, 8-9, 9-10, 9-12, 10-13, 11-12","1-4, 1-5, 1-6, 1-7, 1-8, 1-9, 1-10, 1-11, 1-12, 2-4, 2-5, 2-7, 2-8, 2-9, 2-11, 2-12, 3-6, 3-8, 3-9, 3-10, 3-12, 3-13, 4-5, 4-6, 4-7, 4-9, 4-10, 4-12, 5-6, 5-7, 5-9, 5-10, 5-12, 5-13, 6-7, 6-9, 6-10, 6-11, 6-12, 6-13, 7-9, 7-10, 7-12, 7-13, 8-9, 8-10, 8-11, 8-12, 9-10, 9-12, 9-13, 10-11, 10-12, 10-13, 11-12, 12-13",4,4,8,"0 0 0 1 1 0 1 0 0 1 0 0 0|0 0 0 0 0 0 0 1 0 0 1 1 0|0 0 0 0 0 1 0 0 1 1 0 1 1|1 0 0 0 1 0 0 0 0 1 0 1 0|1 0 0 1 0 0 1 0 0 0 0 1 0|0 0 1 0 0 0 0 0 0 1 1 0 0|1 0 0 0 1 0 0 0 1 1 0 1 1|0 1 0 0 0 0 0 0 0 1 1 1 0|0 0 1 0 0 0 1 0 0 1 0 0 1|1 0 1 1 0 1 1 1 1 0 1 1 0|0 1 0 0 0 1 0 1 0 1 0 1 0|0 1 1 1 1 0 1 1 0 1 1 0 1|0 0 1 0 0 0 1 0 1 0 0 1 0","0 0 0 0 0 1 0 1 1 0 1 1 0|0 0 0 1 1 0 1 0 1 0 0 0 0|0 0 0 0 0 1 0 1 1 1 0 0 1|0 1 0 0 0 1 1 0 1 0 0 0 0|0 1 0 0 0 1 1 0 1 1 0 0 1|1 0 1 1 1 0 1 0 1 0 1 1 1|0 1 0 1 1 1 0 0 0 0 0 0 0|1 0 1 0 0 0 0 0 1 0 0 0 0|1 1 1 1 1 1 0 1 0 1 0 1 0|0 0 1 0 1 0 0 0 1 0 0 0 1|1 0 0 0 0 1 0 0 0 0 0 1 0|1 0 0 0 0 1 0 0 1 0 1 0 0|0 0 1 0 1 1 0 0 0 1 0 0 0","0 0 0 1 1 1 1 1 1 1 1 1 0|0 0 0 1 1 0 1 1 1 0 1 1 0|0 0 0 0 0 1 0 1 1 1 0 1 1|1 1 0 0 1 1 1 0 1 1 0 1 0|1 1 0 1 0 1 1 0 1 1 0 1 1|1 0 1 1 1 0 1 0 1 1 1 1 1|1 1 0 1 1 1 0 0 1 1 0 1 1|1 1 1 0 0 0 0 0 1 1 1 1 0|1 1 1 1 1 1 1 1 0 1 0 1 1|1 0 1 1 1 1 1 1 1 0 1 1 1|1 1 0 0 0 1 0 1 0 1 0 1 0|1 1 1 1 1 1 1 1 1 1 1 0 1|0 0 1 0 1 1 1 0 1 1 0 1 0"
99,"ID10-13.64.2:",13,9,38292,"1, 2, 3, 5, 7, 8, 9, 10, 11, 12","1->11, 2->8, 3->7, 4->4, 5->3, 6->6, 7->1, 8->5, 9->12, 10->9, 11->10, 12->2, 13->13","1-4, 1-5, 1-7, 1-10, 2-8, 2-11, 2-12, 3-6, 3-9, 3-10, 3-12, 3-13, 4-5, 4-10, 4-12, 5-7, 5-12, 6-10, 6-11, 7-9, 7-10, 7-12, 7-13, 8-10, 8-11, 8-12, 9-10, 9-13, 10-11, 10-12, 11-12, 12-13","1-2, 1-3, 1-9, 1-11, 1-12, 1-13, 2-3, 2-4, 2-5, 2-7, 2-8, 2-9, 2-10, 2-13, 3-4, 3-11, 4-9, 4-11, 5-8, 5-9, 5-10, 6-7, 6-9, 6-10, 7-9, 7-12, 7-13, 8-10, 9-10, 9-11, 9-12, 12-13","1-2, 1-3, 1-4, 1-5, 1-7, 1-9, 1-10, 1-11, 1-12, 1-13, 2-3, 2-4, 2-5, 2-7, 2-8, 2-9, 2-10, 2-11, 2-12, 2-13, 3-4, 3-6, 3-9, 3-10, 3-11, 3-12, 3-13, 4-5, 4-9, 4-10, 4-11, 4-12, 5-7, 5-8, 5-9, 5-10, 5-12, 6-7, 6-9, 6-10, 6-11, 7-9, 7-10, 7-12, 7-13, 8-10, 8-11, 8-12, 9-10, 9-11, 9-12, 9-13, 10-11, 10-12, 11-12, 12-13",4,4,8,"0 0 0 1 1 0 1 0 0 1 0 0 0|0 0 0 0 0 0 0 1 0 0 1 1 0|0 0 0 0 0 1 0 0 1 1 0 1 1|1 0 0 0 1 0 0 0 0 1 0 1 0|1 0 0 1 0 0 1 0 0 0 0 1 0|0 0 1 0 0 0 0 0 0 1 1 0 0|1 0 0 0 1 0 0 0 1 1 0 1 1|0 1 0 0 0 0 0 0 0 1 1 1 0|0 0 1 0 0 0 1 0 0 1 0 0 1|1 0 1 1 0 1 1 1 1 0 1 1 0|0 1 0 0 0 1 0 1 0 1 0 1 0|0 1 1 1 1 0 1 1 0 1 1 0 1|0 0 1 0 0 0 1 0 1 0 0 1 0","0 1 1 0 0 0 0 0 1 0 1 1 1|1 0 1 1 1 0 1 1 1 1 0 0 1|1 1 0 1 0 0 0 0 0 0 1 0 0|0 1 1 0 0 0 0 0 1 0 1 0 0|0 1 0 0 0 0 0 1 1 1 0 0 0|0 0 0 0 0 0 1 0 1 1 0 0 0|0 1 0 0 0 1 0 0 1 0 0 1 1|0 1 0 0 1 0 0 0 0 1 0 0 0|1 1 0 1 1 1 1 0 0 1 1 1 0|0 1 0 0 1 1 0 1 1 0 0 0 0|1 0 1 1 0 0 0 0 1 0 0 0 0|1 0 0 0 0 0 1 0 1 0 0 0 1|1 1 0 0 0 0 1 0 0 0 0 1 0","0 1 1 1 1 0 1 0 1 1 1 1 1|1 0 1 1 1 0 1 1 1 1 1 1 1|1 1 0 1 0 1 0 0 1 1 1 1 1|1 1 1 0 1 0 0 0 1 1 1 1 0|1 1 0 1 0 0 1 1 1 1 0 1 0|0 0 1 0 0 0 1 0 1 1 1 0 0|1 1 0 0 1 1 0 0 1 1 0 1 1|0 1 0 0 1 0 0 0 0 1 1 1 0|1 1 1 1 1 1 1 0 0 1 1 1 1|1 1 1 1 1 1 1 1 1 0 1 1 0|1 1 1 1 0 1 0 1 1 1 0 1 0|1 1 1 1 1 0 1 1 1 1 1 0 1|1 1 1 0 0 0 1 0 1 0 0 1 0"
100,"ID10-13.64.2:",13,10,43237,"1, 3, 4, 5, 7, 9, 10, 11, 12, 13","1->11, 2->2, 3->5, 4->1, 5->12, 6->6, 7->4, 8->8, 9->7, 10->3, 11->9, 12->13, 13->10","1-4, 1-5, 1-7, 1-10, 2-8, 2-11, 2-12, 3-6, 3-9, 3-10, 3-12, 3-13, 4-5, 4-10, 4-12, 5-7, 5-12, 6-10, 6-11, 7-9, 7-10, 7-12, 7-13, 8-10, 8-11, 8-12, 9-10, 9-13, 10-11, 10-12, 11-12, 12-13","1-3, 1-11, 1-12, 1-13, 2-8, 2-9, 2-13, 3-4, 3-5, 3-6, 3-7, 3-8, 3-9, 3-11, 3-13, 4-7, 4-10, 4-11, 4-12, 4-13, 5-6, 5-7, 5-10, 5-13, 6-9, 7-10, 8-9, 8-13, 9-13, 10-13, 11-12, 12-13","1-3, 1-4, 1-5, 1-7, 1-10, 1-11, 1-12, 1-13, 2-8, 2-9, 2-11, 2-12, 2-13, 3-4, 3-5, 3-6, 3-7, 3-8, 3-9, 3-10, 3-11, 3-12, 3-13, 4-5, 4-7, 4-10, 4-11, 4-12, 4-13, 5-6, 5-7, 5-10, 5-12, 5-13, 6-9, 6-10, 6-11, 7-9, 7-10, 7-12, 7-13, 8-9, 8-10, 8-11, 8-12, 8-13, 9-10, 9-13, 10-11, 10-12, 10-13, 11-12, 12-13",4,4,8,"0 0 0 1 1 0 1 0 0 1 0 0 0|0 0 0 0 0 0 0 1 0 0 1 1 0|0 0 0 0 0 1 0 0 1 1 0 1 1|1 0 0 0 1 0 0 0 0 1 0 1 0|1 0 0 1 0 0 1 0 0 0 0 1 0|0 0 1 0 0 0 0 0 0 1 1 0 0|1 0 0 0 1 0 0 0 1 1 0 1 1|0 1 0 0 0 0 0 0 0 1 1 1 0|0 0 1 0 0 0 1 0 0 1 0 0 1|1 0 1 1 0 1 1 1 1 0 1 1 0|0 1 0 0 0 1 0 1 0 1 0 1 0|0 1 1 1 1 0 1 1 0 1 1 0 1|0 0 1 0 0 0 1 0 1 0 0 1 0","0 0 1 0 0 0 0 0 0 0 1 1 1|0 0 0 0 0 0 0 1 1 0 0 0 1|1 0 0 1 1 1 1 1 1 0 1 0 1|0 0 1 0 0 0 1 0 0 1 1 1 1|0 0 1 0 0 1 1 0 0 1 0 0 1|0 0 1 0 1 0 0 0 1 0 0 0 0|0 0 1 1 1 0 0 0 0 1 0 0 0|0 1 1 0 0 0 0 0 1 0 0 0 1|0 1 1 0 0 1 0 1 0 0 0 0 1|0 0 0 1 1 0 1 0 0 0 0 0 1|1 0 1 1 0 0 0 0 0 0 0 1 0|1 0 0 1 0 0 0 0 0 0 1 0 1|1 1 1 1 1 0 0 1 1 1 0 1 0","0 0 1 1 1 0 1 0 0 1 1 1 1|0 0 0 0 0 0 0 1 1 0 1 1 1|1 0 0 1 1 1 1 1 1 1 1 1 1|1 0 1 0 1 0 1 0 0 1 1 1 1|1 0 1 1 0 1 1 0 0 1 0 1 1|0 0 1 0 1 0 0 0 1 1 1 0 0|1 0 1 1 1 0 0 0 1 1 0 1 1|0 1 1 0 0 0 0 0 1 1 1 1 1|0 1 1 0 0 1 1 1 0 1 0 0 1|1 0 1 1 1 1 1 1 1 0 1 1 1|1 1 1 1 0 1 0 1 0 1 0 1 0|1 1 1 1 1 0 1 1 0 1 1 0 1|1 1 1 1 1 0 1 1 1 1 0 1 0"
101,"ID11-13.64.3:",13,1,36519,"2, 3, 4, 5, 6, 8, 9, 10, 11, 12","1->1, 2->6, 3->4, 4->11, 5->10, 6->8, 7->7, 8->12, 9->2, 10->9, 11->5, 12->3, 13->13","1-4, 1-5, 1-7, 1-11, 1-12, 2-5, 2-8, 2-9, 2-11, 3-6, 3-8, 3-10, 3-12, 4-5, 4-12, 4-13, 5-9, 5-11, 5-13, 6-8, 6-11, 6-12, 7-11, 7-12, 8-9, 8-10, 8-11, 9-10, 9-12, 9-13, 10-12, 11-12","1-3, 1-5, 1-7, 1-10, 1-11, 2-3, 2-6, 2-9, 2-10, 2-12, 2-13, 3-4, 3-5, 3-7, 3-8, 3-9, 3-11, 4-8, 4-9, 4-12, 5-6, 5-7, 5-8, 5-10, 5-12, 6-10, 6-12, 8-12, 9-12, 10-11, 10-13, 11-13","1-3, 1-4, 1-5, 1-7, 1-10, 1-11, 1-12, 2-3, 2-5, 2-6, 2-8, 2-9, 2-10, 2-11, 2-12, 2-13, 3-4, 3-5, 3-6, 3-7, 3-8, 3-9, 3-10, 3-11, 3-12, 4-5, 4-8, 4-9, 4-12, 4-13, 5-6, 5-7, 5-8, 5-9, 5-10, 5-11, 5-12, 5-13, 6-8, 6-10, 6-11, 6-12, 7-11, 7-12, 8-9, 8-10, 8-11, 8-12, 9-10, 9-12, 9-13, 10-11, 10-12, 10-13, 11-12, 11-13",4,4,8,"0 0 0 1 1 0 1 0 0 0 1 1 0|0 0 0 0 1 0 0 1 1 0 1 0 0|0 0 0 0 0 1 0 1 0 1 0 1 0|1 0 0 0 1 0 0 0 0 0 0 1 1|1 1 0 1 0 0 0 0 1 0 1 0 1|0 0 1 0 0 0 0 1 0 0 1 1 0|1 0 0 0 0 0 0 0 0 0 1 1 0|0 1 1 0 0 1 0 0 1 1 1 0 0|0 1 0 0 1 0 0 1 0 1 0 1 1|0 0 1 0 0 0 0 1 1 0 0 1 0|1 1 0 0 1 1 1 1 0 0 0 1 0|1 0 1 1 0 1 1 0 1 1 1 0 0|0 0 0 1 1 0 0 0 1 0 0 0 0","0 0 1 0 1 0 1 0 0 1 1 0 0|0 0 1 0 0 1 0 0 1 1 0 1 1|1 1 0 1 1 0 1 1 1 0 1 0 0|0 0 1 0 0 0 0 1 1 0 0 1 0|1 0 1 0 0 1 1 1 0 1 0 1 0|0 1 0 0 1 0 0 0 0 1 0 1 0|1 0 1 0 1 0 0 0 0 0 0 0 0|0 0 1 1 1 0 0 0 0 0 0 1 0|0 1 1 1 0 0 0 0 0 0 0 1 0|1 1 0 0 1 1 0 0 0 0 1 0 1|1 0 1 0 0 0 0 0 0 1 0 0 1|0 1 0 1 1 1 0 1 1 0 0 0 0|0 1 0 0 0 0 0 0 0 1 1 0 0","0 0 1 1 1 0 1 0 0 1 1 1 0|0 0 1 0 1 1 0 1 1 1 1 1 1|1 1 0 1 1 1 1 1 1 1 1 1 0|1 0 1 0 1 0 0 1 1 0 0 1 1|1 1 1 1 0 1 1 1 1 1 1 1 1|0 1 1 0 1 0 0 1 0 1 1 1 0|1 0 1 0 1 0 0 0 0 0 1 1 0|0 1 1 1 1 1 0 0 1 1 1 1 0|0 1 1 1 1 0 0 1 0 1 0 1 1|1 1 1 0 1 1 0 1 1 0 1 1 1|1 1 1 0 1 1 1 1 0 1 0 1 1|1 1 1 1 1 1 1 1 1 1 1 0 0|0 1 0 1 1 0 0 0 1 1 1 0 0"
102,"ID11-13.64.3:",13,2,44650,"1, 2, 3, 5, 6, 8, 10, 11, 12, 13","1->13, 2->8, 3->10, 4->4, 5->1, 6->2, 7->7, 8->6, 9->9, 10->11, 11->12, 12->3, 13->5","1-4, 1-5, 1-7, 1-11, 1-12, 2-5, 2-8, 2-9, 2-11, 3-6, 3-8, 3-10, 3-12, 4-5, 4-12, 4-13, 5-9, 5-11, 5-13, 6-8, 6-11, 6-12, 7-11, 7-12, 8-9, 8-10, 8-11, 9-10, 9-12, 9-13, 10-12, 11-12","1-4, 1-5, 1-8, 1-9, 1-12, 1-13, 2-3, 2-6, 2-10, 2-12, 3-4, 3-7, 3-9, 3-10, 3-11, 3-12, 3-13, 4-5, 4-13, 5-9, 6-8, 6-9, 6-10, 6-11, 6-12, 7-12, 7-13, 8-9, 8-12, 9-11, 10-11, 12-13","1-4, 1-5, 1-7, 1-8, 1-9, 1-11, 1-12, 1-13, 2-3, 2-5, 2-6, 2-8, 2-9, 2-10, 2-11, 2-12, 3-4, 3-6, 3-7, 3-8, 3-9, 3-10, 3-11, 3-12, 3-13, 4-5, 4-12, 4-13, 5-9, 5-11, 5-13, 6-8, 6-9, 6-10, 6-11, 6-12, 7-11, 7-12, 7-13, 8-9, 8-10, 8-11, 8-12, 9-10, 9-11, 9-12, 9-13, 10-11, 10-12, 11-12, 12-13",4,4,8,"0 0 0 1 1 0 1 0 0 0 1 1 0|0 0 0 0 1 0 0 1 1 0 1 0 0|0 0 0 0 0 1 0 1 0 1 0 1 0|1 0 0 0 1 0 0 0 0 0 0 1 1|1 1 0 1 0 0 0 0 1 0 1 0 1|0 0 1 0 0 0 0 1 0 0 1 1 0|1 0 0 0 0 0 0 0 0 0 1 1 0|0 1 1 0 0 1 0 0 1 1 1 0 0|0 1 0 0 1 0 0 1 0 1 0 1 1|0 0 1 0 0 0 0 1 1 0 0 1 0|1 1 0 0 1 1 1 1 0 0 0 1 0|1 0 1 1 0 1 1 0 1 1 1 0 0|0 0 0 1 1 0 0 0 1 0 0 0 0","0 0 0 1 1 0 0 1 1 0 0 1 1|0 0 1 0 0 1 0 0 0 1 0 1 0|0 1 0 1 0 0 1 0 1 1 1 1 1|1 0 1 0 1 0 0 0 0 0 0 0 1|1 0 0 1 0 0 0 0 1 0 0 0 0|0 1 0 0 0 0 0 1 1 1 1 1 0|0 0 1 0 0 0 0 0 0 0 0 1 1|1 0 0 0 0 1 0 0 1 0 0 1 0|1 0 1 0 1 1 0 1 0 0 1 0 0|0 1 1 0 0 1 0 0 0 0 1 0 0|0 0 1 0 0 1 0 0 1 1 0 0 0|1 1 1 0 0 1 1 1 0 0 0 0 1|1 0 1 1 0 0 1 0 0 0 0 1 0","0 0 0 1 1 0 1 1 1 0 1 1 1|0 0 1 0 1 1 0 1 1 1 1 1 0|0 1 0 1 0 1 1 1 1 1 1 1 1|1 0 1 0 1 0 0 0 0 0 0 1 1|1 1 0 1 0 0 0 0 1 0 1 0 1|0 1 1 0 0 0 0 1 1 1 1 1 0|1 0 1 0 0 0 0 0 0 0 1 1 1|1 1 1 0 0 1 0 0 1 1 1 1 0|1 1 1 0 1 1 0 1 0 1 1 1 1|0 1 1 0 0 1 0 1 1 0 1 1 0|1 1 1 0 1 1 1 1 1 1 0 1 0|1 1 1 1 0 1 1 1 1 1 1 0 1|1 0 1 1 1 0 1 0 1 0 0 1 0"
103,"ID11-13.64.3:",13,3,46351,"2, 3, 4, 5, 6, 8, 9, 10, 11, 12","1->1, 2->12, 3->9, 4->6, 5->8, 6->4, 7->7, 8->10, 9->5, 10->11, 11->2, 12->3, 13->13","1-4, 1-5, 1-7, 1-11, 1-12, 2-5, 2-8, 2-9, 2-11, 3-6, 3-8, 3-10, 3-12, 4-5, 4-12, 4-13, 5-9, 5-11, 5-13, 6-8, 6-11, 6-12, 7-11, 7-12, 8-9, 8-10, 8-11, 9-10, 9-12, 9-13, 10-12, 11-12","1-2, 1-3, 1-6, 1-7, 1-8, 2-3, 2-4, 2-7, 2-8, 2-10, 2-12, 3-4, 3-5, 3-6, 3-7, 3-9, 3-11, 4-9, 4-10, 5-8, 5-10, 5-11, 5-12, 5-13, 6-8, 6-13, 8-12, 8-13, 9-10, 9-11, 10-11, 10-12","1-2, 1-3, 1-4, 1-5, 1-6, 1-7, 1-8, 1-11, 1-12, 2-3, 2-4, 2-5, 2-7, 2-8, 2-9, 2-10, 2-11, 2-12, 3-4, 3-5, 3-6, 3-7, 3-8, 3-9, 3-10, 3-11, 3-12, 4-5, 4-9, 4-10, 4-12, 4-13, 5-8, 5-9, 5-10, 5-11, 5-12, 5-13, 6-8, 6-11, 6-12, 6-13, 7-11, 7-12, 8-9, 8-10, 8-11, 8-12, 8-13, 9-10, 9-11, 9-12, 9-13, 10-11, 10-12, 11-12",4,4,8,"0 0 0 1 1 0 1 0 0 0 1 1 0|0 0 0 0 1 0 0 1 1 0 1 0 0|0 0 0 0 0 1 0 1 0 1 0 1 0|1 0 0 0 1 0 0 0 0 0 0 1 1|1 1 0 1 0 0 0 0 1 0 1 0 1|0 0 1 0 0 0 0 1 0 0 1 1 0|1 0 0 0 0 0 0 0 0 0 1 1 0|0 1 1 0 0 1 0 0 1 1 1 0 0|0 1 0 0 1 0 0 1 0 1 0 1 1|0 0 1 0 0 0 0 1 1 0 0 1 0|1 1 0 0 1 1 1 1 0 0 0 1 0|1 0 1 1 0 1 1 0 1 1 1 0 0|0 0 0 1 1 0 0 0 1 0 0 0 0","0 1 1 0 0 1 1 1 0 0 0 0 0|1 0 1 1 0 0 1 1 0 1 0 1 0|1 1 0 1 1 1 1 0 1 0 1 0 0|0 1 1 0 0 0 0 0 1 1 0 0 0|0 0 1 0 0 0 0 1 0 1 1 1 1|1 0 1 0 0 0 0 1 0 0 0 0 1|1 1 1 0 0 0 0 0 0 0 0 0 0|1 1 0 0 1 1 0 0 0 0 0 1 1|0 0 1 1 0 0 0 0 0 1 1 0 0|0 1 0 1 1 0 0 0 1 0 1 1 0|0 0 1 0 1 0 0 0 1 1 0 0 0|0 1 0 0 1 0 0 1 0 1 0 0 0|0 0 0 0 1 1 0 1 0 0 0 0 0","0 1 1 1 1 1 1 1 0 0 1 1 0|1 0 1 1 1 0 1 1 1 1 1 1 0|1 1 0 1 1 1 1 1 1 1 1 1 0|1 1 1 0 1 0 0 0 1 1 0 1 1|1 1 1 1 0 0 0 1 1 1 1 1 1|1 0 1 0 0 0 0 1 0 0 1 1 1|1 1 1 0 0 0 0 0 0 0 1 1 0|1 1 1 0 1 1 0 0 1 1 1 1 1|0 1 1 1 1 0 0 1 0 1 1 1 1|0 1 1 1 1 0 0 1 1 0 1 1 0|1 1 1 0 1 1 1 1 1 1 0 1 0|1 1 1 1 1 1 1 1 1 1 1 0 0|0 0 0 1 1 1 0 1 1 0 0 0 0"
104,"ID11-13.64.3:",13,4,64231,"2, 3, 6, 7, 8, 9, 10, 11, 12, 13","1->1, 2->8, 3->6, 4->4, 5->5, 6->2, 7->13, 8->3, 9->11, 10->9, 11->12, 12->10, 13->7","1-4, 1-5, 1-7, 1-11, 1-12, 2-5, 2-8, 2-9, 2-11, 3-6, 3-8, 3-10, 3-12, 4-5, 4-12, 4-13, 5-9, 5-11, 5-13, 6-8, 6-11, 6-12, 7-11, 7-12, 8-9, 8-10, 8-11, 9-10, 9-12, 9-13, 10-12, 11-12","1-4, 1-5, 1-10, 1-12, 1-13, 2-3, 2-6, 2-10, 2-12, 3-6, 3-8, 3-9, 3-11, 3-12, 4-5, 4-7, 4-10, 5-7, 5-8, 5-11, 5-12, 6-9, 6-10, 7-11, 8-11, 8-12, 9-10, 9-11, 10-11, 10-12, 10-13, 12-13","1-4, 1-5, 1-7, 1-10, 1-11, 1-12, 1-13, 2-3, 2-5, 2-6, 2-8, 2-9, 2-10, 2-11, 2-12, 3-6, 3-8, 3-9, 3-10, 3-11, 3-12, 4-5, 4-7, 4-10, 4-12, 4-13, 5-7, 5-8, 5-9, 5-11, 5-12, 5-13, 6-8, 6-9, 6-10, 6-11, 6-12, 7-11, 7-12, 8-9, 8-10, 8-11, 8-12, 9-10, 9-11, 9-12, 9-13, 10-11, 10-12, 10-13, 11-12, 12-13",4,4,8,"0 0 0 1 1 0 1 0 0 0 1 1 0|0 0 0 0 1 0 0 1 1 0 1 0 0|0 0 0 0 0 1 0 1 0 1 0 1 0|1 0 0 0 1 0 0 0 0 0 0 1 1|1 1 0 1 0 0 0 0 1 0 1 0 1|0 0 1 0 0 0 0 1 0 0 1 1 0|1 0 0 0 0 0 0 0 0 0 1 1 0|0 1 1 0 0 1 0 0 1 1 1 0 0|0 1 0 0 1 0 0 1 0 1 0 1 1|0 0 1 0 0 0 0 1 1 0 0 1 0|1 1 0 0 1 1 1 1 0 0 0 1 0|1 0 1 1 0 1 1 0 1 1 1 0 0|0 0 0 1 1 0 0 0 1 0 0 0 0","0 0 0 1 1 0 0 0 0 1 0 1 1|0 0 1 0 0 1 0 0 0 1 0 1 0|0 1 0 0 0 1 0 1 1 0 1 1 0|1 0 0 0 1 0 1 0 0 1 0 0 0|1 0 0 1 0 0 1 1 0 0 1 1 0|0 1 1 0 0 0 0 0 1 1 0 0 0|0 0 0 1 1 0 0 0 0 0 1 0 0|0 0 1 0 1 0 0 0 0 0 1 1 0|0 0 1 0 0 1 0 0 0 1 1 0 0|1 1 0 1 0 1 0 0 1 0 1 1 1|0 0 1 0 1 0 1 1 1 1 0 0 0|1 1 1 0 1 0 0 1 0 1 0 0 1|1 0 0 0 0 0 0 0 0 1 0 1 0","0 0 0 1 1 0 1 0 0 1 1 1 1|0 0 1 0 1 1 0 1 1 1 1 1 0|0 1 0 0 0 1 0 1 1 1 1 1 0|1 0 0 0 1 0 1 0 0 1 0 1 1|1 1 0 1 0 0 1 1 1 0 1 1 1|0 1 1 0 0 0 0 1 1 1 1 1 0|1 0 0 1 1 0 0 0 0 0 1 1 0|0 1 1 0 1 1 0 0 1 1 1 1 0|0 1 1 0 1 1 0 1 0 1 1 1 1|1 1 1 1 0 1 0 1 1 0 1 1 1|1 1 1 0 1 1 1 1 1 1 0 1 0|1 1 1 1 1 1 1 1 1 1 1 0 1|1 0 0 1 1 0 0 0 1 1 0 1 0"
105,"ID11-13.64.3:",13,5,149840,"1, 4, 5, 6, 8, 9, 10, 11, 12, 13","1->8, 2->2, 3->3, 4->9, 5->13, 6->1, 7->7, 8->4, 9->10, 10->6, 11->12, 12->5, 13->11","1-4, 1-5, 1-7, 1-11, 1-12, 2-5, 2-8, 2-9, 2-11, 3-6, 3-8, 3-10, 3-12, 4-5, 4-12, 4-13, 5-9, 5-11, 5-13, 6-8, 6-11, 6-12, 7-11, 7-12, 8-9, 8-10, 8-11, 9-10, 9-12, 9-13, 10-12, 11-12","1-3, 1-4, 1-5, 1-12, 2-4, 2-10, 2-12, 2-13, 3-4, 3-5, 3-6, 4-6, 4-10, 4-12, 5-6, 5-7, 5-8, 5-9, 5-10, 5-12, 6-10, 7-8, 7-12, 8-9, 8-12, 8-13, 9-11, 9-13, 10-11, 10-13, 11-13, 12-13","1-3, 1-4, 1-5, 1-7, 1-11, 1-12, 2-4, 2-5, 2-8, 2-9, 2-10, 2-11, 2-12, 2-13, 3-4, 3-5, 3-6, 3-8, 3-10, 3-12, 4-5, 4-6, 4-10, 4-12, 4-13, 5-6, 5-7, 5-8, 5-9, 5-10, 5-11, 5-12, 5-13, 6-8, 6-10, 6-11, 6-12, 7-8, 7-11, 7-12, 8-9, 8-10, 8-11, 8-12, 8-13, 9-10, 9-11, 9-12, 9-13, 10-11, 10-12, 10-13, 11-12, 11-13, 12-13",4,4,8,"0 0 0 1 1 0 1 0 0 0 1 1 0|0 0 0 0 1 0 0 1 1 0 1 0 0|0 0 0 0 0 1 0 1 0 1 0 1 0|1 0 0 0 1 0 0 0 0 0 0 1 1|1 1 0 1 0 0 0 0 1 0 1 0 1|0 0 1 0 0 0 0 1 0 0 1 1 0|1 0 0 0 0 0 0 0 0 0 1 1 0|0 1 1 0 0 1 0 0 1 1 1 0 0|0 1 0 0 1 0 0 1 0 1 0 1 1|0 0 1 0 0 0 0 1 1 0 0 1 0|1 1 0 0 1 1 1 1 0 0 0 1 0|1 0 1 1 0 1 1 0 1 1 1 0 0|0 0 0 1 1 0 0 0 1 0 0 0 0","0 0 1 1 1 0 0 0 0 0 0 1 0|0 0 0 1 0 0 0 0 0 1 0 1 1|1 0 0 1 1 1 0 0 0 0 0 0 0|1 1 1 0 0 1 0 0 0 1 0 1 0|1 0 1 0 0 1 1 1 1 1 0 1 0|0 0 1 1 1 0 0 0 0 1 0 0 0|0 0 0 0 1 0 0 1 0 0 0 1 0|0 0 0 0 1 0 1 0 1 0 0 1 1|0 0 0 0 1 0 0 1 0 0 1 0 1|0 1 0 1 1 1 0 0 0 0 1 0 1|0 0 0 0 0 0 0 0 1 1 0 0 1|1 1 0 1 1 0 1 1 0 0 0 0 1|0 1 0 0 0 0 0 1 1 1 1 1 0","0 0 1 1 1 0 1 0 0 0 1 1 0|0 0 0 1 1 0 0 1 1 1 1 1 1|1 0 0 1 1 1 0 1 0 1 0 1 0|1 1 1 0 1 1 0 0 0 1 0 1 1|1 1 1 1 0 1 1 1 1 1 1 1 1|0 0 1 1 1 0 0 1 0 1 1 1 0|1 0 0 0 1 0 0 1 0 0 1 1 0|0 1 1 0 1 1 1 0 1 1 1 1 1|0 1 0 0 1 0 0 1 0 1 1 1 1|0 1 1 1 1 1 0 1 1 0 1 1 1|1 1 0 0 1 1 1 1 1 1 0 1 1|1 1 1 1 1 1 1 1 1 1 1 0 1|0 1 0 1 1 0 0 1 1 1 1 1 0"
106,"ID11-13.64.3:",13,6,154128,"2, 3, 4, 5, 6, 8, 9, 11, 12, 13","1->1, 2->9, 3->12, 4->11, 5->2, 6->8, 7->7, 8->5, 9->6, 10->10, 11->3, 12->13, 13->4","1-4, 1-5, 1-7, 1-11, 1-12, 2-5, 2-8, 2-9, 2-11, 3-6, 3-8, 3-10, 3-12, 4-5, 4-12, 4-13, 5-9, 5-11, 5-13, 6-8, 6-11, 6-12, 7-11, 7-12, 8-9, 8-10, 8-11, 9-10, 9-12, 9-13, 10-12, 11-12","1-2, 1-3, 1-7, 1-11, 1-13, 2-3, 2-4, 2-6, 2-9, 2-11, 3-5, 3-7, 3-8, 3-9, 3-13, 4-6, 4-11, 5-6, 5-8, 5-9, 5-10, 5-12, 6-9, 6-10, 6-13, 7-13, 8-12, 8-13, 10-12, 10-13, 11-13, 12-13","1-2, 1-3, 1-4, 1-5, 1-7, 1-11, 1-12, 1-13, 2-3, 2-4, 2-5, 2-6, 2-8, 2-9, 2-11, 3-5, 3-6, 3-7, 3-8, 3-9, 3-10, 3-12, 3-13, 4-5, 4-6, 4-11, 4-12, 4-13, 5-6, 5-8, 5-9, 5-10, 5-11, 5-12, 5-13, 6-8, 6-9, 6-10, 6-11, 6-12, 6-13, 7-11, 7-12, 7-13, 8-9, 8-10, 8-11, 8-12, 8-13, 9-10, 9-12, 9-13, 10-12, 10-13, 11-12, 11-13, 12-13",4,4,8,"0 0 0 1 1 0 1 0 0 0 1 1 0|0 0 0 0 1 0 0 1 1 0 1 0 0|0 0 0 0 0 1 0 1 0 1 0 1 0|1 0 0 0 1 0 0 0 0 0 0 1 1|1 1 0 1 0 0 0 0 1 0 1 0 1|0 0 1 0 0 0 0 1 0 0 1 1 0|1 0 0 0 0 0 0 0 0 0 1 1 0|0 1 1 0 0 1 0 0 1 1 1 0 0|0 1 0 0 1 0 0 1 0 1 0 1 1|0 0 1 0 0 0 0 1 1 0 0 1 0|1 1 0 0 1 1 1 1 0 0 0 1 0|1 0 1 1 0 1 1 0 1 1 1 0 0|0 0 0 1 1 0 0 0 1 0 0 0 0","0 1 1 0 0 0 1 0 0 0 1 0 1|1 0 1 1 0 1 0 0 1 0 1 0 0|1 1 0 0 1 0 1 1 1 0 0 0 1|0 1 0 0 0 1 0 0 0 0 1 0 0|0 0 1 0 0 1 0 1 1 1 0 1 0|0 1 0 1 1 0 0 0 1 1 0 0 1|1 0 1 0 0 0 0 0 0 0 0 0 1|0 0 1 0 1 0 0 0 0 0 0 1 1|0 1 1 0 1 1 0 0 0 0 0 0 0|0 0 0 0 1 1 0 0 0 0 0 1 1|1 1 0 1 0 0 0 0 0 0 0 0 1|0 0 0 0 1 0 0 1 0 1 0 0 1|1 0 1 0 0 1 1 1 0 1 1 1 0","0 1 1 1 1 0 1 0 0 0 1 1 1|1 0 1 1 1 1 0 1 1 0 1 0 0|1 1 0 0 1 1 1 1 1 1 0 1 1|1 1 0 0 1 1 0 0 0 0 1 1 1|1 1 1 1 0 1 0 1 1 1 1 1 1|0 1 1 1 1 0 0 1 1 1 1 1 1|1 0 1 0 0 0 0 0 0 0 1 1 1|0 1 1 0 1 1 0 0 1 1 1 1 1|0 1 1 0 1 1 0 1 0 1 0 1 1|0 0 1 0 1 1 0 1 1 0 0 1 1|1 1 0 1 1 1 1 1 0 0 0 1 1|1 0 1 1 1 1 1 1 1 1 1 0 1|1 0 1 1 1 1 1 1 1 1 1 1 0"
107,"ID11-13.64.3:",13,7,159356,"1, 2, 4, 6, 7, 8, 9, 11, 12, 13","1->12, 2->4, 3->3, 4->6, 5->5, 6->1, 7->8, 8->9, 9->11, 10->10, 11->7, 12->13, 13->2","1-4, 1-5, 1-7, 1-11, 1-12, 2-5, 2-8, 2-9, 2-11, 3-6, 3-8, 3-10, 3-12, 4-5, 4-12, 4-13, 5-9, 5-11, 5-13, 6-8, 6-11, 6-12, 7-11, 7-12, 8-9, 8-10, 8-11, 9-10, 9-12, 9-13, 10-12, 11-12","1-3, 1-7, 1-9, 1-13, 2-5, 2-6, 2-11, 3-9, 3-10, 3-13, 4-5, 4-7, 4-9, 4-11, 5-6, 5-7, 5-11, 5-12, 6-12, 6-13, 7-8, 7-9, 7-12, 7-13, 8-12, 8-13, 9-10, 9-11, 10-11, 10-13, 11-13, 12-13","1-3, 1-4, 1-5, 1-7, 1-9, 1-11, 1-12, 1-13, 2-5, 2-6, 2-8, 2-9, 2-11, 3-6, 3-8, 3-9, 3-10, 3-12, 3-13, 4-5, 4-7, 4-9, 4-11, 4-12, 4-13, 5-6, 5-7, 5-9, 5-11, 5-12, 5-13, 6-8, 6-11, 6-12, 6-13, 7-8, 7-9, 7-11, 7-12, 7-13, 8-9, 8-10, 8-11, 8-12, 8-13, 9-10, 9-11, 9-12, 9-13, 10-11, 10-12, 10-13, 11-12, 11-13, 12-13",4,4,8,"0 0 0 1 1 0 1 0 0 0 1 1 0|0 0 0 0 1 0 0 1 1 0 1 0 0|0 0 0 0 0 1 0 1 0 1 0 1 0|1 0 0 0 1 0 0 0 0 0 0 1 1|1 1 0 1 0 0 0 0 1 0 1 0 1|0 0 1 0 0 0 0 1 0 0 1 1 0|1 0 0 0 0 0 0 0 0 0 1 1 0|0 1 1 0 0 1 0 0 1 1 1 0 0|0 1 0 0 1 0 0 1 0 1 0 1 1|0 0 1 0 0 0 0 1 1 0 0 1 0|1 1 0 0 1 1 1 1 0 0 0 1 0|1 0 1 1 0 1 1 0 1 1 1 0 0|0 0 0 1 1 0 0 0 1 0 0 0 0","0 0 1 0 0 0 1 0 1 0 0 0 1|0 0 0 0 1 1 0 0 0 0 1 0 0|1 0 0 0 0 0 0 0 1 1 0 0 1|0 0 0 0 1 0 1 0 1 0 1 0 0|0 1 0 1 0 1 1 0 0 0 1 1 0|0 1 0 0 1 0 0 0 0 0 0 1 1|1 0 0 1 1 0 0 1 1 0 0 1 1|0 0 0 0 0 0 1 0 0 0 0 1 1|1 0 1 1 0 0 1 0 0 1 1 0 0|0 0 1 0 0 0 0 0 1 0 1 0 1|0 1 0 1 1 0 0 0 1 1 0 0 1|0 0 0 0 1 1 1 1 0 0 0 0 1|1 0 1 0 0 1 1 1 0 1 1 1 0","0 0 1 1 1 0 1 0 1 0 1 1 1|0 0 0 0 1 1 0 1 1 0 1 0 0|1 0 0 0 0 1 0 1 1 1 0 1 1|1 0 0 0 1 0 1 0 1 0 1 1 1|1 1 0 1 0 1 1 0 1 0 1 1 1|0 1 1 0 1 0 0 1 0 0 1 1 1|1 0 0 1 1 0 0 1 1 0 1 1 1|0 1 1 0 0 1 1 0 1 1 1 1 1|1 1 1 1 1 0 1 1 0 1 1 1 1|0 0 1 0 0 0 0 1 1 0 1 1 1|1 1 0 1 1 1 1 1 1 1 0 1 1|1 0 1 1 1 1 1 1 1 1 1 0 1|1 0 1 1 1 1 1 1 1 1 1 1 0"
108,"ID11-13.64.3:",13,8,193680,"1, 2, 3, 4, 5, 6, 9, 10, 11, 12","1->4, 2->6, 3->2, 4->11, 5->10, 6->9, 7->7, 8->8, 9->5, 10->12, 11->1, 12->3, 13->13","1-4, 1-5, 1-7, 1-11, 1-12, 2-5, 2-8, 2-9, 2-11, 3-6, 3-8, 3-10, 3-12, 4-5, 4-12, 4-13, 5-9, 5-11, 5-13, 6-8, 6-11, 6-12, 7-11, 7-12, 8-9, 8-10, 8-11, 9-10, 9-12, 9-13, 10-12, 11-12","1-3, 1-4, 1-6, 1-7, 1-8, 1-9, 1-10, 2-3, 2-8, 2-9, 2-12, 3-4, 3-5, 3-7, 3-9, 3-11, 3-12, 4-7, 4-10, 4-11, 5-6, 5-8, 5-10, 5-12, 5-13, 6-8, 6-10, 8-9, 8-12, 10-11, 10-13, 11-13","1-3, 1-4, 1-5, 1-6, 1-7, 1-8, 1-9, 1-10, 1-11, 1-12, 2-3, 2-5, 2-8, 2-9, 2-11, 2-12, 3-4, 3-5, 3-6, 3-7, 3-8, 3-9, 3-10, 3-11, 3-12, 4-5, 4-7, 4-10, 4-11, 4-12, 4-13, 5-6, 5-8, 5-9, 5-10, 5-11, 5-12, 5-13, 6-8, 6-10, 6-11, 6-12, 7-11, 7-12, 8-9, 8-10, 8-11, 8-12, 9-10, 9-12, 9-13, 10-11, 10-12, 10-13, 11-12, 11-13",4,4,8,"0 0 0 1 1 0 1 0 0 0 1 1 0|0 0 0 0 1 0 0 1 1 0 1 0 0|0 0 0 0 0 1 0 1 0 1 0 1 0|1 0 0 0 1 0 0 0 0 0 0 1 1|1 1 0 1 0 0 0 0 1 0 1 0 1|0 0 1 0 0 0 0 1 0 0 1 1 0|1 0 0 0 0 0 0 0 0 0 1 1 0|0 1 1 0 0 1 0 0 1 1 1 0 0|0 1 0 0 1 0 0 1 0 1 0 1 1|0 0 1 0 0 0 0 1 1 0 0 1 0|1 1 0 0 1 1 1 1 0 0 0 1 0|1 0 1 1 0 1 1 0 1 1 1 0 0|0 0 0 1 1 0 0 0 1 0 0 0 0","0 0 1 1 0 1 1 1 1 1 0 0 0|0 0 1 0 0 0 0 1 1 0 0 1 0|1 1 0 1 1 0 1 0 1 0 1 1 0|1 0 1 0 0 0 1 0 0 1 1 0 0|0 0 1 0 0 1 0 1 0 1 0 1 1|1 0 0 0 1 0 0 1 0 1 0 0 0|1 0 1 1 0 0 0 0 0 0 0 0 0|1 1 0 0 1 1 0 0 1 0 0 1 0|1 1 1 0 0 0 0 1 0 0 0 0 0|1 0 0 1 1 1 0 0 0 0 1 0 1|0 0 1 1 0 0 0 0 0 1 0 0 1|0 1 1 0 1 0 0 1 0 0 0 0 0|0 0 0 0 1 0 0 0 0 1 1 0 0","0 0 1 1 1 1 1 1 1 1 1 1 0|0 0 1 0 1 0 0 1 1 0 1 1 0|1 1 0 1 1 1 1 1 1 1 1 1 0|1 0 1 0 1 0 1 0 0 1 1 1 1|1 1 1 1 0 1 0 1 1 1 1 1 1|1 0 1 0 1 0 0 1 0 1 1 1 0|1 0 1 1 0 0 0 0 0 0 1 1 0|1 1 1 0 1 1 0 0 1 1 1 1 0|1 1 1 0 1 0 0 1 0 1 0 1 1|1 0 1 1 1 1 0 1 1 0 1 1 1|1 1 1 1 1 1 1 1 0 1 0 1 1|1 1 1 1 1 1 1 1 1 1 1 0 0|0 0 0 1 1 0 0 0 1 1 1 0 0"
109,"ID11-13.64.3:",13,9,210003,"1, 2, 3, 4, 5, 6, 7, 8, 11, 12","1->5, 2->4, 3->6, 4->8, 5->7, 6->3, 7->12, 8->11, 9->9, 10->10, 11->2, 12->1, 13->13","1-4, 1-5, 1-7, 1-11, 1-12, 2-5, 2-8, 2-9, 2-11, 3-6, 3-8, 3-10, 3-12, 4-5, 4-12, 4-13, 5-9, 5-11, 5-13, 6-8, 6-11, 6-12, 7-11, 7-12, 8-9, 8-10, 8-11, 9-10, 9-12, 9-13, 10-12, 11-12","1-2, 1-3, 1-5, 1-6, 1-8, 1-9, 1-10, 1-12, 2-3, 2-4, 2-5, 2-7, 2-11, 2-12, 3-6, 3-11, 4-7, 4-9, 4-11, 5-7, 5-8, 5-12, 6-10, 6-11, 7-8, 7-9, 7-13, 8-13, 9-10, 9-11, 9-13, 10-11","1-2, 1-3, 1-4, 1-5, 1-6, 1-7, 1-8, 1-9, 1-10, 1-11, 1-12, 2-3, 2-4, 2-5, 2-7, 2-8, 2-9, 2-11, 2-12, 3-6, 3-8, 3-10, 3-11, 3-12, 4-5, 4-7, 4-9, 4-11, 4-12, 4-13, 5-7, 5-8, 5-9, 5-11, 5-12, 5-13, 6-8, 6-10, 6-11, 6-12, 7-8, 7-9, 7-11, 7-12, 7-13, 8-9, 8-10, 8-11, 8-13, 9-10, 9-11, 9-12, 9-13, 10-11, 10-12, 11-12",4,4,8,"0 0 0 1 1 0 1 0 0 0 1 1 0|0 0 0 0 1 0 0 1 1 0 1 0 0|0 0 0 0 0 1 0 1 0 1 0 1 0|1 0 0 0 1 0 0 0 0 0 0 1 1|1 1 0 1 0 0 0 0 1 0 1 0 1|0 0 1 0 0 0 0 1 0 0 1 1 0|1 0 0 0 0 0 0 0 0 0 1 1 0|0 1 1 0 0 1 0 0 1 1 1 0 0|0 1 0 0 1 0 0 1 0 1 0 1 1|0 0 1 0 0 0 0 1 1 0 0 1 0|1 1 0 0 1 1 1 1 0 0 0 1 0|1 0 1 1 0 1 1 0 1 1 1 0 0|0 0 0 1 1 0 0 0 1 0 0 0 0","0 1 1 0 1 1 0 1 1 1 0 1 0|1 0 1 1 1 0 1 0 0 0 1 1 0|1 1 0 0 0 1 0 0 0 0 1 0 0|0 1 0 0 0 0 1 0 1 0 1 0 0|1 1 0 0 0 0 1 1 0 0 0 1 0|1 0 1 0 0 0 0 0 0 1 1 0 0|0 1 0 1 1 0 0 1 1 0 0 0 1|1 0 0 0 1 0 1 0 0 0 0 0 1|1 0 0 1 0 0 1 0 0 1 1 0 1|1 0 0 0 0 1 0 0 1 0 1 0 0|0 1 1 1 0 1 0 0 1 1 0 0 0|1 1 0 0 1 0 0 0 0 0 0 0 0|0 0 0 0 0 0 1 1 1 0 0 0 0","0 1 1 1 1 1 1 1 1 1 1 1 0|1 0 1 1 1 0 1 1 1 0 1 1 0|1 1 0 0 0 1 0 1 0 1 1 1 0|1 1 0 0 1 0 1 0 1 0 1 1 1|1 1 0 1 0 0 1 1 1 0 1 1 1|1 0 1 0 0 0 0 1 0 1 1 1 0|1 1 0 1 1 0 0 1 1 0 1 1 1|1 1 1 0 1 1 1 0 1 1 1 0 1|1 1 0 1 1 0 1 1 0 1 1 1 1|1 0 1 0 0 1 0 1 1 0 1 1 0|1 1 1 1 1 1 1 1 1 1 0 1 0|1 1 1 1 1 1 1 0 1 1 1 0 0|0 0 0 1 1 0 1 1 1 0 0 0 0"
110,"ID11-13.64.3:",13,10,236763,"2, 3, 4, 5, 6, 8, 9, 11, 12, 13","1->1, 2->9, 3->12, 4->5, 5->11, 6->8, 7->7, 8->4, 9->6, 10->10, 11->3, 12->13, 13->2","1-4, 1-5, 1-7, 1-11, 1-12, 2-5, 2-8, 2-9, 2-11, 3-6, 3-8, 3-10, 3-12, 4-5, 4-12, 4-13, 5-9, 5-11, 5-13, 6-8, 6-11, 6-12, 7-11, 7-12, 8-9, 8-10, 8-11, 9-10, 9-12, 9-13, 10-12, 11-12","1-3, 1-5, 1-7, 1-11, 1-13, 2-5, 2-6, 2-11, 3-4, 3-7, 3-8, 3-9, 3-11, 3-13, 4-6, 4-8, 4-9, 4-10, 4-12, 5-11, 5-13, 6-9, 6-10, 6-11, 6-13, 7-13, 8-12, 8-13, 9-11, 10-12, 10-13, 12-13","1-3, 1-4, 1-5, 1-7, 1-11, 1-12, 1-13, 2-5, 2-6, 2-8, 2-9, 2-11, 3-4, 3-6, 3-7, 3-8, 3-9, 3-10, 3-11, 3-12, 3-13, 4-5, 4-6, 4-8, 4-9, 4-10, 4-12, 4-13, 5-9, 5-11, 5-13, 6-8, 6-9, 6-10, 6-11, 6-12, 6-13, 7-11, 7-12, 7-13, 8-9, 8-10, 8-11, 8-12, 8-13, 9-10, 9-11, 9-12, 9-13, 10-12, 10-13, 11-12, 12-13",4,4,8,"0 0 0 1 1 0 1 0 0 0 1 1 0|0 0 0 0 1 0 0 1 1 0 1 0 0|0 0 0 0 0 1 0 1 0 1 0 1 0|1 0 0 0 1 0 0 0 0 0 0 1 1|1 1 0 1 0 0 0 0 1 0 1 0 1|0 0 1 0 0 0 0 1 0 0 1 1 0|1 0 0 0 0 0 0 0 0 0 1 1 0|0 1 1 0 0 1 0 0 1 1 1 0 0|0 1 0 0 1 0 0 1 0 1 0 1 1|0 0 1 0 0 0 0 1 1 0 0 1 0|1 1 0 0 1 1 1 1 0 0 0 1 0|1 0 1 1 0 1 1 0 1 1 1 0 0|0 0 0 1 1 0 0 0 1 0 0 0 0","0 0 1 0 1 0 1 0 0 0 1 0 1|0 0 0 0 1 1 0 0 0 0 1 0 0|1 0 0 1 0 0 1 1 1 0 1 0 1|0 0 1 0 0 1 0 1 1 1 0 1 0|1 1 0 0 0 0 0 0 0 0 1 0 1|0 1 0 1 0 0 0 0 1 1 1 0 1|1 0 1 0 0 0 0 0 0 0 0 0 1|0 0 1 1 0 0 0 0 0 0 0 1 1|0 0 1 1 0 1 0 0 0 0 1 0 0|0 0 0 1 0 1 0 0 0 0 0 1 1|1 1 1 0 1 1 0 0 1 0 0 0 0|0 0 0 1 0 0 0 1 0 1 0 0 1|1 0 1 0 1 1 1 1 0 1 0 1 0","0 0 1 1 1 0 1 0 0 0 1 1 1|0 0 0 0 1 1 0 1 1 0 1 0 0|1 0 0 1 0 1 1 1 1 1 1 1 1|1 0 1 0 1 1 0 1 1 1 0 1 1|1 1 0 1 0 0 0 0 1 0 1 0 1|0 1 1 1 0 0 0 1 1 1 1 1 1|1 0 1 0 0 0 0 0 0 0 1 1 1|0 1 1 1 0 1 0 0 1 1 1 1 1|0 1 1 1 1 1 0 1 0 1 1 1 1|0 0 1 1 0 1 0 1 1 0 0 1 1|1 1 1 0 1 1 1 1 1 0 0 1 0|1 0 1 1 0 1 1 1 1 1 1 0 1|1 0 1 1 1 1 1 1 1 1 0 1 0"
111,"ID12-13.64.4:",13,1,2019,"1, 3, 5, 6, 7, 8, 10, 11, 12, 13","1->12, 2->2, 3->8, 4->4, 5->11, 6->13, 7->1, 8->7, 9->9, 10->3, 11->6, 12->5, 13->10","1-7, 1-10, 1-12, 1-13, 2-4, 2-8, 2-11, 3-6, 3-12, 3-13, 4-6, 4-8, 4-11, 4-12, 5-7, 5-10, 5-11, 5-13, 6-8, 6-12, 6-13, 7-9, 7-11, 7-12, 8-11, 8-13, 9-11, 9-12, 10-13, 11-12, 11-13, 12-13","1-5, 1-6, 1-9, 1-11, 1-12, 2-4, 2-6, 2-7, 3-10, 3-11, 3-12, 4-5, 4-6, 4-7, 4-13, 5-6, 5-8, 5-9, 5-10, 5-12, 5-13, 6-7, 6-9, 6-10, 6-11, 7-10, 7-13, 8-10, 8-13, 10-11, 10-12, 10-13","1-5, 1-6, 1-7, 1-9, 1-10, 1-11, 1-12, 1-13, 2-4, 2-6, 2-7, 2-8, 2-11, 3-6, 3-10, 3-11, 3-12, 3-13, 4-5, 4-6, 4-7, 4-8, 4-11, 4-12, 4-13, 5-6, 5-7, 5-8, 5-9, 5-10, 5-11, 5-12, 5-13, 6-7, 6-8, 6-9, 6-10, 6-11, 6-12, 6-13, 7-9, 7-10, 7-11, 7-12, 7-13, 8-10, 8-11, 8-13, 9-11, 9-12, 10-11, 10-12, 10-13, 11-12, 11-13, 12-13",4,4,8,"0 0 0 0 0 0 1 0 0 1 0 1 1|0 0 0 1 0 0 0 1 0 0 1 0 0|0 0 0 0 0 1 0 0 0 0 0 1 1|0 1 0 0 0 1 0 1 0 0 1 1 0|0 0 0 0 0 0 1 0 0 1 1 0 1|0 0 1 1 0 0 0 1 0 0 0 1 1|1 0 0 0 1 0 0 0 1 0 1 1 0|0 1 0 1 0 1 0 0 0 0 1 0 1|0 0 0 0 0 0 1 0 0 0 1 1 0|1 0 0 0 1 0 0 0 0 0 0 0 1|0 1 0 1 1 0 1 1 1 0 0 1 1|1 0 1 1 0 1 1 0 1 0 1 0 1|1 0 1 0 1 1 0 1 0 1 1 1 0","0 0 0 0 1 1 0 0 1 0 1 1 0|0 0 0 1 0 1 1 0 0 0 0 0 0|0 0 0 0 0 0 0 0 0 1 1 1 0|0 1 0 0 1 1 1 0 0 0 0 0 1|1 0 0 1 0 1 0 1 1 1 0 1 1|1 1 0 1 1 0 1 0 1 1 1 0 0|0 1 0 1 0 1 0 0 0 1 0 0 1|0 0 0 0 1 0 0 0 0 1 0 0 1|1 0 0 0 1 1 0 0 0 0 0 0 0|0 0 1 0 1 1 1 1 0 0 1 1 1|1 0 1 0 0 1 0 0 0 1 0 0 0|1 0 1 0 1 0 0 0 0 1 0 0 0|0 0 0 1 1 0 1 1 0 1 0 0 0","0 0 0 0 1 1 1 0 1 1 1 1 1|0 0 0 1 0 1 1 1 0 0 1 0 0|0 0 0 0 0 1 0 0 0 1 1 1 1|0 1 0 0 1 1 1 1 0 0 1 1 1|1 0 0 1 0 1 1 1 1 1 1 1 1|1 1 1 1 1 0 1 1 1 1 1 1 1|1 1 0 1 1 1 0 0 1 1 1 1 1|0 1 0 1 1 1 0 0 0 1 1 0 1|1 0 0 0 1 1 1 0 0 0 1 1 0|1 0 1 0 1 1 1 1 0 0 1 1 1|1 1 1 1 1 1 1 1 1 1 0 1 1|1 0 1 1 1 1 1 0 1 1 1 0 1|1 0 1 1 1 1 1 1 0 1 1 1 0"
112,"ID12-13.64.4:",13,2,4241,"1, 2, 3, 5, 6, 7, 8, 11, 12, 13","1->12, 2->13, 3->11, 4->4, 5->6, 6->3, 7->5, 8->7, 9->9, 10->10, 11->2, 12->1, 13->8","1-7, 1-10, 1-12, 1-13, 2-4, 2-8, 2-11, 3-6, 3-12, 3-13, 4-6, 4-8, 4-11, 4-12, 5-7, 5-10, 5-11, 5-13, 6-8, 6-12, 6-13, 7-9, 7-11, 7-12, 8-11, 8-13, 9-11, 9-12, 10-13, 11-12, 11-13, 12-13","1-2, 1-3, 1-4, 1-5, 1-8, 1-9, 1-11, 1-12, 2-4, 2-5, 2-6, 2-7, 2-8, 2-9, 2-13, 3-4, 3-7, 3-8, 3-11, 4-7, 4-13, 5-6, 5-9, 5-12, 6-8, 6-10, 7-8, 7-13, 8-10, 8-11, 8-12, 10-12","1-2, 1-3, 1-4, 1-5, 1-7, 1-8, 1-9, 1-10, 1-11, 1-12, 1-13, 2-4, 2-5, 2-6, 2-7, 2-8, 2-9, 2-11, 2-13, 3-4, 3-6, 3-7, 3-8, 3-11, 3-12, 3-13, 4-6, 4-7, 4-8, 4-11, 4-12, 4-13, 5-6, 5-7, 5-9, 5-10, 5-11, 5-12, 5-13, 6-8, 6-10, 6-12, 6-13, 7-8, 7-9, 7-11, 7-12, 7-13, 8-10, 8-11, 8-12, 8-13, 9-11, 9-12, 10-12, 10-13, 11-12, 11-13, 12-13",4,4,8,"0 0 0 0 0 0 1 0 0 1 0 1 1|0 0 0 1 0 0 0 1 0 0 1 0 0|0 0 0 0 0 1 0 0 0 0 0 1 1|0 1 0 0 0 1 0 1 0 0 1 1 0|0 0 0 0 0 0 1 0 0 1 1 0 1|0 0 1 1 0 0 0 1 0 0 0 1 1|1 0 0 0 1 0 0 0 1 0 1 1 0|0 1 0 1 0 1 0 0 0 0 1 0 1|0 0 0 0 0 0 1 0 0 0 1 1 0|1 0 0 0 1 0 0 0 0 0 0 0 1|0 1 0 1 1 0 1 1 1 0 0 1 1|1 0 1 1 0 1 1 0 1 0 1 0 1|1 0 1 0 1 1 0 1 0 1 1 1 0","0 1 1 1 1 0 0 1 1 0 1 1 0|1 0 0 1 1 1 1 1 1 0 0 0 1|1 0 0 1 0 0 1 1 0 0 1 0 0|1 1 1 0 0 0 1 0 0 0 0 0 1|1 1 0 0 0 1 0 0 1 0 0 1 0|0 1 0 0 1 0 0 1 0 1 0 0 0|0 1 1 1 0 0 0 1 0 0 0 0 1|1 1 1 0 0 1 1 0 0 1 1 1 0|1 1 0 0 1 0 0 0 0 0 0 0 0|0 0 0 0 0 1 0 1 0 0 0 1 0|1 0 1 0 0 0 0 1 0 0 0 0 0|1 0 0 0 1 0 0 1 0 1 0 0 0|0 1 0 1 0 0 1 0 0 0 0 0 0","0 1 1 1 1 0 1 1 1 1 1 1 1|1 0 0 1 1 1 1 1 1 0 1 0 1|1 0 0 1 0 1 1 1 0 0 1 1 1|1 1 1 0 0 1 1 1 0 0 1 1 1|1 1 0 0 0 1 1 0 1 1 1 1 1|0 1 1 1 1 0 0 1 0 1 0 1 1|1 1 1 1 1 0 0 1 1 0 1 1 1|1 1 1 1 0 1 1 0 0 1 1 1 1|1 1 0 0 1 0 1 0 0 0 1 1 0|1 0 0 0 1 1 0 1 0 0 0 1 1|1 1 1 1 1 0 1 1 1 0 0 1 1|1 0 1 1 1 1 1 1 1 1 1 0 1|1 1 1 1 1 1 1 1 0 1 1 1 0"
113,"ID12-13.64.4:",13,3,6903,"1, 2, 3, 4, 6, 7, 8, 9, 11, 12","1->6, 2->11, 3->1, 4->3, 5->5, 6->4, 7->12, 8->7, 9->8, 10->10, 11->2, 12->9, 13->13","1-7, 1-10, 1-12, 1-13, 2-4, 2-8, 2-11, 3-6, 3-12, 3-13, 4-6, 4-8, 4-11, 4-12, 5-7, 5-10, 5-11, 5-13, 6-8, 6-12, 6-13, 7-9, 7-11, 7-12, 8-11, 8-13, 9-11, 9-12, 10-13, 11-12, 11-13, 12-13","1-4, 1-9, 1-13, 2-3, 2-5, 2-7, 2-8, 2-9, 2-11, 2-12, 2-13, 3-4, 3-7, 3-9, 3-11, 4-7, 4-9, 4-13, 5-10, 5-12, 5-13, 6-9, 6-10, 6-12, 6-13, 7-11, 7-13, 8-9, 8-12, 9-12, 9-13, 10-13","1-4, 1-7, 1-9, 1-10, 1-12, 1-13, 2-3, 2-4, 2-5, 2-7, 2-8, 2-9, 2-11, 2-12, 2-13, 3-4, 3-6, 3-7, 3-9, 3-11, 3-12, 3-13, 4-6, 4-7, 4-8, 4-9, 4-11, 4-12, 4-13, 5-7, 5-10, 5-11, 5-12, 5-13, 6-8, 6-9, 6-10, 6-12, 6-13, 7-9, 7-11, 7-12, 7-13, 8-9, 8-11, 8-12, 8-13, 9-11, 9-12, 9-13, 10-13, 11-12, 11-13, 12-13",4,4,8,"0 0 0 0 0 0 1 0 0 1 0 1 1|0 0 0 1 0 0 0 1 0 0 1 0 0|0 0 0 0 0 1 0 0 0 0 0 1 1|0 1 0 0 0 1 0 1 0 0 1 1 0|0 0 0 0 0 0 1 0 0 1 1 0 1|0 0 1 1 0 0 0 1 0 0 0 1 1|1 0 0 0 1 0 0 0 1 0 1 1 0|0 1 0 1 0 1 0 0 0 0 1 0 1|0 0 0 0 0 0 1 0 0 0 1 1 0|1 0 0 0 1 0 0 0 0 0 0 0 1|0 1 0 1 1 0 1 1 1 0 0 1 1|1 0 1 1 0 1 1 0 1 0 1 0 1|1 0 1 0 1 1 0 1 0 1 1 1 0","0 0 0 1 0 0 0 0 1 0 0 0 1|0 0 1 0 1 0 1 1 1 0 1 1 1|0 1 0 1 0 0 1 0 1 0 1 0 0|1 0 1 0 0 0 1 0 1 0 0 0 1|0 1 0 0 0 0 0 0 0 1 0 1 1|0 0 0 0 0 0 0 0 1 1 0 1 1|0 1 1 1 0 0 0 0 0 0 1 0 1|0 1 0 0 0 0 0 0 1 0 0 1 0|1 1 1 1 0 1 0 1 0 0 0 1 1|0 0 0 0 1 1 0 0 0 0 0 0 1|0 1 1 0 0 0 1 0 0 0 0 0 0|0 1 0 0 1 1 0 1 1 0 0 0 0|1 1 0 1 1 1 1 0 1 1 0 0 0","0 0 0 1 0 0 1 0 1 1 0 1 1|0 0 1 1 1 0 1 1 1 0 1 1 1|0 1 0 1 0 1 1 0 1 0 1 1 1|1 1 1 0 0 1 1 1 1 0 1 1 1|0 1 0 0 0 0 1 0 0 1 1 1 1|0 0 1 1 0 0 0 1 1 1 0 1 1|1 1 1 1 1 0 0 0 1 0 1 1 1|0 1 0 1 0 1 0 0 1 0 1 1 1|1 1 1 1 0 1 1 1 0 0 1 1 1|1 0 0 0 1 1 0 0 0 0 0 0 1|0 1 1 1 1 0 1 1 1 0 0 1 1|1 1 1 1 1 1 1 1 1 0 1 0 1|1 1 1 1 1 1 1 1 1 1 1 1 0"
114,"ID12-13.64.4:",13,4,10213,"1, 3, 4, 5, 6, 7, 8, 11, 12, 13","1->4, 2->2, 3->6, 4->1, 5->3, 6->11, 7->13, 8->12, 9->9, 10->10, 11->8, 12->7, 13->5","1-7, 1-10, 1-12, 1-13, 2-4, 2-8, 2-11, 3-6, 3-12, 3-13, 4-6, 4-8, 4-11, 4-12, 5-7, 5-10, 5-11, 5-13, 6-8, 6-12, 6-13, 7-9, 7-11, 7-12, 8-11, 8-13, 9-11, 9-12, 10-13, 11-12, 11-13, 12-13","1-2, 1-7, 1-8, 1-11, 1-12, 2-8, 2-12, 3-5, 3-8, 3-10, 3-13, 4-5, 4-7, 4-10, 4-13, 5-6, 5-7, 5-8, 5-10, 5-11, 5-12, 6-7, 6-11, 7-8, 7-9, 7-11, 7-13, 8-9, 8-12, 8-13, 9-13, 11-12","1-2, 1-7, 1-8, 1-10, 1-11, 1-12, 1-13, 2-4, 2-8, 2-11, 2-12, 3-5, 3-6, 3-8, 3-10, 3-12, 3-13, 4-5, 4-6, 4-7, 4-8, 4-10, 4-11, 4-12, 4-13, 5-6, 5-7, 5-8, 5-10, 5-11, 5-12, 5-13, 6-7, 6-8, 6-11, 6-12, 6-13, 7-8, 7-9, 7-11, 7-12, 7-13, 8-9, 8-11, 8-12, 8-13, 9-11, 9-12, 9-13, 10-13, 11-12, 11-13, 12-13",4,4,8,"0 0 0 0 0 0 1 0 0 1 0 1 1|0 0 0 1 0 0 0 1 0 0 1 0 0|0 0 0 0 0 1 0 0 0 0 0 1 1|0 1 0 0 0 1 0 1 0 0 1 1 0|0 0 0 0 0 0 1 0 0 1 1 0 1|0 0 1 1 0 0 0 1 0 0 0 1 1|1 0 0 0 1 0 0 0 1 0 1 1 0|0 1 0 1 0 1 0 0 0 0 1 0 1|0 0 0 0 0 0 1 0 0 0 1 1 0|1 0 0 0 1 0 0 0 0 0 0 0 1|0 1 0 1 1 0 1 1 1 0 0 1 1|1 0 1 1 0 1 1 0 1 0 1 0 1|1 0 1 0 1 1 0 1 0 1 1 1 0","0 1 0 0 0 0 1 1 0 0 1 1 0|1 0 0 0 0 0 0 1 0 0 0 1 0|0 0 0 0 1 0 0 1 0 1 0 0 1|0 0 0 0 1 0 1 0 0 1 0 0 1|0 0 1 1 0 1 1 1 0 1 1 1 0|0 0 0 0 1 0 1 0 0 0 1 0 0|1 0 0 1 1 1 0 1 1 0 1 0 1|1 1 1 0 1 0 1 0 1 0 0 1 1|0 0 0 0 0 0 1 1 0 0 0 0 1|0 0 1 1 1 0 0 0 0 0 0 0 0|1 0 0 0 1 1 1 0 0 0 0 1 0|1 1 0 0 1 0 0 1 0 0 1 0 0|0 0 1 1 0 0 1 1 1 0 0 0 0","0 1 0 0 0 0 1 1 0 1 1 1 1|1 0 0 1 0 0 0 1 0 0 1 1 0|0 0 0 0 1 1 0 1 0 1 0 1 1|0 1 0 0 1 1 1 1 0 1 1 1 1|0 0 1 1 0 1 1 1 0 1 1 1 1|0 0 1 1 1 0 1 1 0 0 1 1 1|1 0 0 1 1 1 0 1 1 0 1 1 1|1 1 1 1 1 1 1 0 1 0 1 1 1|0 0 0 0 0 0 1 1 0 0 1 1 1|1 0 1 1 1 0 0 0 0 0 0 0 1|1 1 0 1 1 1 1 1 1 0 0 1 1|1 1 1 1 1 1 1 1 1 0 1 0 1|1 0 1 1 1 1 1 1 1 1 1 1 0"
115,"ID12-13.64.4:",13,5,13116,"1, 3, 4, 5, 6, 7, 8, 11, 12, 13","1->5, 2->2, 3->1, 4->12, 5->6, 6->4, 7->11, 8->13, 9->9, 10->10, 11->8, 12->3, 13->7","1-7, 1-10, 1-12, 1-13, 2-4, 2-8, 2-11, 3-6, 3-12, 3-13, 4-6, 4-8, 4-11, 4-12, 5-7, 5-10, 5-11, 5-13, 6-8, 6-12, 6-13, 7-9, 7-11, 7-12, 8-11, 8-13, 9-11, 9-12, 10-13, 11-12, 11-13, 12-13","1-3, 1-4, 1-7, 2-8, 2-12, 2-13, 3-4, 3-5, 3-7, 3-8, 3-9, 3-11, 3-12, 4-7, 4-12, 4-13, 5-7, 5-10, 5-11, 6-7, 6-8, 6-10, 6-11, 7-8, 7-10, 7-13, 8-9, 8-11, 8-12, 8-13, 9-11, 12-13","1-3, 1-4, 1-7, 1-10, 1-12, 1-13, 2-4, 2-8, 2-11, 2-12, 2-13, 3-4, 3-5, 3-6, 3-7, 3-8, 3-9, 3-11, 3-12, 3-13, 4-6, 4-7, 4-8, 4-11, 4-12, 4-13, 5-7, 5-10, 5-11, 5-13, 6-7, 6-8, 6-10, 6-11, 6-12, 6-13, 7-8, 7-9, 7-10, 7-11, 7-12, 7-13, 8-9, 8-11, 8-12, 8-13, 9-11, 9-12, 10-13, 11-12, 11-13, 12-13",4,4,8,"0 0 0 0 0 0 1 0 0 1 0 1 1|0 0 0 1 0 0 0 1 0 0 1 0 0|0 0 0 0 0 1 0 0 0 0 0 1 1|0 1 0 0 0 1 0 1 0 0 1 1 0|0 0 0 0 0 0 1 0 0 1 1 0 1|0 0 1 1 0 0 0 1 0 0 0 1 1|1 0 0 0 1 0 0 0 1 0 1 1 0|0 1 0 1 0 1 0 0 0 0 1 0 1|0 0 0 0 0 0 1 0 0 0 1 1 0|1 0 0 0 1 0 0 0 0 0 0 0 1|0 1 0 1 1 0 1 1 1 0 0 1 1|1 0 1 1 0 1 1 0 1 0 1 0 1|1 0 1 0 1 1 0 1 0 1 1 1 0","0 0 1 1 0 0 1 0 0 0 0 0 0|0 0 0 0 0 0 0 1 0 0 0 1 1|1 0 0 1 1 0 1 1 1 0 1 1 0|1 0 1 0 0 0 1 0 0 0 0 1 1|0 0 1 0 0 0 1 0 0 1 1 0 0|0 0 0 0 0 0 1 1 0 1 1 0 0|1 0 1 1 1 1 0 1 0 1 0 0 1|0 1 1 0 0 1 1 0 1 0 1 1 1|0 0 1 0 0 0 0 1 0 0 1 0 0|0 0 0 0 1 1 1 0 0 0 0 0 0|0 0 1 0 1 1 0 1 1 0 0 0 0|0 1 1 1 0 0 0 1 0 0 0 0 1|0 1 0 1 0 0 1 1 0 0 0 1 0","0 0 1 1 0 0 1 0 0 1 0 1 1|0 0 0 1 0 0 0 1 0 0 1 1 1|1 0 0 1 1 1 1 1 1 0 1 1 1|1 1 1 0 0 1 1 1 0 0 1 1 1|0 0 1 0 0 0 1 0 0 1 1 0 1|0 0 1 1 0 0 1 1 0 1 1 1 1|1 0 1 1 1 1 0 1 1 1 1 1 1|0 1 1 1 0 1 1 0 1 0 1 1 1|0 0 1 0 0 0 1 1 0 0 1 1 0|1 0 0 0 1 1 1 0 0 0 0 0 1|0 1 1 1 1 1 1 1 1 0 0 1 1|1 1 1 1 0 1 1 1 1 0 1 0 1|1 1 1 1 1 1 1 1 0 1 1 1 0"
116,"ID12-13.64.4:",13,6,13452,"1, 3, 4, 5, 6, 8, 10, 11, 12, 13","1->8, 2->2, 3->1, 4->12, 5->13, 6->5, 7->7, 8->4, 9->9, 10->6, 11->10, 12->3, 13->11","1-7, 1-10, 1-12, 1-13, 2-4, 2-8, 2-11, 3-6, 3-12, 3-13, 4-6, 4-8, 4-11, 4-12, 5-7, 5-10, 5-11, 5-13, 6-8, 6-12, 6-13, 7-9, 7-11, 7-12, 8-11, 8-13, 9-11, 9-12, 10-13, 11-12, 11-13, 12-13","1-3, 1-5, 1-11, 2-4, 2-10, 2-12, 3-5, 3-7, 3-8, 3-9, 3-10, 3-11, 3-12, 4-5, 4-10, 4-11, 4-12, 5-11, 5-12, 6-8, 6-11, 6-13, 7-8, 7-9, 7-10, 7-13, 8-11, 9-10, 10-11, 10-12, 10-13, 11-13","1-3, 1-5, 1-7, 1-10, 1-11, 1-12, 1-13, 2-4, 2-8, 2-10, 2-11, 2-12, 3-5, 3-6, 3-7, 3-8, 3-9, 3-10, 3-11, 3-12, 3-13, 4-5, 4-6, 4-8, 4-10, 4-11, 4-12, 5-7, 5-10, 5-11, 5-12, 5-13, 6-8, 6-11, 6-12, 6-13, 7-8, 7-9, 7-10, 7-11, 7-12, 7-13, 8-11, 8-13, 9-10, 9-11, 9-12, 10-11, 10-12, 10-13, 11-12, 11-13, 12-13",4,4,8,"0 0 0 0 0 0 1 0 0 1 0 1 1|0 0 0 1 0 0 0 1 0 0 1 0 0|0 0 0 0 0 1 0 0 0 0 0 1 1|0 1 0 0 0 1 0 1 0 0 1 1 0|0 0 0 0 0 0 1 0 0 1 1 0 1|0 0 1 1 0 0 0 1 0 0 0 1 1|1 0 0 0 1 0 0 0 1 0 1 1 0|0 1 0 1 0 1 0 0 0 0 1 0 1|0 0 0 0 0 0 1 0 0 0 1 1 0|1 0 0 0 1 0 0 0 0 0 0 0 1|0 1 0 1 1 0 1 1 1 0 0 1 1|1 0 1 1 0 1 1 0 1 0 1 0 1|1 0 1 0 1 1 0 1 0 1 1 1 0","0 0 1 0 1 0 0 0 0 0 1 0 0|0 0 0 1 0 0 0 0 0 1 0 1 0|1 0 0 0 1 0 1 1 1 1 1 1 0|0 1 0 0 1 0 0 0 0 1 1 1 0|1 0 1 1 0 0 0 0 0 0 1 1 0|0 0 0 0 0 0 0 1 0 0 1 0 1|0 0 1 0 0 0 0 1 1 1 0 0 1|0 0 1 0 0 1 1 0 0 0 1 0 0|0 0 1 0 0 0 1 0 0 1 0 0 0|0 1 1 1 0 0 1 0 1 0 1 1 1|1 0 1 1 1 1 0 1 0 1 0 0 1|0 1 1 1 1 0 0 0 0 1 0 0 0|0 0 0 0 0 1 1 0 0 1 1 0 0","0 0 1 0 1 0 1 0 0 1 1 1 1|0 0 0 1 0 0 0 1 0 1 1 1 0|1 0 0 0 1 1 1 1 1 1 1 1 1|0 1 0 0 1 1 0 1 0 1 1 1 0|1 0 1 1 0 0 1 0 0 1 1 1 1|0 0 1 1 0 0 0 1 0 0 1 1 1|1 0 1 0 1 0 0 1 1 1 1 1 1|0 1 1 1 0 1 1 0 0 0 1 0 1|0 0 1 0 0 0 1 0 0 1 1 1 0|1 1 1 1 1 0 1 0 1 0 1 1 1|1 1 1 1 1 1 1 1 1 1 0 1 1|1 1 1 1 1 1 1 0 1 1 1 0 1|1 0 1 0 1 1 1 1 0 1 1 1 0"
117,"ID12-13.64.4:",13,7,31684,"1, 2, 4, 5, 6, 7, 10, 11, 12, 13","1->11, 2->4, 3->3, 4->13, 5->12, 6->7, 7->1, 8->8, 9->9, 10->2, 11->5, 12->6, 13->10","1-7, 1-10, 1-12, 1-13, 2-4, 2-8, 2-11, 3-6, 3-12, 3-13, 4-6, 4-8, 4-11, 4-12, 5-7, 5-10, 5-11, 5-13, 6-8, 6-12, 6-13, 7-9, 7-11, 7-12, 8-11, 8-13, 9-11, 9-12, 10-13, 11-12, 11-13, 12-13","1-5, 1-6, 1-9, 1-11, 1-12, 2-10, 2-11, 2-12, 3-6, 3-7, 3-10, 4-5, 4-8, 4-13, 5-6, 5-8, 5-9, 5-10, 5-12, 5-13, 6-7, 6-9, 6-10, 6-11, 6-13, 7-8, 7-10, 7-13, 8-10, 8-13, 10-11, 10-12","1-5, 1-6, 1-7, 1-9, 1-10, 1-11, 1-12, 1-13, 2-4, 2-8, 2-10, 2-11, 2-12, 3-6, 3-7, 3-10, 3-12, 3-13, 4-5, 4-6, 4-8, 4-11, 4-12, 4-13, 5-6, 5-7, 5-8, 5-9, 5-10, 5-11, 5-12, 5-13, 6-7, 6-8, 6-9, 6-10, 6-11, 6-12, 6-13, 7-8, 7-9, 7-10, 7-11, 7-12, 7-13, 8-10, 8-11, 8-13, 9-11, 9-12, 10-11, 10-12, 10-13, 11-12, 11-13, 12-13",4,4,8,"0 0 0 0 0 0 1 0 0 1 0 1 1|0 0 0 1 0 0 0 1 0 0 1 0 0|0 0 0 0 0 1 0 0 0 0 0 1 1|0 1 0 0 0 1 0 1 0 0 1 1 0|0 0 0 0 0 0 1 0 0 1 1 0 1|0 0 1 1 0 0 0 1 0 0 0 1 1|1 0 0 0 1 0 0 0 1 0 1 1 0|0 1 0 1 0 1 0 0 0 0 1 0 1|0 0 0 0 0 0 1 0 0 0 1 1 0|1 0 0 0 1 0 0 0 0 0 0 0 1|0 1 0 1 1 0 1 1 1 0 0 1 1|1 0 1 1 0 1 1 0 1 0 1 0 1|1 0 1 0 1 1 0 1 0 1 1 1 0","0 0 0 0 1 1 0 0 1 0 1 1 0|0 0 0 0 0 0 0 0 0 1 1 1 0|0 0 0 0 0 1 1 0 0 1 0 0 0|0 0 0 0 1 0 0 1 0 0 0 0 1|1 0 0 1 0 1 0 1 1 1 0 1 1|1 0 1 0 1 0 1 0 1 1 1 0 1|0 0 1 0 0 1 0 1 0 1 0 0 1|0 0 0 1 1 0 1 0 0 1 0 0 1|1 0 0 0 1 1 0 0 0 0 0 0 0|0 1 1 0 1 1 1 1 0 0 1 1 0|1 1 0 0 0 1 0 0 0 1 0 0 0|1 1 0 0 1 0 0 0 0 1 0 0 0|0 0 0 1 1 1 1 1 0 0 0 0 0","0 0 0 0 1 1 1 0 1 1 1 1 1|0 0 0 1 0 0 0 1 0 1 1 1 0|0 0 0 0 0 1 1 0 0 1 0 1 1|0 1 0 0 1 1 0 1 0 0 1 1 1|1 0 0 1 0 1 1 1 1 1 1 1 1|1 0 1 1 1 0 1 1 1 1 1 1 1|1 0 1 0 1 1 0 1 1 1 1 1 1|0 1 0 1 1 1 1 0 0 1 1 0 1|1 0 0 0 1 1 1 0 0 0 1 1 0|1 1 1 0 1 1 1 1 0 0 1 1 1|1 1 0 1 1 1 1 1 1 1 0 1 1|1 1 1 1 1 1 1 0 1 1 1 0 1|1 0 1 1 1 1 1 1 0 1 1 1 0"
118,"ID12-13.64.4:",13,8,33140,"1, 2, 4, 6, 7, 8, 9, 11, 12, 13","1->13, 2->11, 3->3, 4->8, 5->5, 6->12, 7->4, 8->9, 9->1, 10->10, 11->6, 12->7, 13->2","1-7, 1-10, 1-12, 1-13, 2-4, 2-8, 2-11, 3-6, 3-12, 3-13, 4-6, 4-8, 4-11, 4-12, 5-7, 5-10, 5-11, 5-13, 6-8, 6-12, 6-13, 7-9, 7-11, 7-12, 8-11, 8-13, 9-11, 9-12, 10-13, 11-12, 11-13, 12-13","1-4, 1-6, 1-7, 2-3, 2-5, 2-6, 2-7, 2-9, 2-10, 2-12, 2-13, 3-7, 3-12, 4-5, 4-6, 4-7, 4-13, 5-6, 5-10, 6-7, 6-8, 6-9, 6-11, 7-8, 7-12, 7-13, 8-9, 8-11, 8-12, 9-11, 9-12, 10-13","1-4, 1-6, 1-7, 1-10, 1-12, 1-13, 2-3, 2-4, 2-5, 2-6, 2-7, 2-8, 2-9, 2-10, 2-11, 2-12, 2-13, 3-6, 3-7, 3-12, 3-13, 4-5, 4-6, 4-7, 4-8, 4-11, 4-12, 4-13, 5-6, 5-7, 5-10, 5-11, 5-13, 6-7, 6-8, 6-9, 6-11, 6-12, 6-13, 7-8, 7-9, 7-11, 7-12, 7-13, 8-9, 8-11, 8-12, 8-13, 9-11, 9-12, 10-13, 11-12, 11-13, 12-13",4,4,8,"0 0 0 0 0 0 1 0 0 1 0 1 1|0 0 0 1 0 0 0 1 0 0 1 0 0|0 0 0 0 0 1 0 0 0 0 0 1 1|0 1 0 0 0 1 0 1 0 0 1 1 0|0 0 0 0 0 0 1 0 0 1 1 0 1|0 0 1 1 0 0 0 1 0 0 0 1 1|1 0 0 0 1 0 0 0 1 0 1 1 0|0 1 0 1 0 1 0 0 0 0 1 0 1|0 0 0 0 0 0 1 0 0 0 1 1 0|1 0 0 0 1 0 0 0 0 0 0 0 1|0 1 0 1 1 0 1 1 1 0 0 1 1|1 0 1 1 0 1 1 0 1 0 1 0 1|1 0 1 0 1 1 0 1 0 1 1 1 0","0 0 0 1 0 1 1 0 0 0 0 0 0|0 0 1 0 1 1 1 0 1 1 0 1 1|0 1 0 0 0 0 1 0 0 0 0 1 0|1 0 0 0 1 1 1 0 0 0 0 0 1|0 1 0 1 0 1 0 0 0 1 0 0 0|1 1 0 1 1 0 1 1 1 0 1 0 0|1 1 1 1 0 1 0 1 0 0 0 1 1|0 0 0 0 0 1 1 0 1 0 1 1 0|0 1 0 0 0 1 0 1 0 0 1 1 0|0 1 0 0 1 0 0 0 0 0 0 0 1|0 0 0 0 0 1 0 1 1 0 0 0 0|0 1 1 0 0 0 1 1 1 0 0 0 0|0 1 0 1 0 0 1 0 0 1 0 0 0","0 0 0 1 0 1 1 0 0 1 0 1 1|0 0 1 1 1 1 1 1 1 1 1 1 1|0 1 0 0 0 1 1 0 0 0 0 1 1|1 1 0 0 1 1 1 1 0 0 1 1 1|0 1 0 1 0 1 1 0 0 1 1 0 1|1 1 1 1 1 0 1 1 1 0 1 1 1|1 1 1 1 1 1 0 1 1 0 1 1 1|0 1 0 1 0 1 1 0 1 0 1 1 1|0 1 0 0 0 1 1 1 0 0 1 1 0|1 1 0 0 1 0 0 0 0 0 0 0 1|0 1 0 1 1 1 1 1 1 0 0 1 1|1 1 1 1 0 1 1 1 1 0 1 0 1|1 1 1 1 1 1 1 1 0 1 1 1 0"
119,"ID12-13.64.4:",13,9,34435,"1, 2, 3, 4, 5, 6, 9, 11, 12, 13","1->11, 2->12, 3->9, 4->2, 5->3, 6->13, 7->7, 8->8, 9->1, 10->10, 11->5, 12->6, 13->4","1-7, 1-10, 1-12, 1-13, 2-4, 2-8, 2-11, 3-6, 3-12, 3-13, 4-6, 4-8, 4-11, 4-12, 5-7, 5-10, 5-11, 5-13, 6-8, 6-12, 6-13, 7-9, 7-11, 7-12, 8-11, 8-13, 9-11, 9-12, 10-13, 11-12, 11-13, 12-13","1-5, 1-6, 1-7, 2-5, 2-6, 2-8, 2-12, 2-13, 3-4, 3-5, 3-7, 3-10, 4-5, 4-6, 4-8, 4-9, 4-10, 4-11, 4-13, 5-6, 5-7, 5-8, 5-12, 6-7, 6-9, 6-11, 6-13, 7-11, 8-12, 8-13, 9-13, 10-11","1-5, 1-6, 1-7, 1-10, 1-12, 1-13, 2-4, 2-5, 2-6, 2-8, 2-11, 2-12, 2-13, 3-4, 3-5, 3-6, 3-7, 3-10, 3-12, 3-13, 4-5, 4-6, 4-8, 4-9, 4-10, 4-11, 4-12, 4-13, 5-6, 5-7, 5-8, 5-10, 5-11, 5-12, 5-13, 6-7, 6-8, 6-9, 6-11, 6-12, 6-13, 7-9, 7-11, 7-12, 8-11, 8-12, 8-13, 9-11, 9-12, 9-13, 10-11, 10-13, 11-12, 11-13, 12-13",4,4,8,"0 0 0 0 0 0 1 0 0 1 0 1 1|0 0 0 1 0 0 0 1 0 0 1 0 0|0 0 0 0 0 1 0 0 0 0 0 1 1|0 1 0 0 0 1 0 1 0 0 1 1 0|0 0 0 0 0 0 1 0 0 1 1 0 1|0 0 1 1 0 0 0 1 0 0 0 1 1|1 0 0 0 1 0 0 0 1 0 1 1 0|0 1 0 1 0 1 0 0 0 0 1 0 1|0 0 0 0 0 0 1 0 0 0 1 1 0|1 0 0 0 1 0 0 0 0 0 0 0 1|0 1 0 1 1 0 1 1 1 0 0 1 1|1 0 1 1 0 1 1 0 1 0 1 0 1|1 0 1 0 1 1 0 1 0 1 1 1 0","0 0 0 0 1 1 1 0 0 0 0 0 0|0 0 0 0 1 1 0 1 0 0 0 1 1|0 0 0 1 1 0 1 0 0 1 0 0 0|0 0 1 0 1 1 0 1 1 1 1 0 1|1 1 1 1 0 1 1 1 0 0 0 1 0|1 1 0 1 1 0 1 0 1 0 1 0 1|1 0 1 0 1 1 0 0 0 0 1 0 0|0 1 0 1 1 0 0 0 0 0 0 1 1|0 0 0 1 0 1 0 0 0 0 0 0 1|0 0 1 1 0 0 0 0 0 0 1 0 0|0 0 0 1 0 1 1 0 0 1 0 0 0|0 1 0 0 1 0 0 1 0 0 0 0 0|0 1 0 1 0 1 0 1 1 0 0 0 0","0 0 0 0 1 1 1 0 0 1 0 1 1|0 0 0 1 1 1 0 1 0 0 1 1 1|0 0 0 1 1 1 1 0 0 1 0 1 1|0 1 1 0 1 1 0 1 1 1 1 1 1|1 1 1 1 0 1 1 1 0 1 1 1 1|1 1 1 1 1 0 1 1 1 0 1 1 1|1 0 1 0 1 1 0 0 1 0 1 1 0|0 1 0 1 1 1 0 0 0 0 1 1 1|0 0 0 1 0 1 1 0 0 0 1 1 1|1 0 1 1 1 0 0 0 0 0 1 0 1|0 1 0 1 1 1 1 1 1 1 0 1 1|1 1 1 1 1 1 1 1 1 0 1 0 1|1 1 1 1 1 1 0 1 1 1 1 1 0"
120,"ID12-13.64.4:",13,10,34502,"2, 5, 6, 7, 8, 9, 10, 11, 12, 13","1->1, 2->13, 3->3, 4->4, 5->11, 6->9, 7->12, 8->10, 9->8, 10->7, 11->2, 12->5, 13->6","1-7, 1-10, 1-12, 1-13, 2-4, 2-8, 2-11, 3-6, 3-12, 3-13, 4-6, 4-8, 4-11, 4-12, 5-7, 5-10, 5-11, 5-13, 6-8, 6-12, 6-13, 7-9, 7-11, 7-12, 8-11, 8-13, 9-11, 9-12, 10-13, 11-12, 11-13, 12-13","1-5, 1-6, 1-7, 1-12, 2-4, 2-5, 2-6, 2-8, 2-10, 2-11, 2-12, 2-13, 3-5, 3-6, 3-9, 4-5, 4-9, 4-10, 4-13, 5-6, 5-8, 5-9, 5-12, 6-7, 6-9, 6-10, 6-11, 7-11, 8-12, 9-10, 10-13, 11-12","1-5, 1-6, 1-7, 1-10, 1-12, 1-13, 2-4, 2-5, 2-6, 2-8, 2-10, 2-11, 2-12, 2-13, 3-5, 3-6, 3-9, 3-12, 3-13, 4-5, 4-6, 4-8, 4-9, 4-10, 4-11, 4-12, 4-13, 5-6, 5-7, 5-8, 5-9, 5-10, 5-11, 5-12, 5-13, 6-7, 6-8, 6-9, 6-10, 6-11, 6-12, 6-13, 7-9, 7-11, 7-12, 8-11, 8-12, 8-13, 9-10, 9-11, 9-12, 10-13, 11-12, 11-13, 12-13",4,4,8,"0 0 0 0 0 0 1 0 0 1 0 1 1|0 0 0 1 0 0 0 1 0 0 1 0 0|0 0 0 0 0 1 0 0 0 0 0 1 1|0 1 0 0 0 1 0 1 0 0 1 1 0|0 0 0 0 0 0 1 0 0 1 1 0 1|0 0 1 1 0 0 0 1 0 0 0 1 1|1 0 0 0 1 0 0 0 1 0 1 1 0|0 1 0 1 0 1 0 0 0 0 1 0 1|0 0 0 0 0 0 1 0 0 0 1 1 0|1 0 0 0 1 0 0 0 0 0 0 0 1|0 1 0 1 1 0 1 1 1 0 0 1 1|1 0 1 1 0 1 1 0 1 0 1 0 1|1 0 1 0 1 1 0 1 0 1 1 1 0","0 0 0 0 1 1 1 0 0 0 0 1 0|0 0 0 1 1 1 0 1 0 1 1 1 1|0 0 0 0 1 1 0 0 1 0 0 0 0|0 1 0 0 1 0 0 0 1 1 0 0 1|1 1 1 1 0 1 0 1 1 0 0 1 0|1 1 1 0 1 0 1 0 1 1 1 0 0|1 0 0 0 0 1 0 0 0 0 1 0 0|0 1 0 0 1 0 0 0 0 0 0 1 0|0 0 1 1 1 1 0 0 0 1 0 0 0|0 1 0 1 0 1 0 0 1 0 0 0 1|0 1 0 0 0 1 1 0 0 0 0 1 0|1 1 0 0 1 0 0 1 0 0 1 0 0|0 1 0 1 0 0 0 0 0 1 0 0 0","0 0 0 0 1 1 1 0 0 1 0 1 1|0 0 0 1 1 1 0 1 0 1 1 1 1|0 0 0 0 1 1 0 0 1 0 0 1 1|0 1 0 0 1 1 0 1 1 1 1 1 1|1 1 1 1 0 1 1 1 1 1 1 1 1|1 1 1 1 1 0 1 1 1 1 1 1 1|1 0 0 0 1 1 0 0 1 0 1 1 0|0 1 0 1 1 1 0 0 0 0 1 1 1|0 0 1 1 1 1 1 0 0 1 1 1 0|1 1 0 1 1 1 0 0 1 0 0 0 1|0 1 0 1 1 1 1 1 1 0 0 1 1|1 1 1 1 1 1 1 1 1 0 1 0 1|1 1 1 1 1 1 0 1 0 1 1 1 0"
121,"ID13-14.65.1:",14,1,4234,"1, 2, 3, 4, 5, 6, 8, 12, 13, 14","1->12, 2->5, 3->13, 4->6, 5->8, 6->1, 7->7, 8->14, 9->9, 10->10, 11->11, 12->3, 13->4, 14->2","1-3, 1-10, 1-12, 1-13, 2-12, 2-13, 3-5, 3-10, 3-12, 3-14, 4-10, 4-13, 5-12, 6-8, 6-11, 6-13, 6-14, 7-11, 7-12, 8-13, 8-14, 9-11, 9-12, 9-14, 10-13, 10-14, 11-12, 11-13, 12-13, 12-14, 13-14","1-2, 1-4, 1-11, 1-14, 2-3, 2-4, 2-9, 2-10, 2-13, 2-14, 3-4, 3-5, 3-7, 3-8, 3-9, 3-11, 3-12, 3-13, 4-5, 4-6, 4-10, 4-11, 4-12, 4-14, 6-10, 7-11, 8-13, 9-11, 10-12, 10-13, 12-13","1-2, 1-3, 1-4, 1-10, 1-11, 1-12, 1-13, 1-14, 2-3, 2-4, 2-9, 2-10, 2-12, 2-13, 2-14, 3-4, 3-5, 3-7, 3-8, 3-9, 3-10, 3-11, 3-12, 3-13, 3-14, 4-5, 4-6, 4-10, 4-11, 4-12, 4-13, 4-14, 5-12, 6-8, 6-10, 6-11, 6-13, 6-14, 7-11, 7-12, 8-13, 8-14, 9-11, 9-12, 9-14, 10-12, 10-13, 10-14, 11-12, 11-13, 12-13, 12-14, 13-14",4,4,8,"0 0 1 0 0 0 0 0 0 1 0 1 1 0|0 0 0 0 0 0 0 0 0 0 0 1 1 0|1 0 0 0 1 0 0 0 0 1 0 1 0 1|0 0 0 0 0 0 0 0 0 1 0 0 1 0|0 0 1 0 0 0 0 0 0 0 0 1 0 0|0 0 0 0 0 0 0 1 0 0 1 0 1 1|0 0 0 0 0 0 0 0 0 0 1 1 0 0|0 0 0 0 0 1 0 0 0 0 0 0 1 1|0 0 0 0 0 0 0 0 0 0 1 1 0 1|1 0 1 1 0 0 0 0 0 0 0 0 1 1|0 0 0 0 0 1 1 0 1 0 0 1 1 0|1 1 1 0 1 0 1 0 1 0 1 0 1 1|1 1 0 1 0 1 0 1 0 1 1 1 0 1|0 0 1 0 0 1 0 1 1 1 0 1 1 0","0 1 0 1 0 0 0 0 0 0 1 0 0 1|1 0 1 1 0 0 0 0 1 1 0 0 1 1|0 1 0 1 1 0 1 1 1 0 1 1 1 0|1 1 1 0 1 1 0 0 0 1 1 1 0 1|0 0 1 1 0 0 0 0 0 0 0 0 0 0|0 0 0 1 0 0 0 0 0 1 0 0 0 0|0 0 1 0 0 0 0 0 0 0 1 0 0 0|0 0 1 0 0 0 0 0 0 0 0 0 1 0|0 1 1 0 0 0 0 0 0 0 1 0 0 0|0 1 0 1 0 1 0 0 0 0 0 1 1 0|1 0 1 1 0 0 1 0 1 0 0 0 0 0|0 0 1 1 0 0 0 0 0 1 0 0 1 0|0 1 1 0 0 0 0 1 0 1 0 1 0 0|1 1 0 1 0 0 0 0 0 0 0 0 0 0","0 1 1 1 0 0 0 0 0 1 1 1 1 1|1 0 1 1 0 0 0 0 1 1 0 1 1 1|1 1 0 1 1 0 1 1 1 1 1 1 1 1|1 1 1 0 1 1 0 0 0 1 1 1 1 1|0 0 1 1 0 0 0 0 0 0 0 1 0 0|0 0 0 1 0 0 0 1 0 1 1 0 1 1|0 0 1 0 0 0 0 0 0 0 1 1 0 0|0 0 1 0 0 1 0 0 0 0 0 0 1 1|0 1 1 0 0 0 0 0 0 0 1 1 0 1|1 1 1 1 0 1 0 0 0 0 0 1 1 1|1 0 1 1 0 1 1 0 1 0 0 1 1 0|1 1 1 1 1 0 1 0 1 1 1 0 1 1|1 1 1 1 0 1 0 1 0 1 1 1 0 1|1 1 1 1 0 1 0 1 1 1 0 1 1 0"
122,"ID13-14.65.1:",14,2,18489,"1, 3, 4, 6, 7, 8, 9, 12, 13, 14","1->12, 2->2, 3->8, 4->1, 5->5, 6->13, 7->14, 8->3, 9->7, 10->10, 11->11, 12->4, 13->6, 14->9","1-3, 1-10, 1-12, 1-13, 2-12, 2-13, 3-5, 3-10, 3-12, 3-14, 4-10, 4-13, 5-12, 6-8, 6-11, 6-13, 6-14, 7-11, 7-12, 8-13, 8-14, 9-11, 9-12, 9-14, 10-13, 10-14, 11-12, 11-13, 12-13, 12-14, 13-14","1-6, 1-10, 2-4, 2-6, 3-6, 3-9, 3-13, 4-5, 4-6, 4-7, 4-8, 4-9, 4-11, 4-12, 4-14, 5-8, 6-9, 6-10, 6-11, 6-12, 6-13, 7-9, 7-11, 8-9, 8-10, 8-12, 9-10, 9-13, 10-12, 11-13, 11-14","1-3, 1-6, 1-10, 1-12, 1-13, 2-4, 2-6, 2-12, 2-13, 3-5, 3-6, 3-9, 3-10, 3-12, 3-13, 3-14, 4-5, 4-6, 4-7, 4-8, 4-9, 4-10, 4-11, 4-12, 4-13, 4-14, 5-8, 5-12, 6-8, 6-9, 6-10, 6-11, 6-12, 6-13, 6-14, 7-9, 7-11, 7-12, 8-9, 8-10, 8-12, 8-13, 8-14, 9-10, 9-11, 9-12, 9-13, 9-14, 10-12, 10-13, 10-14, 11-12, 11-13, 11-14, 12-13, 12-14, 13-14",4,4,8,"0 0 1 0 0 0 0 0 0 1 0 1 1 0|0 0 0 0 0 0 0 0 0 0 0 1 1 0|1 0 0 0 1 0 0 0 0 1 0 1 0 1|0 0 0 0 0 0 0 0 0 1 0 0 1 0|0 0 1 0 0 0 0 0 0 0 0 1 0 0|0 0 0 0 0 0 0 1 0 0 1 0 1 1|0 0 0 0 0 0 0 0 0 0 1 1 0 0|0 0 0 0 0 1 0 0 0 0 0 0 1 1|0 0 0 0 0 0 0 0 0 0 1 1 0 1|1 0 1 1 0 0 0 0 0 0 0 0 1 1|0 0 0 0 0 1 1 0 1 0 0 1 1 0|1 1 1 0 1 0 1 0 1 0 1 0 1 1|1 1 0 1 0 1 0 1 0 1 1 1 0 1|0 0 1 0 0 1 0 1 1 1 0 1 1 0","0 0 0 0 0 1 0 0 0 1 0 0 0 0|0 0 0 1 0 1 0 0 0 0 0 0 0 0|0 0 0 0 0 1 0 0 1 0 0 0 1 0|0 1 0 0 1 1 1 1 1 0 1 1 0 1|0 0 0 1 0 0 0 1 0 0 0 0 0 0|1 1 1 1 0 0 0 0 1 1 1 1 1 0|0 0 0 1 0 0 0 0 1 0 1 0 0 0|0 0 0 1 1 0 0 0 1 1 0 1 0 0|0 0 1 1 0 1 1 1 0 1 0 0 1 0|1 0 0 0 0 1 0 1 1 0 0 1 0 0|0 0 0 1 0 1 1 0 0 0 0 0 1 1|0 0 0 1 0 1 0 1 0 1 0 0 0 0|0 0 1 0 0 1 0 0 1 0 1 0 0 0|0 0 0 1 0 0 0 0 0 0 1 0 0 0","0 0 1 0 0 1 0 0 0 1 0 1 1 0|0 0 0 1 0 1 0 0 0 0 0 1 1 0|1 0 0 0 1 1 0 0 1 1 0 1 1 1|0 1 0 0 1 1 1 1 1 1 1 1 1 1|0 0 1 1 0 0 0 1 0 0 0 1 0 0|1 1 1 1 0 0 0 1 1 1 1 1 1 1|0 0 0 1 0 0 0 0 1 0 1 1 0 0|0 0 0 1 1 1 0 0 1 1 0 1 1 1|0 0 1 1 0 1 1 1 0 1 1 1 1 1|1 0 1 1 0 1 0 1 1 0 0 1 1 1|0 0 0 1 0 1 1 0 1 0 0 1 1 1|1 1 1 1 1 1 1 1 1 1 1 0 1 1|1 1 1 1 0 1 0 1 1 1 1 1 0 1|0 0 1 1 0 1 0 1 1 1 1 1 1 0"
123,"ID13-14.65.1:",14,3,38681,"1, 5, 6, 7, 8, 9, 10, 12, 13, 14","1->6, 2->2, 3->3, 4->4, 5->13, 6->1, 7->14, 8->9, 9->7, 10->12, 11->11, 12->5, 13->10, 14->8","1-3, 1-10, 1-12, 1-13, 2-12, 2-13, 3-5, 3-10, 3-12, 3-14, 4-10, 4-13, 5-12, 6-8, 6-11, 6-13, 6-14, 7-11, 7-12, 8-13, 8-14, 9-11, 9-12, 9-14, 10-13, 10-14, 11-12, 11-13, 12-13, 12-14, 13-14","1-8, 1-9, 1-10, 1-11, 2-5, 2-10, 3-5, 3-6, 3-8, 3-12, 3-13, 4-10, 4-12, 5-6, 5-7, 5-8, 5-10, 5-11, 5-13, 5-14, 6-10, 6-12, 7-8, 7-11, 8-9, 8-10, 8-12, 9-10, 10-11, 10-12, 11-14","1-3, 1-8, 1-9, 1-10, 1-11, 1-12, 1-13, 2-5, 2-10, 2-12, 2-13, 3-5, 3-6, 3-8, 3-10, 3-12, 3-13, 3-14, 4-10, 4-12, 4-13, 5-6, 5-7, 5-8, 5-10, 5-11, 5-12, 5-13, 5-14, 6-8, 6-10, 6-11, 6-12, 6-13, 6-14, 7-8, 7-11, 7-12, 8-9, 8-10, 8-12, 8-13, 8-14, 9-10, 9-11, 9-12, 9-14, 10-11, 10-12, 10-13, 10-14, 11-12, 11-13, 11-14, 12-13, 12-14, 13-14",4,4,8,"0 0 1 0 0 0 0 0 0 1 0 1 1 0|0 0 0 0 0 0 0 0 0 0 0 1 1 0|1 0 0 0 1 0 0 0 0 1 0 1 0 1|0 0 0 0 0 0 0 0 0 1 0 0 1 0|0 0 1 0 0 0 0 0 0 0 0 1 0 0|0 0 0 0 0 0 0 1 0 0 1 0 1 1|0 0 0 0 0 0 0 0 0 0 1 1 0 0|0 0 0 0 0 1 0 0 0 0 0 0 1 1|0 0 0 0 0 0 0 0 0 0 1 1 0 1|1 0 1 1 0 0 0 0 0 0 0 0 1 1|0 0 0 0 0 1 1 0 1 0 0 1 1 0|1 1 1 0 1 0 1 0 1 0 1 0 1 1|1 1 0 1 0 1 0 1 0 1 1 1 0 1|0 0 1 0 0 1 0 1 1 1 0 1 1 0","0 0 0 0 0 0 0 1 1 1 1 0 0 0|0 0 0 0 1 0 0 0 0 1 0 0 0 0|0 0 0 0 1 1 0 1 0 0 0 1 1 0|0 0 0 0 0 0 0 0 0 1 0 1 0 0|0 1 1 0 0 1 1 1 0 1 1 0 1 1|0 0 1 0 1 0 0 0 0 1 0 1 0 0|0 0 0 0 1 0 0 1 0 0 1 0 0 0|1 0 1 0 1 0 1 0 1 1 0 1 0 0|1 0 0 0 0 0 0 1 0 1 0 0 0 0|1 1 0 1 1 1 0 1 1 0 1 1 0 0|1 0 0 0 1 0 1 0 0 1 0 0 0 1|0 0 1 1 0 1 0 1 0 1 0 0 0 0|0 0 1 0 1 0 0 0 0 0 0 0 0 0|0 0 0 0 1 0 0 0 0 0 1 0 0 0","0 0 1 0 0 0 0 1 1 1 1 1 1 0|0 0 0 0 1 0 0 0 0 1 0 1 1 0|1 0 0 0 1 1 0 1 0 1 0 1 1 1|0 0 0 0 0 0 0 0 0 1 0 1 1 0|0 1 1 0 0 1 1 1 0 1 1 1 1 1|0 0 1 0 1 0 0 1 0 1 1 1 1 1|0 0 0 0 1 0 0 1 0 0 1 1 0 0|1 0 1 0 1 1 1 0 1 1 0 1 1 1|1 0 0 0 0 0 0 1 0 1 1 1 0 1|1 1 1 1 1 1 0 1 1 0 1 1 1 1|1 0 0 0 1 1 1 0 1 1 0 1 1 1|1 1 1 1 1 1 1 1 1 1 1 0 1 1|1 1 1 1 1 1 0 1 0 1 1 1 0 1|0 0 1 0 1 1 0 1 1 1 1 1 1 0"
124,"ID13-14.65.1:",14,4,56541,"1, 2, 3, 6, 7, 8, 10, 12, 13, 14","1->8, 2->14, 3->10, 4->4, 5->5, 6->13, 7->3, 8->7, 9->9, 10->12, 11->11, 12->2, 13->1, 14->6","1-3, 1-10, 1-12, 1-13, 2-12, 2-13, 3-5, 3-10, 3-12, 3-14, 4-10, 4-13, 5-12, 6-8, 6-11, 6-13, 6-14, 7-11, 7-12, 8-13, 8-14, 9-11, 9-12, 9-14, 10-13, 10-14, 11-12, 11-13, 12-13, 12-14, 13-14","1-2, 1-4, 1-6, 1-7, 1-8, 1-11, 1-12, 1-13, 1-14, 2-3, 2-5, 2-6, 2-8, 2-9, 2-10, 2-11, 2-14, 3-11, 4-12, 5-10, 6-7, 6-9, 6-10, 6-12, 6-13, 7-13, 8-10, 8-12, 9-11, 10-12, 11-13","1-2, 1-3, 1-4, 1-6, 1-7, 1-8, 1-10, 1-11, 1-12, 1-13, 1-14, 2-3, 2-5, 2-6, 2-8, 2-9, 2-10, 2-11, 2-12, 2-13, 2-14, 3-5, 3-10, 3-11, 3-12, 3-14, 4-10, 4-12, 4-13, 5-10, 5-12, 6-7, 6-8, 6-9, 6-10, 6-11, 6-12, 6-13, 6-14, 7-11, 7-12, 7-13, 8-10, 8-12, 8-13, 8-14, 9-11, 9-12, 9-14, 10-12, 10-13, 10-14, 11-12, 11-13, 12-13, 12-14, 13-14",4,4,8,"0 0 1 0 0 0 0 0 0 1 0 1 1 0|0 0 0 0 0 0 0 0 0 0 0 1 1 0|1 0 0 0 1 0 0 0 0 1 0 1 0 1|0 0 0 0 0 0 0 0 0 1 0 0 1 0|0 0 1 0 0 0 0 0 0 0 0 1 0 0|0 0 0 0 0 0 0 1 0 0 1 0 1 1|0 0 0 0 0 0 0 0 0 0 1 1 0 0|0 0 0 0 0 1 0 0 0 0 0 0 1 1|0 0 0 0 0 0 0 0 0 0 1 1 0 1|1 0 1 1 0 0 0 0 0 0 0 0 1 1|0 0 0 0 0 1 1 0 1 0 0 1 1 0|1 1 1 0 1 0 1 0 1 0 1 0 1 1|1 1 0 1 0 1 0 1 0 1 1 1 0 1|0 0 1 0 0 1 0 1 1 1 0 1 1 0","0 1 0 1 0 1 1 1 0 0 1 1 1 1|1 0 1 0 1 1 0 1 1 1 1 0 0 1|0 1 0 0 0 0 0 0 0 0 1 0 0 0|1 0 0 0 0 0 0 0 0 0 0 1 0 0|0 1 0 0 0 0 0 0 0 1 0 0 0 0|1 1 0 0 0 0 1 0 1 1 0 1 1 0|1 0 0 0 0 1 0 0 0 0 0 0 1 0|1 1 0 0 0 0 0 0 0 1 0 1 0 0|0 1 0 0 0 1 0 0 0 0 1 0 0 0|0 1 0 0 1 1 0 1 0 0 0 1 0 0|1 1 1 0 0 0 0 0 1 0 0 0 1 0|1 0 0 1 0 1 0 1 0 1 0 0 0 0|1 0 0 0 0 1 1 0 0 0 1 0 0 0|1 1 0 0 0 0 0 0 0 0 0 0 0 0","0 1 1 1 0 1 1 1 0 1 1 1 1 1|1 0 1 0 1 1 0 1 1 1 1 1 1 1|1 1 0 0 1 0 0 0 0 1 1 1 0 1|1 0 0 0 0 0 0 0 0 1 0 1 1 0|0 1 1 0 0 0 0 0 0 1 0 1 0 0|1 1 0 0 0 0 1 1 1 1 1 1 1 1|1 0 0 0 0 1 0 0 0 0 1 1 1 0|1 1 0 0 0 1 0 0 0 1 0 1 1 1|0 1 0 0 0 1 0 0 0 0 1 1 0 1|1 1 1 1 1 1 0 1 0 0 0 1 1 1|1 1 1 0 0 1 1 0 1 0 0 1 1 0|1 1 1 1 1 1 1 1 1 1 1 0 1 1|1 1 0 1 0 1 1 1 0 1 1 1 0 1|1 1 1 0 0 1 0 1 1 1 0 1 1 0"
125,"ID13-14.65.1:",14,5,67685,"1, 3, 4, 6, 7, 8, 10, 11, 13, 14","1->8, 2->2, 3->13, 4->7, 5->5, 6->14, 7->6, 8->1, 9->9, 10->3, 11->10, 12->12, 13->11, 14->4","1-3, 1-10, 1-12, 1-13, 2-12, 2-13, 3-5, 3-10, 3-12, 3-14, 4-10, 4-13, 5-12, 6-8, 6-11, 6-13, 6-14, 7-11, 7-12, 8-13, 8-14, 9-11, 9-12, 9-14, 10-13, 10-14, 11-12, 11-13, 12-13, 12-14, 13-14","1-4, 1-11, 1-14, 2-11, 2-12, 3-4, 3-7, 3-8, 3-11, 3-13, 4-9, 4-11, 4-12, 4-13, 4-14, 5-12, 5-13, 6-10, 6-12, 7-11, 8-11, 8-12, 8-13, 9-10, 9-12, 10-11, 10-12, 10-14, 11-12, 11-14, 12-13","1-3, 1-4, 1-10, 1-11, 1-12, 1-13, 1-14, 2-11, 2-12, 2-13, 3-4, 3-5, 3-7, 3-8, 3-10, 3-11, 3-12, 3-13, 3-14, 4-9, 4-10, 4-11, 4-12, 4-13, 4-14, 5-12, 5-13, 6-8, 6-10, 6-11, 6-12, 6-13, 6-14, 7-11, 7-12, 8-11, 8-12, 8-13, 8-14, 9-10, 9-11, 9-12, 9-14, 10-11, 10-12, 10-13, 10-14, 11-12, 11-13, 11-14, 12-13, 12-14, 13-14",4,4,8,"0 0 1 0 0 0 0 0 0 1 0 1 1 0|0 0 0 0 0 0 0 0 0 0 0 1 1 0|1 0 0 0 1 0 0 0 0 1 0 1 0 1|0 0 0 0 0 0 0 0 0 1 0 0 1 0|0 0 1 0 0 0 0 0 0 0 0 1 0 0|0 0 0 0 0 0 0 1 0 0 1 0 1 1|0 0 0 0 0 0 0 0 0 0 1 1 0 0|0 0 0 0 0 1 0 0 0 0 0 0 1 1|0 0 0 0 0 0 0 0 0 0 1 1 0 1|1 0 1 1 0 0 0 0 0 0 0 0 1 1|0 0 0 0 0 1 1 0 1 0 0 1 1 0|1 1 1 0 1 0 1 0 1 0 1 0 1 1|1 1 0 1 0 1 0 1 0 1 1 1 0 1|0 0 1 0 0 1 0 1 1 1 0 1 1 0","0 0 0 1 0 0 0 0 0 0 1 0 0 1|0 0 0 0 0 0 0 0 0 0 1 1 0 0|0 0 0 1 0 0 1 1 0 0 1 0 1 0|1 0 1 0 0 0 0 0 1 0 1 1 1 1|0 0 0 0 0 0 0 0 0 0 0 1 1 0|0 0 0 0 0 0 0 0 0 1 0 1 0 0|0 0 1 0 0 0 0 0 0 0 1 0 0 0|0 0 1 0 0 0 0 0 0 0 1 1 1 0|0 0 0 1 0 0 0 0 0 1 0 1 0 0|0 0 0 0 0 1 0 0 1 0 1 1 0 1|1 1 1 1 0 0 1 1 0 1 0 1 0 1|0 1 0 1 1 1 0 1 1 1 1 0 1 0|0 0 1 1 1 0 0 1 0 0 0 1 0 0|1 0 0 1 0 0 0 0 0 1 1 0 0 0","0 0 1 1 0 0 0 0 0 1 1 1 1 1|0 0 0 0 0 0 0 0 0 0 1 1 1 0|1 0 0 1 1 0 1 1 0 1 1 1 1 1|1 0 1 0 0 0 0 0 1 1 1 1 1 1|0 0 1 0 0 0 0 0 0 0 0 1 1 0|0 0 0 0 0 0 0 1 0 1 1 1 1 1|0 0 1 0 0 0 0 0 0 0 1 1 0 0|0 0 1 0 0 1 0 0 0 0 1 1 1 1|0 0 0 1 0 0 0 0 0 1 1 1 0 1|1 0 1 1 0 1 0 0 1 0 1 1 1 1|1 1 1 1 0 1 1 1 1 1 0 1 1 1|1 1 1 1 1 1 1 1 1 1 1 0 1 1|1 1 1 1 1 1 0 1 0 1 1 1 0 1|1 0 1 1 0 1 0 1 1 1 1 1 1 0"
126,"ID13-14.65.1:",14,6,85526,"1, 3, 4, 6, 9, 10, 11, 12, 13, 14","1->4, 2->2, 3->13, 4->14, 5->5, 6->10, 7->7, 8->8, 9->6, 10->1, 11->12, 12->3, 13->11, 14->9","1-3, 1-10, 1-12, 1-13, 2-12, 2-13, 3-5, 3-10, 3-12, 3-14, 4-10, 4-13, 5-12, 6-8, 6-11, 6-13, 6-14, 7-11, 7-12, 8-13, 8-14, 9-11, 9-12, 9-14, 10-13, 10-14, 11-12, 11-13, 12-13, 12-14, 13-14","1-4, 1-9, 1-11, 1-13, 1-14, 2-3, 2-11, 3-4, 3-5, 3-6, 3-7, 3-9, 3-11, 3-12, 3-13, 4-11, 4-13, 5-13, 6-9, 6-12, 7-12, 8-9, 8-10, 8-11, 9-10, 9-11, 9-13, 10-11, 10-12, 11-12, 11-14","1-3, 1-4, 1-9, 1-10, 1-11, 1-12, 1-13, 1-14, 2-3, 2-11, 2-12, 2-13, 3-4, 3-5, 3-6, 3-7, 3-9, 3-10, 3-11, 3-12, 3-13, 3-14, 4-10, 4-11, 4-13, 5-12, 5-13, 6-8, 6-9, 6-11, 6-12, 6-13, 6-14, 7-11, 7-12, 8-9, 8-10, 8-11, 8-13, 8-14, 9-10, 9-11, 9-12, 9-13, 9-14, 10-11, 10-12, 10-13, 10-14, 11-12, 11-13, 11-14, 12-13, 12-14, 13-14",4,4,8,"0 0 1 0 0 0 0 0 0 1 0 1 1 0|0 0 0 0 0 0 0 0 0 0 0 1 1 0|1 0 0 0 1 0 0 0 0 1 0 1 0 1|0 0 0 0 0 0 0 0 0 1 0 0 1 0|0 0 1 0 0 0 0 0 0 0 0 1 0 0|0 0 0 0 0 0 0 1 0 0 1 0 1 1|0 0 0 0 0 0 0 0 0 0 1 1 0 0|0 0 0 0 0 1 0 0 0 0 0 0 1 1|0 0 0 0 0 0 0 0 0 0 1 1 0 1|1 0 1 1 0 0 0 0 0 0 0 0 1 1|0 0 0 0 0 1 1 0 1 0 0 1 1 0|1 1 1 0 1 0 1 0 1 0 1 0 1 1|1 1 0 1 0 1 0 1 0 1 1 1 0 1|0 0 1 0 0 1 0 1 1 1 0 1 1 0","0 0 0 1 0 0 0 0 1 0 1 0 1 1|0 0 1 0 0 0 0 0 0 0 1 0 0 0|0 1 0 1 1 1 1 0 1 0 1 1 1 0|1 0 1 0 0 0 0 0 0 0 1 0 1 0|0 0 1 0 0 0 0 0 0 0 0 0 1 0|0 0 1 0 0 0 0 0 1 0 0 1 0 0|0 0 1 0 0 0 0 0 0 0 0 1 0 0|0 0 0 0 0 0 0 0 1 1 1 0 0 0|1 0 1 0 0 1 0 1 0 1 1 0 1 0|0 0 0 0 0 0 0 1 1 0 1 1 0 0|1 1 1 1 0 0 0 1 1 1 0 1 0 1|0 0 1 0 0 1 1 0 0 1 1 0 0 0|1 0 1 1 1 0 0 0 1 0 0 0 0 0|1 0 0 0 0 0 0 0 0 0 1 0 0 0","0 0 1 1 0 0 0 0 1 1 1 1 1 1|0 0 1 0 0 0 0 0 0 0 1 1 1 0|1 1 0 1 1 1 1 0 1 1 1 1 1 1|1 0 1 0 0 0 0 0 0 1 1 0 1 0|0 0 1 0 0 0 0 0 0 0 0 1 1 0|0 0 1 0 0 0 0 1 1 0 1 1 1 1|0 0 1 0 0 0 0 0 0 0 1 1 0 0|0 0 0 0 0 1 0 0 1 1 1 0 1 1|1 0 1 0 0 1 0 1 0 1 1 1 1 1|1 0 1 1 0 0 0 1 1 0 1 1 1 1|1 1 1 1 0 1 1 1 1 1 0 1 1 1|1 1 1 0 1 1 1 0 1 1 1 0 1 1|1 1 1 1 1 1 0 1 1 1 1 1 0 1|1 0 1 0 0 1 0 1 1 1 1 1 1 0"
127,"ID13-14.65.1:",14,7,86611,"2, 3, 4, 6, 7, 10, 11, 12, 13, 14","1->1, 2->13, 3->14, 4->2, 5->5, 6->12, 7->6, 8->8, 9->9, 10->11, 11->4, 12->7, 13->3, 14->10","1-3, 1-10, 1-12, 1-13, 2-12, 2-13, 3-5, 3-10, 3-12, 3-14, 4-10, 4-13, 5-12, 6-8, 6-11, 6-13, 6-14, 7-11, 7-12, 8-13, 8-14, 9-11, 9-12, 9-14, 10-13, 10-14, 11-12, 11-13, 12-13, 12-14, 13-14","1-3, 1-7, 1-11, 1-14, 2-3, 2-11, 3-4, 3-7, 3-8, 3-10, 3-11, 3-12, 3-13, 4-6, 4-7, 4-9, 4-12, 5-7, 5-14, 6-7, 7-9, 7-10, 7-13, 7-14, 8-10, 8-12, 9-10, 10-11, 10-12, 10-14, 11-14","1-3, 1-7, 1-10, 1-11, 1-12, 1-13, 1-14, 2-3, 2-11, 2-12, 2-13, 3-4, 3-5, 3-7, 3-8, 3-10, 3-11, 3-12, 3-13, 3-14, 4-6, 4-7, 4-9, 4-10, 4-12, 4-13, 5-7, 5-12, 5-14, 6-7, 6-8, 6-11, 6-13, 6-14, 7-9, 7-10, 7-11, 7-12, 7-13, 7-14, 8-10, 8-12, 8-13, 8-14, 9-10, 9-11, 9-12, 9-14, 10-11, 10-12, 10-13, 10-14, 11-12, 11-13, 11-14, 12-13, 12-14, 13-14",4,4,8,"0 0 1 0 0 0 0 0 0 1 0 1 1 0|0 0 0 0 0 0 0 0 0 0 0 1 1 0|1 0 0 0 1 0 0 0 0 1 0 1 0 1|0 0 0 0 0 0 0 0 0 1 0 0 1 0|0 0 1 0 0 0 0 0 0 0 0 1 0 0|0 0 0 0 0 0 0 1 0 0 1 0 1 1|0 0 0 0 0 0 0 0 0 0 1 1 0 0|0 0 0 0 0 1 0 0 0 0 0 0 1 1|0 0 0 0 0 0 0 0 0 0 1 1 0 1|1 0 1 1 0 0 0 0 0 0 0 0 1 1|0 0 0 0 0 1 1 0 1 0 0 1 1 0|1 1 1 0 1 0 1 0 1 0 1 0 1 1|1 1 0 1 0 1 0 1 0 1 1 1 0 1|0 0 1 0 0 1 0 1 1 1 0 1 1 0","0 0 1 0 0 0 1 0 0 0 1 0 0 1|0 0 1 0 0 0 0 0 0 0 1 0 0 0|1 1 0 1 0 0 1 1 0 1 1 1 1 0|0 0 1 0 0 1 1 0 1 0 0 1 0 0|0 0 0 0 0 0 1 0 0 0 0 0 0 1|0 0 0 1 0 0 1 0 0 0 0 0 0 0|1 0 1 1 1 1 0 0 1 1 0 0 1 1|0 0 1 0 0 0 0 0 0 1 0 1 0 0|0 0 0 1 0 0 1 0 0 1 0 0 0 0|0 0 1 0 0 0 1 1 1 0 1 1 0 1|1 1 1 0 0 0 0 0 0 1 0 0 0 1|0 0 1 1 0 0 0 1 0 1 0 0 0 0|0 0 1 0 0 0 1 0 0 0 0 0 0 0|1 0 0 0 1 0 1 0 0 1 1 0 0 0","0 0 1 0 0 0 1 0 0 1 1 1 1 1|0 0 1 0 0 0 0 0 0 0 1 1 1 0|1 1 0 1 1 0 1 1 0 1 1 1 1 1|0 0 1 0 0 1 1 0 1 1 0 1 1 0|0 0 1 0 0 0 1 0 0 0 0 1 0 1|0 0 0 1 0 0 1 1 0 0 1 0 1 1|1 0 1 1 1 1 0 0 1 1 1 1 1 1|0 0 1 0 0 1 0 0 0 1 0 1 1 1|0 0 0 1 0 0 1 0 0 1 1 1 0 1|1 0 1 1 0 0 1 1 1 0 1 1 1 1|1 1 1 0 0 1 1 0 1 1 0 1 1 1|1 1 1 1 1 0 1 1 1 1 1 0 1 1|1 1 1 1 0 1 1 1 0 1 1 1 0 1|1 0 1 0 1 1 1 1 1 1 1 1 1 0"
128,"ID13-14.65.1:",14,8,89195,"2, 5, 6, 7, 8, 10, 11, 12, 13, 14","1->1, 2->5, 3->3, 4->4, 5->13, 6->8, 7->2, 8->12, 9->9, 10->11, 11->6, 12->7, 13->14, 14->10","1-3, 1-10, 1-12, 1-13, 2-12, 2-13, 3-5, 3-10, 3-12, 3-14, 4-10, 4-13, 5-12, 6-8, 6-11, 6-13, 6-14, 7-11, 7-12, 8-13, 8-14, 9-11, 9-12, 9-14, 10-13, 10-14, 11-12, 11-13, 12-13, 12-14, 13-14","1-3, 1-7, 1-11, 1-14, 2-6, 2-7, 3-7, 3-10, 3-11, 3-13, 4-11, 4-14, 5-7, 5-14, 6-7, 6-8, 6-9, 6-14, 7-9, 7-10, 7-13, 7-14, 8-10, 8-12, 8-14, 9-10, 10-11, 10-12, 10-14, 11-14, 12-14","1-3, 1-7, 1-10, 1-11, 1-12, 1-13, 1-14, 2-6, 2-7, 2-12, 2-13, 3-5, 3-7, 3-10, 3-11, 3-12, 3-13, 3-14, 4-10, 4-11, 4-13, 4-14, 5-7, 5-12, 5-14, 6-7, 6-8, 6-9, 6-11, 6-13, 6-14, 7-9, 7-10, 7-11, 7-12, 7-13, 7-14, 8-10, 8-12, 8-13, 8-14, 9-10, 9-11, 9-12, 9-14, 10-11, 10-12, 10-13, 10-14, 11-12, 11-13, 11-14, 12-13, 12-14, 13-14",4,4,8,"0 0 1 0 0 0 0 0 0 1 0 1 1 0|0 0 0 0 0 0 0 0 0 0 0 1 1 0|1 0 0 0 1 0 0 0 0 1 0 1 0 1|0 0 0 0 0 0 0 0 0 1 0 0 1 0|0 0 1 0 0 0 0 0 0 0 0 1 0 0|0 0 0 0 0 0 0 1 0 0 1 0 1 1|0 0 0 0 0 0 0 0 0 0 1 1 0 0|0 0 0 0 0 1 0 0 0 0 0 0 1 1|0 0 0 0 0 0 0 0 0 0 1 1 0 1|1 0 1 1 0 0 0 0 0 0 0 0 1 1|0 0 0 0 0 1 1 0 1 0 0 1 1 0|1 1 1 0 1 0 1 0 1 0 1 0 1 1|1 1 0 1 0 1 0 1 0 1 1 1 0 1|0 0 1 0 0 1 0 1 1 1 0 1 1 0","0 0 1 0 0 0 1 0 0 0 1 0 0 1|0 0 0 0 0 1 1 0 0 0 0 0 0 0|1 0 0 0 0 0 1 0 0 1 1 0 1 0|0 0 0 0 0 0 0 0 0 0 1 0 0 1|0 0 0 0 0 0 1 0 0 0 0 0 0 1|0 1 0 0 0 0 1 1 1 0 0 0 0 1|1 1 1 0 1 1 0 0 1 1 0 0 1 1|0 0 0 0 0 1 0 0 0 1 0 1 0 1|0 0 0 0 0 1 1 0 0 1 0 0 0 0|0 0 1 0 0 0 1 1 1 0 1 1 0 1|1 0 1 1 0 0 0 0 0 1 0 0 0 1|0 0 0 0 0 0 0 1 0 1 0 0 0 1|0 0 1 0 0 0 1 0 0 0 0 0 0 0|1 0 0 1 1 1 1 1 0 1 1 1 0 0","0 0 1 0 0 0 1 0 0 1 1 1 1 1|0 0 0 0 0 1 1 0 0 0 0 1 1 0|1 0 0 0 1 0 1 0 0 1 1 1 1 1|0 0 0 0 0 0 0 0 0 1 1 0 1 1|0 0 1 0 0 0 1 0 0 0 0 1 0 1|0 1 0 0 0 0 1 1 1 0 1 0 1 1|1 1 1 0 1 1 0 0 1 1 1 1 1 1|0 0 0 0 0 1 0 0 0 1 0 1 1 1|0 0 0 0 0 1 1 0 0 1 1 1 0 1|1 0 1 1 0 0 1 1 1 0 1 1 1 1|1 0 1 1 0 1 1 0 1 1 0 1 1 1|1 1 1 0 1 0 1 1 1 1 1 0 1 1|1 1 1 1 0 1 1 1 0 1 1 1 0 1|1 0 1 1 1 1 1 1 1 1 1 1 1 0"
129,"ID13-14.65.1:",14,9,113810,"2, 4, 5, 6, 9, 10, 11, 12, 13, 14","1->1, 2->4, 3->3, 4->5, 5->13, 6->12, 7->7, 8->8, 9->2, 10->11, 11->6, 12->9, 13->14, 14->10","1-3, 1-10, 1-12, 1-13, 2-12, 2-13, 3-5, 3-10, 3-12, 3-14, 4-10, 4-13, 5-12, 6-8, 6-11, 6-13, 6-14, 7-11, 7-12, 8-13, 8-14, 9-11, 9-12, 9-14, 10-13, 10-14, 11-12, 11-13, 12-13, 12-14, 13-14","1-3, 1-9, 1-11, 1-14, 2-6, 2-9, 2-10, 3-9, 3-10, 3-11, 3-13, 4-9, 4-14, 5-11, 5-14, 6-7, 6-9, 6-12, 6-14, 7-9, 8-10, 8-12, 8-14, 9-10, 9-13, 9-14, 10-11, 10-12, 10-14, 11-14, 12-14","1-3, 1-9, 1-10, 1-11, 1-12, 1-13, 1-14, 2-6, 2-9, 2-10, 2-12, 2-13, 3-5, 3-9, 3-10, 3-11, 3-12, 3-13, 3-14, 4-9, 4-10, 4-13, 4-14, 5-11, 5-12, 5-14, 6-7, 6-8, 6-9, 6-11, 6-12, 6-13, 6-14, 7-9, 7-11, 7-12, 8-10, 8-12, 8-13, 8-14, 9-10, 9-11, 9-12, 9-13, 9-14, 10-11, 10-12, 10-13, 10-14, 11-12, 11-13, 11-14, 12-13, 12-14, 13-14",4,4,8,"0 0 1 0 0 0 0 0 0 1 0 1 1 0|0 0 0 0 0 0 0 0 0 0 0 1 1 0|1 0 0 0 1 0 0 0 0 1 0 1 0 1|0 0 0 0 0 0 0 0 0 1 0 0 1 0|0 0 1 0 0 0 0 0 0 0 0 1 0 0|0 0 0 0 0 0 0 1 0 0 1 0 1 1|0 0 0 0 0 0 0 0 0 0 1 1 0 0|0 0 0 0 0 1 0 0 0 0 0 0 1 1|0 0 0 0 0 0 0 0 0 0 1 1 0 1|1 0 1 1 0 0 0 0 0 0 0 0 1 1|0 0 0 0 0 1 1 0 1 0 0 1 1 0|1 1 1 0 1 0 1 0 1 0 1 0 1 1|1 1 0 1 0 1 0 1 0 1 1 1 0 1|0 0 1 0 0 1 0 1 1 1 0 1 1 0","0 0 1 0 0 0 0 0 1 0 1 0 0 1|0 0 0 0 0 1 0 0 1 1 0 0 0 0|1 0 0 0 0 0 0 0 1 1 1 0 1 0|0 0 0 0 0 0 0 0 1 0 0 0 0 1|0 0 0 0 0 0 0 0 0 0 1 0 0 1|0 1 0 0 0 0 1 0 1 0 0 1 0 1|0 0 0 0 0 1 0 0 1 0 0 0 0 0|0 0 0 0 0 0 0 0 0 1 0 1 0 1|1 1 1 1 0 1 1 0 0 1 0 0 1 1|0 1 1 0 0 0 0 1 1 0 1 1 0 1|1 0 1 0 1 0 0 0 0 1 0 0 0 1|0 0 0 0 0 1 0 1 0 1 0 0 0 1|0 0 1 0 0 0 0 0 1 0 0 0 0 0|1 0 0 1 1 1 0 1 1 1 1 1 0 0","0 0 1 0 0 0 0 0 1 1 1 1 1 1|0 0 0 0 0 1 0 0 1 1 0 1 1 0|1 0 0 0 1 0 0 0 1 1 1 1 1 1|0 0 0 0 0 0 0 0 1 1 0 0 1 1|0 0 1 0 0 0 0 0 0 0 1 1 0 1|0 1 0 0 0 0 1 1 1 0 1 1 1 1|0 0 0 0 0 1 0 0 1 0 1 1 0 0|0 0 0 0 0 1 0 0 0 1 0 1 1 1|1 1 1 1 0 1 1 0 0 1 1 1 1 1|1 1 1 1 0 0 0 1 1 0 1 1 1 1|1 0 1 0 1 1 1 0 1 1 0 1 1 1|1 1 1 0 1 1 1 1 1 1 1 0 1 1|1 1 1 1 0 1 0 1 1 1 1 1 0 1|1 0 1 1 1 1 0 1 1 1 1 1 1 0"
130,"ID13-14.65.1:",14,10,114076,"1, 3, 6, 7, 8, 10, 11, 12, 13, 14","1->3, 2->2, 3->14, 4->4, 5->5, 6->12, 7->13, 8->1, 9->9, 10->11, 11->6, 12->7, 13->10, 14->8","1-3, 1-10, 1-12, 1-13, 2-12, 2-13, 3-5, 3-10, 3-12, 3-14, 4-10, 4-13, 5-12, 6-8, 6-11, 6-13, 6-14, 7-11, 7-12, 8-13, 8-14, 9-11, 9-12, 9-14, 10-13, 10-14, 11-12, 11-13, 12-13, 12-14, 13-14","1-8, 1-10, 1-12, 2-7, 2-10, 3-7, 3-10, 3-11, 3-14, 4-10, 4-11, 5-7, 5-14, 6-7, 6-9, 6-10, 6-12, 6-13, 7-8, 7-9, 7-10, 7-13, 7-14, 8-9, 8-10, 8-11, 8-12, 8-14, 10-11, 10-12, 11-14","1-3, 1-8, 1-10, 1-12, 1-13, 2-7, 2-10, 2-12, 2-13, 3-5, 3-7, 3-10, 3-11, 3-12, 3-14, 4-10, 4-11, 4-13, 5-7, 5-12, 5-14, 6-7, 6-8, 6-9, 6-10, 6-11, 6-12, 6-13, 6-14, 7-8, 7-9, 7-10, 7-11, 7-12, 7-13, 7-14, 8-9, 8-10, 8-11, 8-12, 8-13, 8-14, 9-11, 9-12, 9-14, 10-11, 10-12, 10-13, 10-14, 11-12, 11-13, 11-14, 12-13, 12-14, 13-14",4,4,8,"0 0 1 0 0 0 0 0 0 1 0 1 1 0|0 0 0 0 0 0 0 0 0 0 0 1 1 0|1 0 0 0 1 0 0 0 0 1 0 1 0 1|0 0 0 0 0 0 0 0 0 1 0 0 1 0|0 0 1 0 0 0 0 0 0 0 0 1 0 0|0 0 0 0 0 0 0 1 0 0 1 0 1 1|0 0 0 0 0 0 0 0 0 0 1 1 0 0|0 0 0 0 0 1 0 0 0 0 0 0 1 1|0 0 0 0 0 0 0 0 0 0 1 1 0 1|1 0 1 1 0 0 0 0 0 0 0 0 1 1|0 0 0 0 0 1 1 0 1 0 0 1 1 0|1 1 1 0 1 0 1 0 1 0 1 0 1 1|1 1 0 1 0 1 0 1 0 1 1 1 0 1|0 0 1 0 0 1 0 1 1 1 0 1 1 0","0 0 0 0 0 0 0 1 0 1 0 1 0 0|0 0 0 0 0 0 1 0 0 1 0 0 0 0|0 0 0 0 0 0 1 0 0 1 1 0 0 1|0 0 0 0 0 0 0 0 0 1 1 0 0 0|0 0 0 0 0 0 1 0 0 0 0 0 0 1|0 0 0 0 0 0 1 0 1 1 0 1 1 0|0 1 1 0 1 1 0 1 1 1 0 0 1 1|1 0 0 0 0 0 1 0 1 1 1 1 0 1|0 0 0 0 0 1 1 1 0 0 0 0 0 0|1 1 1 1 0 1 1 1 0 0 1 1 0 0|0 0 1 1 0 0 0 1 0 1 0 0 0 1|1 0 0 0 0 1 0 1 0 1 0 0 0 0|0 0 0 0 0 1 1 0 0 0 0 0 0 0|0 0 1 0 1 0 1 1 0 0 1 0 0 0","0 0 1 0 0 0 0 1 0 1 0 1 1 0|0 0 0 0 0 0 1 0 0 1 0 1 1 0|1 0 0 0 1 0 1 0 0 1 1 1 0 1|0 0 0 0 0 0 0 0 0 1 1 0 1 0|0 0 1 0 0 0 1 0 0 0 0 1 0 1|0 0 0 0 0 0 1 1 1 1 1 1 1 1|0 1 1 0 1 1 0 1 1 1 1 1 1 1|1 0 0 0 0 1 1 0 1 1 1 1 1 1|0 0 0 0 0 1 1 1 0 0 1 1 0 1|1 1 1 1 0 1 1 1 0 0 1 1 1 1|0 0 1 1 0 1 1 1 1 1 0 1 1 1|1 1 1 0 1 1 1 1 1 1 1 0 1 1|1 1 0 1 0 1 1 1 0 1 1 1 0 1|0 0 1 0 1 1 1 1 1 1 1 1 1 0"
131,"ID14-14.66.1:",14,1,21348,"1, 2, 3, 4, 5, 10, 11, 12, 13, 14","1->14, 2->13, 3->1, 4->5, 5->10, 6->6, 7->7, 8->8, 9->9, 10->3, 11->4, 12->11, 13->12, 14->2","1-3, 1-5, 1-8, 1-12, 1-13, 2-8, 2-9, 2-13, 3-5, 3-11, 3-12, 3-14, 4-6, 4-8, 4-9, 4-12, 5-7, 5-10, 5-12, 5-14, 6-9, 6-12, 7-11, 7-12, 7-14, 8-9, 8-10, 8-12, 9-12, 9-13, 10-12, 11-12, 11-14, 12-13","1-2, 1-4, 1-10, 1-11, 1-14, 2-4, 2-7, 2-10, 3-8, 3-10, 3-11, 4-7, 4-11, 5-6, 5-8, 5-9, 5-11, 6-9, 6-11, 7-10, 7-11, 8-9, 8-11, 8-13, 8-14, 9-11, 9-12, 9-13, 10-11, 10-14, 11-12, 11-14, 12-13, 12-14","1-2, 1-3, 1-4, 1-5, 1-8, 1-10, 1-11, 1-12, 1-13, 1-14, 2-4, 2-7, 2-8, 2-9, 2-10, 2-13, 3-5, 3-8, 3-10, 3-11, 3-12, 3-14, 4-6, 4-7, 4-8, 4-9, 4-11, 4-12, 5-6, 5-7, 5-8, 5-9, 5-10, 5-11, 5-12, 5-14, 6-9, 6-11, 6-12, 7-10, 7-11, 7-12, 7-14, 8-9, 8-10, 8-11, 8-12, 8-13, 8-14, 9-11, 9-12, 9-13, 10-11, 10-12, 10-14, 11-12, 11-14, 12-13, 12-14",4,4,8,"0 0 1 0 1 0 0 1 0 0 0 1 1 0|0 0 0 0 0 0 0 1 1 0 0 0 1 0|1 0 0 0 1 0 0 0 0 0 1 1 0 1|0 0 0 0 0 1 0 1 1 0 0 1 0 0|1 0 1 0 0 0 1 0 0 1 0 1 0 1|0 0 0 1 0 0 0 0 1 0 0 1 0 0|0 0 0 0 1 0 0 0 0 0 1 1 0 1|1 1 0 1 0 0 0 0 1 1 0 1 0 0|0 1 0 1 0 1 0 1 0 0 0 1 1 0|0 0 0 0 1 0 0 1 0 0 0 1 0 0|0 0 1 0 0 0 1 0 0 0 0 1 0 1|1 0 1 1 1 1 1 1 1 1 1 0 1 0|1 1 0 0 0 0 0 0 1 0 0 1 0 0|0 0 1 0 1 0 1 0 0 0 1 0 0 0","0 1 0 1 0 0 0 0 0 1 1 0 0 1|1 0 0 1 0 0 1 0 0 1 0 0 0 0|0 0 0 0 0 0 0 1 0 1 1 0 0 0|1 1 0 0 0 0 1 0 0 0 1 0 0 0|0 0 0 0 0 1 0 1 1 0 1 0 0 0|0 0 0 0 1 0 0 0 1 0 1 0 0 0|0 1 0 1 0 0 0 0 0 1 1 0 0 0|0 0 1 0 1 0 0 0 1 0 1 0 1 1|0 0 0 0 1 1 0 1 0 0 1 1 1 0|1 1 1 0 0 0 1 0 0 0 1 0 0 1|1 0 1 1 1 1 1 1 1 1 0 1 0 1|0 0 0 0 0 0 0 0 1 0 1 0 1 1|0 0 0 0 0 0 0 1 1 0 0 1 0 0|1 0 0 0 0 0 0 1 0 1 1 1 0 0","0 1 1 1 1 0 0 1 0 1 1 1 1 1|1 0 0 1 0 0 1 1 1 1 0 0 1 0|1 0 0 0 1 0 0 1 0 1 1 1 0 1|1 1 0 0 0 1 1 1 1 0 1 1 0 0|1 0 1 0 0 1 1 1 1 1 1 1 0 1|0 0 0 1 1 0 0 0 1 0 1 1 0 0|0 1 0 1 1 0 0 0 0 1 1 1 0 1|1 1 1 1 1 0 0 0 1 1 1 1 1 1|0 1 0 1 1 1 0 1 0 0 1 1 1 0|1 1 1 0 1 0 1 1 0 0 1 1 0 1|1 0 1 1 1 1 1 1 1 1 0 1 0 1|1 0 1 1 1 1 1 1 1 1 1 0 1 1|1 1 0 0 0 0 0 1 1 0 0 1 0 0|1 0 1 0 1 0 1 1 0 1 1 1 0 0"
132,"ID14-14.66.1:",14,2,33645,"1, 2, 4, 5, 6, 7, 8, 9, 12, 13","1->13, 2->7, 3->3, 4->1, 5->8, 6->9, 7->5, 8->4, 9->2, 10->10, 11->11, 12->6, 13->12, 14->14","1-3, 1-5, 1-8, 1-12, 1-13, 2-8, 2-9, 2-13, 3-5, 3-11, 3-12, 3-14, 4-6, 4-8, 4-9, 4-12, 5-7, 5-10, 5-12, 5-14, 6-9, 6-12, 7-11, 7-12, 7-14, 8-9, 8-10, 8-12, 9-12, 9-13, 10-12, 11-12, 11-14, 12-13","1-2, 1-4, 1-6, 1-9, 2-4, 2-6, 2-7, 2-9, 2-12, 3-6, 3-8, 3-11, 3-13, 3-14, 4-6, 4-7, 4-10, 4-13, 5-6, 5-8, 5-11, 5-14, 6-8, 6-9, 6-10, 6-11, 6-12, 6-13, 7-12, 8-10, 8-13, 8-14, 11-14, 12-13","1-2, 1-3, 1-4, 1-5, 1-6, 1-8, 1-9, 1-12, 1-13, 2-4, 2-6, 2-7, 2-8, 2-9, 2-12, 2-13, 3-5, 3-6, 3-8, 3-11, 3-12, 3-13, 3-14, 4-6, 4-7, 4-8, 4-9, 4-10, 4-12, 4-13, 5-6, 5-7, 5-8, 5-10, 5-11, 5-12, 5-14, 6-8, 6-9, 6-10, 6-11, 6-12, 6-13, 7-11, 7-12, 7-14, 8-9, 8-10, 8-12, 8-13, 8-14, 9-12, 9-13, 10-12, 11-12, 11-14, 12-13",4,4,8,"0 0 1 0 1 0 0 1 0 0 0 1 1 0|0 0 0 0 0 0 0 1 1 0 0 0 1 0|1 0 0 0 1 0 0 0 0 0 1 1 0 1|0 0 0 0 0 1 0 1 1 0 0 1 0 0|1 0 1 0 0 0 1 0 0 1 0 1 0 1|0 0 0 1 0 0 0 0 1 0 0 1 0 0|0 0 0 0 1 0 0 0 0 0 1 1 0 1|1 1 0 1 0 0 0 0 1 1 0 1 0 0|0 1 0 1 0 1 0 1 0 0 0 1 1 0|0 0 0 0 1 0 0 1 0 0 0 1 0 0|0 0 1 0 0 0 1 0 0 0 0 1 0 1|1 0 1 1 1 1 1 1 1 1 1 0 1 0|1 1 0 0 0 0 0 0 1 0 0 1 0 0|0 0 1 0 1 0 1 0 0 0 1 0 0 0","0 1 0 1 0 1 0 0 1 0 0 0 0 0|1 0 0 1 0 1 1 0 1 0 0 1 0 0|0 0 0 0 0 1 0 1 0 0 1 0 1 1|1 1 0 0 0 1 1 0 0 1 0 0 1 0|0 0 0 0 0 1 0 1 0 0 1 0 0 1|1 1 1 1 1 0 0 1 1 1 1 1 1 0|0 1 0 1 0 0 0 0 0 0 0 1 0 0|0 0 1 0 1 1 0 0 0 1 0 0 1 1|1 1 0 0 0 1 0 0 0 0 0 0 0 0|0 0 0 1 0 1 0 1 0 0 0 0 0 0|0 0 1 0 1 1 0 0 0 0 0 0 0 1|0 1 0 0 0 1 1 0 0 0 0 0 1 0|0 0 1 1 0 1 0 1 0 0 0 1 0 0|0 0 1 0 1 0 0 1 0 0 1 0 0 0","0 1 1 1 1 1 0 1 1 0 0 1 1 0|1 0 0 1 0 1 1 1 1 0 0 1 1 0|1 0 0 0 1 1 0 1 0 0 1 1 1 1|1 1 0 0 0 1 1 1 1 1 0 1 1 0|1 0 1 0 0 1 1 1 0 1 1 1 0 1|1 1 1 1 1 0 0 1 1 1 1 1 1 0|0 1 0 1 1 0 0 0 0 0 1 1 0 1|1 1 1 1 1 1 0 0 1 1 0 1 1 1|1 1 0 1 0 1 0 1 0 0 0 1 1 0|0 0 0 1 1 1 0 1 0 0 0 1 0 0|0 0 1 0 1 1 1 0 0 0 0 1 0 1|1 1 1 1 1 1 1 1 1 1 1 0 1 0|1 1 1 1 0 1 0 1 1 0 0 1 0 0|0 0 1 0 1 0 1 1 0 0 1 0 0 0"
133,"ID14-14.66.1:",14,3,38874,"1, 3, 5, 6, 7, 8, 10, 12, 13, 14","1->3, 2->2, 3->8, 4->4, 5->7, 6->13, 7->1, 8->10, 9->9, 10->12, 11->11, 12->14, 13->6, 14->5","1-3, 1-5, 1-8, 1-12, 1-13, 2-8, 2-9, 2-13, 3-5, 3-11, 3-12, 3-14, 4-6, 4-8, 4-9, 4-12, 5-7, 5-10, 5-12, 5-14, 6-9, 6-12, 7-11, 7-12, 7-14, 8-9, 8-10, 8-12, 9-12, 9-13, 10-12, 11-12, 11-14, 12-13","1-5, 1-7, 1-11, 1-14, 2-6, 2-9, 2-10, 3-6, 3-7, 3-8, 3-10, 3-14, 4-9, 4-10, 4-13, 4-14, 5-7, 5-8, 5-11, 6-9, 6-14, 7-8, 7-12, 7-14, 8-11, 8-14, 9-10, 9-13, 9-14, 10-12, 10-14, 11-14, 12-14, 13-14","1-3, 1-5, 1-7, 1-8, 1-11, 1-12, 1-13, 1-14, 2-6, 2-8, 2-9, 2-10, 2-13, 3-5, 3-6, 3-7, 3-8, 3-10, 3-11, 3-12, 3-14, 4-6, 4-8, 4-9, 4-10, 4-12, 4-13, 4-14, 5-7, 5-8, 5-10, 5-11, 5-12, 5-14, 6-9, 6-12, 6-14, 7-8, 7-11, 7-12, 7-14, 8-9, 8-10, 8-11, 8-12, 8-14, 9-10, 9-12, 9-13, 9-14, 10-12, 10-14, 11-12, 11-14, 12-13, 12-14, 13-14",4,4,8,"0 0 1 0 1 0 0 1 0 0 0 1 1 0|0 0 0 0 0 0 0 1 1 0 0 0 1 0|1 0 0 0 1 0 0 0 0 0 1 1 0 1|0 0 0 0 0 1 0 1 1 0 0 1 0 0|1 0 1 0 0 0 1 0 0 1 0 1 0 1|0 0 0 1 0 0 0 0 1 0 0 1 0 0|0 0 0 0 1 0 0 0 0 0 1 1 0 1|1 1 0 1 0 0 0 0 1 1 0 1 0 0|0 1 0 1 0 1 0 1 0 0 0 1 1 0|0 0 0 0 1 0 0 1 0 0 0 1 0 0|0 0 1 0 0 0 1 0 0 0 0 1 0 1|1 0 1 1 1 1 1 1 1 1 1 0 1 0|1 1 0 0 0 0 0 0 1 0 0 1 0 0|0 0 1 0 1 0 1 0 0 0 1 0 0 0","0 0 0 0 1 0 1 0 0 0 1 0 0 1|0 0 0 0 0 1 0 0 1 1 0 0 0 0|0 0 0 0 0 1 1 1 0 1 0 0 0 1|0 0 0 0 0 0 0 0 1 1 0 0 1 1|1 0 0 0 0 0 1 1 0 0 1 0 0 0|0 1 1 0 0 0 0 0 1 0 0 0 0 1|1 0 1 0 1 0 0 1 0 0 0 1 0 1|0 0 1 0 1 0 1 0 0 0 1 0 0 1|0 1 0 1 0 1 0 0 0 1 0 0 1 1|0 1 1 1 0 0 0 0 1 0 0 1 0 1|1 0 0 0 1 0 0 1 0 0 0 0 0 1|0 0 0 0 0 0 1 0 0 1 0 0 0 1|0 0 0 1 0 0 0 0 1 0 0 0 0 1|1 0 1 1 0 1 1 1 1 1 1 1 1 0","0 0 1 0 1 0 1 1 0 0 1 1 1 1|0 0 0 0 0 1 0 1 1 1 0 0 1 0|1 0 0 0 1 1 1 1 0 1 1 1 0 1|0 0 0 0 0 1 0 1 1 1 0 1 1 1|1 0 1 0 0 0 1 1 0 1 1 1 0 1|0 1 1 1 0 0 0 0 1 0 0 1 0 1|1 0 1 0 1 0 0 1 0 0 1 1 0 1|1 1 1 1 1 0 1 0 1 1 1 1 0 1|0 1 0 1 0 1 0 1 0 1 0 1 1 1|0 1 1 1 1 0 0 1 1 0 0 1 0 1|1 0 1 0 1 0 1 1 0 0 0 1 0 1|1 0 1 1 1 1 1 1 1 1 1 0 1 1|1 1 0 1 0 0 0 0 1 0 0 1 0 1|1 0 1 1 1 1 1 1 1 1 1 1 1 0"
134,"ID14-14.66.1:",14,4,46305,"1, 2, 3, 5, 7, 10, 11, 12, 13, 14","1->14, 2->13, 3->1, 4->4, 5->11, 6->6, 7->3, 8->8, 9->9, 10->5, 11->7, 12->2, 13->12, 14->10","1-3, 1-5, 1-8, 1-12, 1-13, 2-8, 2-9, 2-13, 3-5, 3-11, 3-12, 3-14, 4-6, 4-8, 4-9, 4-12, 5-7, 5-10, 5-12, 5-14, 6-9, 6-12, 7-11, 7-12, 7-14, 8-9, 8-10, 8-12, 9-12, 9-13, 10-12, 11-12, 11-14, 12-13","1-2, 1-7, 1-10, 1-11, 1-14, 2-3, 2-4, 2-5, 2-6, 2-7, 2-8, 2-9, 2-11, 2-12, 2-14, 3-7, 3-10, 3-11, 4-6, 4-8, 4-9, 5-8, 5-11, 6-9, 7-10, 8-9, 8-13, 8-14, 9-12, 9-13, 10-11, 11-14, 12-13, 12-14","1-2, 1-3, 1-5, 1-7, 1-8, 1-10, 1-11, 1-12, 1-13, 1-14, 2-3, 2-4, 2-5, 2-6, 2-7, 2-8, 2-9, 2-11, 2-12, 2-13, 2-14, 3-5, 3-7, 3-10, 3-11, 3-12, 3-14, 4-6, 4-8, 4-9, 4-12, 5-7, 5-8, 5-10, 5-11, 5-12, 5-14, 6-9, 6-12, 7-10, 7-11, 7-12, 7-14, 8-9, 8-10, 8-12, 8-13, 8-14, 9-12, 9-13, 10-11, 10-12, 11-12, 11-14, 12-13, 12-14",4,4,8,"0 0 1 0 1 0 0 1 0 0 0 1 1 0|0 0 0 0 0 0 0 1 1 0 0 0 1 0|1 0 0 0 1 0 0 0 0 0 1 1 0 1|0 0 0 0 0 1 0 1 1 0 0 1 0 0|1 0 1 0 0 0 1 0 0 1 0 1 0 1|0 0 0 1 0 0 0 0 1 0 0 1 0 0|0 0 0 0 1 0 0 0 0 0 1 1 0 1|1 1 0 1 0 0 0 0 1 1 0 1 0 0|0 1 0 1 0 1 0 1 0 0 0 1 1 0|0 0 0 0 1 0 0 1 0 0 0 1 0 0|0 0 1 0 0 0 1 0 0 0 0 1 0 1|1 0 1 1 1 1 1 1 1 1 1 0 1 0|1 1 0 0 0 0 0 0 1 0 0 1 0 0|0 0 1 0 1 0 1 0 0 0 1 0 0 0","0 1 0 0 0 0 1 0 0 1 1 0 0 1|1 0 1 1 1 1 1 1 1 0 1 1 0 1|0 1 0 0 0 0 1 0 0 1 1 0 0 0|0 1 0 0 0 1 0 1 1 0 0 0 0 0|0 1 0 0 0 0 0 1 0 0 1 0 0 0|0 1 0 1 0 0 0 0 1 0 0 0 0 0|1 1 1 0 0 0 0 0 0 1 0 0 0 0|0 1 0 1 1 0 0 0 1 0 0 0 1 1|0 1 0 1 0 1 0 1 0 0 0 1 1 0|1 0 1 0 0 0 1 0 0 0 1 0 0 0|1 1 1 0 1 0 0 0 0 1 0 0 0 1|0 1 0 0 0 0 0 0 1 0 0 0 1 1|0 0 0 0 0 0 0 1 1 0 0 1 0 0|1 1 0 0 0 0 0 1 0 0 1 1 0 0","0 1 1 0 1 0 1 1 0 1 1 1 1 1|1 0 1 1 1 1 1 1 1 0 1 1 1 1|1 1 0 0 1 0 1 0 0 1 1 1 0 1|0 1 0 0 0 1 0 1 1 0 0 1 0 0|1 1 1 0 0 0 1 1 0 1 1 1 0 1|0 1 0 1 0 0 0 0 1 0 0 1 0 0|1 1 1 0 1 0 0 0 0 1 1 1 0 1|1 1 0 1 1 0 0 0 1 1 0 1 1 1|0 1 0 1 0 1 0 1 0 0 0 1 1 0|1 0 1 0 1 0 1 1 0 0 1 1 0 0|1 1 1 0 1 0 1 0 0 1 0 1 0 1|1 1 1 1 1 1 1 1 1 1 1 0 1 1|1 1 0 0 0 0 0 1 1 0 0 1 0 0|1 1 1 0 1 0 1 1 0 0 1 1 0 0"
135,"ID14-14.66.1:",14,5,70101,"3, 4, 5, 6, 7, 8, 9, 11, 12, 14","1->1, 2->2, 3->14, 4->6, 5->11, 6->8, 7->5, 8->7, 9->3, 10->10, 11->9, 12->4, 13->13, 14->12","1-3, 1-5, 1-8, 1-12, 1-13, 2-8, 2-9, 2-13, 3-5, 3-11, 3-12, 3-14, 4-6, 4-8, 4-9, 4-12, 5-7, 5-10, 5-12, 5-14, 6-9, 6-12, 7-11, 7-12, 7-14, 8-9, 8-10, 8-12, 9-12, 9-13, 10-12, 11-12, 11-14, 12-13","1-4, 1-7, 1-11, 1-13, 1-14, 2-3, 2-7, 2-13, 3-4, 3-6, 3-7, 3-8, 3-13, 4-5, 4-6, 4-7, 4-8, 4-9, 4-10, 4-11, 4-13, 4-14, 5-9, 5-11, 5-12, 6-7, 6-8, 7-10, 9-12, 9-14, 10-11, 11-12, 11-14, 12-14","1-3, 1-4, 1-5, 1-7, 1-8, 1-11, 1-12, 1-13, 1-14, 2-3, 2-7, 2-8, 2-9, 2-13, 3-4, 3-5, 3-6, 3-7, 3-8, 3-11, 3-12, 3-13, 3-14, 4-5, 4-6, 4-7, 4-8, 4-9, 4-10, 4-11, 4-12, 4-13, 4-14, 5-7, 5-9, 5-10, 5-11, 5-12, 5-14, 6-7, 6-8, 6-9, 6-12, 7-10, 7-11, 7-12, 7-14, 8-9, 8-10, 8-12, 9-12, 9-13, 9-14, 10-11, 10-12, 11-12, 11-14, 12-13, 12-14",4,4,8,"0 0 1 0 1 0 0 1 0 0 0 1 1 0|0 0 0 0 0 0 0 1 1 0 0 0 1 0|1 0 0 0 1 0 0 0 0 0 1 1 0 1|0 0 0 0 0 1 0 1 1 0 0 1 0 0|1 0 1 0 0 0 1 0 0 1 0 1 0 1|0 0 0 1 0 0 0 0 1 0 0 1 0 0|0 0 0 0 1 0 0 0 0 0 1 1 0 1|1 1 0 1 0 0 0 0 1 1 0 1 0 0|0 1 0 1 0 1 0 1 0 0 0 1 1 0|0 0 0 0 1 0 0 1 0 0 0 1 0 0|0 0 1 0 0 0 1 0 0 0 0 1 0 1|1 0 1 1 1 1 1 1 1 1 1 0 1 0|1 1 0 0 0 0 0 0 1 0 0 1 0 0|0 0 1 0 1 0 1 0 0 0 1 0 0 0","0 0 0 1 0 0 1 0 0 0 1 0 1 1|0 0 1 0 0 0 1 0 0 0 0 0 1 0|0 1 0 1 0 1 1 1 0 0 0 0 1 0|1 0 1 0 1 1 1 1 1 1 1 0 1 1|0 0 0 1 0 0 0 0 1 0 1 1 0 0|0 0 1 1 0 0 1 1 0 0 0 0 0 0|1 1 1 1 0 1 0 0 0 1 0 0 0 0|0 0 1 1 0 1 0 0 0 0 0 0 0 0|0 0 0 1 1 0 0 0 0 0 0 1 0 1|0 0 0 1 0 0 1 0 0 0 1 0 0 0|1 0 0 1 1 0 0 0 0 1 0 1 0 1|0 0 0 0 1 0 0 0 1 0 1 0 0 1|1 1 1 1 0 0 0 0 0 0 0 0 0 0|1 0 0 1 0 0 0 0 1 0 1 1 0 0","0 0 1 1 1 0 1 1 0 0 1 1 1 1|0 0 1 0 0 0 1 1 1 0 0 0 1 0|1 1 0 1 1 1 1 1 0 0 1 1 1 1|1 0 1 0 1 1 1 1 1 1 1 1 1 1|1 0 1 1 0 0 1 0 1 1 1 1 0 1|0 0 1 1 0 0 1 1 1 0 0 1 0 0|1 1 1 1 1 1 0 0 0 1 1 1 0 1|1 1 1 1 0 1 0 0 1 1 0 1 0 0|0 1 0 1 1 1 0 1 0 0 0 1 1 1|0 0 0 1 1 0 1 1 0 0 1 1 0 0|1 0 1 1 1 0 1 0 0 1 0 1 0 1|1 0 1 1 1 1 1 1 1 1 1 0 1 1|1 1 1 1 0 0 0 0 1 0 0 1 0 0|1 0 1 1 1 0 1 0 1 0 1 1 0 0"
136,"ID14-14.66.1:",14,6,80637,"2, 4, 5, 7, 8, 9, 11, 12, 13, 14","1->1, 2->14, 3->3, 4->7, 5->4, 6->6, 7->5, 8->9, 9->11, 10->10, 11->8, 12->2, 13->12, 14->13","1-3, 1-5, 1-8, 1-12, 1-13, 2-8, 2-9, 2-13, 3-5, 3-11, 3-12, 3-14, 4-6, 4-8, 4-9, 4-12, 5-7, 5-10, 5-12, 5-14, 6-9, 6-12, 7-11, 7-12, 7-14, 8-9, 8-10, 8-12, 9-12, 9-13, 10-12, 11-12, 11-14, 12-13","1-2, 1-3, 1-4, 1-9, 1-12, 2-3, 2-4, 2-5, 2-6, 2-7, 2-8, 2-9, 2-10, 2-11, 2-12, 3-4, 3-8, 3-13, 4-5, 4-10, 4-13, 5-8, 5-13, 6-7, 6-11, 7-9, 7-11, 8-13, 9-10, 9-11, 9-14, 11-12, 11-14, 12-14","1-2, 1-3, 1-4, 1-5, 1-8, 1-9, 1-12, 1-13, 2-3, 2-4, 2-5, 2-6, 2-7, 2-8, 2-9, 2-10, 2-11, 2-12, 2-13, 3-4, 3-5, 3-8, 3-11, 3-12, 3-13, 3-14, 4-5, 4-6, 4-8, 4-9, 4-10, 4-12, 4-13, 5-7, 5-8, 5-10, 5-12, 5-13, 5-14, 6-7, 6-9, 6-11, 6-12, 7-9, 7-11, 7-12, 7-14, 8-9, 8-10, 8-12, 8-13, 9-10, 9-11, 9-12, 9-13, 9-14, 10-12, 11-12, 11-14, 12-13, 12-14",4,4,8,"0 0 1 0 1 0 0 1 0 0 0 1 1 0|0 0 0 0 0 0 0 1 1 0 0 0 1 0|1 0 0 0 1 0 0 0 0 0 1 1 0 1|0 0 0 0 0 1 0 1 1 0 0 1 0 0|1 0 1 0 0 0 1 0 0 1 0 1 0 1|0 0 0 1 0 0 0 0 1 0 0 1 0 0|0 0 0 0 1 0 0 0 0 0 1 1 0 1|1 1 0 1 0 0 0 0 1 1 0 1 0 0|0 1 0 1 0 1 0 1 0 0 0 1 1 0|0 0 0 0 1 0 0 1 0 0 0 1 0 0|0 0 1 0 0 0 1 0 0 0 0 1 0 1|1 0 1 1 1 1 1 1 1 1 1 0 1 0|1 1 0 0 0 0 0 0 1 0 0 1 0 0|0 0 1 0 1 0 1 0 0 0 1 0 0 0","0 1 1 1 0 0 0 0 1 0 0 1 0 0|1 0 1 1 1 1 1 1 1 1 1 1 0 0|1 1 0 1 0 0 0 1 0 0 0 0 1 0|1 1 1 0 1 0 0 0 0 1 0 0 1 0|0 1 0 1 0 0 0 1 0 0 0 0 1 0|0 1 0 0 0 0 1 0 0 0 1 0 0 0|0 1 0 0 0 1 0 0 1 0 1 0 0 0|0 1 1 0 1 0 0 0 0 0 0 0 1 0|1 1 0 0 0 0 1 0 0 1 1 0 0 1|0 1 0 1 0 0 0 0 1 0 0 0 0 0|0 1 0 0 0 1 1 0 1 0 0 1 0 1|1 1 0 0 0 0 0 0 0 0 1 0 0 1|0 0 1 1 1 0 0 1 0 0 0 0 0 0|0 0 0 0 0 0 0 0 1 0 1 1 0 0","0 1 1 1 1 0 0 1 1 0 0 1 1 0|1 0 1 1 1 1 1 1 1 1 1 1 1 0|1 1 0 1 1 0 0 1 0 0 1 1 1 1|1 1 1 0 1 1 0 1 1 1 0 1 1 0|1 1 1 1 0 0 1 1 0 1 0 1 1 1|0 1 0 1 0 0 1 0 1 0 1 1 0 0|0 1 0 0 1 1 0 0 1 0 1 1 0 1|1 1 1 1 1 0 0 0 1 1 0 1 1 0|1 1 0 1 0 1 1 1 0 1 1 1 1 1|0 1 0 1 1 0 0 1 1 0 0 1 0 0|0 1 1 0 0 1 1 0 1 0 0 1 0 1|1 1 1 1 1 1 1 1 1 1 1 0 1 1|1 1 1 1 1 0 0 1 1 0 0 1 0 0|0 0 1 0 1 0 1 0 1 0 1 1 0 0"
137,"ID14-14.66.1:",14,7,83515,"1, 5, 7, 8, 9, 10, 11, 12, 13, 14","1->5, 2->2, 3->3, 4->4, 5->8, 6->6, 7->1, 8->14, 9->13, 10->9, 11->10, 12->11, 13->12, 14->7","1-3, 1-5, 1-8, 1-12, 1-13, 2-8, 2-9, 2-13, 3-5, 3-11, 3-12, 3-14, 4-6, 4-8, 4-9, 4-12, 5-7, 5-10, 5-12, 5-14, 6-9, 6-12, 7-11, 7-12, 7-14, 8-9, 8-10, 8-12, 9-12, 9-13, 10-12, 11-12, 11-14, 12-13","1-7, 1-8, 1-10, 1-11, 2-12, 2-13, 2-14, 3-5, 3-7, 3-8, 3-10, 3-11, 4-6, 4-11, 4-13, 4-14, 5-8, 5-11, 5-12, 5-14, 6-11, 6-13, 7-8, 7-10, 8-9, 8-11, 9-11, 9-14, 10-11, 11-12, 11-13, 11-14, 12-13, 13-14","1-3, 1-5, 1-7, 1-8, 1-10, 1-11, 1-12, 1-13, 2-8, 2-9, 2-12, 2-13, 2-14, 3-5, 3-7, 3-8, 3-10, 3-11, 3-12, 3-14, 4-6, 4-8, 4-9, 4-11, 4-12, 4-13, 4-14, 5-7, 5-8, 5-10, 5-11, 5-12, 5-14, 6-9, 6-11, 6-12, 6-13, 7-8, 7-10, 7-11, 7-12, 7-14, 8-9, 8-10, 8-11, 8-12, 9-11, 9-12, 9-13, 9-14, 10-11, 10-12, 11-12, 11-13, 11-14, 12-13, 13-14",4,4,8,"0 0 1 0 1 0 0 1 0 0 0 1 1 0|0 0 0 0 0 0 0 1 1 0 0 0 1 0|1 0 0 0 1 0 0 0 0 0 1 1 0 1|0 0 0 0 0 1 0 1 1 0 0 1 0 0|1 0 1 0 0 0 1 0 0 1 0 1 0 1|0 0 0 1 0 0 0 0 1 0 0 1 0 0|0 0 0 0 1 0 0 0 0 0 1 1 0 1|1 1 0 1 0 0 0 0 1 1 0 1 0 0|0 1 0 1 0 1 0 1 0 0 0 1 1 0|0 0 0 0 1 0 0 1 0 0 0 1 0 0|0 0 1 0 0 0 1 0 0 0 0 1 0 1|1 0 1 1 1 1 1 1 1 1 1 0 1 0|1 1 0 0 0 0 0 0 1 0 0 1 0 0|0 0 1 0 1 0 1 0 0 0 1 0 0 0","0 0 0 0 0 0 1 1 0 1 1 0 0 0|0 0 0 0 0 0 0 0 0 0 0 1 1 1|0 0 0 0 1 0 1 1 0 1 1 0 0 0|0 0 0 0 0 1 0 0 0 0 1 0 1 1|0 0 1 0 0 0 0 1 0 0 1 1 0 1|0 0 0 1 0 0 0 0 0 0 1 0 1 0|1 0 1 0 0 0 0 1 0 1 0 0 0 0|1 0 1 0 1 0 1 0 1 0 1 0 0 0|0 0 0 0 0 0 0 1 0 0 1 0 0 1|1 0 1 0 0 0 1 0 0 0 1 0 0 0|1 0 1 1 1 1 0 1 1 1 0 1 1 1|0 1 0 0 1 0 0 0 0 0 1 0 1 0|0 1 0 1 0 1 0 0 0 0 1 1 0 1|0 1 0 1 1 0 0 0 1 0 1 0 1 0","0 0 1 0 1 0 1 1 0 1 1 1 1 0|0 0 0 0 0 0 0 1 1 0 0 1 1 1|1 0 0 0 1 0 1 1 0 1 1 1 0 1|0 0 0 0 0 1 0 1 1 0 1 1 1 1|1 0 1 0 0 0 1 1 0 1 1 1 0 1|0 0 0 1 0 0 0 0 1 0 1 1 1 0|1 0 1 0 1 0 0 1 0 1 1 1 0 1|1 1 1 1 1 0 1 0 1 1 1 1 0 0|0 1 0 1 0 1 0 1 0 0 1 1 1 1|1 0 1 0 1 0 1 1 0 0 1 1 0 0|1 0 1 1 1 1 1 1 1 1 0 1 1 1|1 1 1 1 1 1 1 1 1 1 1 0 1 0|1 1 0 1 0 1 0 0 1 0 1 1 0 1|0 1 1 1 1 0 1 0 1 0 1 0 1 0"
138,"ID14-14.66.1:",14,8,90987,"1, 3, 4, 5, 7, 8, 10, 11, 12, 14","1->3, 2->2, 3->7, 4->8, 5->10, 6->6, 7->11, 8->12, 9->9, 10->14, 11->5, 12->4, 13->13, 14->1","1-3, 1-5, 1-8, 1-12, 1-13, 2-8, 2-9, 2-13, 3-5, 3-11, 3-12, 3-14, 4-6, 4-8, 4-9, 4-12, 5-7, 5-10, 5-12, 5-14, 6-9, 6-12, 7-11, 7-12, 7-14, 8-9, 8-10, 8-12, 9-12, 9-13, 10-12, 11-12, 11-14, 12-13","1-5, 1-7, 1-10, 1-11, 2-9, 2-12, 2-13, 3-4, 3-7, 3-10, 3-12, 3-13, 4-5, 4-6, 4-7, 4-8, 4-9, 4-10, 4-11, 4-12, 4-13, 4-14, 5-7, 5-11, 6-8, 6-9, 7-10, 8-9, 8-12, 9-12, 9-13, 10-11, 10-14, 12-14","1-3, 1-5, 1-7, 1-8, 1-10, 1-11, 1-12, 1-13, 2-8, 2-9, 2-12, 2-13, 3-4, 3-5, 3-7, 3-10, 3-11, 3-12, 3-13, 3-14, 4-5, 4-6, 4-7, 4-8, 4-9, 4-10, 4-11, 4-12, 4-13, 4-14, 5-7, 5-10, 5-11, 5-12, 5-14, 6-8, 6-9, 6-12, 7-10, 7-11, 7-12, 7-14, 8-9, 8-10, 8-12, 9-12, 9-13, 10-11, 10-12, 10-14, 11-12, 11-14, 12-13, 12-14",4,4,8,"0 0 1 0 1 0 0 1 0 0 0 1 1 0|0 0 0 0 0 0 0 1 1 0 0 0 1 0|1 0 0 0 1 0 0 0 0 0 1 1 0 1|0 0 0 0 0 1 0 1 1 0 0 1 0 0|1 0 1 0 0 0 1 0 0 1 0 1 0 1|0 0 0 1 0 0 0 0 1 0 0 1 0 0|0 0 0 0 1 0 0 0 0 0 1 1 0 1|1 1 0 1 0 0 0 0 1 1 0 1 0 0|0 1 0 1 0 1 0 1 0 0 0 1 1 0|0 0 0 0 1 0 0 1 0 0 0 1 0 0|0 0 1 0 0 0 1 0 0 0 0 1 0 1|1 0 1 1 1 1 1 1 1 1 1 0 1 0|1 1 0 0 0 0 0 0 1 0 0 1 0 0|0 0 1 0 1 0 1 0 0 0 1 0 0 0","0 0 0 0 1 0 1 0 0 1 1 0 0 0|0 0 0 0 0 0 0 0 1 0 0 1 1 0|0 0 0 1 0 0 1 0 0 1 0 1 1 0|0 0 1 0 1 1 1 1 1 1 1 1 1 1|1 0 0 1 0 0 1 0 0 0 1 0 0 0|0 0 0 1 0 0 0 1 1 0 0 0 0 0|1 0 1 1 1 0 0 0 0 1 0 0 0 0|0 0 0 1 0 1 0 0 1 0 0 1 0 0|0 1 0 1 0 1 0 1 0 0 0 1 1 0|1 0 1 1 0 0 1 0 0 0 1 0 0 1|1 0 0 1 1 0 0 0 0 1 0 0 0 0|0 1 1 1 0 0 0 1 1 0 0 0 0 1|0 1 1 1 0 0 0 0 1 0 0 0 0 0|0 0 0 1 0 0 0 0 0 1 0 1 0 0","0 0 1 0 1 0 1 1 0 1 1 1 1 0|0 0 0 0 0 0 0 1 1 0 0 1 1 0|1 0 0 1 1 0 1 0 0 1 1 1 1 1|0 0 1 0 1 1 1 1 1 1 1 1 1 1|1 0 1 1 0 0 1 0 0 1 1 1 0 1|0 0 0 1 0 0 0 1 1 0 0 1 0 0|1 0 1 1 1 0 0 0 0 1 1 1 0 1|1 1 0 1 0 1 0 0 1 1 0 1 0 0|0 1 0 1 0 1 0 1 0 0 0 1 1 0|1 0 1 1 1 0 1 1 0 0 1 1 0 1|1 0 1 1 1 0 1 0 0 1 0 1 0 1|1 1 1 1 1 1 1 1 1 1 1 0 1 1|1 1 1 1 0 0 0 0 1 0 0 1 0 0|0 0 1 1 1 0 1 0 0 1 1 1 0 0"
139,"ID14-14.66.1:",14,9,112959,"1, 3, 5, 7, 9, 10, 11, 12, 13, 14","1->11, 2->2, 3->7, 4->4, 5->1, 6->6, 7->14, 8->8, 9->13, 10->9, 11->3, 12->10, 13->5, 14->12","1-3, 1-5, 1-8, 1-12, 1-13, 2-8, 2-9, 2-13, 3-5, 3-11, 3-12, 3-14, 4-6, 4-8, 4-9, 4-12, 5-7, 5-10, 5-12, 5-14, 6-9, 6-12, 7-11, 7-12, 7-14, 8-9, 8-10, 8-12, 9-12, 9-13, 10-12, 11-12, 11-14, 12-13","1-7, 1-9, 1-10, 1-11, 1-12, 1-14, 2-5, 2-8, 2-13, 3-7, 3-10, 3-12, 3-14, 4-6, 4-8, 4-10, 4-13, 5-10, 5-11, 5-13, 6-10, 6-13, 7-10, 7-11, 7-12, 8-9, 8-10, 8-11, 8-13, 9-10, 10-11, 10-13, 10-14, 12-14","1-3, 1-5, 1-7, 1-8, 1-9, 1-10, 1-11, 1-12, 1-13, 1-14, 2-5, 2-8, 2-9, 2-13, 3-5, 3-7, 3-10, 3-11, 3-12, 3-14, 4-6, 4-8, 4-9, 4-10, 4-12, 4-13, 5-7, 5-10, 5-11, 5-12, 5-13, 5-14, 6-9, 6-10, 6-12, 6-13, 7-10, 7-11, 7-12, 7-14, 8-9, 8-10, 8-11, 8-12, 8-13, 9-10, 9-12, 9-13, 10-11, 10-12, 10-13, 10-14, 11-12, 11-14, 12-13, 12-14",4,4,8,"0 0 1 0 1 0 0 1 0 0 0 1 1 0|0 0 0 0 0 0 0 1 1 0 0 0 1 0|1 0 0 0 1 0 0 0 0 0 1 1 0 1|0 0 0 0 0 1 0 1 1 0 0 1 0 0|1 0 1 0 0 0 1 0 0 1 0 1 0 1|0 0 0 1 0 0 0 0 1 0 0 1 0 0|0 0 0 0 1 0 0 0 0 0 1 1 0 1|1 1 0 1 0 0 0 0 1 1 0 1 0 0|0 1 0 1 0 1 0 1 0 0 0 1 1 0|0 0 0 0 1 0 0 1 0 0 0 1 0 0|0 0 1 0 0 0 1 0 0 0 0 1 0 1|1 0 1 1 1 1 1 1 1 1 1 0 1 0|1 1 0 0 0 0 0 0 1 0 0 1 0 0|0 0 1 0 1 0 1 0 0 0 1 0 0 0","0 0 0 0 0 0 1 0 1 1 1 1 0 1|0 0 0 0 1 0 0 1 0 0 0 0 1 0|0 0 0 0 0 0 1 0 0 1 0 1 0 1|0 0 0 0 0 1 0 1 0 1 0 0 1 0|0 1 0 0 0 0 0 0 0 1 1 0 1 0|0 0 0 1 0 0 0 0 0 1 0 0 1 0|1 0 1 0 0 0 0 0 0 1 1 1 0 0|0 1 0 1 0 0 0 0 1 1 1 0 1 0|1 0 0 0 0 0 0 1 0 1 0 0 0 0|1 0 1 1 1 1 1 1 1 0 1 0 1 1|1 0 0 0 1 0 1 1 0 1 0 0 0 0|1 0 1 0 0 0 1 0 0 0 0 0 0 1|0 1 0 1 1 1 0 1 0 1 0 0 0 0|1 0 1 0 0 0 0 0 0 1 0 1 0 0","0 0 1 0 1 0 1 1 1 1 1 1 1 1|0 0 0 0 1 0 0 1 1 0 0 0 1 0|1 0 0 0 1 0 1 0 0 1 1 1 0 1|0 0 0 0 0 1 0 1 1 1 0 1 1 0|1 1 1 0 0 0 1 0 0 1 1 1 1 1|0 0 0 1 0 0 0 0 1 1 0 1 1 0|1 0 1 0 1 0 0 0 0 1 1 1 0 1|1 1 0 1 0 0 0 0 1 1 1 1 1 0|1 1 0 1 0 1 0 1 0 1 0 1 1 0|1 0 1 1 1 1 1 1 1 0 1 1 1 1|1 0 1 0 1 0 1 1 0 1 0 1 0 1|1 0 1 1 1 1 1 1 1 1 1 0 1 1|1 1 0 1 1 1 0 1 1 1 0 1 0 0|1 0 1 0 1 0 1 0 0 1 1 1 0 0"
140,"ID14-14.66.1:",14,10,153317,"2, 3, 5, 7, 8, 9, 11, 12, 13, 14","1->1, 2->8, 3->14, 4->4, 5->11, 6->6, 7->5, 8->7, 9->3, 10->10, 11->12, 12->9, 13->2, 14->13","1-3, 1-5, 1-8, 1-12, 1-13, 2-8, 2-9, 2-13, 3-5, 3-11, 3-12, 3-14, 4-6, 4-8, 4-9, 4-12, 5-7, 5-10, 5-12, 5-14, 6-9, 6-12, 7-11, 7-12, 7-14, 8-9, 8-10, 8-12, 9-12, 9-13, 10-12, 11-12, 11-14, 12-13","1-2, 1-7, 1-9, 1-11, 1-14, 2-3, 2-8, 2-9, 3-4, 3-6, 3-7, 3-8, 3-9, 4-6, 4-7, 4-9, 5-9, 5-11, 5-12, 5-13, 6-9, 7-8, 7-9, 7-10, 9-10, 9-11, 9-12, 9-14, 10-11, 11-13, 11-14, 12-13, 12-14, 13-14","1-2, 1-3, 1-5, 1-7, 1-8, 1-9, 1-11, 1-12, 1-13, 1-14, 2-3, 2-8, 2-9, 2-13, 3-4, 3-5, 3-6, 3-7, 3-8, 3-9, 3-11, 3-12, 3-14, 4-6, 4-7, 4-8, 4-9, 4-12, 5-7, 5-9, 5-10, 5-11, 5-12, 5-13, 5-14, 6-9, 6-12, 7-8, 7-9, 7-10, 7-11, 7-12, 7-14, 8-9, 8-10, 8-12, 9-10, 9-11, 9-12, 9-13, 9-14, 10-11, 10-12, 11-12, 11-13, 11-14, 12-13, 12-14, 13-14",4,4,8,"0 0 1 0 1 0 0 1 0 0 0 1 1 0|0 0 0 0 0 0 0 1 1 0 0 0 1 0|1 0 0 0 1 0 0 0 0 0 1 1 0 1|0 0 0 0 0 1 0 1 1 0 0 1 0 0|1 0 1 0 0 0 1 0 0 1 0 1 0 1|0 0 0 1 0 0 0 0 1 0 0 1 0 0|0 0 0 0 1 0 0 0 0 0 1 1 0 1|1 1 0 1 0 0 0 0 1 1 0 1 0 0|0 1 0 1 0 1 0 1 0 0 0 1 1 0|0 0 0 0 1 0 0 1 0 0 0 1 0 0|0 0 1 0 0 0 1 0 0 0 0 1 0 1|1 0 1 1 1 1 1 1 1 1 1 0 1 0|1 1 0 0 0 0 0 0 1 0 0 1 0 0|0 0 1 0 1 0 1 0 0 0 1 0 0 0","0 1 0 0 0 0 1 0 1 0 1 0 0 1|1 0 1 0 0 0 0 1 1 0 0 0 0 0|0 1 0 1 0 1 1 1 1 0 0 0 0 0|0 0 1 0 0 1 1 0 1 0 0 0 0 0|0 0 0 0 0 0 0 0 1 0 1 1 1 0|0 0 1 1 0 0 0 0 1 0 0 0 0 0|1 0 1 1 0 0 0 1 1 1 0 0 0 0|0 1 1 0 0 0 1 0 0 0 0 0 0 0|1 1 1 1 1 1 1 0 0 1 1 1 0 1|0 0 0 0 0 0 1 0 1 0 1 0 0 0|1 0 0 0 1 0 0 0 1 1 0 0 1 1|0 0 0 0 1 0 0 0 1 0 0 0 1 1|0 0 0 0 1 0 0 0 0 0 1 1 0 1|1 0 0 0 0 0 0 0 1 0 1 1 1 0","0 1 1 0 1 0 1 1 1 0 1 1 1 1|1 0 1 0 0 0 0 1 1 0 0 0 1 0|1 1 0 1 1 1 1 1 1 0 1 1 0 1|0 0 1 0 0 1 1 1 1 0 0 1 0 0|1 0 1 0 0 0 1 0 1 1 1 1 1 1|0 0 1 1 0 0 0 0 1 0 0 1 0 0|1 0 1 1 1 0 0 1 1 1 1 1 0 1|1 1 1 1 0 0 1 0 1 1 0 1 0 0|1 1 1 1 1 1 1 1 0 1 1 1 1 1|0 0 0 0 1 0 1 1 1 0 1 1 0 0|1 0 1 0 1 0 1 0 1 1 0 1 1 1|1 0 1 1 1 1 1 1 1 1 1 0 1 1|1 1 0 0 1 0 0 0 1 0 1 1 0 1|1 0 1 0 1 0 1 0 1 0 1 1 1 0"
141,"ID15-14.67.1",14,1,29426,"3, 4, 5, 6, 8, 9, 10, 11, 12, 13","1->1, 2->2, 3->9, 4->5, 5->11, 6->3, 7->7, 8->4, 9->12, 10->13, 11->8, 12->6, 13->10, 14->14","1-5, 1-7, 1-12, 1-13, 2-4, 2-6, 2-9, 2-11, 2-13, 3-5, 3-7, 3-12, 3-13, 3-14, 4-8, 4-9, 4-11, 4-12, 4-13, 5-7, 5-13, 5-14, 6-8, 6-11, 6-13, 7-12, 8-10, 8-12, 8-13, 9-13, 10-12, 10-13, 12-13, 13-14","1-6, 1-7, 1-10, 1-11, 2-3, 2-5, 2-8, 2-10, 2-12, 3-4, 3-8, 3-10, 4-5, 4-6, 4-10, 4-13, 5-6, 5-8, 5-10, 5-12, 6-7, 6-9, 6-10, 6-13, 7-9, 7-11, 9-10, 9-11, 9-14, 10-11, 10-12, 10-13, 10-14, 11-14","1-5, 1-6, 1-7, 1-10, 1-11, 1-12, 1-13, 2-3, 2-4, 2-5, 2-6, 2-8, 2-9, 2-10, 2-11, 2-12, 2-13, 3-4, 3-5, 3-7, 3-8, 3-10, 3-12, 3-13, 3-14, 4-5, 4-6, 4-8, 4-9, 4-10, 4-11, 4-12, 4-13, 5-6, 5-7, 5-8, 5-10, 5-12, 5-13, 5-14, 6-7, 6-8, 6-9, 6-10, 6-11, 6-13, 7-9, 7-11, 7-12, 8-10, 8-12, 8-13, 9-10, 9-11, 9-13, 9-14, 10-11, 10-12, 10-13, 10-14, 11-14, 12-13, 13-14",4,4,8,"0 0 0 0 1 0 1 0 0 0 0 1 1 0|0 0 0 1 0 1 0 0 1 0 1 0 1 0|0 0 0 0 1 0 1 0 0 0 0 1 1 1|0 1 0 0 0 0 0 1 1 0 1 1 1 0|1 0 1 0 0 0 1 0 0 0 0 0 1 1|0 1 0 0 0 0 0 1 0 0 1 0 1 0|1 0 1 0 1 0 0 0 0 0 0 1 0 0|0 0 0 1 0 1 0 0 0 1 0 1 1 0|0 1 0 1 0 0 0 0 0 0 0 0 1 0|0 0 0 0 0 0 0 1 0 0 0 1 1 0|0 1 0 1 0 1 0 0 0 0 0 0 0 0|1 0 1 1 0 0 1 1 0 1 0 0 1 0|1 1 1 1 1 1 0 1 1 1 0 1 0 1|0 0 1 0 1 0 0 0 0 0 0 0 1 0","0 0 0 0 0 1 1 0 0 1 1 0 0 0|0 0 1 0 1 0 0 1 0 1 0 1 0 0|0 1 0 1 0 0 0 1 0 1 0 0 0 0|0 0 1 0 1 1 0 0 0 1 0 0 1 0|0 1 0 1 0 1 0 1 0 1 0 1 0 0|1 0 0 1 1 0 1 0 1 1 0 0 1 0|1 0 0 0 0 1 0 0 1 0 1 0 0 0|0 1 1 0 1 0 0 0 0 0 0 0 0 0|0 0 0 0 0 1 1 0 0 1 1 0 0 1|1 1 1 1 1 1 0 0 1 0 1 1 1 1|1 0 0 0 0 0 1 0 1 1 0 0 0 1|0 1 0 0 1 0 0 0 0 1 0 0 0 0|0 0 0 1 0 1 0 0 0 1 0 0 0 0|0 0 0 0 0 0 0 0 1 1 1 0 0 0","0 0 0 0 1 1 1 0 0 1 1 1 1 0|0 0 1 1 1 1 0 1 1 1 1 1 1 0|0 1 0 1 1 0 1 1 0 1 0 1 1 1|0 1 1 0 1 1 0 1 1 1 1 1 1 0|1 1 1 1 0 1 1 1 0 1 0 1 1 1|1 1 0 1 1 0 1 1 1 1 1 0 1 0|1 0 1 0 1 1 0 0 1 0 1 1 0 0|0 1 1 1 1 1 0 0 0 1 0 1 1 0|0 1 0 1 0 1 1 0 0 1 1 0 1 1|1 1 1 1 1 1 0 1 1 0 1 1 1 1|1 1 0 1 0 1 1 0 1 1 0 0 0 1|1 1 1 1 1 0 1 1 0 1 0 0 1 0|1 1 1 1 1 1 0 1 1 1 0 1 0 1|0 0 1 0 1 0 0 0 1 1 1 0 1 0"
142,"ID15-14.67.1",14,2,51227,"1, 2, 3, 4, 5, 6, 9, 10, 11, 13","1->9, 2->3, 3->6, 4->11, 5->4, 6->10, 7->7, 8->8, 9->1, 10->2, 11->13, 12->12, 13->5, 14->14","1-5, 1-7, 1-12, 1-13, 2-4, 2-6, 2-9, 2-11, 2-13, 3-5, 3-7, 3-12, 3-13, 3-14, 4-8, 4-9, 4-11, 4-12, 4-13, 5-7, 5-13, 5-14, 6-8, 6-11, 6-13, 7-12, 8-10, 8-12, 8-13, 9-13, 10-12, 10-13, 12-13, 13-14","1-3, 1-5, 1-11, 2-5, 2-8, 2-12, 3-5, 3-10, 3-11, 3-13, 4-5, 4-6, 4-7, 4-9, 4-14, 5-6, 5-8, 5-9, 5-10, 5-11, 5-12, 5-14, 6-7, 6-12, 6-14, 7-9, 7-12, 8-10, 8-11, 8-12, 9-12, 10-13, 11-12, 11-13","1-3, 1-5, 1-7, 1-11, 1-12, 1-13, 2-4, 2-5, 2-6, 2-8, 2-9, 2-11, 2-12, 2-13, 3-5, 3-7, 3-10, 3-11, 3-12, 3-13, 3-14, 4-5, 4-6, 4-7, 4-8, 4-9, 4-11, 4-12, 4-13, 4-14, 5-6, 5-7, 5-8, 5-9, 5-10, 5-11, 5-12, 5-13, 5-14, 6-7, 6-8, 6-11, 6-12, 6-13, 6-14, 7-9, 7-12, 8-10, 8-11, 8-12, 8-13, 9-12, 9-13, 10-12, 10-13, 11-12, 11-13, 12-13, 13-14",4,4,8,"0 0 0 0 1 0 1 0 0 0 0 1 1 0|0 0 0 1 0 1 0 0 1 0 1 0 1 0|0 0 0 0 1 0 1 0 0 0 0 1 1 1|0 1 0 0 0 0 0 1 1 0 1 1 1 0|1 0 1 0 0 0 1 0 0 0 0 0 1 1|0 1 0 0 0 0 0 1 0 0 1 0 1 0|1 0 1 0 1 0 0 0 0 0 0 1 0 0|0 0 0 1 0 1 0 0 0 1 0 1 1 0|0 1 0 1 0 0 0 0 0 0 0 0 1 0|0 0 0 0 0 0 0 1 0 0 0 1 1 0|0 1 0 1 0 1 0 0 0 0 0 0 0 0|1 0 1 1 0 0 1 1 0 1 0 0 1 0|1 1 1 1 1 1 0 1 1 1 0 1 0 1|0 0 1 0 1 0 0 0 0 0 0 0 1 0","0 0 1 0 1 0 0 0 0 0 1 0 0 0|0 0 0 0 1 0 0 1 0 0 0 1 0 0|1 0 0 0 1 0 0 0 0 1 1 0 1 0|0 0 0 0 1 1 1 0 1 0 0 0 0 1|1 1 1 1 0 1 0 1 1 1 1 1 0 1|0 0 0 1 1 0 1 0 0 0 0 1 0 1|0 0 0 1 0 1 0 0 1 0 0 1 0 0|0 1 0 0 1 0 0 0 0 1 1 1 0 0|0 0 0 1 1 0 1 0 0 0 0 1 0 0|0 0 1 0 1 0 0 1 0 0 0 0 1 0|1 0 1 0 1 0 0 1 0 0 0 1 1 0|0 1 0 0 1 1 1 1 1 0 1 0 0 0|0 0 1 0 0 0 0 0 0 1 1 0 0 0|0 0 0 1 1 1 0 0 0 0 0 0 0 0","0 0 1 0 1 0 1 0 0 0 1 1 1 0|0 0 0 1 1 1 0 1 1 0 1 1 1 0|1 0 0 0 1 0 1 0 0 1 1 1 1 1|0 1 0 0 1 1 1 1 1 0 1 1 1 1|1 1 1 1 0 1 1 1 1 1 1 1 1 1|0 1 0 1 1 0 1 1 0 0 1 1 1 1|1 0 1 1 1 1 0 0 1 0 0 1 0 0|0 1 0 1 1 1 0 0 0 1 1 1 1 0|0 1 0 1 1 0 1 0 0 0 0 1 1 0|0 0 1 0 1 0 0 1 0 0 0 1 1 0|1 1 1 1 1 1 0 1 0 0 0 1 1 0|1 1 1 1 1 1 1 1 1 1 1 0 1 0|1 1 1 1 1 1 0 1 1 1 1 1 0 1|0 0 1 1 1 1 0 0 0 0 0 0 1 0"
143,"ID15-14.67.1",14,3,55486,"1, 3, 4, 5, 7, 8, 9, 10, 12, 13","1->8, 2->2, 3->10, 4->3, 5->4, 6->6, 7->1, 8->7, 9->13, 10->12, 11->11, 12->9, 13->5, 14->14","1-5, 1-7, 1-12, 1-13, 2-4, 2-6, 2-9, 2-11, 2-13, 3-5, 3-7, 3-12, 3-13, 3-14, 4-8, 4-9, 4-11, 4-12, 4-13, 5-7, 5-13, 5-14, 6-8, 6-11, 6-13, 7-12, 8-10, 8-12, 8-13, 9-13, 10-12, 10-13, 12-13, 13-14","1-4, 1-8, 1-9, 1-10, 2-3, 2-5, 2-6, 2-11, 2-13, 3-5, 3-7, 3-9, 3-11, 3-13, 4-5, 4-8, 4-10, 4-14, 5-6, 5-7, 5-8, 5-9, 5-10, 5-12, 5-13, 5-14, 6-7, 6-11, 7-9, 7-12, 8-9, 9-10, 9-12, 10-14","1-4, 1-5, 1-7, 1-8, 1-9, 1-10, 1-12, 1-13, 2-3, 2-4, 2-5, 2-6, 2-9, 2-11, 2-13, 3-5, 3-7, 3-9, 3-11, 3-12, 3-13, 3-14, 4-5, 4-8, 4-9, 4-10, 4-11, 4-12, 4-13, 4-14, 5-6, 5-7, 5-8, 5-9, 5-10, 5-12, 5-13, 5-14, 6-7, 6-8, 6-11, 6-13, 7-9, 7-12, 8-9, 8-10, 8-12, 8-13, 9-10, 9-12, 9-13, 10-12, 10-13, 10-14, 12-13, 13-14",4,4,8,"0 0 0 0 1 0 1 0 0 0 0 1 1 0|0 0 0 1 0 1 0 0 1 0 1 0 1 0|0 0 0 0 1 0 1 0 0 0 0 1 1 1|0 1 0 0 0 0 0 1 1 0 1 1 1 0|1 0 1 0 0 0 1 0 0 0 0 0 1 1|0 1 0 0 0 0 0 1 0 0 1 0 1 0|1 0 1 0 1 0 0 0 0 0 0 1 0 0|0 0 0 1 0 1 0 0 0 1 0 1 1 0|0 1 0 1 0 0 0 0 0 0 0 0 1 0|0 0 0 0 0 0 0 1 0 0 0 1 1 0|0 1 0 1 0 1 0 0 0 0 0 0 0 0|1 0 1 1 0 0 1 1 0 1 0 0 1 0|1 1 1 1 1 1 0 1 1 1 0 1 0 1|0 0 1 0 1 0 0 0 0 0 0 0 1 0","0 0 0 1 0 0 0 1 1 1 0 0 0 0|0 0 1 0 1 1 0 0 0 0 1 0 1 0|0 1 0 0 1 0 1 0 1 0 1 0 1 0|1 0 0 0 1 0 0 1 0 1 0 0 0 1|0 1 1 1 0 1 1 1 1 1 0 1 1 1|0 1 0 0 1 0 1 0 0 0 1 0 0 0|0 0 1 0 1 1 0 0 1 0 0 1 0 0|1 0 0 1 1 0 0 0 1 0 0 0 0 0|1 0 1 0 1 0 1 1 0 1 0 1 0 0|1 0 0 1 1 0 0 0 1 0 0 0 0 1|0 1 1 0 0 1 0 0 0 0 0 0 0 0|0 0 0 0 1 0 1 0 1 0 0 0 0 0|0 1 1 0 1 0 0 0 0 0 0 0 0 0|0 0 0 1 1 0 0 0 0 1 0 0 0 0","0 0 0 1 1 0 1 1 1 1 0 1 1 0|0 0 1 1 1 1 0 0 1 0 1 0 1 0|0 1 0 0 1 0 1 0 1 0 1 1 1 1|1 1 0 0 1 0 0 1 1 1 1 1 1 1|1 1 1 1 0 1 1 1 1 1 0 1 1 1|0 1 0 0 1 0 1 1 0 0 1 0 1 0|1 0 1 0 1 1 0 0 1 0 0 1 0 0|1 0 0 1 1 1 0 0 1 1 0 1 1 0|1 1 1 1 1 0 1 1 0 1 0 1 1 0|1 0 0 1 1 0 0 1 1 0 0 1 1 1|0 1 1 1 0 1 0 0 0 0 0 0 0 0|1 0 1 1 1 0 1 1 1 1 0 0 1 0|1 1 1 1 1 1 0 1 1 1 0 1 0 1|0 0 1 1 1 0 0 0 0 1 0 0 1 0"
144,"ID15-14.67.1",14,4,65820,"1, 3, 4, 5, 6, 8, 9, 10, 12, 13","1->9, 2->2, 3->10, 4->1, 5->13, 6->12, 7->7, 8->6, 9->8, 10->3, 11->11, 12->4, 13->5, 14->14","1-5, 1-7, 1-12, 1-13, 2-4, 2-6, 2-9, 2-11, 2-13, 3-5, 3-7, 3-12, 3-13, 3-14, 4-8, 4-9, 4-11, 4-12, 4-13, 5-7, 5-13, 5-14, 6-8, 6-11, 6-13, 7-12, 8-10, 8-12, 8-13, 9-13, 10-12, 10-13, 12-13, 13-14","1-2, 1-4, 1-5, 1-6, 1-8, 1-11, 2-5, 2-8, 2-11, 2-12, 3-4, 3-5, 3-6, 4-5, 4-6, 4-7, 4-9, 4-10, 5-6, 5-8, 5-9, 5-10, 5-12, 5-13, 5-14, 6-12, 7-9, 7-10, 7-13, 9-13, 10-13, 10-14, 11-12, 13-14","1-2, 1-4, 1-5, 1-6, 1-7, 1-8, 1-11, 1-12, 1-13, 2-4, 2-5, 2-6, 2-8, 2-9, 2-11, 2-12, 2-13, 3-4, 3-5, 3-6, 3-7, 3-12, 3-13, 3-14, 4-5, 4-6, 4-7, 4-8, 4-9, 4-10, 4-11, 4-12, 4-13, 5-6, 5-7, 5-8, 5-9, 5-10, 5-12, 5-13, 5-14, 6-8, 6-11, 6-12, 6-13, 7-9, 7-10, 7-12, 7-13, 8-10, 8-12, 8-13, 9-13, 10-12, 10-13, 10-14, 11-12, 12-13, 13-14",4,4,8,"0 0 0 0 1 0 1 0 0 0 0 1 1 0|0 0 0 1 0 1 0 0 1 0 1 0 1 0|0 0 0 0 1 0 1 0 0 0 0 1 1 1|0 1 0 0 0 0 0 1 1 0 1 1 1 0|1 0 1 0 0 0 1 0 0 0 0 0 1 1|0 1 0 0 0 0 0 1 0 0 1 0 1 0|1 0 1 0 1 0 0 0 0 0 0 1 0 0|0 0 0 1 0 1 0 0 0 1 0 1 1 0|0 1 0 1 0 0 0 0 0 0 0 0 1 0|0 0 0 0 0 0 0 1 0 0 0 1 1 0|0 1 0 1 0 1 0 0 0 0 0 0 0 0|1 0 1 1 0 0 1 1 0 1 0 0 1 0|1 1 1 1 1 1 0 1 1 1 0 1 0 1|0 0 1 0 1 0 0 0 0 0 0 0 1 0","0 1 0 1 1 1 0 1 0 0 1 0 0 0|1 0 0 0 1 0 0 1 0 0 1 1 0 0|0 0 0 1 1 1 0 0 0 0 0 0 0 0|1 0 1 0 1 1 1 0 1 1 0 0 0 0|1 1 1 1 0 1 0 1 1 1 0 1 1 1|1 0 1 1 1 0 0 0 0 0 0 1 0 0|0 0 0 1 0 0 0 0 1 1 0 0 1 0|1 1 0 0 1 0 0 0 0 0 0 0 0 0|0 0 0 1 1 0 1 0 0 0 0 0 1 0|0 0 0 1 1 0 1 0 0 0 0 0 1 1|1 1 0 0 0 0 0 0 0 0 0 1 0 0|0 1 0 0 1 1 0 0 0 0 1 0 0 0|0 0 0 0 1 0 1 0 1 1 0 0 0 1|0 0 0 0 1 0 0 0 0 1 0 0 1 0","0 1 0 1 1 1 1 1 0 0 1 1 1 0|1 0 0 1 1 1 0 1 1 0 1 1 1 0|0 0 0 1 1 1 1 0 0 0 0 1 1 1|1 1 1 0 1 1 1 1 1 1 1 1 1 0|1 1 1 1 0 1 1 1 1 1 0 1 1 1|1 1 1 1 1 0 0 1 0 0 1 1 1 0|1 0 1 1 1 0 0 0 1 1 0 1 1 0|1 1 0 1 1 1 0 0 0 1 0 1 1 0|0 1 0 1 1 0 1 0 0 0 0 0 1 0|0 0 0 1 1 0 1 1 0 0 0 1 1 1|1 1 0 1 0 1 0 0 0 0 0 1 0 0|1 1 1 1 1 1 1 1 0 1 1 0 1 0|1 1 1 1 1 1 1 1 1 1 0 1 0 1|0 0 1 0 1 0 0 0 0 1 0 0 1 0"
145,"ID15-14.67.1",14,5,66864,"3, 4, 5, 7, 8, 10, 11, 12, 13, 14","1->1, 2->2, 3->7, 4->12, 5->10, 6->6, 7->3, 8->11, 9->9, 10->14, 11->4, 12->8, 13->5, 14->13","1-5, 1-7, 1-12, 1-13, 2-4, 2-6, 2-9, 2-11, 2-13, 3-5, 3-7, 3-12, 3-13, 3-14, 4-8, 4-9, 4-11, 4-12, 4-13, 5-7, 5-13, 5-14, 6-8, 6-11, 6-13, 7-12, 8-10, 8-12, 8-13, 9-13, 10-12, 10-13, 12-13, 13-14","1-3, 1-5, 1-8, 1-10, 2-4, 2-5, 2-6, 2-9, 2-12, 3-7, 3-8, 3-10, 4-6, 4-12, 5-6, 5-7, 5-8, 5-9, 5-10, 5-11, 5-12, 5-13, 5-14, 6-11, 7-8, 7-10, 7-13, 8-11, 8-12, 8-14, 9-12, 10-13, 11-12, 11-14","1-3, 1-5, 1-7, 1-8, 1-10, 1-12, 1-13, 2-4, 2-5, 2-6, 2-9, 2-11, 2-12, 2-13, 3-5, 3-7, 3-8, 3-10, 3-12, 3-13, 3-14, 4-6, 4-8, 4-9, 4-11, 4-12, 4-13, 5-6, 5-7, 5-8, 5-9, 5-10, 5-11, 5-12, 5-13, 5-14, 6-8, 6-11, 6-13, 7-8, 7-10, 7-12, 7-13, 8-10, 8-11, 8-12, 8-13, 8-14, 9-12, 9-13, 10-12, 10-13, 11-12, 11-14, 12-13, 13-14",4,4,8,"0 0 0 0 1 0 1 0 0 0 0 1 1 0|0 0 0 1 0 1 0 0 1 0 1 0 1 0|0 0 0 0 1 0 1 0 0 0 0 1 1 1|0 1 0 0 0 0 0 1 1 0 1 1 1 0|1 0 1 0 0 0 1 0 0 0 0 0 1 1|0 1 0 0 0 0 0 1 0 0 1 0 1 0|1 0 1 0 1 0 0 0 0 0 0 1 0 0|0 0 0 1 0 1 0 0 0 1 0 1 1 0|0 1 0 1 0 0 0 0 0 0 0 0 1 0|0 0 0 0 0 0 0 1 0 0 0 1 1 0|0 1 0 1 0 1 0 0 0 0 0 0 0 0|1 0 1 1 0 0 1 1 0 1 0 0 1 0|1 1 1 1 1 1 0 1 1 1 0 1 0 1|0 0 1 0 1 0 0 0 0 0 0 0 1 0","0 0 1 0 1 0 0 1 0 1 0 0 0 0|0 0 0 1 1 1 0 0 1 0 0 1 0 0|1 0 0 0 0 0 1 1 0 1 0 0 0 0|0 1 0 0 0 1 0 0 0 0 0 1 0 0|1 1 0 0 0 1 1 1 1 1 1 1 1 1|0 1 0 1 1 0 0 0 0 0 1 0 0 0|0 0 1 0 1 0 0 1 0 1 0 0 1 0|1 0 1 0 1 0 1 0 0 0 1 1 0 1|0 1 0 0 1 0 0 0 0 0 0 1 0 0|1 0 1 0 1 0 1 0 0 0 0 0 1 0|0 0 0 0 1 1 0 1 0 0 0 1 0 1|0 1 0 1 1 0 0 1 1 0 1 0 0 0|0 0 0 0 1 0 1 0 0 1 0 0 0 0|0 0 0 0 1 0 0 1 0 0 1 0 0 0","0 0 1 0 1 0 1 1 0 1 0 1 1 0|0 0 0 1 1 1 0 0 1 0 1 1 1 0|1 0 0 0 1 0 1 1 0 1 0 1 1 1|0 1 0 0 0 1 0 1 1 0 1 1 1 0|1 1 1 0 0 1 1 1 1 1 1 1 1 1|0 1 0 1 1 0 0 1 0 0 1 0 1 0|1 0 1 0 1 0 0 1 0 1 0 1 1 0|1 0 1 1 1 1 1 0 0 1 1 1 1 1|0 1 0 1 1 0 0 0 0 0 0 1 1 0|1 0 1 0 1 0 1 1 0 0 0 1 1 0|0 1 0 1 1 1 0 1 0 0 0 1 0 1|1 1 1 1 1 0 1 1 1 1 1 0 1 0|1 1 1 1 1 1 1 1 1 1 0 1 0 1|0 0 1 0 1 0 0 1 0 0 1 0 1 0"
146,"ID15-14.67.1",14,6,78083,"2, 3, 4, 5, 6, 7, 9, 11, 12, 13","1->1, 2->6, 3->7, 4->5, 5->13, 6->3, 7->9, 8->8, 9->12, 10->10, 11->4, 12->2, 13->11, 14->14","1-5, 1-7, 1-12, 1-13, 2-4, 2-6, 2-9, 2-11, 2-13, 3-5, 3-7, 3-12, 3-13, 3-14, 4-8, 4-9, 4-11, 4-12, 4-13, 5-7, 5-13, 5-14, 6-8, 6-11, 6-13, 7-12, 8-10, 8-12, 8-13, 9-13, 10-12, 10-13, 12-13, 13-14","1-2, 1-9, 1-11, 1-13, 2-5, 2-7, 2-8, 2-9, 2-10, 2-11, 3-4, 3-6, 3-8, 3-11, 4-5, 4-6, 5-6, 5-8, 5-11, 5-12, 6-11, 6-12, 7-9, 7-11, 7-13, 7-14, 8-10, 8-11, 9-13, 10-11, 11-12, 11-13, 11-14, 13-14","1-2, 1-5, 1-7, 1-9, 1-11, 1-12, 1-13, 2-4, 2-5, 2-6, 2-7, 2-8, 2-9, 2-10, 2-11, 2-13, 3-4, 3-5, 3-6, 3-7, 3-8, 3-11, 3-12, 3-13, 3-14, 4-5, 4-6, 4-8, 4-9, 4-11, 4-12, 4-13, 5-6, 5-7, 5-8, 5-11, 5-12, 5-13, 5-14, 6-8, 6-11, 6-12, 6-13, 7-9, 7-11, 7-12, 7-13, 7-14, 8-10, 8-11, 8-12, 8-13, 9-13, 10-11, 10-12, 10-13, 11-12, 11-13, 11-14, 12-13, 13-14",4,4,8,"0 0 0 0 1 0 1 0 0 0 0 1 1 0|0 0 0 1 0 1 0 0 1 0 1 0 1 0|0 0 0 0 1 0 1 0 0 0 0 1 1 1|0 1 0 0 0 0 0 1 1 0 1 1 1 0|1 0 1 0 0 0 1 0 0 0 0 0 1 1|0 1 0 0 0 0 0 1 0 0 1 0 1 0|1 0 1 0 1 0 0 0 0 0 0 1 0 0|0 0 0 1 0 1 0 0 0 1 0 1 1 0|0 1 0 1 0 0 0 0 0 0 0 0 1 0|0 0 0 0 0 0 0 1 0 0 0 1 1 0|0 1 0 1 0 1 0 0 0 0 0 0 0 0|1 0 1 1 0 0 1 1 0 1 0 0 1 0|1 1 1 1 1 1 0 1 1 1 0 1 0 1|0 0 1 0 1 0 0 0 0 0 0 0 1 0","0 1 0 0 0 0 0 0 1 0 1 0 1 0|1 0 0 0 1 0 1 1 1 1 1 0 0 0|0 0 0 1 0 1 0 1 0 0 1 0 0 0|0 0 1 0 1 1 0 0 0 0 0 0 0 0|0 1 0 1 0 1 0 1 0 0 1 1 0 0|0 0 1 1 1 0 0 0 0 0 1 1 0 0|0 1 0 0 0 0 0 0 1 0 1 0 1 1|0 1 1 0 1 0 0 0 0 1 1 0 0 0|1 1 0 0 0 0 1 0 0 0 0 0 1 0|0 1 0 0 0 0 0 1 0 0 1 0 0 0|1 1 1 0 1 1 1 1 0 1 0 1 1 1|0 0 0 0 1 1 0 0 0 0 1 0 0 0|1 0 0 0 0 0 1 0 1 0 1 0 0 1|0 0 0 0 0 0 1 0 0 0 1 0 1 0","0 1 0 0 1 0 1 0 1 0 1 1 1 0|1 0 0 1 1 1 1 1 1 1 1 0 1 0|0 0 0 1 1 1 1 1 0 0 1 1 1 1|0 1 1 0 1 1 0 1 1 0 1 1 1 0|1 1 1 1 0 1 1 1 0 0 1 1 1 1|0 1 1 1 1 0 0 1 0 0 1 1 1 0|1 1 1 0 1 0 0 0 1 0 1 1 1 1|0 1 1 1 1 1 0 0 0 1 1 1 1 0|1 1 0 1 0 0 1 0 0 0 0 0 1 0|0 1 0 0 0 0 0 1 0 0 1 1 1 0|1 1 1 1 1 1 1 1 0 1 0 1 1 1|1 0 1 1 1 1 1 1 0 1 1 0 1 0|1 1 1 1 1 1 1 1 1 1 1 1 0 1|0 0 1 0 1 0 1 0 0 0 1 0 1 0"
147,"ID15-14.67.1",14,7,80301,"3, 4, 5, 7, 8, 9, 10, 12, 13, 14","1->1, 2->2, 3->8, 4->5, 5->9, 6->6, 7->3, 8->7, 9->12, 10->13, 11->11, 12->4, 13->14, 14->10","1-5, 1-7, 1-12, 1-13, 2-4, 2-6, 2-9, 2-11, 2-13, 3-5, 3-7, 3-12, 3-13, 3-14, 4-8, 4-9, 4-11, 4-12, 4-13, 5-7, 5-13, 5-14, 6-8, 6-11, 6-13, 7-12, 8-10, 8-12, 8-13, 9-13, 10-12, 10-13, 12-13, 13-14","1-3, 1-4, 1-9, 1-14, 2-5, 2-6, 2-11, 2-12, 2-14, 3-4, 3-8, 3-9, 4-5, 4-7, 4-8, 4-13, 4-14, 5-7, 5-11, 5-12, 5-14, 6-7, 6-11, 6-14, 7-13, 7-14, 8-9, 8-10, 8-14, 9-10, 9-14, 10-14, 12-14, 13-14","1-3, 1-4, 1-5, 1-7, 1-9, 1-12, 1-13, 1-14, 2-4, 2-5, 2-6, 2-9, 2-11, 2-12, 2-13, 2-14, 3-4, 3-5, 3-7, 3-8, 3-9, 3-12, 3-13, 3-14, 4-5, 4-7, 4-8, 4-9, 4-11, 4-12, 4-13, 4-14, 5-7, 5-11, 5-12, 5-13, 5-14, 6-7, 6-8, 6-11, 6-13, 6-14, 7-12, 7-13, 7-14, 8-9, 8-10, 8-12, 8-13, 8-14, 9-10, 9-13, 9-14, 10-12, 10-13, 10-14, 12-13, 12-14, 13-14",4,4,8,"0 0 0 0 1 0 1 0 0 0 0 1 1 0|0 0 0 1 0 1 0 0 1 0 1 0 1 0|0 0 0 0 1 0 1 0 0 0 0 1 1 1|0 1 0 0 0 0 0 1 1 0 1 1 1 0|1 0 1 0 0 0 1 0 0 0 0 0 1 1|0 1 0 0 0 0 0 1 0 0 1 0 1 0|1 0 1 0 1 0 0 0 0 0 0 1 0 0|0 0 0 1 0 1 0 0 0 1 0 1 1 0|0 1 0 1 0 0 0 0 0 0 0 0 1 0|0 0 0 0 0 0 0 1 0 0 0 1 1 0|0 1 0 1 0 1 0 0 0 0 0 0 0 0|1 0 1 1 0 0 1 1 0 1 0 0 1 0|1 1 1 1 1 1 0 1 1 1 0 1 0 1|0 0 1 0 1 0 0 0 0 0 0 0 1 0","0 0 1 1 0 0 0 0 1 0 0 0 0 1|0 0 0 0 1 1 0 0 0 0 1 1 0 1|1 0 0 1 0 0 0 1 1 0 0 0 0 0|1 0 1 0 1 0 1 1 0 0 0 0 1 1|0 1 0 1 0 0 1 0 0 0 1 1 0 1|0 1 0 0 0 0 1 0 0 0 1 0 0 1|0 0 0 1 1 1 0 0 0 0 0 0 1 1|0 0 1 1 0 0 0 0 1 1 0 0 0 1|1 0 1 0 0 0 0 1 0 1 0 0 0 1|0 0 0 0 0 0 0 1 1 0 0 0 0 1|0 1 0 0 1 1 0 0 0 0 0 0 0 0|0 1 0 0 1 0 0 0 0 0 0 0 0 1|0 0 0 1 0 0 1 0 0 0 0 0 0 1|1 1 0 1 1 1 1 1 1 1 0 1 1 0","0 0 1 1 1 0 1 0 1 0 0 1 1 1|0 0 0 1 1 1 0 0 1 0 1 1 1 1|1 0 0 1 1 0 1 1 1 0 0 1 1 1|1 1 1 0 1 0 1 1 1 0 1 1 1 1|1 1 1 1 0 0 1 0 0 0 1 1 1 1|0 1 0 0 0 0 1 1 0 0 1 0 1 1|1 0 1 1 1 1 0 0 0 0 0 1 1 1|0 0 1 1 0 1 0 0 1 1 0 1 1 1|1 1 1 1 0 0 0 1 0 1 0 0 1 1|0 0 0 0 0 0 0 1 1 0 0 1 1 1|0 1 0 1 1 1 0 0 0 0 0 0 0 0|1 1 1 1 1 0 1 1 0 1 0 0 1 1|1 1 1 1 1 1 1 1 1 1 0 1 0 1|1 1 1 1 1 1 1 1 1 1 0 1 1 0"
148,"ID15-14.67.1",14,8,118764,"3, 4, 5, 6, 7, 8, 10, 12, 13, 14","1->1, 2->2, 3->12, 4->10, 5->3, 6->13, 7->6, 8->7, 9->9, 10->4, 11->11, 12->14, 13->8, 14->5","1-5, 1-7, 1-12, 1-13, 2-4, 2-6, 2-9, 2-11, 2-13, 3-5, 3-7, 3-12, 3-13, 3-14, 4-8, 4-9, 4-11, 4-12, 4-13, 5-7, 5-13, 5-14, 6-8, 6-11, 6-13, 7-12, 8-10, 8-12, 8-13, 9-13, 10-12, 10-13, 12-13, 13-14","1-3, 1-6, 1-8, 1-14, 2-8, 2-9, 2-10, 2-11, 2-13, 3-5, 3-6, 3-8, 3-12, 4-7, 4-8, 4-14, 5-8, 5-12, 6-12, 6-14, 7-8, 7-10, 7-13, 7-14, 8-9, 8-10, 8-12, 8-13, 8-14, 9-10, 10-11, 10-14, 11-13, 12-14","1-3, 1-5, 1-6, 1-7, 1-8, 1-12, 1-13, 1-14, 2-4, 2-6, 2-8, 2-9, 2-10, 2-11, 2-13, 3-5, 3-6, 3-7, 3-8, 3-12, 3-13, 3-14, 4-7, 4-8, 4-9, 4-11, 4-12, 4-13, 4-14, 5-7, 5-8, 5-12, 5-13, 5-14, 6-8, 6-11, 6-12, 6-13, 6-14, 7-8, 7-10, 7-12, 7-13, 7-14, 8-9, 8-10, 8-12, 8-13, 8-14, 9-10, 9-13, 10-11, 10-12, 10-13, 10-14, 11-13, 12-13, 12-14, 13-14",4,4,8,"0 0 0 0 1 0 1 0 0 0 0 1 1 0|0 0 0 1 0 1 0 0 1 0 1 0 1 0|0 0 0 0 1 0 1 0 0 0 0 1 1 1|0 1 0 0 0 0 0 1 1 0 1 1 1 0|1 0 1 0 0 0 1 0 0 0 0 0 1 1|0 1 0 0 0 0 0 1 0 0 1 0 1 0|1 0 1 0 1 0 0 0 0 0 0 1 0 0|0 0 0 1 0 1 0 0 0 1 0 1 1 0|0 1 0 1 0 0 0 0 0 0 0 0 1 0|0 0 0 0 0 0 0 1 0 0 0 1 1 0|0 1 0 1 0 1 0 0 0 0 0 0 0 0|1 0 1 1 0 0 1 1 0 1 0 0 1 0|1 1 1 1 1 1 0 1 1 1 0 1 0 1|0 0 1 0 1 0 0 0 0 0 0 0 1 0","0 0 1 0 0 1 0 1 0 0 0 0 0 1|0 0 0 0 0 0 0 1 1 1 1 0 1 0|1 0 0 0 1 1 0 1 0 0 0 1 0 0|0 0 0 0 0 0 1 1 0 0 0 0 0 1|0 0 1 0 0 0 0 1 0 0 0 1 0 0|1 0 1 0 0 0 0 0 0 0 0 1 0 1|0 0 0 1 0 0 0 1 0 1 0 0 1 1|1 1 1 1 1 0 1 0 1 1 0 1 1 1|0 1 0 0 0 0 0 1 0 1 0 0 0 0|0 1 0 0 0 0 1 1 1 0 1 0 0 1|0 1 0 0 0 0 0 0 0 1 0 0 1 0|0 0 1 0 1 1 0 1 0 0 0 0 0 1|0 1 0 0 0 0 1 1 0 0 1 0 0 0|1 0 0 1 0 1 1 1 0 1 0 1 0 0","0 0 1 0 1 1 1 1 0 0 0 1 1 1|0 0 0 1 0 1 0 1 1 1 1 0 1 0|1 0 0 0 1 1 1 1 0 0 0 1 1 1|0 1 0 0 0 0 1 1 1 0 1 1 1 1|1 0 1 0 0 0 1 1 0 0 0 1 1 1|1 1 1 0 0 0 0 1 0 0 1 1 1 1|1 0 1 1 1 0 0 1 0 1 0 1 1 1|1 1 1 1 1 1 1 0 1 1 0 1 1 1|0 1 0 1 0 0 0 1 0 1 0 0 1 0|0 1 0 0 0 0 1 1 1 0 1 1 1 1|0 1 0 1 0 1 0 0 0 1 0 0 1 0|1 0 1 1 1 1 1 1 0 1 0 0 1 1|1 1 1 1 1 1 1 1 1 1 1 1 0 1|1 0 1 1 1 1 1 1 0 1 0 1 1 0"
149,"ID15-14.67.1",14,9,130772,"1, 2, 3, 4, 5, 6, 10, 12, 13, 14","1->13, 2->12, 3->4, 4->14, 5->2, 6->5, 7->7, 8->8, 9->9, 10->3, 11->11, 12->1, 13->6, 14->10","1-5, 1-7, 1-12, 1-13, 2-4, 2-6, 2-9, 2-11, 2-13, 3-5, 3-7, 3-12, 3-13, 3-14, 4-8, 4-9, 4-11, 4-12, 4-13, 5-7, 5-13, 5-14, 6-8, 6-11, 6-13, 7-12, 8-10, 8-12, 8-13, 9-13, 10-12, 10-13, 12-13, 13-14","1-3, 1-4, 1-6, 1-7, 1-8, 1-13, 1-14, 2-4, 2-6, 2-7, 2-10, 2-13, 3-6, 3-8, 4-6, 4-7, 4-10, 5-6, 5-8, 5-11, 5-12, 6-8, 6-9, 6-10, 6-12, 6-13, 6-14, 7-13, 8-14, 9-12, 9-14, 11-12, 11-14, 12-14","1-3, 1-4, 1-5, 1-6, 1-7, 1-8, 1-12, 1-13, 1-14, 2-4, 2-6, 2-7, 2-9, 2-10, 2-11, 2-13, 3-5, 3-6, 3-7, 3-8, 3-12, 3-13, 3-14, 4-6, 4-7, 4-8, 4-9, 4-10, 4-11, 4-12, 4-13, 5-6, 5-7, 5-8, 5-11, 5-12, 5-13, 5-14, 6-8, 6-9, 6-10, 6-11, 6-12, 6-13, 6-14, 7-12, 7-13, 8-10, 8-12, 8-13, 8-14, 9-12, 9-13, 9-14, 10-12, 10-13, 11-12, 11-14, 12-13, 12-14, 13-14",4,4,8,"0 0 0 0 1 0 1 0 0 0 0 1 1 0|0 0 0 1 0 1 0 0 1 0 1 0 1 0|0 0 0 0 1 0 1 0 0 0 0 1 1 1|0 1 0 0 0 0 0 1 1 0 1 1 1 0|1 0 1 0 0 0 1 0 0 0 0 0 1 1|0 1 0 0 0 0 0 1 0 0 1 0 1 0|1 0 1 0 1 0 0 0 0 0 0 1 0 0|0 0 0 1 0 1 0 0 0 1 0 1 1 0|0 1 0 1 0 0 0 0 0 0 0 0 1 0|0 0 0 0 0 0 0 1 0 0 0 1 1 0|0 1 0 1 0 1 0 0 0 0 0 0 0 0|1 0 1 1 0 0 1 1 0 1 0 0 1 0|1 1 1 1 1 1 0 1 1 1 0 1 0 1|0 0 1 0 1 0 0 0 0 0 0 0 1 0","0 0 1 1 0 1 1 1 0 0 0 0 1 1|0 0 0 1 0 1 1 0 0 1 0 0 1 0|1 0 0 0 0 1 0 1 0 0 0 0 0 0|1 1 0 0 0 1 1 0 0 1 0 0 0 0|0 0 0 0 0 1 0 1 0 0 1 1 0 0|1 1 1 1 1 0 0 1 1 1 0 1 1 1|1 1 0 1 0 0 0 0 0 0 0 0 1 0|1 0 1 0 1 1 0 0 0 0 0 0 0 1|0 0 0 0 0 1 0 0 0 0 0 1 0 1|0 1 0 1 0 1 0 0 0 0 0 0 0 0|0 0 0 0 1 0 0 0 0 0 0 1 0 1|0 0 0 0 1 1 0 0 1 0 1 0 0 1|1 1 0 0 0 1 1 0 0 0 0 0 0 0|1 0 0 0 0 1 0 1 1 0 1 1 0 0","0 0 1 1 1 1 1 1 0 0 0 1 1 1|0 0 0 1 0 1 1 0 1 1 1 0 1 0|1 0 0 0 1 1 1 1 0 0 0 1 1 1|1 1 0 0 0 1 1 1 1 1 1 1 1 0|1 0 1 0 0 1 1 1 0 0 1 1 1 1|1 1 1 1 1 0 0 1 1 1 1 1 1 1|1 1 1 1 1 0 0 0 0 0 0 1 1 0|1 0 1 1 1 1 0 0 0 1 0 1 1 1|0 1 0 1 0 1 0 0 0 0 0 1 1 1|0 1 0 1 0 1 0 1 0 0 0 1 1 0|0 1 0 1 1 1 0 0 0 0 0 1 0 1|1 0 1 1 1 1 1 1 1 1 1 0 1 1|1 1 1 1 1 1 1 1 1 1 0 1 0 1|1 0 1 0 1 1 0 1 1 0 1 1 1 0"
150,"ID15-14.67.1",14,10,135166,"1, 2, 3, 4, 7, 8, 10, 12, 13, 14","1->3, 2->10, 3->14, 4->1, 5->5, 6->6, 7->4, 8->13, 9->9, 10->2, 11->11, 12->7, 13->8, 14->12","1-5, 1-7, 1-12, 1-13, 2-4, 2-6, 2-9, 2-11, 2-13, 3-5, 3-7, 3-12, 3-13, 3-14, 4-8, 4-9, 4-11, 4-12, 4-13, 5-7, 5-13, 5-14, 6-8, 6-11, 6-13, 7-12, 8-10, 8-12, 8-13, 9-13, 10-12, 10-13, 12-13, 13-14","1-7, 1-8, 1-9, 1-10, 1-11, 1-13, 2-7, 2-8, 2-13, 3-4, 3-5, 3-7, 3-8, 4-5, 4-7, 4-14, 5-8, 5-12, 5-14, 6-8, 6-10, 6-11, 6-13, 7-8, 7-13, 7-14, 8-9, 8-10, 8-12, 8-13, 8-14, 9-10, 10-11, 12-14","1-5, 1-7, 1-8, 1-9, 1-10, 1-11, 1-12, 1-13, 2-4, 2-6, 2-7, 2-8, 2-9, 2-11, 2-13, 3-4, 3-5, 3-7, 3-8, 3-12, 3-13, 3-14, 4-5, 4-7, 4-8, 4-9, 4-11, 4-12, 4-13, 4-14, 5-7, 5-8, 5-12, 5-13, 5-14, 6-8, 6-10, 6-11, 6-13, 7-8, 7-12, 7-13, 7-14, 8-9, 8-10, 8-12, 8-13, 8-14, 9-10, 9-13, 10-11, 10-12, 10-13, 12-13, 12-14, 13-14",4,4,8,"0 0 0 0 1 0 1 0 0 0 0 1 1 0|0 0 0 1 0 1 0 0 1 0 1 0 1 0|0 0 0 0 1 0 1 0 0 0 0 1 1 1|0 1 0 0 0 0 0 1 1 0 1 1 1 0|1 0 1 0 0 0 1 0 0 0 0 0 1 1|0 1 0 0 0 0 0 1 0 0 1 0 1 0|1 0 1 0 1 0 0 0 0 0 0 1 0 0|0 0 0 1 0 1 0 0 0 1 0 1 1 0|0 1 0 1 0 0 0 0 0 0 0 0 1 0|0 0 0 0 0 0 0 1 0 0 0 1 1 0|0 1 0 1 0 1 0 0 0 0 0 0 0 0|1 0 1 1 0 0 1 1 0 1 0 0 1 0|1 1 1 1 1 1 0 1 1 1 0 1 0 1|0 0 1 0 1 0 0 0 0 0 0 0 1 0","0 0 0 0 0 0 1 1 1 1 1 0 1 0|0 0 0 0 0 0 1 1 0 0 0 0 1 0|0 0 0 1 1 0 1 1 0 0 0 0 0 0|0 0 1 0 1 0 1 0 0 0 0 0 0 1|0 0 1 1 0 0 0 1 0 0 0 1 0 1|0 0 0 0 0 0 0 1 0 1 1 0 1 0|1 1 1 1 0 0 0 1 0 0 0 0 1 1|1 1 1 0 1 1 1 0 1 1 0 1 1 1|1 0 0 0 0 0 0 1 0 1 0 0 0 0|1 0 0 0 0 1 0 1 1 0 1 0 0 0|1 0 0 0 0 1 0 0 0 1 0 0 0 0|0 0 0 0 1 0 0 1 0 0 0 0 0 1|1 1 0 0 0 1 1 1 0 0 0 0 0 0|0 0 0 1 1 0 1 1 0 0 0 1 0 0","0 0 0 0 1 0 1 1 1 1 1 1 1 0|0 0 0 1 0 1 1 1 1 0 1 0 1 0|0 0 0 1 1 0 1 1 0 0 0 1 1 1|0 1 1 0 1 0 1 1 1 0 1 1 1 1|1 0 1 1 0 0 1 1 0 0 0 1 1 1|0 1 0 0 0 0 0 1 0 1 1 0 1 0|1 1 1 1 1 0 0 1 0 0 0 1 1 1|1 1 1 1 1 1 1 0 1 1 0 1 1 1|1 1 0 1 0 0 0 1 0 1 0 0 1 0|1 0 0 0 0 1 0 1 1 0 1 1 1 0|1 1 0 1 0 1 0 0 0 1 0 0 0 0|1 0 1 1 1 0 1 1 0 1 0 0 1 1|1 1 1 1 1 1 1 1 1 1 0 1 0 1|0 0 1 1 1 0 1 1 0 0 0 1 1 0"
151,"ID16-14.68.1:",14,1,10112,"1, 2, 4, 6, 7, 9, 10, 11, 12, 14","1->10, 2->4, 3->3, 4->7, 5->5, 6->1, 7->9, 8->8, 9->2, 10->12, 11->14, 12->6, 13->13, 14->11","1-3, 1-5, 1-7, 1-9, 1-13, 1-14, 2-4, 2-6, 2-10, 2-12, 3-7, 3-12, 4-8, 4-10, 4-11, 4-12, 4-14, 5-7, 5-9, 5-12, 5-13, 6-8, 6-9, 6-10, 6-12, 6-14, 7-12, 7-13, 8-10, 8-14, 9-12, 9-14, 11-12, 11-14, 12-14","1-2, 1-4, 1-6, 1-8, 1-11, 1-12, 2-5, 2-6, 2-10, 2-11, 3-6, 3-9, 3-10, 4-6, 4-7, 4-12, 5-6, 5-9, 5-10, 5-13, 6-7, 6-9, 6-11, 6-14, 7-8, 7-11, 7-12, 7-14, 8-11, 8-12, 9-10, 9-13, 10-11, 10-13, 11-14","1-2, 1-3, 1-4, 1-5, 1-6, 1-7, 1-8, 1-9, 1-11, 1-12, 1-13, 1-14, 2-4, 2-5, 2-6, 2-10, 2-11, 2-12, 3-6, 3-7, 3-9, 3-10, 3-12, 4-6, 4-7, 4-8, 4-10, 4-11, 4-12, 4-14, 5-6, 5-7, 5-9, 5-10, 5-12, 5-13, 6-7, 6-8, 6-9, 6-10, 6-11, 6-12, 6-14, 7-8, 7-11, 7-12, 7-13, 7-14, 8-10, 8-11, 8-12, 8-14, 9-10, 9-12, 9-13, 9-14, 10-11, 10-13, 11-12, 11-14, 12-14",4,4,8,"0 0 1 0 1 0 1 0 1 0 0 0 1 1|0 0 0 1 0 1 0 0 0 1 0 1 0 0|1 0 0 0 0 0 1 0 0 0 0 1 0 0|0 1 0 0 0 0 0 1 0 1 1 1 0 1|1 0 0 0 0 0 1 0 1 0 0 1 1 0|0 1 0 0 0 0 0 1 1 1 0 1 0 1|1 0 1 0 1 0 0 0 0 0 0 1 1 0|0 0 0 1 0 1 0 0 0 1 0 0 0 1|1 0 0 0 1 1 0 0 0 0 0 1 0 1|0 1 0 1 0 1 0 1 0 0 0 0 0 0|0 0 0 1 0 0 0 0 0 0 0 1 0 1|0 1 1 1 1 1 1 0 1 0 1 0 0 1|1 0 0 0 1 0 1 0 0 0 0 0 0 0|1 0 0 1 0 1 0 1 1 0 1 1 0 0","0 1 0 1 0 1 0 1 0 0 1 1 0 0|1 0 0 0 1 1 0 0 0 1 1 0 0 0|0 0 0 0 0 1 0 0 1 1 0 0 0 0|1 0 0 0 0 1 1 0 0 0 0 1 0 0|0 1 0 0 0 1 0 0 1 1 0 0 1 0|1 1 1 1 1 0 1 0 1 0 1 0 0 1|0 0 0 1 0 1 0 1 0 0 1 1 0 1|1 0 0 0 0 0 1 0 0 0 1 1 0 0|0 0 1 0 1 1 0 0 0 1 0 0 1 0|0 1 1 0 1 0 0 0 1 0 1 0 1 0|1 1 0 0 0 1 1 1 0 1 0 0 0 1|1 0 0 1 0 0 1 1 0 0 0 0 0 0|0 0 0 0 1 0 0 0 1 1 0 0 0 0|0 0 0 0 0 1 1 0 0 0 1 0 0 0","0 1 1 1 1 1 1 1 1 0 1 1 1 1|1 0 0 1 1 1 0 0 0 1 1 1 0 0|1 0 0 0 0 1 1 0 1 1 0 1 0 0|1 1 0 0 0 1 1 1 0 1 1 1 0 1|1 1 0 0 0 1 1 0 1 1 0 1 1 0|1 1 1 1 1 0 1 1 1 1 1 1 0 1|1 0 1 1 1 1 0 1 0 0 1 1 1 1|1 0 0 1 0 1 1 0 0 1 1 1 0 1|1 0 1 0 1 1 0 0 0 1 0 1 1 1|0 1 1 1 1 1 0 1 1 0 1 0 1 0|1 1 0 1 0 1 1 1 0 1 0 1 0 1|1 1 1 1 1 1 1 1 1 0 1 0 0 1|1 0 0 0 1 0 1 0 1 1 0 0 0 0|1 0 0 1 0 1 1 1 1 0 1 1 0 0"
152,"ID16-14.68.1:",14,2,22341,"1, 3, 4, 6, 8, 9, 11, 12, 13, 14","1->6, 2->2, 3->4, 4->12, 5->5, 6->9, 7->7, 8->13, 9->11, 10->10, 11->3, 12->8, 13->14, 14->1","1-3, 1-5, 1-7, 1-9, 1-13, 1-14, 2-4, 2-6, 2-10, 2-12, 3-7, 3-12, 4-8, 4-10, 4-11, 4-12, 4-14, 5-7, 5-9, 5-12, 5-13, 6-8, 6-9, 6-10, 6-12, 6-14, 7-12, 7-13, 8-10, 8-14, 9-12, 9-14, 11-12, 11-14, 12-14","1-3, 1-6, 1-8, 1-9, 1-11, 1-12, 1-13, 2-8, 2-9, 2-10, 2-12, 3-8, 3-12, 4-6, 4-7, 4-8, 5-6, 5-7, 5-8, 5-11, 5-14, 6-7, 6-11, 6-14, 7-8, 7-14, 8-9, 8-11, 8-12, 9-10, 9-11, 9-13, 10-12, 10-13, 12-13","1-3, 1-5, 1-6, 1-7, 1-8, 1-9, 1-11, 1-12, 1-13, 1-14, 2-4, 2-6, 2-8, 2-9, 2-10, 2-12, 3-7, 3-8, 3-12, 4-6, 4-7, 4-8, 4-10, 4-11, 4-12, 4-14, 5-6, 5-7, 5-8, 5-9, 5-11, 5-12, 5-13, 5-14, 6-7, 6-8, 6-9, 6-10, 6-11, 6-12, 6-14, 7-8, 7-12, 7-13, 7-14, 8-9, 8-10, 8-11, 8-12, 8-14, 9-10, 9-11, 9-12, 9-13, 9-14, 10-12, 10-13, 11-12, 11-14, 12-13, 12-14",4,4,8,"0 0 1 0 1 0 1 0 1 0 0 0 1 1|0 0 0 1 0 1 0 0 0 1 0 1 0 0|1 0 0 0 0 0 1 0 0 0 0 1 0 0|0 1 0 0 0 0 0 1 0 1 1 1 0 1|1 0 0 0 0 0 1 0 1 0 0 1 1 0|0 1 0 0 0 0 0 1 1 1 0 1 0 1|1 0 1 0 1 0 0 0 0 0 0 1 1 0|0 0 0 1 0 1 0 0 0 1 0 0 0 1|1 0 0 0 1 1 0 0 0 0 0 1 0 1|0 1 0 1 0 1 0 1 0 0 0 0 0 0|0 0 0 1 0 0 0 0 0 0 0 1 0 1|0 1 1 1 1 1 1 0 1 0 1 0 0 1|1 0 0 0 1 0 1 0 0 0 0 0 0 0|1 0 0 1 0 1 0 1 1 0 1 1 0 0","0 0 1 0 0 1 0 1 1 0 1 1 1 0|0 0 0 0 0 0 0 1 1 1 0 1 0 0|1 0 0 0 0 0 0 1 0 0 0 1 0 0|0 0 0 0 0 1 1 1 0 0 0 0 0 0|0 0 0 0 0 1 1 1 0 0 1 0 0 1|1 0 0 1 1 0 1 0 0 0 1 0 0 1|0 0 0 1 1 1 0 1 0 0 0 0 0 1|1 1 1 1 1 0 1 0 1 0 1 1 0 0|1 1 0 0 0 0 0 1 0 1 1 0 1 0|0 1 0 0 0 0 0 0 1 0 0 1 1 0|1 0 0 0 1 1 0 1 1 0 0 0 0 0|1 1 1 0 0 0 0 1 0 1 0 0 1 0|1 0 0 0 0 0 0 0 1 1 0 1 0 0|0 0 0 0 1 1 1 0 0 0 0 0 0 0","0 0 1 0 1 1 1 1 1 0 1 1 1 1|0 0 0 1 0 1 0 1 1 1 0 1 0 0|1 0 0 0 0 0 1 1 0 0 0 1 0 0|0 1 0 0 0 1 1 1 0 1 1 1 0 1|1 0 0 0 0 1 1 1 1 0 1 1 1 1|1 1 0 1 1 0 1 1 1 1 1 1 0 1|1 0 1 1 1 1 0 1 0 0 0 1 1 1|1 1 1 1 1 1 1 0 1 1 1 1 0 1|1 1 0 0 1 1 0 1 0 1 1 1 1 1|0 1 0 1 0 1 0 1 1 0 0 1 1 0|1 0 0 1 1 1 0 1 1 0 0 1 0 1|1 1 1 1 1 1 1 1 1 1 1 0 1 1|1 0 0 0 1 0 1 0 1 1 0 1 0 0|1 0 0 1 1 1 1 1 1 0 1 1 0 0"
153,"ID16-14.68.1:",14,3,22526,"1, 2, 4, 6, 7, 8, 11, 12, 13, 14","1->13, 2->6, 3->3, 4->1, 5->5, 6->7, 7->8, 8->14, 9->9, 10->10, 11->12, 12->11, 13->4, 14->2","1-3, 1-5, 1-7, 1-9, 1-13, 1-14, 2-4, 2-6, 2-10, 2-12, 3-7, 3-12, 4-8, 4-10, 4-11, 4-12, 4-14, 5-7, 5-9, 5-12, 5-13, 6-8, 6-9, 6-10, 6-12, 6-14, 7-12, 7-13, 8-10, 8-14, 9-12, 9-14, 11-12, 11-14, 12-14","1-2, 1-6, 1-10, 1-11, 1-12, 1-14, 2-7, 2-9, 2-11, 2-12, 2-13, 2-14, 3-8, 3-11, 3-13, 4-5, 4-8, 4-13, 5-8, 5-9, 5-11, 5-13, 6-7, 6-10, 6-11, 7-9, 7-10, 7-11, 7-14, 8-11, 8-13, 9-11, 9-13, 10-14, 11-12","1-2, 1-3, 1-5, 1-6, 1-7, 1-9, 1-10, 1-11, 1-12, 1-13, 1-14, 2-4, 2-6, 2-7, 2-9, 2-10, 2-11, 2-12, 2-13, 2-14, 3-7, 3-8, 3-11, 3-12, 3-13, 4-5, 4-8, 4-10, 4-11, 4-12, 4-13, 4-14, 5-7, 5-8, 5-9, 5-11, 5-12, 5-13, 6-7, 6-8, 6-9, 6-10, 6-11, 6-12, 6-14, 7-9, 7-10, 7-11, 7-12, 7-13, 7-14, 8-10, 8-11, 8-13, 8-14, 9-11, 9-12, 9-13, 9-14, 10-14, 11-12, 11-14, 12-14",4,4,8,"0 0 1 0 1 0 1 0 1 0 0 0 1 1|0 0 0 1 0 1 0 0 0 1 0 1 0 0|1 0 0 0 0 0 1 0 0 0 0 1 0 0|0 1 0 0 0 0 0 1 0 1 1 1 0 1|1 0 0 0 0 0 1 0 1 0 0 1 1 0|0 1 0 0 0 0 0 1 1 1 0 1 0 1|1 0 1 0 1 0 0 0 0 0 0 1 1 0|0 0 0 1 0 1 0 0 0 1 0 0 0 1|1 0 0 0 1 1 0 0 0 0 0 1 0 1|0 1 0 1 0 1 0 1 0 0 0 0 0 0|0 0 0 1 0 0 0 0 0 0 0 1 0 1|0 1 1 1 1 1 1 0 1 0 1 0 0 1|1 0 0 0 1 0 1 0 0 0 0 0 0 0|1 0 0 1 0 1 0 1 1 0 1 1 0 0","0 1 0 0 0 1 0 0 0 1 1 1 0 1|1 0 0 0 0 0 1 0 1 0 1 1 1 1|0 0 0 0 0 0 0 1 0 0 1 0 1 0|0 0 0 0 1 0 0 1 0 0 0 0 1 0|0 0 0 1 0 0 0 1 1 0 1 0 1 0|1 0 0 0 0 0 1 0 0 1 1 0 0 0|0 1 0 0 0 1 0 0 1 1 1 0 0 1|0 0 1 1 1 0 0 0 0 0 1 0 1 0|0 1 0 0 1 0 1 0 0 0 1 0 1 0|1 0 0 0 0 1 1 0 0 0 0 0 0 1|1 1 1 0 1 1 1 1 1 0 0 1 0 0|1 1 0 0 0 0 0 0 0 0 1 0 0 0|0 1 1 1 1 0 0 1 1 0 0 0 0 0|1 1 0 0 0 0 1 0 0 1 0 0 0 0","0 1 1 0 1 1 1 0 1 1 1 1 1 1|1 0 0 1 0 1 1 0 1 1 1 1 1 1|1 0 0 0 0 0 1 1 0 0 1 1 1 0|0 1 0 0 1 0 0 1 0 1 1 1 1 1|1 0 0 1 0 0 1 1 1 0 1 1 1 0|1 1 0 0 0 0 1 1 1 1 1 1 0 1|1 1 1 0 1 1 0 0 1 1 1 1 1 1|0 0 1 1 1 1 0 0 0 1 1 0 1 1|1 1 0 0 1 1 1 0 0 0 1 1 1 1|1 1 0 1 0 1 1 1 0 0 0 0 0 1|1 1 1 1 1 1 1 1 1 0 0 1 0 1|1 1 1 1 1 1 1 0 1 0 1 0 0 1|1 1 1 1 1 0 1 1 1 0 0 0 0 0|1 1 0 1 0 1 1 1 1 1 1 1 0 0"
154,"ID16-14.68.1:",14,4,25281,"1, 2, 4, 5, 6, 9, 10, 11, 12, 14","1->5, 2->10, 3->3, 4->14, 5->11, 6->1, 7->7, 8->8, 9->4, 10->12, 11->9, 12->6, 13->13, 14->2","1-3, 1-5, 1-7, 1-9, 1-13, 1-14, 2-4, 2-6, 2-10, 2-12, 3-7, 3-12, 4-8, 4-10, 4-11, 4-12, 4-14, 5-7, 5-9, 5-12, 5-13, 6-8, 6-9, 6-10, 6-12, 6-14, 7-12, 7-13, 8-10, 8-14, 9-12, 9-14, 11-12, 11-14, 12-14","1-2, 1-4, 1-6, 1-8, 1-10, 1-12, 2-4, 2-5, 2-6, 2-8, 2-9, 2-14, 3-5, 3-6, 3-7, 4-5, 4-6, 4-11, 5-7, 5-11, 5-13, 6-7, 6-9, 6-10, 6-11, 6-14, 7-11, 7-13, 8-12, 8-14, 9-14, 10-12, 10-14, 11-13, 12-14","1-2, 1-3, 1-4, 1-5, 1-6, 1-7, 1-8, 1-9, 1-10, 1-12, 1-13, 1-14, 2-4, 2-5, 2-6, 2-8, 2-9, 2-10, 2-12, 2-14, 3-5, 3-6, 3-7, 3-12, 4-5, 4-6, 4-8, 4-10, 4-11, 4-12, 4-14, 5-7, 5-9, 5-11, 5-12, 5-13, 6-7, 6-8, 6-9, 6-10, 6-11, 6-12, 6-14, 7-11, 7-12, 7-13, 8-10, 8-12, 8-14, 9-12, 9-14, 10-12, 10-14, 11-12, 11-13, 11-14, 12-14",4,4,8,"0 0 1 0 1 0 1 0 1 0 0 0 1 1|0 0 0 1 0 1 0 0 0 1 0 1 0 0|1 0 0 0 0 0 1 0 0 0 0 1 0 0|0 1 0 0 0 0 0 1 0 1 1 1 0 1|1 0 0 0 0 0 1 0 1 0 0 1 1 0|0 1 0 0 0 0 0 1 1 1 0 1 0 1|1 0 1 0 1 0 0 0 0 0 0 1 1 0|0 0 0 1 0 1 0 0 0 1 0 0 0 1|1 0 0 0 1 1 0 0 0 0 0 1 0 1|0 1 0 1 0 1 0 1 0 0 0 0 0 0|0 0 0 1 0 0 0 0 0 0 0 1 0 1|0 1 1 1 1 1 1 0 1 0 1 0 0 1|1 0 0 0 1 0 1 0 0 0 0 0 0 0|1 0 0 1 0 1 0 1 1 0 1 1 0 0","0 1 0 1 0 1 0 1 0 1 0 1 0 0|1 0 0 1 1 1 0 1 1 0 0 0 0 1|0 0 0 0 1 1 1 0 0 0 0 0 0 0|1 1 0 0 1 1 0 0 0 0 1 0 0 0|0 1 1 1 0 0 1 0 0 0 1 0 1 0|1 1 1 1 0 0 1 0 1 1 1 0 0 1|0 0 1 0 1 1 0 0 0 0 1 0 1 0|1 1 0 0 0 0 0 0 0 0 0 1 0 1|0 1 0 0 0 1 0 0 0 0 0 0 0 1|1 0 0 0 0 1 0 0 0 0 0 1 0 1|0 0 0 1 1 1 1 0 0 0 0 0 1 0|1 0 0 0 0 0 0 1 0 1 0 0 0 1|0 0 0 0 1 0 1 0 0 0 1 0 0 0|0 1 0 0 0 1 0 1 1 1 0 1 0 0","0 1 1 1 1 1 1 1 1 1 0 1 1 1|1 0 0 1 1 1 0 1 1 1 0 1 0 1|1 0 0 0 1 1 1 0 0 0 0 1 0 0|1 1 0 0 1 1 0 1 0 1 1 1 0 1|1 1 1 1 0 0 1 0 1 0 1 1 1 0|1 1 1 1 0 0 1 1 1 1 1 1 0 1|1 0 1 0 1 1 0 0 0 0 1 1 1 0|1 1 0 1 0 1 0 0 0 1 0 1 0 1|1 1 0 0 1 1 0 0 0 0 0 1 0 1|1 1 0 1 0 1 0 1 0 0 0 1 0 1|0 0 0 1 1 1 1 0 0 0 0 1 1 1|1 1 1 1 1 1 1 1 1 1 1 0 0 1|1 0 0 0 1 0 1 0 0 0 1 0 0 0|1 1 0 1 0 1 0 1 1 1 1 1 0 0"
155,"ID16-14.68.1:",14,5,32213,"2, 3, 4, 5, 6, 9, 10, 11, 12, 14","1->1, 2->14, 3->10, 4->9, 5->12, 6->5, 7->7, 8->8, 9->6, 10->4, 11->2, 12->3, 13->13, 14->11","1-3, 1-5, 1-7, 1-9, 1-13, 1-14, 2-4, 2-6, 2-10, 2-12, 3-7, 3-12, 4-8, 4-10, 4-11, 4-12, 4-14, 5-7, 5-9, 5-12, 5-13, 6-8, 6-9, 6-10, 6-12, 6-14, 7-12, 7-13, 8-10, 8-14, 9-12, 9-14, 11-12, 11-14, 12-14","1-6, 1-7, 1-10, 1-11, 1-12, 1-13, 2-3, 2-9, 2-11, 3-5, 3-6, 3-7, 3-9, 3-10, 3-11, 3-12, 3-14, 4-5, 4-8, 4-9, 4-14, 5-6, 5-8, 5-11, 5-14, 6-11, 6-12, 7-10, 7-12, 7-13, 8-9, 8-11, 9-11, 9-14, 12-13","1-3, 1-5, 1-6, 1-7, 1-9, 1-10, 1-11, 1-12, 1-13, 1-14, 2-3, 2-4, 2-6, 2-9, 2-10, 2-11, 2-12, 3-5, 3-6, 3-7, 3-9, 3-10, 3-11, 3-12, 3-14, 4-5, 4-8, 4-9, 4-10, 4-11, 4-12, 4-14, 5-6, 5-7, 5-8, 5-9, 5-11, 5-12, 5-13, 5-14, 6-8, 6-9, 6-10, 6-11, 6-12, 6-14, 7-10, 7-12, 7-13, 8-9, 8-10, 8-11, 8-14, 9-11, 9-12, 9-14, 11-12, 11-14, 12-13, 12-14",4,4,8,"0 0 1 0 1 0 1 0 1 0 0 0 1 1|0 0 0 1 0 1 0 0 0 1 0 1 0 0|1 0 0 0 0 0 1 0 0 0 0 1 0 0|0 1 0 0 0 0 0 1 0 1 1 1 0 1|1 0 0 0 0 0 1 0 1 0 0 1 1 0|0 1 0 0 0 0 0 1 1 1 0 1 0 1|1 0 1 0 1 0 0 0 0 0 0 1 1 0|0 0 0 1 0 1 0 0 0 1 0 0 0 1|1 0 0 0 1 1 0 0 0 0 0 1 0 1|0 1 0 1 0 1 0 1 0 0 0 0 0 0|0 0 0 1 0 0 0 0 0 0 0 1 0 1|0 1 1 1 1 1 1 0 1 0 1 0 0 1|1 0 0 0 1 0 1 0 0 0 0 0 0 0|1 0 0 1 0 1 0 1 1 0 1 1 0 0","0 0 0 0 0 1 1 0 0 1 1 1 1 0|0 0 1 0 0 0 0 0 1 0 1 0 0 0|0 1 0 0 1 1 1 0 1 1 1 1 0 1|0 0 0 0 1 0 0 1 1 0 0 0 0 1|0 0 1 1 0 1 0 1 0 0 1 0 0 1|1 0 1 0 1 0 0 0 0 0 1 1 0 0|1 0 1 0 0 0 0 0 0 1 0 1 1 0|0 0 0 1 1 0 0 0 1 0 1 0 0 0|0 1 1 1 0 0 0 1 0 0 1 0 0 1|1 0 1 0 0 0 1 0 0 0 0 0 0 0|1 1 1 0 1 1 0 1 1 0 0 0 0 0|1 0 1 0 0 1 1 0 0 0 0 0 1 0|1 0 0 0 0 0 1 0 0 0 0 1 0 0|0 0 1 1 1 0 0 0 1 0 0 0 0 0","0 0 1 0 1 1 1 0 1 1 1 1 1 1|0 0 1 1 0 1 0 0 1 1 1 1 0 0|1 1 0 0 1 1 1 0 1 1 1 1 0 1|0 1 0 0 1 0 0 1 1 1 1 1 0 1|1 0 1 1 0 1 1 1 1 0 1 1 1 1|1 1 1 0 1 0 0 1 1 1 1 1 0 1|1 0 1 0 1 0 0 0 0 1 0 1 1 0|0 0 0 1 1 1 0 0 1 1 1 0 0 1|1 1 1 1 1 1 0 1 0 0 1 1 0 1|1 1 1 1 0 1 1 1 0 0 0 0 0 0|1 1 1 1 1 1 0 1 1 0 0 1 0 1|1 1 1 1 1 1 1 0 1 0 1 0 1 1|1 0 0 0 1 0 1 0 0 0 0 1 0 0|1 0 1 1 1 1 0 1 1 0 1 1 0 0"
156,"ID16-14.68.1:",14,6,42117,"2, 4, 5, 6, 7, 8, 9, 11, 12, 14","1->1, 2->9, 3->3, 4->6, 5->14, 6->8, 7->5, 8->12, 9->2, 10->10, 11->4, 12->7, 13->13, 14->11","1-3, 1-5, 1-7, 1-9, 1-13, 1-14, 2-4, 2-6, 2-10, 2-12, 3-7, 3-12, 4-8, 4-10, 4-11, 4-12, 4-14, 5-7, 5-9, 5-12, 5-13, 6-8, 6-9, 6-10, 6-12, 6-14, 7-12, 7-13, 8-10, 8-14, 9-12, 9-14, 11-12, 11-14, 12-14","1-2, 1-3, 1-5, 1-11, 1-13, 1-14, 2-7, 2-8, 2-11, 2-14, 3-5, 3-7, 4-6, 4-7, 4-11, 5-7, 5-13, 5-14, 6-7, 6-9, 6-10, 6-11, 6-12, 7-8, 7-9, 7-11, 7-14, 8-9, 8-10, 8-11, 8-12, 9-10, 10-12, 11-12, 13-14","1-2, 1-3, 1-5, 1-7, 1-9, 1-11, 1-13, 1-14, 2-4, 2-6, 2-7, 2-8, 2-10, 2-11, 2-12, 2-14, 3-5, 3-7, 3-12, 4-6, 4-7, 4-8, 4-10, 4-11, 4-12, 4-14, 5-7, 5-9, 5-12, 5-13, 5-14, 6-7, 6-8, 6-9, 6-10, 6-11, 6-12, 6-14, 7-8, 7-9, 7-11, 7-12, 7-13, 7-14, 8-9, 8-10, 8-11, 8-12, 8-14, 9-10, 9-12, 9-14, 10-12, 11-12, 11-14, 12-14, 13-14",4,4,8,"0 0 1 0 1 0 1 0 1 0 0 0 1 1|0 0 0 1 0 1 0 0 0 1 0 1 0 0|1 0 0 0 0 0 1 0 0 0 0 1 0 0|0 1 0 0 0 0 0 1 0 1 1 1 0 1|1 0 0 0 0 0 1 0 1 0 0 1 1 0|0 1 0 0 0 0 0 1 1 1 0 1 0 1|1 0 1 0 1 0 0 0 0 0 0 1 1 0|0 0 0 1 0 1 0 0 0 1 0 0 0 1|1 0 0 0 1 1 0 0 0 0 0 1 0 1|0 1 0 1 0 1 0 1 0 0 0 0 0 0|0 0 0 1 0 0 0 0 0 0 0 1 0 1|0 1 1 1 1 1 1 0 1 0 1 0 0 1|1 0 0 0 1 0 1 0 0 0 0 0 0 0|1 0 0 1 0 1 0 1 1 0 1 1 0 0","0 1 1 0 1 0 0 0 0 0 1 0 1 1|1 0 0 0 0 0 1 1 0 0 1 0 0 1|1 0 0 0 1 0 1 0 0 0 0 0 0 0|0 0 0 0 0 1 1 0 0 0 1 0 0 0|1 0 1 0 0 0 1 0 0 0 0 0 1 1|0 0 0 1 0 0 1 0 1 1 1 1 0 0|0 1 1 1 1 1 0 1 1 0 1 0 0 1|0 1 0 0 0 0 1 0 1 1 1 1 0 0|0 0 0 0 0 1 1 1 0 1 0 0 0 0|0 0 0 0 0 1 0 1 1 0 0 1 0 0|1 1 0 1 0 1 1 1 0 0 0 1 0 0|0 0 0 0 0 1 0 1 0 1 1 0 0 0|1 0 0 0 1 0 0 0 0 0 0 0 0 1|1 1 0 0 1 0 1 0 0 0 0 0 1 0","0 1 1 0 1 0 1 0 1 0 1 0 1 1|1 0 0 1 0 1 1 1 0 1 1 1 0 1|1 0 0 0 1 0 1 0 0 0 0 1 0 0|0 1 0 0 0 1 1 1 0 1 1 1 0 1|1 0 1 0 0 0 1 0 1 0 0 1 1 1|0 1 0 1 0 0 1 1 1 1 1 1 0 1|1 1 1 1 1 1 0 1 1 0 1 1 1 1|0 1 0 1 0 1 1 0 1 1 1 1 0 1|1 0 0 0 1 1 1 1 0 1 0 1 0 1|0 1 0 1 0 1 0 1 1 0 0 1 0 0|1 1 0 1 0 1 1 1 0 0 0 1 0 1|0 1 1 1 1 1 1 1 1 1 1 0 0 1|1 0 0 0 1 0 1 0 0 0 0 0 0 1|1 1 0 1 1 1 1 1 1 0 1 1 1 0"
157,"ID16-14.68.1:",14,7,42362,"1, 5, 6, 7, 8, 10, 11, 12, 13, 14","1->14, 2->2, 3->3, 4->4, 5->7, 6->1, 7->5, 8->12, 9->9, 10->8, 11->10, 12->11, 13->6, 14->13","1-3, 1-5, 1-7, 1-9, 1-13, 1-14, 2-4, 2-6, 2-10, 2-12, 3-7, 3-12, 4-8, 4-10, 4-11, 4-12, 4-14, 5-7, 5-9, 5-12, 5-13, 6-8, 6-9, 6-10, 6-12, 6-14, 7-12, 7-13, 8-10, 8-14, 9-12, 9-14, 11-12, 11-14, 12-14","1-2, 1-8, 1-9, 1-11, 1-12, 1-13, 2-4, 2-8, 2-11, 3-5, 3-11, 3-14, 4-8, 4-10, 4-11, 4-12, 4-13, 5-6, 5-7, 5-11, 5-14, 6-7, 6-14, 7-9, 7-11, 7-14, 8-12, 9-11, 9-13, 9-14, 10-11, 10-13, 11-13, 12-13, 13-14","1-2, 1-3, 1-5, 1-7, 1-8, 1-9, 1-11, 1-12, 1-13, 1-14, 2-4, 2-6, 2-8, 2-10, 2-11, 2-12, 3-5, 3-7, 3-11, 3-12, 3-14, 4-8, 4-10, 4-11, 4-12, 4-13, 4-14, 5-6, 5-7, 5-9, 5-11, 5-12, 5-13, 5-14, 6-7, 6-8, 6-9, 6-10, 6-12, 6-14, 7-9, 7-11, 7-12, 7-13, 7-14, 8-10, 8-12, 8-14, 9-11, 9-12, 9-13, 9-14, 10-11, 10-13, 11-12, 11-13, 11-14, 12-13, 12-14, 13-14",4,4,8,"0 0 1 0 1 0 1 0 1 0 0 0 1 1|0 0 0 1 0 1 0 0 0 1 0 1 0 0|1 0 0 0 0 0 1 0 0 0 0 1 0 0|0 1 0 0 0 0 0 1 0 1 1 1 0 1|1 0 0 0 0 0 1 0 1 0 0 1 1 0|0 1 0 0 0 0 0 1 1 1 0 1 0 1|1 0 1 0 1 0 0 0 0 0 0 1 1 0|0 0 0 1 0 1 0 0 0 1 0 0 0 1|1 0 0 0 1 1 0 0 0 0 0 1 0 1|0 1 0 1 0 1 0 1 0 0 0 0 0 0|0 0 0 1 0 0 0 0 0 0 0 1 0 1|0 1 1 1 1 1 1 0 1 0 1 0 0 1|1 0 0 0 1 0 1 0 0 0 0 0 0 0|1 0 0 1 0 1 0 1 1 0 1 1 0 0","0 1 0 0 0 0 0 1 1 0 1 1 1 0|1 0 0 1 0 0 0 1 0 0 1 0 0 0|0 0 0 0 1 0 0 0 0 0 1 0 0 1|0 1 0 0 0 0 0 1 0 1 1 1 1 0|0 0 1 0 0 1 1 0 0 0 1 0 0 1|0 0 0 0 1 0 1 0 0 0 0 0 0 1|0 0 0 0 1 1 0 0 1 0 1 0 0 1|1 1 0 1 0 0 0 0 0 0 0 1 0 0|1 0 0 0 0 0 1 0 0 0 1 0 1 1|0 0 0 1 0 0 0 0 0 0 1 0 1 0|1 1 1 1 1 0 1 0 1 1 0 0 1 0|1 0 0 1 0 0 0 1 0 0 0 0 1 0|1 0 0 1 0 0 0 0 1 1 1 1 0 1|0 0 1 0 1 1 1 0 1 0 0 0 1 0","0 1 1 0 1 0 1 1 1 0 1 1 1 1|1 0 0 1 0 1 0 1 0 1 1 1 0 0|1 0 0 0 1 0 1 0 0 0 1 1 0 1|0 1 0 0 0 0 0 1 0 1 1 1 1 1|1 0 1 0 0 1 1 0 1 0 1 1 1 1|0 1 0 0 1 0 1 1 1 1 0 1 0 1|1 0 1 0 1 1 0 0 1 0 1 1 1 1|1 1 0 1 0 1 0 0 0 1 0 1 0 1|1 0 0 0 1 1 1 0 0 0 1 1 1 1|0 1 0 1 0 1 0 1 0 0 1 0 1 0|1 1 1 1 1 0 1 0 1 1 0 1 1 1|1 1 1 1 1 1 1 1 1 0 1 0 1 1|1 0 0 1 1 0 1 0 1 1 1 1 0 1|1 0 1 1 1 1 1 1 1 0 1 1 1 0"
158,"ID16-14.68.1:",14,8,49410,"1, 4, 6, 8, 9, 10, 11, 12, 13, 14","1->13, 2->2, 3->3, 4->12, 5->5, 6->9, 7->7, 8->10, 9->4, 10->14, 11->1, 12->8, 13->11, 14->6","1-3, 1-5, 1-7, 1-9, 1-13, 1-14, 2-4, 2-6, 2-10, 2-12, 3-7, 3-12, 4-8, 4-10, 4-11, 4-12, 4-14, 5-7, 5-9, 5-12, 5-13, 6-8, 6-9, 6-10, 6-12, 6-14, 7-12, 7-13, 8-10, 8-14, 9-12, 9-14, 11-12, 11-14, 12-14","1-6, 1-8, 1-12, 2-8, 2-9, 2-12, 2-14, 3-7, 3-8, 3-13, 4-5, 4-6, 4-8, 4-9, 4-13, 5-7, 5-8, 5-11, 5-13, 6-8, 6-9, 6-10, 6-12, 6-13, 7-8, 7-11, 7-13, 8-9, 8-12, 9-10, 9-14, 10-12, 10-14, 11-13, 12-14","1-3, 1-5, 1-6, 1-7, 1-8, 1-9, 1-12, 1-13, 1-14, 2-4, 2-6, 2-8, 2-9, 2-10, 2-12, 2-14, 3-7, 3-8, 3-12, 3-13, 4-5, 4-6, 4-8, 4-9, 4-10, 4-11, 4-12, 4-13, 4-14, 5-7, 5-8, 5-9, 5-11, 5-12, 5-13, 6-8, 6-9, 6-10, 6-12, 6-13, 6-14, 7-8, 7-11, 7-12, 7-13, 8-9, 8-10, 8-12, 8-14, 9-10, 9-12, 9-14, 10-12, 10-14, 11-12, 11-13, 11-14, 12-14",4,4,8,"0 0 1 0 1 0 1 0 1 0 0 0 1 1|0 0 0 1 0 1 0 0 0 1 0 1 0 0|1 0 0 0 0 0 1 0 0 0 0 1 0 0|0 1 0 0 0 0 0 1 0 1 1 1 0 1|1 0 0 0 0 0 1 0 1 0 0 1 1 0|0 1 0 0 0 0 0 1 1 1 0 1 0 1|1 0 1 0 1 0 0 0 0 0 0 1 1 0|0 0 0 1 0 1 0 0 0 1 0 0 0 1|1 0 0 0 1 1 0 0 0 0 0 1 0 1|0 1 0 1 0 1 0 1 0 0 0 0 0 0|0 0 0 1 0 0 0 0 0 0 0 1 0 1|0 1 1 1 1 1 1 0 1 0 1 0 0 1|1 0 0 0 1 0 1 0 0 0 0 0 0 0|1 0 0 1 0 1 0 1 1 0 1 1 0 0","0 0 0 0 0 1 0 1 0 0 0 1 0 0|0 0 0 0 0 0 0 1 1 0 0 1 0 1|0 0 0 0 0 0 1 1 0 0 0 0 1 0|0 0 0 0 1 1 0 1 1 0 0 0 1 0|0 0 0 1 0 0 1 1 0 0 1 0 1 0|1 0 0 1 0 0 0 1 1 1 0 1 1 0|0 0 1 0 1 0 0 1 0 0 1 0 1 0|1 1 1 1 1 1 1 0 1 0 0 1 0 0|0 1 0 1 0 1 0 1 0 1 0 0 0 1|0 0 0 0 0 1 0 0 1 0 0 1 0 1|0 0 0 0 1 0 1 0 0 0 0 0 1 0|1 1 0 0 0 1 0 1 0 1 0 0 0 1|0 0 1 1 1 1 1 0 0 0 1 0 0 0|0 1 0 0 0 0 0 0 1 1 0 1 0 0","0 0 1 0 1 1 1 1 1 0 0 1 1 1|0 0 0 1 0 1 0 1 1 1 0 1 0 1|1 0 0 0 0 0 1 1 0 0 0 1 1 0|0 1 0 0 1 1 0 1 1 1 1 1 1 1|1 0 0 1 0 0 1 1 1 0 1 1 1 0|1 1 0 1 0 0 0 1 1 1 0 1 1 1|1 0 1 0 1 0 0 1 0 0 1 1 1 0|1 1 1 1 1 1 1 0 1 1 0 1 0 1|1 1 0 1 1 1 0 1 0 1 0 1 0 1|0 1 0 1 0 1 0 1 1 0 0 1 0 1|0 0 0 1 1 0 1 0 0 0 0 1 1 1|1 1 1 1 1 1 1 1 1 1 1 0 0 1|1 0 1 1 1 1 1 0 0 0 1 0 0 0|1 1 0 1 0 1 0 1 1 1 1 1 0 0"
159,"ID16-14.68.1:",14,9,54333,"1, 2, 3, 6, 7, 8, 9, 12, 13, 14","1->2, 2->7, 3->9, 4->4, 5->5, 6->8, 7->3, 8->13, 9->1, 10->10, 11->11, 12->6, 13->14, 14->12","1-3, 1-5, 1-7, 1-9, 1-13, 1-14, 2-4, 2-6, 2-10, 2-12, 3-7, 3-12, 4-8, 4-10, 4-11, 4-12, 4-14, 5-7, 5-9, 5-12, 5-13, 6-8, 6-9, 6-10, 6-12, 6-14, 7-12, 7-13, 8-10, 8-14, 9-12, 9-14, 11-12, 11-14, 12-14","1-2, 1-5, 1-6, 1-8, 1-12, 2-3, 2-5, 2-9, 2-12, 2-14, 3-5, 3-6, 3-9, 3-14, 4-6, 4-7, 4-10, 4-11, 4-12, 4-13, 5-6, 5-14, 6-7, 6-8, 6-9, 6-11, 6-12, 7-8, 7-10, 8-10, 8-12, 8-13, 10-13, 11-12, 12-13","1-2, 1-3, 1-5, 1-6, 1-7, 1-8, 1-9, 1-12, 1-13, 1-14, 2-3, 2-4, 2-5, 2-6, 2-9, 2-10, 2-12, 2-14, 3-5, 3-6, 3-7, 3-9, 3-12, 3-14, 4-6, 4-7, 4-8, 4-10, 4-11, 4-12, 4-13, 4-14, 5-6, 5-7, 5-9, 5-12, 5-13, 5-14, 6-7, 6-8, 6-9, 6-10, 6-11, 6-12, 6-14, 7-8, 7-10, 7-12, 7-13, 8-10, 8-12, 8-13, 8-14, 9-12, 9-14, 10-13, 11-12, 11-14, 12-13, 12-14",4,4,8,"0 0 1 0 1 0 1 0 1 0 0 0 1 1|0 0 0 1 0 1 0 0 0 1 0 1 0 0|1 0 0 0 0 0 1 0 0 0 0 1 0 0|0 1 0 0 0 0 0 1 0 1 1 1 0 1|1 0 0 0 0 0 1 0 1 0 0 1 1 0|0 1 0 0 0 0 0 1 1 1 0 1 0 1|1 0 1 0 1 0 0 0 0 0 0 1 1 0|0 0 0 1 0 1 0 0 0 1 0 0 0 1|1 0 0 0 1 1 0 0 0 0 0 1 0 1|0 1 0 1 0 1 0 1 0 0 0 0 0 0|0 0 0 1 0 0 0 0 0 0 0 1 0 1|0 1 1 1 1 1 1 0 1 0 1 0 0 1|1 0 0 0 1 0 1 0 0 0 0 0 0 0|1 0 0 1 0 1 0 1 1 0 1 1 0 0","0 1 0 0 1 1 0 1 0 0 0 1 0 0|1 0 1 0 1 0 0 0 1 0 0 1 0 1|0 1 0 0 1 1 0 0 1 0 0 0 0 1|0 0 0 0 0 1 1 0 0 1 1 1 1 0|1 1 1 0 0 1 0 0 0 0 0 0 0 1|1 0 1 1 1 0 1 1 1 0 1 1 0 0|0 0 0 1 0 1 0 1 0 1 0 0 0 0|1 0 0 0 0 1 1 0 0 1 0 1 1 0|0 1 1 0 0 1 0 0 0 0 0 0 0 0|0 0 0 1 0 0 1 1 0 0 0 0 1 0|0 0 0 1 0 1 0 0 0 0 0 1 0 0|1 1 0 1 0 1 0 1 0 0 1 0 1 0|0 0 0 1 0 0 0 1 0 1 0 1 0 0|0 1 1 0 1 0 0 0 0 0 0 0 0 0","0 1 1 0 1 1 1 1 1 0 0 1 1 1|1 0 1 1 1 1 0 0 1 1 0 1 0 1|1 1 0 0 1 1 1 0 1 0 0 1 0 1|0 1 0 0 0 1 1 1 0 1 1 1 1 1|1 1 1 0 0 1 1 0 1 0 0 1 1 1|1 1 1 1 1 0 1 1 1 1 1 1 0 1|1 0 1 1 1 1 0 1 0 1 0 1 1 0|1 0 0 1 0 1 1 0 0 1 0 1 1 1|1 1 1 0 1 1 0 0 0 0 0 1 0 1|0 1 0 1 0 1 1 1 0 0 0 0 1 0|0 0 0 1 0 1 0 0 0 0 0 1 0 1|1 1 1 1 1 1 1 1 1 0 1 0 1 1|1 0 0 1 1 0 1 1 0 1 0 1 0 0|1 1 1 1 1 1 0 1 1 0 1 1 0 0"
160,"ID16-14.68.1:",14,10,58561,"2, 4, 5, 6, 7, 8, 10, 11, 12, 14","1->1, 2->5, 3->3, 4->12, 5->4, 6->2, 7->6, 8->14, 9->9, 10->11, 11->7, 12->8, 13->13, 14->10","1-3, 1-5, 1-7, 1-9, 1-13, 1-14, 2-4, 2-6, 2-10, 2-12, 3-7, 3-12, 4-8, 4-10, 4-11, 4-12, 4-14, 5-7, 5-9, 5-12, 5-13, 6-8, 6-9, 6-10, 6-12, 6-14, 7-12, 7-13, 8-10, 8-14, 9-12, 9-14, 11-12, 11-14, 12-14","1-3, 1-4, 1-6, 1-9, 1-10, 1-13, 2-5, 2-8, 2-9, 2-10, 2-11, 2-14, 3-6, 3-8, 4-6, 4-8, 4-9, 4-13, 5-8, 5-11, 5-12, 6-8, 6-13, 7-8, 7-10, 7-12, 8-9, 8-10, 8-12, 9-10, 10-12, 10-14, 11-12, 11-14, 12-14","1-3, 1-4, 1-5, 1-6, 1-7, 1-9, 1-10, 1-13, 1-14, 2-4, 2-5, 2-6, 2-8, 2-9, 2-10, 2-11, 2-12, 2-14, 3-6, 3-7, 3-8, 3-12, 4-6, 4-8, 4-9, 4-10, 4-11, 4-12, 4-13, 4-14, 5-7, 5-8, 5-9, 5-11, 5-12, 5-13, 6-8, 6-9, 6-10, 6-12, 6-13, 6-14, 7-8, 7-10, 7-12, 7-13, 8-9, 8-10, 8-12, 8-14, 9-10, 9-12, 9-14, 10-12, 10-14, 11-12, 11-14, 12-14",4,4,8,"0 0 1 0 1 0 1 0 1 0 0 0 1 1|0 0 0 1 0 1 0 0 0 1 0 1 0 0|1 0 0 0 0 0 1 0 0 0 0 1 0 0|0 1 0 0 0 0 0 1 0 1 1 1 0 1|1 0 0 0 0 0 1 0 1 0 0 1 1 0|0 1 0 0 0 0 0 1 1 1 0 1 0 1|1 0 1 0 1 0 0 0 0 0 0 1 1 0|0 0 0 1 0 1 0 0 0 1 0 0 0 1|1 0 0 0 1 1 0 0 0 0 0 1 0 1|0 1 0 1 0 1 0 1 0 0 0 0 0 0|0 0 0 1 0 0 0 0 0 0 0 1 0 1|0 1 1 1 1 1 1 0 1 0 1 0 0 1|1 0 0 0 1 0 1 0 0 0 0 0 0 0|1 0 0 1 0 1 0 1 1 0 1 1 0 0","0 0 1 1 0 1 0 0 1 1 0 0 1 0|0 0 0 0 1 0 0 1 1 1 1 0 0 1|1 0 0 0 0 1 0 1 0 0 0 0 0 0|1 0 0 0 0 1 0 1 1 0 0 0 1 0|0 1 0 0 0 0 0 1 0 0 1 1 0 0|1 0 1 1 0 0 0 1 0 0 0 0 1 0|0 0 0 0 0 0 0 1 0 1 0 1 0 0|0 1 1 1 1 1 1 0 1 1 0 1 0 0|1 1 0 1 0 0 0 1 0 1 0 0 0 0|1 1 0 0 0 0 1 1 1 0 0 1 0 1|0 1 0 0 1 0 0 0 0 0 0 1 0 1|0 0 0 0 1 0 1 1 0 1 1 0 0 1|1 0 0 1 0 1 0 0 0 0 0 0 0 0|0 1 0 0 0 0 0 0 0 1 1 1 0 0","0 0 1 1 1 1 1 0 1 1 0 0 1 1|0 0 0 1 1 1 0 1 1 1 1 1 0 1|1 0 0 0 0 1 1 1 0 0 0 1 0 0|1 1 0 0 0 1 0 1 1 1 1 1 1 1|1 1 0 0 0 0 1 1 1 0 1 1 1 0|1 1 1 1 0 0 0 1 1 1 0 1 1 1|1 0 1 0 1 0 0 1 0 1 0 1 1 0|0 1 1 1 1 1 1 0 1 1 0 1 0 1|1 1 0 1 1 1 0 1 0 1 0 1 0 1|1 1 0 1 0 1 1 1 1 0 0 1 0 1|0 1 0 1 1 0 0 0 0 0 0 1 0 1|0 1 1 1 1 1 1 1 1 1 1 0 0 1|1 0 0 1 1 1 1 0 0 0 0 0 0 0|1 1 0 1 0 1 0 1 1 1 1 1 0 0"
161,"ID17-14.68.1:",14,1,3206,"2, 3, 6, 8, 9, 10, 11, 12, 13, 14","1->1, 2->13, 3->12, 4->4, 5->5, 6->8, 7->7, 8->3, 9->14, 10->2, 11->6, 12->11, 13->10, 14->9","1-3, 1-8, 1-11, 1-14, 2-8, 2-11, 2-12, 3-8, 3-14, 4-10, 4-12, 4-14, 5-7, 5-9, 5-10, 6-9, 6-11, 6-12, 6-13, 6-14, 7-9, 7-10, 7-14, 8-11, 8-12, 8-14, 9-12, 9-13, 9-14, 10-12, 10-14, 11-12, 12-13, 12-14","1-3, 1-6, 1-9, 1-12, 2-4, 2-5, 2-7, 2-9, 2-11, 3-6, 3-9, 3-11, 3-12, 3-13, 4-9, 4-11, 5-7, 5-14, 6-8, 6-11, 6-13, 7-9, 7-14, 8-9, 8-10, 8-11, 8-14, 9-11, 9-12, 9-14, 10-11, 10-14, 11-13, 11-14","1-3, 1-6, 1-8, 1-9, 1-11, 1-12, 1-14, 2-4, 2-5, 2-7, 2-8, 2-9, 2-11, 2-12, 3-6, 3-8, 3-9, 3-11, 3-12, 3-13, 3-14, 4-9, 4-10, 4-11, 4-12, 4-14, 5-7, 5-9, 5-10, 5-14, 6-8, 6-9, 6-11, 6-12, 6-13, 6-14, 7-9, 7-10, 7-14, 8-9, 8-10, 8-11, 8-12, 8-14, 9-11, 9-12, 9-13, 9-14, 10-11, 10-12, 10-14, 11-12, 11-13, 11-14, 12-13, 12-14",4,4,8,"0 0 1 0 0 0 0 1 0 0 1 0 0 1|0 0 0 0 0 0 0 1 0 0 1 1 0 0|1 0 0 0 0 0 0 1 0 0 0 0 0 1|0 0 0 0 0 0 0 0 0 1 0 1 0 1|0 0 0 0 0 0 1 0 1 1 0 0 0 0|0 0 0 0 0 0 0 0 1 0 1 1 1 1|0 0 0 0 1 0 0 0 1 1 0 0 0 1|1 1 1 0 0 0 0 0 0 0 1 1 0 1|0 0 0 0 1 1 1 0 0 0 0 1 1 1|0 0 0 1 1 0 1 0 0 0 0 1 0 1|1 1 0 0 0 1 0 1 0 0 0 1 0 0|0 1 0 1 0 1 0 1 1 1 1 0 1 1|0 0 0 0 0 1 0 0 1 0 0 1 0 0|1 0 1 1 0 1 1 1 1 1 0 1 0 0","0 0 1 0 0 1 0 0 1 0 0 1 0 0|0 0 0 1 1 0 1 0 1 0 1 0 0 0|1 0 0 0 0 1 0 0 1 0 1 1 1 0|0 1 0 0 0 0 0 0 1 0 1 0 0 0|0 1 0 0 0 0 1 0 0 0 0 0 0 1|1 0 1 0 0 0 0 1 0 0 1 0 1 0|0 1 0 0 1 0 0 0 1 0 0 0 0 1|0 0 0 0 0 1 0 0 1 1 1 0 0 1|1 1 1 1 0 0 1 1 0 0 1 1 0 1|0 0 0 0 0 0 0 1 0 0 1 0 0 1|0 1 1 1 0 1 0 1 1 1 0 0 1 1|1 0 1 0 0 0 0 0 1 0 0 0 0 0|0 0 1 0 0 1 0 0 0 0 1 0 0 0|0 0 0 0 1 0 1 1 1 1 1 0 0 0","0 0 1 0 0 1 0 1 1 0 1 1 0 1|0 0 0 1 1 0 1 1 1 0 1 1 0 0|1 0 0 0 0 1 0 1 1 0 1 1 1 1|0 1 0 0 0 0 0 0 1 1 1 1 0 1|0 1 0 0 0 0 1 0 1 1 0 0 0 1|1 0 1 0 0 0 0 1 1 0 1 1 1 1|0 1 0 0 1 0 0 0 1 1 0 0 0 1|1 1 1 0 0 1 0 0 1 1 1 1 0 1|1 1 1 1 1 1 1 1 0 0 1 1 1 1|0 0 0 1 1 0 1 1 0 0 1 1 0 1|1 1 1 1 0 1 0 1 1 1 0 1 1 1|1 1 1 1 0 1 0 1 1 1 1 0 1 1|0 0 1 0 0 1 0 0 1 0 1 1 0 0|1 0 1 1 1 1 1 1 1 1 1 1 0 0"
162,"ID17-14.68.1:",14,2,3462,"1, 2, 4, 6, 8, 9, 10, 12, 13, 14","1->14, 2->9, 3->3, 4->2, 5->5, 6->4, 7->7, 8->13, 9->6, 10->12, 11->11, 12->10, 13->8, 14->1","1-3, 1-8, 1-11, 1-14, 2-8, 2-11, 2-12, 3-8, 3-14, 4-10, 4-12, 4-14, 5-7, 5-9, 5-10, 6-9, 6-11, 6-12, 6-13, 6-14, 7-9, 7-10, 7-14, 8-11, 8-12, 8-14, 9-12, 9-13, 9-14, 10-12, 10-14, 11-12, 12-13, 12-14","1-2, 1-3, 1-4, 1-6, 1-7, 1-10, 1-12, 1-13, 1-14, 2-10, 2-12, 3-13, 3-14, 4-6, 4-8, 4-10, 4-11, 5-6, 5-7, 5-12, 6-7, 6-8, 6-10, 7-12, 8-10, 9-10, 9-11, 9-13, 10-11, 10-12, 10-13, 11-13, 11-14, 13-14","1-2, 1-3, 1-4, 1-6, 1-7, 1-8, 1-10, 1-11, 1-12, 1-13, 1-14, 2-8, 2-10, 2-11, 2-12, 3-8, 3-13, 3-14, 4-6, 4-8, 4-10, 4-11, 4-12, 4-14, 5-6, 5-7, 5-9, 5-10, 5-12, 6-7, 6-8, 6-9, 6-10, 6-11, 6-12, 6-13, 6-14, 7-9, 7-10, 7-12, 7-14, 8-10, 8-11, 8-12, 8-14, 9-10, 9-11, 9-12, 9-13, 9-14, 10-11, 10-12, 10-13, 10-14, 11-12, 11-13, 11-14, 12-13, 12-14, 13-14",4,4,8,"0 0 1 0 0 0 0 1 0 0 1 0 0 1|0 0 0 0 0 0 0 1 0 0 1 1 0 0|1 0 0 0 0 0 0 1 0 0 0 0 0 1|0 0 0 0 0 0 0 0 0 1 0 1 0 1|0 0 0 0 0 0 1 0 1 1 0 0 0 0|0 0 0 0 0 0 0 0 1 0 1 1 1 1|0 0 0 0 1 0 0 0 1 1 0 0 0 1|1 1 1 0 0 0 0 0 0 0 1 1 0 1|0 0 0 0 1 1 1 0 0 0 0 1 1 1|0 0 0 1 1 0 1 0 0 0 0 1 0 1|1 1 0 0 0 1 0 1 0 0 0 1 0 0|0 1 0 1 0 1 0 1 1 1 1 0 1 1|0 0 0 0 0 1 0 0 1 0 0 1 0 0|1 0 1 1 0 1 1 1 1 1 0 1 0 0","0 1 1 1 0 1 1 0 0 1 0 1 1 1|1 0 0 0 0 0 0 0 0 1 0 1 0 0|1 0 0 0 0 0 0 0 0 0 0 0 1 1|1 0 0 0 0 1 0 1 0 1 1 0 0 0|0 0 0 0 0 1 1 0 0 0 0 1 0 0|1 0 0 1 1 0 1 1 0 1 0 0 0 0|1 0 0 0 1 1 0 0 0 0 0 1 0 0|0 0 0 1 0 1 0 0 0 1 0 0 0 0|0 0 0 0 0 0 0 0 0 1 1 0 1 0|1 1 0 1 0 1 0 1 1 0 1 1 1 0|0 0 0 1 0 0 0 0 1 1 0 0 1 1|1 1 0 0 1 0 1 0 0 1 0 0 0 0|1 0 1 0 0 0 0 0 1 1 1 0 0 1|1 0 1 0 0 0 0 0 0 0 1 0 1 0","0 1 1 1 0 1 1 1 0 1 1 1 1 1|1 0 0 0 0 0 0 1 0 1 1 1 0 0|1 0 0 0 0 0 0 1 0 0 0 0 1 1|1 0 0 0 0 1 0 1 0 1 1 1 0 1|0 0 0 0 0 1 1 0 1 1 0 1 0 0|1 0 0 1 1 0 1 1 1 1 1 1 1 1|1 0 0 0 1 1 0 0 1 1 0 1 0 1|1 1 1 1 0 1 0 0 0 1 1 1 0 1|0 0 0 0 1 1 1 0 0 1 1 1 1 1|1 1 0 1 1 1 1 1 1 0 1 1 1 1|1 1 0 1 0 1 0 1 1 1 0 1 1 1|1 1 0 1 1 1 1 1 1 1 1 0 1 1|1 0 1 0 0 1 0 0 1 1 1 1 0 1|1 0 1 1 0 1 1 1 1 1 1 1 1 0"
163,"ID17-14.68.1:",14,3,14725,"1, 2, 4, 7, 8, 10, 11, 12, 13, 14","1->7, 2->4, 3->3, 4->12, 5->5, 6->6, 7->11, 8->10, 9->9, 10->14, 11->13, 12->1, 13->8, 14->2","1-3, 1-8, 1-11, 1-14, 2-8, 2-11, 2-12, 3-8, 3-14, 4-10, 4-12, 4-14, 5-7, 5-9, 5-10, 6-9, 6-11, 6-12, 6-13, 6-14, 7-9, 7-10, 7-14, 8-11, 8-12, 8-14, 9-12, 9-13, 9-14, 10-12, 10-14, 11-12, 12-13, 12-14","1-2, 1-4, 1-6, 1-8, 1-9, 1-10, 1-12, 1-13, 1-14, 2-3, 2-6, 2-7, 2-9, 2-10, 2-11, 2-12, 2-14, 3-7, 3-10, 4-10, 4-13, 5-9, 5-11, 5-14, 6-8, 6-9, 6-13, 7-10, 7-13, 8-9, 9-11, 10-13, 11-14, 12-14","1-2, 1-3, 1-4, 1-6, 1-8, 1-9, 1-10, 1-11, 1-12, 1-13, 1-14, 2-3, 2-6, 2-7, 2-8, 2-9, 2-10, 2-11, 2-12, 2-14, 3-7, 3-8, 3-10, 3-14, 4-10, 4-12, 4-13, 4-14, 5-7, 5-9, 5-10, 5-11, 5-14, 6-8, 6-9, 6-11, 6-12, 6-13, 6-14, 7-9, 7-10, 7-13, 7-14, 8-9, 8-11, 8-12, 8-14, 9-11, 9-12, 9-13, 9-14, 10-12, 10-13, 10-14, 11-12, 11-14, 12-13, 12-14",4,4,8,"0 0 1 0 0 0 0 1 0 0 1 0 0 1|0 0 0 0 0 0 0 1 0 0 1 1 0 0|1 0 0 0 0 0 0 1 0 0 0 0 0 1|0 0 0 0 0 0 0 0 0 1 0 1 0 1|0 0 0 0 0 0 1 0 1 1 0 0 0 0|0 0 0 0 0 0 0 0 1 0 1 1 1 1|0 0 0 0 1 0 0 0 1 1 0 0 0 1|1 1 1 0 0 0 0 0 0 0 1 1 0 1|0 0 0 0 1 1 1 0 0 0 0 1 1 1|0 0 0 1 1 0 1 0 0 0 0 1 0 1|1 1 0 0 0 1 0 1 0 0 0 1 0 0|0 1 0 1 0 1 0 1 1 1 1 0 1 1|0 0 0 0 0 1 0 0 1 0 0 1 0 0|1 0 1 1 0 1 1 1 1 1 0 1 0 0","0 1 0 1 0 1 0 1 1 1 0 1 1 1|1 0 1 0 0 1 1 0 1 1 1 1 0 1|0 1 0 0 0 0 1 0 0 1 0 0 0 0|1 0 0 0 0 0 0 0 0 1 0 0 1 0|0 0 0 0 0 0 0 0 1 0 1 0 0 1|1 1 0 0 0 0 0 1 1 0 0 0 1 0|0 1 1 0 0 0 0 0 0 1 0 0 1 0|1 0 0 0 0 1 0 0 1 0 0 0 0 0|1 1 0 0 1 1 0 1 0 0 1 0 0 0|1 1 1 1 0 0 1 0 0 0 0 0 1 0|0 1 0 0 1 0 0 0 1 0 0 0 0 1|1 1 0 0 0 0 0 0 0 0 0 0 0 1|1 0 0 1 0 1 1 0 0 1 0 0 0 0|1 1 0 0 1 0 0 0 0 0 1 1 0 0","0 1 1 1 0 1 0 1 1 1 1 1 1 1|1 0 1 0 0 1 1 1 1 1 1 1 0 1|1 1 0 0 0 0 1 1 0 1 0 0 0 1|1 0 0 0 0 0 0 0 0 1 0 1 1 1|0 0 0 0 0 0 1 0 1 1 1 0 0 1|1 1 0 0 0 0 0 1 1 0 1 1 1 1|0 1 1 0 1 0 0 0 1 1 0 0 1 1|1 1 1 0 0 1 0 0 1 0 1 1 0 1|1 1 0 0 1 1 1 1 0 0 1 1 1 1|1 1 1 1 1 0 1 0 0 0 0 1 1 1|1 1 0 0 1 1 0 1 1 0 0 1 0 1|1 1 0 1 0 1 0 1 1 1 1 0 1 1|1 0 0 1 0 1 1 0 1 1 0 1 0 0|1 1 1 1 1 1 1 1 1 1 1 1 0 0"
164,"ID17-14.68.1:",14,4,20160,"1, 2, 6, 8, 9, 10, 11, 12, 13, 14","1->12, 2->10, 3->3, 4->4, 5->5, 6->13, 7->7, 8->6, 9->14, 10->9, 11->1, 12->2, 13->11, 14->8","1-3, 1-8, 1-11, 1-14, 2-8, 2-11, 2-12, 3-8, 3-14, 4-10, 4-12, 4-14, 5-7, 5-9, 5-10, 6-9, 6-11, 6-12, 6-13, 6-14, 7-9, 7-10, 7-14, 8-11, 8-12, 8-14, 9-12, 9-13, 9-14, 10-12, 10-14, 11-12, 12-13, 12-14","1-2, 1-6, 1-10, 1-12, 1-13, 2-4, 2-6, 2-8, 2-9, 2-10, 2-11, 2-13, 2-14, 3-6, 3-8, 3-12, 4-8, 4-9, 5-7, 5-9, 5-14, 6-8, 6-10, 6-12, 7-8, 7-9, 7-14, 8-9, 8-12, 8-13, 8-14, 11-13, 11-14, 13-14","1-2, 1-3, 1-6, 1-8, 1-10, 1-11, 1-12, 1-13, 1-14, 2-4, 2-6, 2-8, 2-9, 2-10, 2-11, 2-12, 2-13, 2-14, 3-6, 3-8, 3-12, 3-14, 4-8, 4-9, 4-10, 4-12, 4-14, 5-7, 5-9, 5-10, 5-14, 6-8, 6-9, 6-10, 6-11, 6-12, 6-13, 6-14, 7-8, 7-9, 7-10, 7-14, 8-9, 8-11, 8-12, 8-13, 8-14, 9-12, 9-13, 9-14, 10-12, 10-14, 11-12, 11-13, 11-14, 12-13, 12-14, 13-14",4,4,8,"0 0 1 0 0 0 0 1 0 0 1 0 0 1|0 0 0 0 0 0 0 1 0 0 1 1 0 0|1 0 0 0 0 0 0 1 0 0 0 0 0 1|0 0 0 0 0 0 0 0 0 1 0 1 0 1|0 0 0 0 0 0 1 0 1 1 0 0 0 0|0 0 0 0 0 0 0 0 1 0 1 1 1 1|0 0 0 0 1 0 0 0 1 1 0 0 0 1|1 1 1 0 0 0 0 0 0 0 1 1 0 1|0 0 0 0 1 1 1 0 0 0 0 1 1 1|0 0 0 1 1 0 1 0 0 0 0 1 0 1|1 1 0 0 0 1 0 1 0 0 0 1 0 0|0 1 0 1 0 1 0 1 1 1 1 0 1 1|0 0 0 0 0 1 0 0 1 0 0 1 0 0|1 0 1 1 0 1 1 1 1 1 0 1 0 0","0 1 0 0 0 1 0 0 0 1 0 1 1 0|1 0 0 1 0 1 0 1 1 1 1 0 1 1|0 0 0 0 0 1 0 1 0 0 0 1 0 0|0 1 0 0 0 0 0 1 1 0 0 0 0 0|0 0 0 0 0 0 1 0 1 0 0 0 0 1|1 1 1 0 0 0 0 1 0 1 0 1 0 0|0 0 0 0 1 0 0 1 1 0 0 0 0 1|0 1 1 1 0 1 1 0 1 0 0 1 1 1|0 1 0 1 1 0 1 1 0 0 0 0 0 0|1 1 0 0 0 1 0 0 0 0 0 0 0 0|0 1 0 0 0 0 0 0 0 0 0 0 1 1|1 0 1 0 0 1 0 1 0 0 0 0 0 0|1 1 0 0 0 0 0 1 0 0 1 0 0 1|0 1 0 0 1 0 1 1 0 0 1 0 1 0","0 1 1 0 0 1 0 1 0 1 1 1 1 1|1 0 0 1 0 1 0 1 1 1 1 1 1 1|1 0 0 0 0 1 0 1 0 0 0 1 0 1|0 1 0 0 0 0 0 1 1 1 0 1 0 1|0 0 0 0 0 0 1 0 1 1 0 0 0 1|1 1 1 0 0 0 0 1 1 1 1 1 1 1|0 0 0 0 1 0 0 1 1 1 0 0 0 1|1 1 1 1 0 1 1 0 1 0 1 1 1 1|0 1 0 1 1 1 1 1 0 0 0 1 1 1|1 1 0 1 1 1 1 0 0 0 0 1 0 1|1 1 0 0 0 1 0 1 0 0 0 1 1 1|1 1 1 1 0 1 0 1 1 1 1 0 1 1|1 1 0 0 0 1 0 1 1 0 1 1 0 1|1 1 1 1 1 1 1 1 1 1 1 1 1 0"
165,"ID17-14.68.1:",14,5,49189,"2, 4, 6, 7, 8, 9, 10, 12, 13, 14","1->1, 2->14, 3->3, 4->12, 5->5, 6->9, 7->2, 8->13, 9->6, 10->4, 11->11, 12->10, 13->7, 14->8","1-3, 1-8, 1-11, 1-14, 2-8, 2-11, 2-12, 3-8, 3-14, 4-10, 4-12, 4-14, 5-7, 5-9, 5-10, 6-9, 6-11, 6-12, 6-13, 6-14, 7-9, 7-10, 7-14, 8-11, 8-12, 8-14, 9-12, 9-13, 9-14, 10-12, 10-14, 11-12, 12-13, 12-14","1-3, 1-8, 1-11, 1-13, 2-4, 2-5, 2-6, 2-8, 3-8, 3-13, 4-5, 4-8, 4-10, 4-12, 5-6, 6-7, 6-8, 6-9, 6-10, 7-9, 7-10, 8-9, 8-10, 8-12, 8-13, 9-10, 9-11, 10-11, 10-12, 10-13, 10-14, 11-13, 11-14, 13-14","1-3, 1-8, 1-11, 1-13, 1-14, 2-4, 2-5, 2-6, 2-8, 2-11, 2-12, 3-8, 3-13, 3-14, 4-5, 4-8, 4-10, 4-12, 4-14, 5-6, 5-7, 5-9, 5-10, 6-7, 6-8, 6-9, 6-10, 6-11, 6-12, 6-13, 6-14, 7-9, 7-10, 7-14, 8-9, 8-10, 8-11, 8-12, 8-13, 8-14, 9-10, 9-11, 9-12, 9-13, 9-14, 10-11, 10-12, 10-13, 10-14, 11-12, 11-13, 11-14, 12-13, 12-14, 13-14",4,4,8,"0 0 1 0 0 0 0 1 0 0 1 0 0 1|0 0 0 0 0 0 0 1 0 0 1 1 0 0|1 0 0 0 0 0 0 1 0 0 0 0 0 1|0 0 0 0 0 0 0 0 0 1 0 1 0 1|0 0 0 0 0 0 1 0 1 1 0 0 0 0|0 0 0 0 0 0 0 0 1 0 1 1 1 1|0 0 0 0 1 0 0 0 1 1 0 0 0 1|1 1 1 0 0 0 0 0 0 0 1 1 0 1|0 0 0 0 1 1 1 0 0 0 0 1 1 1|0 0 0 1 1 0 1 0 0 0 0 1 0 1|1 1 0 0 0 1 0 1 0 0 0 1 0 0|0 1 0 1 0 1 0 1 1 1 1 0 1 1|0 0 0 0 0 1 0 0 1 0 0 1 0 0|1 0 1 1 0 1 1 1 1 1 0 1 0 0","0 0 1 0 0 0 0 1 0 0 1 0 1 0|0 0 0 1 1 1 0 1 0 0 0 0 0 0|1 0 0 0 0 0 0 1 0 0 0 0 1 0|0 1 0 0 1 0 0 1 0 1 0 1 0 0|0 1 0 1 0 1 0 0 0 0 0 0 0 0|0 1 0 0 1 0 1 1 1 1 0 0 0 0|0 0 0 0 0 1 0 0 1 1 0 0 0 0|1 1 1 1 0 1 0 0 1 1 0 1 1 0|0 0 0 0 0 1 1 1 0 1 1 0 0 0|0 0 0 1 0 1 1 1 1 0 1 1 1 1|1 0 0 0 0 0 0 0 1 1 0 0 1 1|0 0 0 1 0 0 0 1 0 1 0 0 0 0|1 0 1 0 0 0 0 1 0 1 1 0 0 1|0 0 0 0 0 0 0 0 0 1 1 0 1 0","0 0 1 0 0 0 0 1 0 0 1 0 1 1|0 0 0 1 1 1 0 1 0 0 1 1 0 0|1 0 0 0 0 0 0 1 0 0 0 0 1 1|0 1 0 0 1 0 0 1 0 1 0 1 0 1|0 1 0 1 0 1 1 0 1 1 0 0 0 0|0 1 0 0 1 0 1 1 1 1 1 1 1 1|0 0 0 0 1 1 0 0 1 1 0 0 0 1|1 1 1 1 0 1 0 0 1 1 1 1 1 1|0 0 0 0 1 1 1 1 0 1 1 1 1 1|0 0 0 1 1 1 1 1 1 0 1 1 1 1|1 1 0 0 0 1 0 1 1 1 0 1 1 1|0 1 0 1 0 1 0 1 1 1 1 0 1 1|1 0 1 0 0 1 0 1 1 1 1 1 0 1|1 0 1 1 0 1 1 1 1 1 1 1 1 0"
166,"ID17-14.68.1:",14,6,61289,"1, 4, 5, 6, 9, 10, 11, 12, 13, 14","1->10, 2->2, 3->3, 4->14, 5->9, 6->1, 7->7, 8->8, 9->12, 10->11, 11->6, 12->5, 13->4, 14->13","1-3, 1-8, 1-11, 1-14, 2-8, 2-11, 2-12, 3-8, 3-14, 4-10, 4-12, 4-14, 5-7, 5-9, 5-10, 6-9, 6-11, 6-12, 6-13, 6-14, 7-9, 7-10, 7-14, 8-11, 8-12, 8-14, 9-12, 9-13, 9-14, 10-12, 10-14, 11-12, 12-13, 12-14","1-4, 1-5, 1-6, 1-12, 1-13, 2-5, 2-6, 2-8, 3-8, 3-10, 3-13, 4-5, 4-12, 5-6, 5-8, 5-11, 5-12, 5-13, 5-14, 6-8, 6-10, 7-9, 7-11, 7-12, 7-13, 8-10, 8-13, 9-11, 9-12, 10-13, 11-13, 11-14, 12-13, 13-14","1-3, 1-4, 1-5, 1-6, 1-8, 1-11, 1-12, 1-13, 1-14, 2-5, 2-6, 2-8, 2-11, 2-12, 3-8, 3-10, 3-13, 3-14, 4-5, 4-10, 4-12, 4-14, 5-6, 5-7, 5-8, 5-9, 5-10, 5-11, 5-12, 5-13, 5-14, 6-8, 6-9, 6-10, 6-11, 6-12, 6-13, 6-14, 7-9, 7-10, 7-11, 7-12, 7-13, 7-14, 8-10, 8-11, 8-12, 8-13, 8-14, 9-11, 9-12, 9-13, 9-14, 10-12, 10-13, 10-14, 11-12, 11-13, 11-14, 12-13, 12-14, 13-14",4,4,8,"0 0 1 0 0 0 0 1 0 0 1 0 0 1|0 0 0 0 0 0 0 1 0 0 1 1 0 0|1 0 0 0 0 0 0 1 0 0 0 0 0 1|0 0 0 0 0 0 0 0 0 1 0 1 0 1|0 0 0 0 0 0 1 0 1 1 0 0 0 0|0 0 0 0 0 0 0 0 1 0 1 1 1 1|0 0 0 0 1 0 0 0 1 1 0 0 0 1|1 1 1 0 0 0 0 0 0 0 1 1 0 1|0 0 0 0 1 1 1 0 0 0 0 1 1 1|0 0 0 1 1 0 1 0 0 0 0 1 0 1|1 1 0 0 0 1 0 1 0 0 0 1 0 0|0 1 0 1 0 1 0 1 1 1 1 0 1 1|0 0 0 0 0 1 0 0 1 0 0 1 0 0|1 0 1 1 0 1 1 1 1 1 0 1 0 0","0 0 0 1 1 1 0 0 0 0 0 1 1 0|0 0 0 0 1 1 0 1 0 0 0 0 0 0|0 0 0 0 0 0 0 1 0 1 0 0 1 0|1 0 0 0 1 0 0 0 0 0 0 1 0 0|1 1 0 1 0 1 0 1 0 0 1 1 1 1|1 1 0 0 1 0 0 1 0 1 0 0 0 0|0 0 0 0 0 0 0 0 1 0 1 1 1 0|0 1 1 0 1 1 0 0 0 1 0 0 1 0|0 0 0 0 0 0 1 0 0 0 1 1 0 0|0 0 1 0 0 1 0 1 0 0 0 0 1 0|0 0 0 0 1 0 1 0 1 0 0 0 1 1|1 0 0 1 1 0 1 0 1 0 0 0 1 0|1 0 1 0 1 0 1 1 0 1 1 1 0 1|0 0 0 0 1 0 0 0 0 0 1 0 1 0","0 0 1 1 1 1 0 1 0 0 1 1 1 1|0 0 0 0 1 1 0 1 0 0 1 1 0 0|1 0 0 0 0 0 0 1 0 1 0 0 1 1|1 0 0 0 1 0 0 0 0 1 0 1 0 1|1 1 0 1 0 1 1 1 1 1 1 1 1 1|1 1 0 0 1 0 0 1 1 1 1 1 1 1|0 0 0 0 1 0 0 0 1 1 1 1 1 1|1 1 1 0 1 1 0 0 0 1 1 1 1 1|0 0 0 0 1 1 1 0 0 0 1 1 1 1|0 0 1 1 1 1 1 1 0 0 0 1 1 1|1 1 0 0 1 1 1 1 1 0 0 1 1 1|1 1 0 1 1 1 1 1 1 1 1 0 1 1|1 0 1 0 1 1 1 1 1 1 1 1 0 1|1 0 1 1 1 1 1 1 1 1 1 1 1 0"
167,"ID17-14.68.1:",14,7,74432,"2, 6, 7, 8, 9, 10, 11, 12, 13, 14","1->1, 2->9, 3->3, 4->4, 5->5, 6->7, 7->14, 8->10, 9->12, 10->11, 11->6, 12->8, 13->2, 14->13","1-3, 1-8, 1-11, 1-14, 2-8, 2-11, 2-12, 3-8, 3-14, 4-10, 4-12, 4-14, 5-7, 5-9, 5-10, 6-9, 6-11, 6-12, 6-13, 6-14, 7-9, 7-10, 7-14, 8-11, 8-12, 8-14, 9-12, 9-13, 9-14, 10-12, 10-14, 11-12, 12-13, 12-14","1-3, 1-6, 1-10, 1-13, 2-7, 2-8, 2-12, 3-10, 3-13, 4-8, 4-11, 4-13, 5-11, 5-12, 5-14, 6-7, 6-8, 6-9, 6-10, 7-8, 7-12, 7-13, 8-9, 8-10, 8-11, 8-12, 8-13, 9-10, 10-13, 11-13, 11-14, 12-13, 12-14, 13-14","1-3, 1-6, 1-8, 1-10, 1-11, 1-13, 1-14, 2-7, 2-8, 2-11, 2-12, 3-8, 3-10, 3-13, 3-14, 4-8, 4-10, 4-11, 4-12, 4-13, 4-14, 5-7, 5-9, 5-10, 5-11, 5-12, 5-14, 6-7, 6-8, 6-9, 6-10, 6-11, 6-12, 6-13, 6-14, 7-8, 7-9, 7-10, 7-12, 7-13, 7-14, 8-9, 8-10, 8-11, 8-12, 8-13, 8-14, 9-10, 9-12, 9-13, 9-14, 10-12, 10-13, 10-14, 11-12, 11-13, 11-14, 12-13, 12-14, 13-14",4,4,8,"0 0 1 0 0 0 0 1 0 0 1 0 0 1|0 0 0 0 0 0 0 1 0 0 1 1 0 0|1 0 0 0 0 0 0 1 0 0 0 0 0 1|0 0 0 0 0 0 0 0 0 1 0 1 0 1|0 0 0 0 0 0 1 0 1 1 0 0 0 0|0 0 0 0 0 0 0 0 1 0 1 1 1 1|0 0 0 0 1 0 0 0 1 1 0 0 0 1|1 1 1 0 0 0 0 0 0 0 1 1 0 1|0 0 0 0 1 1 1 0 0 0 0 1 1 1|0 0 0 1 1 0 1 0 0 0 0 1 0 1|1 1 0 0 0 1 0 1 0 0 0 1 0 0|0 1 0 1 0 1 0 1 1 1 1 0 1 1|0 0 0 0 0 1 0 0 1 0 0 1 0 0|1 0 1 1 0 1 1 1 1 1 0 1 0 0","0 0 1 0 0 1 0 0 0 1 0 0 1 0|0 0 0 0 0 0 1 1 0 0 0 1 0 0|1 0 0 0 0 0 0 0 0 1 0 0 1 0|0 0 0 0 0 0 0 1 0 0 1 0 1 0|0 0 0 0 0 0 0 0 0 0 1 1 0 1|1 0 0 0 0 0 1 1 1 1 0 0 0 0|0 1 0 0 0 1 0 1 0 0 0 1 1 0|0 1 0 1 0 1 1 0 1 1 1 1 1 0|0 0 0 0 0 1 0 1 0 1 0 0 0 0|1 0 1 0 0 1 0 1 1 0 0 0 1 0|0 0 0 1 1 0 0 1 0 0 0 0 1 1|0 1 0 0 1 0 1 1 0 0 0 0 1 1|1 0 1 1 0 0 1 1 0 1 1 1 0 1|0 0 0 0 1 0 0 0 0 0 1 1 1 0","0 0 1 0 0 1 0 1 0 1 1 0 1 1|0 0 0 0 0 0 1 1 0 0 1 1 0 0|1 0 0 0 0 0 0 1 0 1 0 0 1 1|0 0 0 0 0 0 0 1 0 1 1 1 1 1|0 0 0 0 0 0 1 0 1 1 1 1 0 1|1 0 0 0 0 0 1 1 1 1 1 1 1 1|0 1 0 0 1 1 0 1 1 1 0 1 1 1|1 1 1 1 0 1 1 0 1 1 1 1 1 1|0 0 0 0 1 1 1 1 0 1 0 1 1 1|1 0 1 1 1 1 1 1 1 0 0 1 1 1|1 1 0 1 1 1 0 1 0 0 0 1 1 1|0 1 0 1 1 1 1 1 1 1 1 0 1 1|1 0 1 1 0 1 1 1 1 1 1 1 0 1|1 0 1 1 1 1 1 1 1 1 1 1 1 0"
168,"ID17-14.68.1:",14,8,74623,"1, 4, 7, 8, 9, 10, 11, 12, 13, 14","1->7, 2->2, 3->3, 4->14, 5->5, 6->6, 7->9, 8->1, 9->8, 10->11, 11->10, 12->13, 13->12, 14->4","1-3, 1-8, 1-11, 1-14, 2-8, 2-11, 2-12, 3-8, 3-14, 4-10, 4-12, 4-14, 5-7, 5-9, 5-10, 6-9, 6-11, 6-12, 6-13, 6-14, 7-9, 7-10, 7-14, 8-11, 8-12, 8-14, 9-12, 9-13, 9-14, 10-12, 10-14, 11-12, 12-13, 12-14","1-2, 1-3, 1-4, 1-7, 1-10, 1-13, 2-10, 2-13, 3-4, 3-7, 4-6, 4-7, 4-8, 4-9, 4-11, 4-13, 4-14, 5-8, 5-9, 5-11, 6-8, 6-10, 6-12, 6-13, 7-10, 8-9, 8-12, 8-13, 9-11, 10-13, 11-13, 11-14, 12-13, 13-14","1-2, 1-3, 1-4, 1-7, 1-8, 1-10, 1-11, 1-13, 1-14, 2-8, 2-10, 2-11, 2-12, 2-13, 3-4, 3-7, 3-8, 3-14, 4-6, 4-7, 4-8, 4-9, 4-10, 4-11, 4-12, 4-13, 4-14, 5-7, 5-8, 5-9, 5-10, 5-11, 6-8, 6-9, 6-10, 6-11, 6-12, 6-13, 6-14, 7-9, 7-10, 7-14, 8-9, 8-11, 8-12, 8-13, 8-14, 9-11, 9-12, 9-13, 9-14, 10-12, 10-13, 10-14, 11-12, 11-13, 11-14, 12-13, 12-14, 13-14",4,4,8,"0 0 1 0 0 0 0 1 0 0 1 0 0 1|0 0 0 0 0 0 0 1 0 0 1 1 0 0|1 0 0 0 0 0 0 1 0 0 0 0 0 1|0 0 0 0 0 0 0 0 0 1 0 1 0 1|0 0 0 0 0 0 1 0 1 1 0 0 0 0|0 0 0 0 0 0 0 0 1 0 1 1 1 1|0 0 0 0 1 0 0 0 1 1 0 0 0 1|1 1 1 0 0 0 0 0 0 0 1 1 0 1|0 0 0 0 1 1 1 0 0 0 0 1 1 1|0 0 0 1 1 0 1 0 0 0 0 1 0 1|1 1 0 0 0 1 0 1 0 0 0 1 0 0|0 1 0 1 0 1 0 1 1 1 1 0 1 1|0 0 0 0 0 1 0 0 1 0 0 1 0 0|1 0 1 1 0 1 1 1 1 1 0 1 0 0","0 1 1 1 0 0 1 0 0 1 0 0 1 0|1 0 0 0 0 0 0 0 0 1 0 0 1 0|1 0 0 1 0 0 1 0 0 0 0 0 0 0|1 0 1 0 0 1 1 1 1 0 1 0 1 1|0 0 0 0 0 0 0 1 1 0 1 0 0 0|0 0 0 1 0 0 0 1 0 1 0 1 1 0|1 0 1 1 0 0 0 0 0 1 0 0 0 0|0 0 0 1 1 1 0 0 1 0 0 1 1 0|0 0 0 1 1 0 0 1 0 0 1 0 0 0|1 1 0 0 0 1 1 0 0 0 0 0 1 0|0 0 0 1 1 0 0 0 1 0 0 0 1 1|0 0 0 0 0 1 0 1 0 0 0 0 1 0|1 1 0 1 0 1 0 1 0 1 1 1 0 1|0 0 0 1 0 0 0 0 0 0 1 0 1 0","0 1 1 1 0 0 1 1 0 1 1 0 1 1|1 0 0 0 0 0 0 1 0 1 1 1 1 0|1 0 0 1 0 0 1 1 0 0 0 0 0 1|1 0 1 0 0 1 1 1 1 1 1 1 1 1|0 0 0 0 0 0 1 1 1 1 1 0 0 0|0 0 0 1 0 0 0 1 1 1 1 1 1 1|1 0 1 1 1 0 0 0 1 1 0 0 0 1|1 1 1 1 1 1 0 0 1 0 1 1 1 1|0 0 0 1 1 1 1 1 0 0 1 1 1 1|1 1 0 1 1 1 1 0 0 0 0 1 1 1|1 1 0 1 1 1 0 1 1 0 0 1 1 1|0 1 0 1 0 1 0 1 1 1 1 0 1 1|1 1 0 1 0 1 0 1 1 1 1 1 0 1|1 0 1 1 0 1 1 1 1 1 1 1 1 0"
169,"ID17-14.68.1:",14,9,87306,"1, 2, 3, 5, 6, 9, 10, 11, 12, 14","1->10, 2->3, 3->9, 4->4, 5->2, 6->14, 7->7, 8->8, 9->12, 10->1, 11->6, 12->5, 13->13, 14->11","1-3, 1-8, 1-11, 1-14, 2-8, 2-11, 2-12, 3-8, 3-14, 4-10, 4-12, 4-14, 5-7, 5-9, 5-10, 6-9, 6-11, 6-12, 6-13, 6-14, 7-9, 7-10, 7-14, 8-11, 8-12, 8-14, 9-12, 9-13, 9-14, 10-12, 10-14, 11-12, 12-13, 12-14","1-2, 1-4, 1-5, 1-7, 1-11, 2-7, 2-12, 3-5, 3-6, 3-8, 4-5, 4-11, 5-6, 5-8, 5-11, 5-12, 5-13, 5-14, 6-8, 6-10, 6-14, 7-11, 7-12, 8-9, 8-10, 8-11, 9-10, 9-11, 10-11, 11-12, 11-14, 12-13, 12-14, 13-14","1-2, 1-3, 1-4, 1-5, 1-7, 1-8, 1-11, 1-14, 2-7, 2-8, 2-11, 2-12, 3-5, 3-6, 3-8, 3-14, 4-5, 4-10, 4-11, 4-12, 4-14, 5-6, 5-7, 5-8, 5-9, 5-10, 5-11, 5-12, 5-13, 5-14, 6-8, 6-9, 6-10, 6-11, 6-12, 6-13, 6-14, 7-9, 7-10, 7-11, 7-12, 7-14, 8-9, 8-10, 8-11, 8-12, 8-14, 9-10, 9-11, 9-12, 9-13, 9-14, 10-11, 10-12, 10-14, 11-12, 11-14, 12-13, 12-14, 13-14",4,4,8,"0 0 1 0 0 0 0 1 0 0 1 0 0 1|0 0 0 0 0 0 0 1 0 0 1 1 0 0|1 0 0 0 0 0 0 1 0 0 0 0 0 1|0 0 0 0 0 0 0 0 0 1 0 1 0 1|0 0 0 0 0 0 1 0 1 1 0 0 0 0|0 0 0 0 0 0 0 0 1 0 1 1 1 1|0 0 0 0 1 0 0 0 1 1 0 0 0 1|1 1 1 0 0 0 0 0 0 0 1 1 0 1|0 0 0 0 1 1 1 0 0 0 0 1 1 1|0 0 0 1 1 0 1 0 0 0 0 1 0 1|1 1 0 0 0 1 0 1 0 0 0 1 0 0|0 1 0 1 0 1 0 1 1 1 1 0 1 1|0 0 0 0 0 1 0 0 1 0 0 1 0 0|1 0 1 1 0 1 1 1 1 1 0 1 0 0","0 1 0 1 1 0 1 0 0 0 1 0 0 0|1 0 0 0 0 0 1 0 0 0 0 1 0 0|0 0 0 0 1 1 0 1 0 0 0 0 0 0|1 0 0 0 1 0 0 0 0 0 1 0 0 0|1 0 1 1 0 1 0 1 0 0 1 1 1 1|0 0 1 0 1 0 0 1 0 1 0 0 0 1|1 1 0 0 0 0 0 0 0 0 1 1 0 0|0 0 1 0 1 1 0 0 1 1 1 0 0 0|0 0 0 0 0 0 0 1 0 1 1 0 0 0|0 0 0 0 0 1 0 1 1 0 1 0 0 0|1 0 0 1 1 0 1 1 1 1 0 1 0 1|0 1 0 0 1 0 1 0 0 0 1 0 1 1|0 0 0 0 1 0 0 0 0 0 0 1 0 1|0 0 0 0 1 1 0 0 0 0 1 1 1 0","0 1 1 1 1 0 1 1 0 0 1 0 0 1|1 0 0 0 0 0 1 1 0 0 1 1 0 0|1 0 0 0 1 1 0 1 0 0 0 0 0 1|1 0 0 0 1 0 0 0 0 1 1 1 0 1|1 0 1 1 0 1 1 1 1 1 1 1 1 1|0 0 1 0 1 0 0 1 1 1 1 1 1 1|1 1 0 0 1 0 0 0 1 1 1 1 0 1|1 1 1 0 1 1 0 0 1 1 1 1 0 1|0 0 0 0 1 1 1 1 0 1 1 1 1 1|0 0 0 1 1 1 1 1 1 0 1 1 0 1|1 1 0 1 1 1 1 1 1 1 0 1 0 1|0 1 0 1 1 1 1 1 1 1 1 0 1 1|0 0 0 0 1 1 0 0 1 0 0 1 0 1|1 0 1 1 1 1 1 1 1 1 1 1 1 0"
170,"ID17-14.68.1:",14,10,110270,"1, 2, 3, 6, 8, 9, 10, 12, 13, 14","1->2, 2->9, 3->13, 4->4, 5->5, 6->10, 7->7, 8->14, 9->6, 10->12, 11->11, 12->3, 13->8, 14->1","1-3, 1-8, 1-11, 1-14, 2-8, 2-11, 2-12, 3-8, 3-14, 4-10, 4-12, 4-14, 5-7, 5-9, 5-10, 6-9, 6-11, 6-12, 6-13, 6-14, 7-9, 7-10, 7-14, 8-11, 8-12, 8-14, 9-12, 9-13, 9-14, 10-12, 10-14, 11-12, 12-13, 12-14","1-2, 1-3, 1-4, 1-6, 1-7, 1-10, 1-12, 1-13, 1-14, 2-11, 2-13, 2-14, 3-4, 3-6, 3-8, 3-9, 3-10, 3-11, 3-12, 3-14, 4-12, 5-6, 5-7, 5-12, 6-7, 6-8, 6-10, 7-12, 8-10, 9-11, 9-14, 10-11, 11-14, 13-14","1-2, 1-3, 1-4, 1-6, 1-7, 1-8, 1-10, 1-11, 1-12, 1-13, 1-14, 2-8, 2-11, 2-12, 2-13, 2-14, 3-4, 3-6, 3-8, 3-9, 3-10, 3-11, 3-12, 3-14, 4-10, 4-12, 4-14, 5-6, 5-7, 5-9, 5-10, 5-12, 6-7, 6-8, 6-9, 6-10, 6-11, 6-12, 6-13, 6-14, 7-9, 7-10, 7-12, 7-14, 8-10, 8-11, 8-12, 8-14, 9-11, 9-12, 9-13, 9-14, 10-11, 10-12, 10-14, 11-12, 11-14, 12-13, 12-14, 13-14",4,4,8,"0 0 1 0 0 0 0 1 0 0 1 0 0 1|0 0 0 0 0 0 0 1 0 0 1 1 0 0|1 0 0 0 0 0 0 1 0 0 0 0 0 1|0 0 0 0 0 0 0 0 0 1 0 1 0 1|0 0 0 0 0 0 1 0 1 1 0 0 0 0|0 0 0 0 0 0 0 0 1 0 1 1 1 1|0 0 0 0 1 0 0 0 1 1 0 0 0 1|1 1 1 0 0 0 0 0 0 0 1 1 0 1|0 0 0 0 1 1 1 0 0 0 0 1 1 1|0 0 0 1 1 0 1 0 0 0 0 1 0 1|1 1 0 0 0 1 0 1 0 0 0 1 0 0|0 1 0 1 0 1 0 1 1 1 1 0 1 1|0 0 0 0 0 1 0 0 1 0 0 1 0 0|1 0 1 1 0 1 1 1 1 1 0 1 0 0","0 1 1 1 0 1 1 0 0 1 0 1 1 1|1 0 0 0 0 0 0 0 0 0 1 0 1 1|1 0 0 1 0 1 0 1 1 1 1 1 0 1|1 0 1 0 0 0 0 0 0 0 0 1 0 0|0 0 0 0 0 1 1 0 0 0 0 1 0 0|1 0 1 0 1 0 1 1 0 1 0 0 0 0|1 0 0 0 1 1 0 0 0 0 0 1 0 0|0 0 1 0 0 1 0 0 0 1 0 0 0 0|0 0 1 0 0 0 0 0 0 0 1 0 0 1|1 0 1 0 0 1 0 1 0 0 1 0 0 0|0 1 1 0 0 0 0 0 1 1 0 0 0 1|1 0 1 1 1 0 1 0 0 0 0 0 0 0|1 1 0 0 0 0 0 0 0 0 0 0 0 1|1 1 1 0 0 0 0 0 1 0 1 0 1 0","0 1 1 1 0 1 1 1 0 1 1 1 1 1|1 0 0 0 0 0 0 1 0 0 1 1 1 1|1 0 0 1 0 1 0 1 1 1 1 1 0 1|1 0 1 0 0 0 0 0 0 1 0 1 0 1|0 0 0 0 0 1 1 0 1 1 0 1 0 0|1 0 1 0 1 0 1 1 1 1 1 1 1 1|1 0 0 0 1 1 0 0 1 1 0 1 0 1|1 1 1 0 0 1 0 0 0 1 1 1 0 1|0 0 1 0 1 1 1 0 0 0 1 1 1 1|1 0 1 1 1 1 1 1 0 0 1 1 0 1|1 1 1 0 0 1 0 1 1 1 0 1 0 1|1 1 1 1 1 1 1 1 1 1 1 0 1 1|1 1 0 0 0 1 0 0 1 0 0 1 0 1|1 1 1 1 0 1 1 1 1 1 1 1 1 0"
171,"ID18-14.69.2:",14,1,2619,"1, 3, 5, 7, 8, 10, 11, 12, 13, 14","1->13, 2->2, 3->7, 4->4, 5->10, 6->6, 7->11, 8->5, 9->9, 10->12, 11->8, 12->1, 13->14, 14->3","1-5, 1-7, 1-8, 1-13, 2-8, 2-10, 2-11, 3-6, 3-9, 3-10, 3-13, 3-14, 4-7, 4-8, 4-12, 4-13, 5-7, 5-13, 6-10, 6-11, 6-14, 7-8, 7-13, 8-10, 8-11, 8-13, 9-14, 10-11, 10-12, 10-13, 11-13, 11-14, 12-13, 13-14","1-4, 1-12, 1-14, 2-5, 2-8, 2-12, 3-6, 3-7, 3-8, 3-9, 3-14, 4-5, 4-11, 4-14, 5-8, 5-11, 5-12, 5-13, 5-14, 6-7, 6-8, 6-12, 7-9, 7-12, 7-14, 8-12, 8-14, 10-11, 10-13, 10-14, 11-13, 11-14, 12-14, 13-14","1-4, 1-5, 1-7, 1-8, 1-12, 1-13, 1-14, 2-5, 2-8, 2-10, 2-11, 2-12, 3-6, 3-7, 3-8, 3-9, 3-10, 3-13, 3-14, 4-5, 4-7, 4-8, 4-11, 4-12, 4-13, 4-14, 5-7, 5-8, 5-11, 5-12, 5-13, 5-14, 6-7, 6-8, 6-10, 6-11, 6-12, 6-14, 7-8, 7-9, 7-12, 7-13, 7-14, 8-10, 8-11, 8-12, 8-13, 8-14, 9-14, 10-11, 10-12, 10-13, 10-14, 11-13, 11-14, 12-13, 12-14, 13-14",4,4,8,"0 0 0 0 1 0 1 1 0 0 0 0 1 0|0 0 0 0 0 0 0 1 0 1 1 0 0 0|0 0 0 0 0 1 0 0 1 1 0 0 1 1|0 0 0 0 0 0 1 1 0 0 0 1 1 0|1 0 0 0 0 0 1 0 0 0 0 0 1 0|0 0 1 0 0 0 0 0 0 1 1 0 0 1|1 0 0 1 1 0 0 1 0 0 0 0 1 0|1 1 0 1 0 0 1 0 0 1 1 0 1 0|0 0 1 0 0 0 0 0 0 0 0 0 0 1|0 1 1 0 0 1 0 1 0 0 1 1 1 0|0 1 0 0 0 1 0 1 0 1 0 0 1 1|0 0 0 1 0 0 0 0 0 1 0 0 1 0|1 0 1 1 1 0 1 1 0 1 1 1 0 1|0 0 1 0 0 1 0 0 1 0 1 0 1 0","0 0 0 1 0 0 0 0 0 0 0 1 0 1|0 0 0 0 1 0 0 1 0 0 0 1 0 0|0 0 0 0 0 1 1 1 1 0 0 0 0 1|1 0 0 0 1 0 0 0 0 0 1 0 0 1|0 1 0 1 0 0 0 1 0 0 1 1 1 1|0 0 1 0 0 0 1 1 0 0 0 1 0 0|0 0 1 0 0 1 0 0 1 0 0 1 0 1|0 1 1 0 1 1 0 0 0 0 0 1 0 1|0 0 1 0 0 0 1 0 0 0 0 0 0 0|0 0 0 0 0 0 0 0 0 0 1 0 1 1|0 0 0 1 1 0 0 0 0 1 0 0 1 1|1 1 0 0 1 1 1 1 0 0 0 0 0 1|0 0 0 0 1 0 0 0 0 1 1 0 0 1|1 0 1 1 1 0 1 1 0 1 1 1 1 0","0 0 0 1 1 0 1 1 0 0 0 1 1 1|0 0 0 0 1 0 0 1 0 1 1 1 0 0|0 0 0 0 0 1 1 1 1 1 0 0 1 1|1 0 0 0 1 0 1 1 0 0 1 1 1 1|1 1 0 1 0 0 1 1 0 0 1 1 1 1|0 0 1 0 0 0 1 1 0 1 1 1 0 1|1 0 1 1 1 1 0 1 1 0 0 1 1 1|1 1 1 1 1 1 1 0 0 1 1 1 1 1|0 0 1 0 0 0 1 0 0 0 0 0 0 1|0 1 1 0 0 1 0 1 0 0 1 1 1 1|0 1 0 1 1 1 0 1 0 1 0 0 1 1|1 1 0 1 1 1 1 1 0 1 0 0 1 1|1 0 1 1 1 0 1 1 0 1 1 1 0 1|1 0 1 1 1 1 1 1 1 1 1 1 1 0"
172,"ID18-14.69.2:",14,2,13267,"1, 2, 6, 7, 8, 9, 10, 11, 13, 14","1->2, 2->13, 3->3, 4->4, 5->5, 6->8, 7->14, 8->10, 9->1, 10->6, 11->9, 12->12, 13->7, 14->11","1-5, 1-7, 1-8, 1-13, 2-8, 2-10, 2-11, 3-6, 3-9, 3-10, 3-13, 3-14, 4-7, 4-8, 4-12, 4-13, 5-7, 5-13, 6-10, 6-11, 6-14, 7-8, 7-13, 8-10, 8-11, 8-13, 9-14, 10-11, 10-12, 10-13, 11-13, 11-14, 12-13, 13-14","1-3, 1-11, 2-5, 2-7, 2-10, 2-14, 3-6, 3-7, 3-8, 3-11, 4-7, 4-10, 4-12, 4-14, 5-7, 5-14, 6-7, 6-8, 6-9, 6-10, 6-12, 6-13, 7-9, 7-10, 7-11, 7-12, 7-14, 8-9, 8-11, 9-10, 9-11, 9-13, 10-13, 10-14","1-3, 1-5, 1-7, 1-8, 1-11, 1-13, 2-5, 2-7, 2-8, 2-10, 2-11, 2-14, 3-6, 3-7, 3-8, 3-9, 3-10, 3-11, 3-13, 3-14, 4-7, 4-8, 4-10, 4-12, 4-13, 4-14, 5-7, 5-13, 5-14, 6-7, 6-8, 6-9, 6-10, 6-11, 6-12, 6-13, 6-14, 7-8, 7-9, 7-10, 7-11, 7-12, 7-13, 7-14, 8-9, 8-10, 8-11, 8-13, 9-10, 9-11, 9-13, 9-14, 10-11, 10-12, 10-13, 10-14, 11-13, 11-14, 12-13, 13-14",4,4,8,"0 0 0 0 1 0 1 1 0 0 0 0 1 0|0 0 0 0 0 0 0 1 0 1 1 0 0 0|0 0 0 0 0 1 0 0 1 1 0 0 1 1|0 0 0 0 0 0 1 1 0 0 0 1 1 0|1 0 0 0 0 0 1 0 0 0 0 0 1 0|0 0 1 0 0 0 0 0 0 1 1 0 0 1|1 0 0 1 1 0 0 1 0 0 0 0 1 0|1 1 0 1 0 0 1 0 0 1 1 0 1 0|0 0 1 0 0 0 0 0 0 0 0 0 0 1|0 1 1 0 0 1 0 1 0 0 1 1 1 0|0 1 0 0 0 1 0 1 0 1 0 0 1 1|0 0 0 1 0 0 0 0 0 1 0 0 1 0|1 0 1 1 1 0 1 1 0 1 1 1 0 1|0 0 1 0 0 1 0 0 1 0 1 0 1 0","0 0 1 0 0 0 0 0 0 0 1 0 0 0|0 0 0 0 1 0 1 0 0 1 0 0 0 1|1 0 0 0 0 1 1 1 0 0 1 0 0 0|0 0 0 0 0 0 1 0 0 1 0 1 0 1|0 1 0 0 0 0 1 0 0 0 0 0 0 1|0 0 1 0 0 0 1 1 1 1 0 1 1 0|0 1 1 1 1 1 0 0 1 1 1 1 0 1|0 0 1 0 0 1 0 0 1 0 1 0 0 0|0 0 0 0 0 1 1 1 0 1 1 0 1 0|0 1 0 1 0 1 1 0 1 0 0 0 1 1|1 0 1 0 0 0 1 1 1 0 0 0 0 0|0 0 0 1 0 1 1 0 0 0 0 0 0 0|0 0 0 0 0 1 0 0 1 1 0 0 0 0|0 1 0 1 1 0 1 0 0 1 0 0 0 0","0 0 1 0 1 0 1 1 0 0 1 0 1 0|0 0 0 0 1 0 1 1 0 1 1 0 0 1|1 0 0 0 0 1 1 1 1 1 1 0 1 1|0 0 0 0 0 0 1 1 0 1 0 1 1 1|1 1 0 0 0 0 1 0 0 0 0 0 1 1|0 0 1 0 0 0 1 1 1 1 1 1 1 1|1 1 1 1 1 1 0 1 1 1 1 1 1 1|1 1 1 1 0 1 1 0 1 1 1 0 1 0|0 0 1 0 0 1 1 1 0 1 1 0 1 1|0 1 1 1 0 1 1 1 1 0 1 1 1 1|1 1 1 0 0 1 1 1 1 1 0 0 1 1|0 0 0 1 0 1 1 0 0 1 0 0 1 0|1 0 1 1 1 1 1 1 1 1 1 1 0 1|0 1 1 1 1 1 1 0 1 1 1 0 1 0"
173,"ID18-14.69.2:",14,3,19131,"1, 2, 5, 6, 7, 8, 9, 10, 11, 13","1->2, 2->5, 3->3, 4->4, 5->9, 6->7, 7->13, 8->6, 9->8, 10->11, 11->10, 12->12, 13->1, 14->14","1-5, 1-7, 1-8, 1-13, 2-8, 2-10, 2-11, 3-6, 3-9, 3-10, 3-13, 3-14, 4-7, 4-8, 4-12, 4-13, 5-7, 5-13, 6-10, 6-11, 6-14, 7-8, 7-13, 8-10, 8-11, 8-13, 9-14, 10-11, 10-12, 10-13, 11-13, 11-14, 12-13, 13-14","1-2, 1-3, 1-4, 1-6, 1-9, 1-10, 1-11, 1-12, 1-13, 1-14, 2-6, 2-9, 2-13, 3-7, 3-8, 3-11, 3-14, 4-6, 4-12, 4-13, 5-6, 5-10, 5-11, 6-10, 6-11, 6-13, 7-10, 7-11, 7-14, 8-14, 9-13, 10-11, 10-14, 11-12","1-2, 1-3, 1-4, 1-5, 1-6, 1-7, 1-8, 1-9, 1-10, 1-11, 1-12, 1-13, 1-14, 2-6, 2-8, 2-9, 2-10, 2-11, 2-13, 3-6, 3-7, 3-8, 3-9, 3-10, 3-11, 3-13, 3-14, 4-6, 4-7, 4-8, 4-12, 4-13, 5-6, 5-7, 5-10, 5-11, 5-13, 6-10, 6-11, 6-13, 6-14, 7-8, 7-10, 7-11, 7-13, 7-14, 8-10, 8-11, 8-13, 8-14, 9-13, 9-14, 10-11, 10-12, 10-13, 10-14, 11-12, 11-13, 11-14, 12-13, 13-14",4,4,8,"0 0 0 0 1 0 1 1 0 0 0 0 1 0|0 0 0 0 0 0 0 1 0 1 1 0 0 0|0 0 0 0 0 1 0 0 1 1 0 0 1 1|0 0 0 0 0 0 1 1 0 0 0 1 1 0|1 0 0 0 0 0 1 0 0 0 0 0 1 0|0 0 1 0 0 0 0 0 0 1 1 0 0 1|1 0 0 1 1 0 0 1 0 0 0 0 1 0|1 1 0 1 0 0 1 0 0 1 1 0 1 0|0 0 1 0 0 0 0 0 0 0 0 0 0 1|0 1 1 0 0 1 0 1 0 0 1 1 1 0|0 1 0 0 0 1 0 1 0 1 0 0 1 1|0 0 0 1 0 0 0 0 0 1 0 0 1 0|1 0 1 1 1 0 1 1 0 1 1 1 0 1|0 0 1 0 0 1 0 0 1 0 1 0 1 0","0 1 1 1 0 1 0 0 1 1 1 1 1 1|1 0 0 0 0 1 0 0 1 0 0 0 1 0|1 0 0 0 0 0 1 1 0 0 1 0 0 1|1 0 0 0 0 1 0 0 0 0 0 1 1 0|0 0 0 0 0 1 0 0 0 1 1 0 0 0|1 1 0 1 1 0 0 0 0 1 1 0 1 0|0 0 1 0 0 0 0 0 0 1 1 0 0 1|0 0 1 0 0 0 0 0 0 0 0 0 0 1|1 1 0 0 0 0 0 0 0 0 0 0 1 0|1 0 0 0 1 1 1 0 0 0 1 0 0 1|1 0 1 0 1 1 1 0 0 1 0 1 0 0|1 0 0 1 0 0 0 0 0 0 1 0 0 0|1 1 0 1 0 1 0 0 1 0 0 0 0 0|1 0 1 0 0 0 1 1 0 1 0 0 0 0","0 1 1 1 1 1 1 1 1 1 1 1 1 1|1 0 0 0 0 1 0 1 1 1 1 0 1 0|1 0 0 0 0 1 1 1 1 1 1 0 1 1|1 0 0 0 0 1 1 1 0 0 0 1 1 0|1 0 0 0 0 1 1 0 0 1 1 0 1 0|1 1 1 1 1 0 0 0 0 1 1 0 1 1|1 0 1 1 1 0 0 1 0 1 1 0 1 1|1 1 1 1 0 0 1 0 0 1 1 0 1 1|1 1 1 0 0 0 0 0 0 0 0 0 1 1|1 1 1 0 1 1 1 1 0 0 1 1 1 1|1 1 1 0 1 1 1 1 0 1 0 1 1 1|1 0 0 1 0 0 0 0 0 1 1 0 1 0|1 1 1 1 1 1 1 1 1 1 1 1 0 1|1 0 1 0 0 1 1 1 1 1 1 0 1 0"
174,"ID18-14.69.2:",14,4,20048,"1, 4, 6, 7, 8, 10, 11, 12, 13, 14","1->8, 2->2, 3->3, 4->6, 5->5, 6->4, 7->13, 8->12, 9->9, 10->11, 11->1, 12->14, 13->7, 14->10","1-5, 1-7, 1-8, 1-13, 2-8, 2-10, 2-11, 3-6, 3-9, 3-10, 3-13, 3-14, 4-7, 4-8, 4-12, 4-13, 5-7, 5-13, 6-10, 6-11, 6-14, 7-8, 7-13, 8-10, 8-11, 8-13, 9-14, 10-11, 10-12, 10-13, 11-13, 11-14, 12-13, 13-14","1-2, 1-4, 1-7, 1-10, 1-11, 1-12, 2-11, 2-12, 3-4, 3-7, 3-9, 3-10, 3-11, 4-10, 4-11, 5-7, 5-8, 5-13, 6-7, 6-12, 6-13, 6-14, 7-8, 7-10, 7-11, 7-12, 7-13, 7-14, 8-12, 8-13, 9-10, 11-12, 11-14, 12-13","1-2, 1-4, 1-5, 1-7, 1-8, 1-10, 1-11, 1-12, 1-13, 2-8, 2-10, 2-11, 2-12, 3-4, 3-6, 3-7, 3-9, 3-10, 3-11, 3-13, 3-14, 4-7, 4-8, 4-10, 4-11, 4-12, 4-13, 5-7, 5-8, 5-13, 6-7, 6-10, 6-11, 6-12, 6-13, 6-14, 7-8, 7-10, 7-11, 7-12, 7-13, 7-14, 8-10, 8-11, 8-12, 8-13, 9-10, 9-14, 10-11, 10-12, 10-13, 11-12, 11-13, 11-14, 12-13, 13-14",4,4,8,"0 0 0 0 1 0 1 1 0 0 0 0 1 0|0 0 0 0 0 0 0 1 0 1 1 0 0 0|0 0 0 0 0 1 0 0 1 1 0 0 1 1|0 0 0 0 0 0 1 1 0 0 0 1 1 0|1 0 0 0 0 0 1 0 0 0 0 0 1 0|0 0 1 0 0 0 0 0 0 1 1 0 0 1|1 0 0 1 1 0 0 1 0 0 0 0 1 0|1 1 0 1 0 0 1 0 0 1 1 0 1 0|0 0 1 0 0 0 0 0 0 0 0 0 0 1|0 1 1 0 0 1 0 1 0 0 1 1 1 0|0 1 0 0 0 1 0 1 0 1 0 0 1 1|0 0 0 1 0 0 0 0 0 1 0 0 1 0|1 0 1 1 1 0 1 1 0 1 1 1 0 1|0 0 1 0 0 1 0 0 1 0 1 0 1 0","0 1 0 1 0 0 1 0 0 1 1 1 0 0|1 0 0 0 0 0 0 0 0 0 1 1 0 0|0 0 0 1 0 0 1 0 1 1 1 0 0 0|1 0 1 0 0 0 0 0 0 1 1 0 0 0|0 0 0 0 0 0 1 1 0 0 0 0 1 0|0 0 0 0 0 0 1 0 0 0 0 1 1 1|1 0 1 0 1 1 0 1 0 1 1 1 1 1|0 0 0 0 1 0 1 0 0 0 0 1 1 0|0 0 1 0 0 0 0 0 0 1 0 0 0 0|1 0 1 1 0 0 1 0 1 0 0 0 0 0|1 1 1 1 0 0 1 0 0 0 0 1 0 1|1 1 0 0 0 1 1 1 0 0 1 0 1 0|0 0 0 0 1 1 1 1 0 0 0 1 0 0|0 0 0 0 0 1 1 0 0 0 1 0 0 0","0 1 0 1 1 0 1 1 0 1 1 1 1 0|1 0 0 0 0 0 0 1 0 1 1 1 0 0|0 0 0 1 0 1 1 0 1 1 1 0 1 1|1 0 1 0 0 0 1 1 0 1 1 1 1 0|1 0 0 0 0 0 1 1 0 0 0 0 1 0|0 0 1 0 0 0 1 0 0 1 1 1 1 1|1 0 1 1 1 1 0 1 0 1 1 1 1 1|1 1 0 1 1 0 1 0 0 1 1 1 1 0|0 0 1 0 0 0 0 0 0 1 0 0 0 1|1 1 1 1 0 1 1 1 1 0 1 1 1 0|1 1 1 1 0 1 1 1 0 1 0 1 1 1|1 1 0 1 0 1 1 1 0 1 1 0 1 0|1 0 1 1 1 1 1 1 0 1 1 1 0 1|0 0 1 0 0 1 1 0 1 0 1 0 1 0"
175,"ID18-14.69.2:",14,5,26302,"3, 5, 6, 7, 8, 9, 10, 11, 12, 13","1->1, 2->2, 3->7, 4->4, 5->9, 6->3, 7->12, 8->5, 9->10, 10->11, 11->8, 12->13, 13->6, 14->14","1-5, 1-7, 1-8, 1-13, 2-8, 2-10, 2-11, 3-6, 3-9, 3-10, 3-13, 3-14, 4-7, 4-8, 4-12, 4-13, 5-7, 5-13, 6-10, 6-11, 6-14, 7-8, 7-13, 8-10, 8-11, 8-13, 9-14, 10-11, 10-12, 10-13, 11-13, 11-14, 12-13, 13-14","1-5, 1-6, 1-9, 1-12, 2-5, 2-8, 2-11, 3-7, 3-8, 3-11, 3-14, 4-5, 4-6, 4-12, 4-13, 5-6, 5-8, 5-11, 5-12, 6-7, 6-8, 6-9, 6-11, 6-12, 6-13, 6-14, 7-10, 7-11, 7-14, 8-11, 8-14, 9-12, 10-14, 11-13","1-5, 1-6, 1-7, 1-8, 1-9, 1-12, 1-13, 2-5, 2-8, 2-10, 2-11, 3-6, 3-7, 3-8, 3-9, 3-10, 3-11, 3-13, 3-14, 4-5, 4-6, 4-7, 4-8, 4-12, 4-13, 5-6, 5-7, 5-8, 5-11, 5-12, 5-13, 6-7, 6-8, 6-9, 6-10, 6-11, 6-12, 6-13, 6-14, 7-8, 7-10, 7-11, 7-13, 7-14, 8-10, 8-11, 8-13, 8-14, 9-12, 9-14, 10-11, 10-12, 10-13, 10-14, 11-13, 11-14, 12-13, 13-14",4,4,8,"0 0 0 0 1 0 1 1 0 0 0 0 1 0|0 0 0 0 0 0 0 1 0 1 1 0 0 0|0 0 0 0 0 1 0 0 1 1 0 0 1 1|0 0 0 0 0 0 1 1 0 0 0 1 1 0|1 0 0 0 0 0 1 0 0 0 0 0 1 0|0 0 1 0 0 0 0 0 0 1 1 0 0 1|1 0 0 1 1 0 0 1 0 0 0 0 1 0|1 1 0 1 0 0 1 0 0 1 1 0 1 0|0 0 1 0 0 0 0 0 0 0 0 0 0 1|0 1 1 0 0 1 0 1 0 0 1 1 1 0|0 1 0 0 0 1 0 1 0 1 0 0 1 1|0 0 0 1 0 0 0 0 0 1 0 0 1 0|1 0 1 1 1 0 1 1 0 1 1 1 0 1|0 0 1 0 0 1 0 0 1 0 1 0 1 0","0 0 0 0 1 1 0 0 1 0 0 1 0 0|0 0 0 0 1 0 0 1 0 0 1 0 0 0|0 0 0 0 0 0 1 1 0 0 1 0 0 1|0 0 0 0 1 1 0 0 0 0 0 1 1 0|1 1 0 1 0 1 0 1 0 0 1 1 0 0|1 0 0 1 1 0 1 1 1 0 1 1 1 1|0 0 1 0 0 1 0 0 0 1 1 0 0 1|0 1 1 0 1 1 0 0 0 0 1 0 0 1|1 0 0 0 0 1 0 0 0 0 0 1 0 0|0 0 0 0 0 0 1 0 0 0 0 0 0 1|0 1 1 0 1 1 1 1 0 0 0 0 1 0|1 0 0 1 1 1 0 0 1 0 0 0 0 0|0 0 0 1 0 1 0 0 0 0 1 0 0 0|0 0 1 0 0 1 1 1 0 1 0 0 0 0","0 0 0 0 1 1 1 1 1 0 0 1 1 0|0 0 0 0 1 0 0 1 0 1 1 0 0 0|0 0 0 0 0 1 1 1 1 1 1 0 1 1|0 0 0 0 1 1 1 1 0 0 0 1 1 0|1 1 0 1 0 1 1 1 0 0 1 1 1 0|1 0 1 1 1 0 1 1 1 1 1 1 1 1|1 0 1 1 1 1 0 1 0 1 1 0 1 1|1 1 1 1 1 1 1 0 0 1 1 0 1 1|1 0 1 0 0 1 0 0 0 0 0 1 0 1|0 1 1 0 0 1 1 1 0 0 1 1 1 1|0 1 1 0 1 1 1 1 0 1 0 0 1 1|1 0 0 1 1 1 0 0 1 1 0 0 1 0|1 0 1 1 1 1 1 1 0 1 1 1 0 1|0 0 1 0 0 1 1 1 1 1 1 0 1 0"
176,"ID18-14.69.2:",14,6,29956,"1, 3, 4, 5, 7, 8, 10, 12, 13, 14","1->3, 2->2, 3->10, 4->8, 5->13, 6->6, 7->5, 8->12, 9->9, 10->7, 11->11, 12->1, 13->14, 14->4","1-5, 1-7, 1-8, 1-13, 2-8, 2-10, 2-11, 3-6, 3-9, 3-10, 3-13, 3-14, 4-7, 4-8, 4-12, 4-13, 5-7, 5-13, 6-10, 6-11, 6-14, 7-8, 7-13, 8-10, 8-11, 8-13, 9-14, 10-11, 10-12, 10-13, 11-13, 11-14, 12-13, 13-14","1-7, 1-8, 1-14, 2-7, 2-11, 2-12, 3-5, 3-12, 3-13, 3-14, 4-6, 4-9, 4-10, 4-11, 4-14, 5-8, 5-12, 5-13, 5-14, 6-7, 6-10, 6-11, 7-10, 7-11, 7-12, 7-14, 8-12, 8-14, 9-10, 10-14, 11-12, 11-14, 12-14, 13-14","1-5, 1-7, 1-8, 1-13, 1-14, 2-7, 2-8, 2-10, 2-11, 2-12, 3-5, 3-6, 3-9, 3-10, 3-12, 3-13, 3-14, 4-6, 4-7, 4-8, 4-9, 4-10, 4-11, 4-12, 4-13, 4-14, 5-7, 5-8, 5-12, 5-13, 5-14, 6-7, 6-10, 6-11, 6-14, 7-8, 7-10, 7-11, 7-12, 7-13, 7-14, 8-10, 8-11, 8-12, 8-13, 8-14, 9-10, 9-14, 10-11, 10-12, 10-13, 10-14, 11-12, 11-13, 11-14, 12-13, 12-14, 13-14",4,4,8,"0 0 0 0 1 0 1 1 0 0 0 0 1 0|0 0 0 0 0 0 0 1 0 1 1 0 0 0|0 0 0 0 0 1 0 0 1 1 0 0 1 1|0 0 0 0 0 0 1 1 0 0 0 1 1 0|1 0 0 0 0 0 1 0 0 0 0 0 1 0|0 0 1 0 0 0 0 0 0 1 1 0 0 1|1 0 0 1 1 0 0 1 0 0 0 0 1 0|1 1 0 1 0 0 1 0 0 1 1 0 1 0|0 0 1 0 0 0 0 0 0 0 0 0 0 1|0 1 1 0 0 1 0 1 0 0 1 1 1 0|0 1 0 0 0 1 0 1 0 1 0 0 1 1|0 0 0 1 0 0 0 0 0 1 0 0 1 0|1 0 1 1 1 0 1 1 0 1 1 1 0 1|0 0 1 0 0 1 0 0 1 0 1 0 1 0","0 0 0 0 0 0 1 1 0 0 0 0 0 1|0 0 0 0 0 0 1 0 0 0 1 1 0 0|0 0 0 0 1 0 0 0 0 0 0 1 1 1|0 0 0 0 0 1 0 0 1 1 1 0 0 1|0 0 1 0 0 0 0 1 0 0 0 1 1 1|0 0 0 1 0 0 1 0 0 1 1 0 0 0|1 1 0 0 0 1 0 0 0 1 1 1 0 1|1 0 0 0 1 0 0 0 0 0 0 1 0 1|0 0 0 1 0 0 0 0 0 1 0 0 0 0|0 0 0 1 0 1 1 0 1 0 0 0 0 1|0 1 0 1 0 1 1 0 0 0 0 1 0 1|0 1 1 0 1 0 1 1 0 0 1 0 0 1|0 0 1 0 1 0 0 0 0 0 0 0 0 1|1 0 1 1 1 0 1 1 0 1 1 1 1 0","0 0 0 0 1 0 1 1 0 0 0 0 1 1|0 0 0 0 0 0 1 1 0 1 1 1 0 0|0 0 0 0 1 1 0 0 1 1 0 1 1 1|0 0 0 0 0 1 1 1 1 1 1 1 1 1|1 0 1 0 0 0 1 1 0 0 0 1 1 1|0 0 1 1 0 0 1 0 0 1 1 0 0 1|1 1 0 1 1 1 0 1 0 1 1 1 1 1|1 1 0 1 1 0 1 0 0 1 1 1 1 1|0 0 1 1 0 0 0 0 0 1 0 0 0 1|0 1 1 1 0 1 1 1 1 0 1 1 1 1|0 1 0 1 0 1 1 1 0 1 0 1 1 1|0 1 1 1 1 0 1 1 0 1 1 0 1 1|1 0 1 1 1 0 1 1 0 1 1 1 0 1|1 0 1 1 1 1 1 1 1 1 1 1 1 0"
177,"ID18-14.69.2:",14,7,30491,"1, 3, 4, 5, 6, 7, 8, 11, 13, 14","1->6, 2->2, 3->8, 4->3, 5->13, 6->4, 7->11, 8->5, 9->9, 10->10, 11->14, 12->12, 13->7, 14->1","1-5, 1-7, 1-8, 1-13, 2-8, 2-10, 2-11, 3-6, 3-9, 3-10, 3-13, 3-14, 4-7, 4-8, 4-12, 4-13, 5-7, 5-13, 6-10, 6-11, 6-14, 7-8, 7-13, 8-10, 8-11, 8-13, 9-14, 10-11, 10-12, 10-13, 11-13, 11-14, 12-13, 13-14","1-4, 1-7, 1-8, 1-9, 1-14, 2-5, 2-10, 2-14, 3-5, 3-7, 3-11, 3-12, 4-8, 4-10, 4-14, 5-6, 5-7, 5-10, 5-11, 5-14, 6-7, 6-11, 6-13, 7-8, 7-10, 7-11, 7-12, 7-13, 7-14, 8-9, 8-10, 10-12, 10-14, 11-13","1-4, 1-5, 1-7, 1-8, 1-9, 1-13, 1-14, 2-5, 2-8, 2-10, 2-11, 2-14, 3-5, 3-6, 3-7, 3-9, 3-10, 3-11, 3-12, 3-13, 3-14, 4-7, 4-8, 4-10, 4-12, 4-13, 4-14, 5-6, 5-7, 5-10, 5-11, 5-13, 5-14, 6-7, 6-10, 6-11, 6-13, 6-14, 7-8, 7-10, 7-11, 7-12, 7-13, 7-14, 8-9, 8-10, 8-11, 8-13, 9-14, 10-11, 10-12, 10-13, 10-14, 11-13, 11-14, 12-13, 13-14",4,4,8,"0 0 0 0 1 0 1 1 0 0 0 0 1 0|0 0 0 0 0 0 0 1 0 1 1 0 0 0|0 0 0 0 0 1 0 0 1 1 0 0 1 1|0 0 0 0 0 0 1 1 0 0 0 1 1 0|1 0 0 0 0 0 1 0 0 0 0 0 1 0|0 0 1 0 0 0 0 0 0 1 1 0 0 1|1 0 0 1 1 0 0 1 0 0 0 0 1 0|1 1 0 1 0 0 1 0 0 1 1 0 1 0|0 0 1 0 0 0 0 0 0 0 0 0 0 1|0 1 1 0 0 1 0 1 0 0 1 1 1 0|0 1 0 0 0 1 0 1 0 1 0 0 1 1|0 0 0 1 0 0 0 0 0 1 0 0 1 0|1 0 1 1 1 0 1 1 0 1 1 1 0 1|0 0 1 0 0 1 0 0 1 0 1 0 1 0","0 0 0 1 0 0 1 1 1 0 0 0 0 1|0 0 0 0 1 0 0 0 0 1 0 0 0 1|0 0 0 0 1 0 1 0 0 0 1 1 0 0|1 0 0 0 0 0 0 1 0 1 0 0 0 1|0 1 1 0 0 1 1 0 0 1 1 0 0 1|0 0 0 0 1 0 1 0 0 0 1 0 1 0|1 0 1 0 1 1 0 1 0 1 1 1 1 1|1 0 0 1 0 0 1 0 1 1 0 0 0 0|1 0 0 0 0 0 0 1 0 0 0 0 0 0|0 1 0 1 1 0 1 1 0 0 0 1 0 1|0 0 1 0 1 1 1 0 0 0 0 0 1 0|0 0 1 0 0 0 1 0 0 1 0 0 0 0|0 0 0 0 0 1 1 0 0 0 1 0 0 0|1 1 0 1 1 0 1 0 0 1 0 0 0 0","0 0 0 1 1 0 1 1 1 0 0 0 1 1|0 0 0 0 1 0 0 1 0 1 1 0 0 1|0 0 0 0 1 1 1 0 1 1 1 1 1 1|1 0 0 0 0 0 1 1 0 1 0 1 1 1|1 1 1 0 0 1 1 0 0 1 1 0 1 1|0 0 1 0 1 0 1 0 0 1 1 0 1 1|1 0 1 1 1 1 0 1 0 1 1 1 1 1|1 1 0 1 0 0 1 0 1 1 1 0 1 0|1 0 1 0 0 0 0 1 0 0 0 0 0 1|0 1 1 1 1 1 1 1 0 0 1 1 1 1|0 1 1 0 1 1 1 1 0 1 0 0 1 1|0 0 1 1 0 0 1 0 0 1 0 0 1 0|1 0 1 1 1 1 1 1 0 1 1 1 0 1|1 1 1 1 1 1 1 0 1 1 1 0 1 0"
178,"ID18-14.69.2:",14,8,36977,"1, 2, 3, 4, 6, 8, 9, 10, 11, 13","1->11, 2->1, 3->13, 4->9, 5->5, 6->4, 7->7, 8->3, 9->10, 10->6, 11->8, 12->12, 13->2, 14->14","1-5, 1-7, 1-8, 1-13, 2-8, 2-10, 2-11, 3-6, 3-9, 3-10, 3-13, 3-14, 4-7, 4-8, 4-12, 4-13, 5-7, 5-13, 6-10, 6-11, 6-14, 7-8, 7-13, 8-10, 8-11, 8-13, 9-14, 10-11, 10-12, 10-13, 11-13, 11-14, 12-13, 13-14","1-3, 1-6, 1-8, 2-3, 2-5, 2-6, 2-7, 2-8, 2-9, 2-11, 2-12, 2-13, 2-14, 3-6, 3-7, 3-8, 3-9, 3-11, 4-6, 4-8, 4-13, 4-14, 5-7, 5-11, 6-8, 6-12, 6-13, 7-9, 7-11, 8-14, 9-12, 10-13, 10-14, 13-14","1-3, 1-5, 1-6, 1-7, 1-8, 1-13, 2-3, 2-5, 2-6, 2-7, 2-8, 2-9, 2-10, 2-11, 2-12, 2-13, 2-14, 3-6, 3-7, 3-8, 3-9, 3-10, 3-11, 3-13, 3-14, 4-6, 4-7, 4-8, 4-12, 4-13, 4-14, 5-7, 5-11, 5-13, 6-8, 6-10, 6-11, 6-12, 6-13, 6-14, 7-8, 7-9, 7-11, 7-13, 8-10, 8-11, 8-13, 8-14, 9-12, 9-14, 10-11, 10-12, 10-13, 10-14, 11-13, 11-14, 12-13, 13-14",4,4,8,"0 0 0 0 1 0 1 1 0 0 0 0 1 0|0 0 0 0 0 0 0 1 0 1 1 0 0 0|0 0 0 0 0 1 0 0 1 1 0 0 1 1|0 0 0 0 0 0 1 1 0 0 0 1 1 0|1 0 0 0 0 0 1 0 0 0 0 0 1 0|0 0 1 0 0 0 0 0 0 1 1 0 0 1|1 0 0 1 1 0 0 1 0 0 0 0 1 0|1 1 0 1 0 0 1 0 0 1 1 0 1 0|0 0 1 0 0 0 0 0 0 0 0 0 0 1|0 1 1 0 0 1 0 1 0 0 1 1 1 0|0 1 0 0 0 1 0 1 0 1 0 0 1 1|0 0 0 1 0 0 0 0 0 1 0 0 1 0|1 0 1 1 1 0 1 1 0 1 1 1 0 1|0 0 1 0 0 1 0 0 1 0 1 0 1 0","0 0 1 0 0 1 0 1 0 0 0 0 0 0|0 0 1 0 1 1 1 1 1 0 1 1 1 1|1 1 0 0 0 1 1 1 1 0 1 0 0 0|0 0 0 0 0 1 0 1 0 0 0 0 1 1|0 1 0 0 0 0 1 0 0 0 1 0 0 0|1 1 1 1 0 0 0 1 0 0 0 1 1 0|0 1 1 0 1 0 0 0 1 0 1 0 0 0|1 1 1 1 0 1 0 0 0 0 0 0 0 1|0 1 1 0 0 0 1 0 0 0 0 1 0 0|0 0 0 0 0 0 0 0 0 0 0 0 1 1|0 1 1 0 1 0 1 0 0 0 0 0 0 0|0 1 0 0 0 1 0 0 1 0 0 0 0 0|0 1 0 1 0 1 0 0 0 1 0 0 0 1|0 1 0 1 0 0 0 1 0 1 0 0 1 0","0 0 1 0 1 1 1 1 0 0 0 0 1 0|0 0 1 0 1 1 1 1 1 1 1 1 1 1|1 1 0 0 0 1 1 1 1 1 1 0 1 1|0 0 0 0 0 1 1 1 0 0 0 1 1 1|1 1 0 0 0 0 1 0 0 0 1 0 1 0|1 1 1 1 0 0 0 1 0 1 1 1 1 1|1 1 1 1 1 0 0 1 1 0 1 0 1 0|1 1 1 1 0 1 1 0 0 1 1 0 1 1|0 1 1 0 0 0 1 0 0 0 0 1 0 1|0 1 1 0 0 1 0 1 0 0 1 1 1 1|0 1 1 0 1 1 1 1 0 1 0 0 1 1|0 1 0 1 0 1 0 0 1 1 0 0 1 0|1 1 1 1 1 1 1 1 0 1 1 1 0 1|0 1 1 1 0 1 0 1 1 1 1 0 1 0"
179,"ID18-14.69.2:",14,9,37109,"1, 3, 5, 6, 9, 10, 11, 12, 13, 14","1->3, 2->2, 3->12, 4->4, 5->11, 6->13, 7->7, 8->8, 9->5, 10->14, 11->6, 12->10, 13->1, 14->9","1-5, 1-7, 1-8, 1-13, 2-8, 2-10, 2-11, 3-6, 3-9, 3-10, 3-13, 3-14, 4-7, 4-8, 4-12, 4-13, 5-7, 5-13, 6-10, 6-11, 6-14, 7-8, 7-13, 8-10, 8-11, 8-13, 9-14, 10-11, 10-12, 10-13, 11-13, 11-14, 12-13, 13-14","1-3, 1-4, 1-6, 1-7, 1-8, 1-9, 1-10, 1-11, 1-12, 1-14, 2-6, 2-8, 2-14, 3-7, 3-8, 3-11, 4-7, 4-8, 4-10, 5-9, 5-12, 6-8, 6-9, 6-13, 6-14, 7-8, 7-11, 8-14, 9-12, 9-13, 10-14, 12-13, 12-14, 13-14","1-3, 1-4, 1-5, 1-6, 1-7, 1-8, 1-9, 1-10, 1-11, 1-12, 1-13, 1-14, 2-6, 2-8, 2-10, 2-11, 2-14, 3-6, 3-7, 3-8, 3-9, 3-10, 3-11, 3-13, 3-14, 4-7, 4-8, 4-10, 4-12, 4-13, 5-7, 5-9, 5-12, 5-13, 6-8, 6-9, 6-10, 6-11, 6-13, 6-14, 7-8, 7-11, 7-13, 8-10, 8-11, 8-13, 8-14, 9-12, 9-13, 9-14, 10-11, 10-12, 10-13, 10-14, 11-13, 11-14, 12-13, 12-14, 13-14",4,4,8,"0 0 0 0 1 0 1 1 0 0 0 0 1 0|0 0 0 0 0 0 0 1 0 1 1 0 0 0|0 0 0 0 0 1 0 0 1 1 0 0 1 1|0 0 0 0 0 0 1 1 0 0 0 1 1 0|1 0 0 0 0 0 1 0 0 0 0 0 1 0|0 0 1 0 0 0 0 0 0 1 1 0 0 1|1 0 0 1 1 0 0 1 0 0 0 0 1 0|1 1 0 1 0 0 1 0 0 1 1 0 1 0|0 0 1 0 0 0 0 0 0 0 0 0 0 1|0 1 1 0 0 1 0 1 0 0 1 1 1 0|0 1 0 0 0 1 0 1 0 1 0 0 1 1|0 0 0 1 0 0 0 0 0 1 0 0 1 0|1 0 1 1 1 0 1 1 0 1 1 1 0 1|0 0 1 0 0 1 0 0 1 0 1 0 1 0","0 0 1 1 0 1 1 1 1 1 1 1 0 1|0 0 0 0 0 1 0 1 0 0 0 0 0 1|1 0 0 0 0 0 1 1 0 0 1 0 0 0|1 0 0 0 0 0 1 1 0 1 0 0 0 0|0 0 0 0 0 0 0 0 1 0 0 1 0 0|1 1 0 0 0 0 0 1 1 0 0 0 1 1|1 0 1 1 0 0 0 1 0 0 1 0 0 0|1 1 1 1 0 1 1 0 0 0 0 0 0 1|1 0 0 0 1 1 0 0 0 0 0 1 1 0|1 0 0 1 0 0 0 0 0 0 0 0 0 1|1 0 1 0 0 0 1 0 0 0 0 0 0 0|1 0 0 0 1 0 0 0 1 0 0 0 1 1|0 0 0 0 0 1 0 0 1 0 0 1 0 1|1 1 0 0 0 1 0 1 0 1 0 1 1 0","0 0 1 1 1 1 1 1 1 1 1 1 1 1|0 0 0 0 0 1 0 1 0 1 1 0 0 1|1 0 0 0 0 1 1 1 1 1 1 0 1 1|1 0 0 0 0 0 1 1 0 1 0 1 1 0|1 0 0 0 0 0 1 0 1 0 0 1 1 0|1 1 1 0 0 0 0 1 1 1 1 0 1 1|1 0 1 1 1 0 0 1 0 0 1 0 1 0|1 1 1 1 0 1 1 0 0 1 1 0 1 1|1 0 1 0 1 1 0 0 0 0 0 1 1 1|1 1 1 1 0 1 0 1 0 0 1 1 1 1|1 1 1 0 0 1 1 1 0 1 0 0 1 1|1 0 0 1 1 0 0 0 1 1 0 0 1 1|1 0 1 1 1 1 1 1 1 1 1 1 0 1|1 1 1 0 0 1 0 1 1 1 1 1 1 0"
180,"ID18-14.69.2:",14,10,49175,"3, 4, 5, 6, 7, 10, 11, 12, 13, 14","1->1, 2->2, 3->13, 4->14, 5->11, 6->7, 7->3, 8->8, 9->9, 10->6, 11->4, 12->10, 13->12, 14->5","1-5, 1-7, 1-8, 1-13, 2-8, 2-10, 2-11, 3-6, 3-9, 3-10, 3-13, 3-14, 4-7, 4-8, 4-12, 4-13, 5-7, 5-13, 6-10, 6-11, 6-14, 7-8, 7-13, 8-10, 8-11, 8-13, 9-14, 10-11, 10-12, 10-13, 11-13, 11-14, 12-13, 13-14","1-3, 1-8, 1-11, 1-12, 2-4, 2-6, 2-8, 3-8, 3-11, 3-12, 3-14, 4-5, 4-6, 4-7, 4-8, 4-12, 5-7, 5-9, 5-12, 5-13, 6-7, 6-8, 6-10, 6-12, 6-13, 7-13, 8-12, 8-14, 9-13, 10-12, 10-14, 11-12, 12-13, 12-14","1-3, 1-5, 1-7, 1-8, 1-11, 1-12, 1-13, 2-4, 2-6, 2-8, 2-10, 2-11, 3-6, 3-8, 3-9, 3-10, 3-11, 3-12, 3-13, 3-14, 4-5, 4-6, 4-7, 4-8, 4-12, 4-13, 5-7, 5-9, 5-12, 5-13, 6-7, 6-8, 6-10, 6-11, 6-12, 6-13, 6-14, 7-8, 7-13, 8-10, 8-11, 8-12, 8-13, 8-14, 9-13, 9-14, 10-11, 10-12, 10-13, 10-14, 11-12, 11-13, 11-14, 12-13, 12-14, 13-14",4,4,8,"0 0 0 0 1 0 1 1 0 0 0 0 1 0|0 0 0 0 0 0 0 1 0 1 1 0 0 0|0 0 0 0 0 1 0 0 1 1 0 0 1 1|0 0 0 0 0 0 1 1 0 0 0 1 1 0|1 0 0 0 0 0 1 0 0 0 0 0 1 0|0 0 1 0 0 0 0 0 0 1 1 0 0 1|1 0 0 1 1 0 0 1 0 0 0 0 1 0|1 1 0 1 0 0 1 0 0 1 1 0 1 0|0 0 1 0 0 0 0 0 0 0 0 0 0 1|0 1 1 0 0 1 0 1 0 0 1 1 1 0|0 1 0 0 0 1 0 1 0 1 0 0 1 1|0 0 0 1 0 0 0 0 0 1 0 0 1 0|1 0 1 1 1 0 1 1 0 1 1 1 0 1|0 0 1 0 0 1 0 0 1 0 1 0 1 0","0 0 1 0 0 0 0 1 0 0 1 1 0 0|0 0 0 1 0 1 0 1 0 0 0 0 0 0|1 0 0 0 0 0 0 1 0 0 1 1 0 1|0 1 0 0 1 1 1 1 0 0 0 1 0 0|0 0 0 1 0 0 1 0 1 0 0 1 1 0|0 1 0 1 0 0 1 1 0 1 0 1 1 0|0 0 0 1 1 1 0 0 0 0 0 0 1 0|1 1 1 1 0 1 0 0 0 0 0 1 0 1|0 0 0 0 1 0 0 0 0 0 0 0 1 0|0 0 0 0 0 1 0 0 0 0 0 1 0 1|1 0 1 0 0 0 0 0 0 0 0 1 0 0|1 0 1 1 1 1 0 1 0 1 1 0 1 1|0 0 0 0 1 1 1 0 1 0 0 1 0 0|0 0 1 0 0 0 0 1 0 1 0 1 0 0","0 0 1 0 1 0 1 1 0 0 1 1 1 0|0 0 0 1 0 1 0 1 0 1 1 0 0 0|1 0 0 0 0 1 0 1 1 1 1 1 1 1|0 1 0 0 1 1 1 1 0 0 0 1 1 0|1 0 0 1 0 0 1 0 1 0 0 1 1 0|0 1 1 1 0 0 1 1 0 1 1 1 1 1|1 0 0 1 1 1 0 1 0 0 0 0 1 0|1 1 1 1 0 1 1 0 0 1 1 1 1 1|0 0 1 0 1 0 0 0 0 0 0 0 1 1|0 1 1 0 0 1 0 1 0 0 1 1 1 1|1 1 1 0 0 1 0 1 0 1 0 1 1 1|1 0 1 1 1 1 0 1 0 1 1 0 1 1|1 0 1 1 1 1 1 1 1 1 1 1 0 1|0 0 1 0 0 1 0 1 1 1 1 1 1 0"
181,"ID19-14.69.1:",14,1,3516,"1, 2, 3, 6, 8, 9, 10, 11, 13, 14","1->9, 2->3, 3->14, 4->4, 5->5, 6->2, 7->7, 8->6, 9->1, 10->11, 11->13, 12->12, 13->8, 14->10","1-3, 1-5, 1-8, 1-9, 1-14, 2-6, 2-7, 2-10, 2-13, 2-14, 3-9, 3-12, 3-13, 3-14, 4-10, 4-12, 4-13, 5-8, 5-9, 5-13, 5-14, 6-10, 6-13, 7-11, 7-13, 7-14, 8-14, 9-13, 10-12, 10-13, 10-14, 11-13, 11-14, 12-14, 13-14","1-5, 1-8, 1-9, 1-14, 2-3, 2-8, 2-11, 3-7, 3-8, 3-10, 3-11, 4-8, 4-11, 4-12, 5-6, 5-8, 5-9, 5-10, 6-9, 6-10, 7-8, 7-10, 7-13, 8-10, 8-11, 8-13, 8-14, 9-10, 9-14, 10-11, 10-12, 10-13, 10-14, 11-12, 12-14","1-3, 1-5, 1-8, 1-9, 1-14, 2-3, 2-6, 2-7, 2-8, 2-10, 2-11, 2-13, 2-14, 3-7, 3-8, 3-9, 3-10, 3-11, 3-12, 3-13, 3-14, 4-8, 4-10, 4-11, 4-12, 4-13, 5-6, 5-8, 5-9, 5-10, 5-13, 5-14, 6-9, 6-10, 6-13, 7-8, 7-10, 7-11, 7-13, 7-14, 8-10, 8-11, 8-13, 8-14, 9-10, 9-13, 9-14, 10-11, 10-12, 10-13, 10-14, 11-12, 11-13, 11-14, 12-14, 13-14",4,4,8,"0 0 1 0 1 0 0 1 1 0 0 0 0 1|0 0 0 0 0 1 1 0 0 1 0 0 1 1|1 0 0 0 0 0 0 0 1 0 0 1 1 1|0 0 0 0 0 0 0 0 0 1 0 1 1 0|1 0 0 0 0 0 0 1 1 0 0 0 1 1|0 1 0 0 0 0 0 0 0 1 0 0 1 0|0 1 0 0 0 0 0 0 0 0 1 0 1 1|1 0 0 0 1 0 0 0 0 0 0 0 0 1|1 0 1 0 1 0 0 0 0 0 0 0 1 0|0 1 0 1 0 1 0 0 0 0 0 1 1 1|0 0 0 0 0 0 1 0 0 0 0 0 1 1|0 0 1 1 0 0 0 0 0 1 0 0 0 1|0 1 1 1 1 1 1 0 1 1 1 0 0 1|1 1 1 0 1 0 1 1 0 1 1 1 1 0","0 0 0 0 1 0 0 1 1 0 0 0 0 1|0 0 1 0 0 0 0 1 0 0 1 0 0 0|0 1 0 0 0 0 1 1 0 1 1 0 0 0|0 0 0 0 0 0 0 1 0 0 1 1 0 0|1 0 0 0 0 1 0 1 1 1 0 0 0 0|0 0 0 0 1 0 0 0 1 1 0 0 0 0|0 0 1 0 0 0 0 1 0 1 0 0 1 0|1 1 1 1 1 0 1 0 0 1 1 0 1 1|1 0 0 0 1 1 0 0 0 1 0 0 0 1|0 0 1 0 1 1 1 1 1 0 1 1 1 1|0 1 1 1 0 0 0 1 0 1 0 1 0 0|0 0 0 1 0 0 0 0 0 1 1 0 0 1|0 0 0 0 0 0 1 1 0 1 0 0 0 0|1 0 0 0 0 0 0 1 1 1 0 1 0 0","0 0 1 0 1 0 0 1 1 0 0 0 0 1|0 0 1 0 0 1 1 1 0 1 1 0 1 1|1 1 0 0 0 0 1 1 1 1 1 1 1 1|0 0 0 0 0 0 0 1 0 1 1 1 1 0|1 0 0 0 0 1 0 1 1 1 0 0 1 1|0 1 0 0 1 0 0 0 1 1 0 0 1 0|0 1 1 0 0 0 0 1 0 1 1 0 1 1|1 1 1 1 1 0 1 0 0 1 1 0 1 1|1 0 1 0 1 1 0 0 0 1 0 0 1 1|0 1 1 1 1 1 1 1 1 0 1 1 1 1|0 1 1 1 0 0 1 1 0 1 0 1 1 1|0 0 1 1 0 0 0 0 0 1 1 0 0 1|0 1 1 1 1 1 1 1 1 1 1 0 0 1|1 1 1 0 1 0 1 1 1 1 1 1 1 0"
182,"ID19-14.69.1:",14,2,4683,"1, 3, 4, 7, 8, 9, 11, 12, 13, 14","1->4, 2->2, 3->1, 4->8, 5->5, 6->6, 7->14, 8->3, 9->13, 10->10, 11->9, 12->11, 13->12, 14->7","1-3, 1-5, 1-8, 1-9, 1-14, 2-6, 2-7, 2-10, 2-13, 2-14, 3-9, 3-12, 3-13, 3-14, 4-10, 4-12, 4-13, 5-8, 5-9, 5-13, 5-14, 6-10, 6-13, 7-11, 7-13, 7-14, 8-14, 9-13, 10-12, 10-13, 10-14, 11-13, 11-14, 12-14, 13-14","1-4, 1-7, 1-11, 1-12, 1-13, 2-6, 2-7, 2-10, 2-12, 2-14, 3-4, 3-5, 3-7, 4-5, 4-7, 4-13, 5-7, 5-12, 5-13, 6-10, 6-12, 7-9, 7-10, 7-11, 7-12, 7-14, 8-10, 8-11, 8-12, 9-12, 9-14, 10-11, 10-12, 12-13, 12-14","1-3, 1-4, 1-5, 1-7, 1-8, 1-9, 1-11, 1-12, 1-13, 1-14, 2-6, 2-7, 2-10, 2-12, 2-13, 2-14, 3-4, 3-5, 3-7, 3-9, 3-12, 3-13, 3-14, 4-5, 4-7, 4-10, 4-12, 4-13, 5-7, 5-8, 5-9, 5-12, 5-13, 5-14, 6-10, 6-12, 6-13, 7-9, 7-10, 7-11, 7-12, 7-13, 7-14, 8-10, 8-11, 8-12, 8-14, 9-12, 9-13, 9-14, 10-11, 10-12, 10-13, 10-14, 11-13, 11-14, 12-13, 12-14, 13-14",4,4,8,"0 0 1 0 1 0 0 1 1 0 0 0 0 1|0 0 0 0 0 1 1 0 0 1 0 0 1 1|1 0 0 0 0 0 0 0 1 0 0 1 1 1|0 0 0 0 0 0 0 0 0 1 0 1 1 0|1 0 0 0 0 0 0 1 1 0 0 0 1 1|0 1 0 0 0 0 0 0 0 1 0 0 1 0|0 1 0 0 0 0 0 0 0 0 1 0 1 1|1 0 0 0 1 0 0 0 0 0 0 0 0 1|1 0 1 0 1 0 0 0 0 0 0 0 1 0|0 1 0 1 0 1 0 0 0 0 0 1 1 1|0 0 0 0 0 0 1 0 0 0 0 0 1 1|0 0 1 1 0 0 0 0 0 1 0 0 0 1|0 1 1 1 1 1 1 0 1 1 1 0 0 1|1 1 1 0 1 0 1 1 0 1 1 1 1 0","0 0 0 1 0 0 1 0 0 0 1 1 1 0|0 0 0 0 0 1 1 0 0 1 0 1 0 1|0 0 0 1 1 0 1 0 0 0 0 0 0 0|1 0 1 0 1 0 1 0 0 0 0 0 1 0|0 0 1 1 0 0 1 0 0 0 0 1 1 0|0 1 0 0 0 0 0 0 0 1 0 1 0 0|1 1 1 1 1 0 0 0 1 1 1 1 0 1|0 0 0 0 0 0 0 0 0 1 1 1 0 0|0 0 0 0 0 0 1 0 0 0 0 1 0 1|0 1 0 0 0 1 1 1 0 0 1 1 0 0|1 0 0 0 0 0 1 1 0 1 0 0 0 0|1 1 0 0 1 1 1 1 1 1 0 0 1 1|1 0 0 1 1 0 0 0 0 0 0 1 0 0|0 1 0 0 0 0 1 0 1 0 0 1 0 0","0 0 1 1 1 0 1 1 1 0 1 1 1 1|0 0 0 0 0 1 1 0 0 1 0 1 1 1|1 0 0 1 1 0 1 0 1 0 0 1 1 1|1 0 1 0 1 0 1 0 0 1 0 1 1 0|1 0 1 1 0 0 1 1 1 0 0 1 1 1|0 1 0 0 0 0 0 0 0 1 0 1 1 0|1 1 1 1 1 0 0 0 1 1 1 1 1 1|1 0 0 0 1 0 0 0 0 1 1 1 0 1|1 0 1 0 1 0 1 0 0 0 0 1 1 1|0 1 0 1 0 1 1 1 0 0 1 1 1 1|1 0 0 0 0 0 1 1 0 1 0 0 1 1|1 1 1 1 1 1 1 1 1 1 0 0 1 1|1 1 1 1 1 1 1 0 1 1 1 1 0 1|1 1 1 0 1 0 1 1 1 1 1 1 1 0"
183,"ID19-14.69.1:",14,3,6276,"1, 2, 4, 5, 6, 8, 10, 11, 13, 14","1->6, 2->5, 3->3, 4->1, 5->13, 6->2, 7->7, 8->4, 9->9, 10->11, 11->14, 12->12, 13->8, 14->10","1-3, 1-5, 1-8, 1-9, 1-14, 2-6, 2-7, 2-10, 2-13, 2-14, 3-9, 3-12, 3-13, 3-14, 4-10, 4-12, 4-13, 5-8, 5-9, 5-13, 5-14, 6-10, 6-13, 7-11, 7-13, 7-14, 8-14, 9-13, 10-12, 10-13, 10-14, 11-13, 11-14, 12-14, 13-14","1-8, 1-11, 1-12, 2-5, 2-8, 2-11, 3-6, 3-8, 3-9, 3-10, 3-12, 4-6, 4-10, 4-13, 5-7, 5-8, 5-10, 5-11, 6-9, 6-10, 6-13, 7-8, 7-10, 7-14, 8-9, 8-10, 8-11, 8-13, 8-14, 9-13, 10-11, 10-12, 10-13, 10-14, 11-12","1-3, 1-5, 1-8, 1-9, 1-11, 1-12, 1-14, 2-5, 2-6, 2-7, 2-8, 2-10, 2-11, 2-13, 2-14, 3-6, 3-8, 3-9, 3-10, 3-12, 3-13, 3-14, 4-6, 4-10, 4-12, 4-13, 5-7, 5-8, 5-9, 5-10, 5-11, 5-13, 5-14, 6-9, 6-10, 6-13, 7-8, 7-10, 7-11, 7-13, 7-14, 8-9, 8-10, 8-11, 8-13, 8-14, 9-13, 10-11, 10-12, 10-13, 10-14, 11-12, 11-13, 11-14, 12-14, 13-14",4,4,8,"0 0 1 0 1 0 0 1 1 0 0 0 0 1|0 0 0 0 0 1 1 0 0 1 0 0 1 1|1 0 0 0 0 0 0 0 1 0 0 1 1 1|0 0 0 0 0 0 0 0 0 1 0 1 1 0|1 0 0 0 0 0 0 1 1 0 0 0 1 1|0 1 0 0 0 0 0 0 0 1 0 0 1 0|0 1 0 0 0 0 0 0 0 0 1 0 1 1|1 0 0 0 1 0 0 0 0 0 0 0 0 1|1 0 1 0 1 0 0 0 0 0 0 0 1 0|0 1 0 1 0 1 0 0 0 0 0 1 1 1|0 0 0 0 0 0 1 0 0 0 0 0 1 1|0 0 1 1 0 0 0 0 0 1 0 0 0 1|0 1 1 1 1 1 1 0 1 1 1 0 0 1|1 1 1 0 1 0 1 1 0 1 1 1 1 0","0 0 0 0 0 0 0 1 0 0 1 1 0 0|0 0 0 0 1 0 0 1 0 0 1 0 0 0|0 0 0 0 0 1 0 1 1 1 0 1 0 0|0 0 0 0 0 1 0 0 0 1 0 0 1 0|0 1 0 0 0 0 1 1 0 1 1 0 0 0|0 0 1 1 0 0 0 0 1 1 0 0 1 0|0 0 0 0 1 0 0 1 0 1 0 0 0 1|1 1 1 0 1 0 1 0 1 1 1 0 1 1|0 0 1 0 0 1 0 1 0 0 0 0 1 0|0 0 1 1 1 1 1 1 0 0 1 1 1 1|1 1 0 0 1 0 0 1 0 1 0 1 0 0|1 0 1 0 0 0 0 0 0 1 1 0 0 0|0 0 0 1 0 1 0 1 1 1 0 0 0 0|0 0 0 0 0 0 1 1 0 1 0 0 0 0","0 0 1 0 1 0 0 1 1 0 1 1 0 1|0 0 0 0 1 1 1 1 0 1 1 0 1 1|1 0 0 0 0 1 0 1 1 1 0 1 1 1|0 0 0 0 0 1 0 0 0 1 0 1 1 0|1 1 0 0 0 0 1 1 1 1 1 0 1 1|0 1 1 1 0 0 0 0 1 1 0 0 1 0|0 1 0 0 1 0 0 1 0 1 1 0 1 1|1 1 1 0 1 0 1 0 1 1 1 0 1 1|1 0 1 0 1 1 0 1 0 0 0 0 1 0|0 1 1 1 1 1 1 1 0 0 1 1 1 1|1 1 0 0 1 0 1 1 0 1 0 1 1 1|1 0 1 1 0 0 0 0 0 1 1 0 0 1|0 1 1 1 1 1 1 1 1 1 1 0 0 1|1 1 1 0 1 0 1 1 0 1 1 1 1 0"
184,"ID19-14.69.1:",14,4,7052,"1, 3, 5, 6, 7, 8, 11, 12, 13, 14","1->7, 2->2, 3->8, 4->4, 5->14, 6->3, 7->12, 8->6, 9->9, 10->10, 11->13, 12->5, 13->11, 14->1","1-3, 1-5, 1-8, 1-9, 1-14, 2-6, 2-7, 2-10, 2-13, 2-14, 3-9, 3-12, 3-13, 3-14, 4-10, 4-12, 4-13, 5-8, 5-9, 5-13, 5-14, 6-10, 6-13, 7-11, 7-13, 7-14, 8-14, 9-13, 10-12, 10-13, 10-14, 11-13, 11-14, 12-14, 13-14","1-2, 1-5, 1-6, 1-7, 1-8, 1-10, 1-11, 1-12, 1-13, 1-14, 2-3, 2-10, 2-11, 2-12, 3-10, 3-11, 4-5, 4-10, 4-11, 5-8, 5-10, 6-7, 6-14, 7-8, 7-9, 7-14, 8-9, 8-11, 9-11, 9-14, 10-11, 11-12, 11-13, 11-14, 12-13","1-2, 1-3, 1-5, 1-6, 1-7, 1-8, 1-9, 1-10, 1-11, 1-12, 1-13, 1-14, 2-3, 2-6, 2-7, 2-10, 2-11, 2-12, 2-13, 2-14, 3-9, 3-10, 3-11, 3-12, 3-13, 3-14, 4-5, 4-10, 4-11, 4-12, 4-13, 5-8, 5-9, 5-10, 5-13, 5-14, 6-7, 6-10, 6-13, 6-14, 7-8, 7-9, 7-11, 7-13, 7-14, 8-9, 8-11, 8-14, 9-11, 9-13, 9-14, 10-11, 10-12, 10-13, 10-14, 11-12, 11-13, 11-14, 12-13, 12-14, 13-14",4,4,8,"0 0 1 0 1 0 0 1 1 0 0 0 0 1|0 0 0 0 0 1 1 0 0 1 0 0 1 1|1 0 0 0 0 0 0 0 1 0 0 1 1 1|0 0 0 0 0 0 0 0 0 1 0 1 1 0|1 0 0 0 0 0 0 1 1 0 0 0 1 1|0 1 0 0 0 0 0 0 0 1 0 0 1 0|0 1 0 0 0 0 0 0 0 0 1 0 1 1|1 0 0 0 1 0 0 0 0 0 0 0 0 1|1 0 1 0 1 0 0 0 0 0 0 0 1 0|0 1 0 1 0 1 0 0 0 0 0 1 1 1|0 0 0 0 0 0 1 0 0 0 0 0 1 1|0 0 1 1 0 0 0 0 0 1 0 0 0 1|0 1 1 1 1 1 1 0 1 1 1 0 0 1|1 1 1 0 1 0 1 1 0 1 1 1 1 0","0 1 0 0 1 1 1 1 0 1 1 1 1 1|1 0 1 0 0 0 0 0 0 1 1 1 0 0|0 1 0 0 0 0 0 0 0 1 1 0 0 0|0 0 0 0 1 0 0 0 0 1 1 0 0 0|1 0 0 1 0 0 0 1 0 1 0 0 0 0|1 0 0 0 0 0 1 0 0 0 0 0 0 1|1 0 0 0 0 1 0 1 1 0 0 0 0 1|1 0 0 0 1 0 1 0 1 0 1 0 0 0|0 0 0 0 0 0 1 1 0 0 1 0 0 1|1 1 1 1 1 0 0 0 0 0 1 0 0 0|1 1 1 1 0 0 0 1 1 1 0 1 1 1|1 1 0 0 0 0 0 0 0 0 1 0 1 0|1 0 0 0 0 0 0 0 0 0 1 1 0 0|1 0 0 0 0 1 1 0 1 0 1 0 0 0","0 1 1 0 1 1 1 1 1 1 1 1 1 1|1 0 1 0 0 1 1 0 0 1 1 1 1 1|1 1 0 0 0 0 0 0 1 1 1 1 1 1|0 0 0 0 1 0 0 0 0 1 1 1 1 0|1 0 0 1 0 0 0 1 1 1 0 0 1 1|1 1 0 0 0 0 1 0 0 1 0 0 1 1|1 1 0 0 0 1 0 1 1 0 1 0 1 1|1 0 0 0 1 0 1 0 1 0 1 0 0 1|1 0 1 0 1 0 1 1 0 0 1 0 1 1|1 1 1 1 1 1 0 0 0 0 1 1 1 1|1 1 1 1 0 0 1 1 1 1 0 1 1 1|1 1 1 1 0 0 0 0 0 1 1 0 1 1|1 1 1 1 1 1 1 0 1 1 1 1 0 1|1 1 1 0 1 1 1 1 1 1 1 1 1 0"
185,"ID19-14.69.1:",14,5,7758,"3, 6, 7, 8, 9, 10, 11, 12, 13, 14","1->1, 2->2, 3->8, 4->4, 5->5, 6->14, 7->3, 8->9, 9->11, 10->12, 11->10, 12->13, 13->6, 14->7","1-3, 1-5, 1-8, 1-9, 1-14, 2-6, 2-7, 2-10, 2-13, 2-14, 3-9, 3-12, 3-13, 3-14, 4-10, 4-12, 4-13, 5-8, 5-9, 5-13, 5-14, 6-10, 6-13, 7-11, 7-13, 7-14, 8-14, 9-13, 10-12, 10-13, 10-14, 11-13, 11-14, 12-14, 13-14","1-5, 1-7, 1-8, 1-9, 1-11, 2-3, 2-6, 2-7, 2-12, 2-14, 3-6, 3-7, 3-10, 4-6, 4-12, 4-13, 5-6, 5-7, 5-9, 5-11, 6-7, 6-8, 6-10, 6-11, 6-12, 6-14, 7-8, 7-9, 7-10, 7-12, 7-13, 8-11, 8-13, 12-13, 12-14","1-3, 1-5, 1-7, 1-8, 1-9, 1-11, 1-14, 2-3, 2-6, 2-7, 2-10, 2-12, 2-13, 2-14, 3-6, 3-7, 3-9, 3-10, 3-12, 3-13, 3-14, 4-6, 4-10, 4-12, 4-13, 5-6, 5-7, 5-8, 5-9, 5-11, 5-13, 5-14, 6-7, 6-8, 6-10, 6-11, 6-12, 6-13, 6-14, 7-8, 7-9, 7-10, 7-11, 7-12, 7-13, 7-14, 8-11, 8-13, 8-14, 9-13, 10-12, 10-13, 10-14, 11-13, 11-14, 12-13, 12-14, 13-14",4,4,8,"0 0 1 0 1 0 0 1 1 0 0 0 0 1|0 0 0 0 0 1 1 0 0 1 0 0 1 1|1 0 0 0 0 0 0 0 1 0 0 1 1 1|0 0 0 0 0 0 0 0 0 1 0 1 1 0|1 0 0 0 0 0 0 1 1 0 0 0 1 1|0 1 0 0 0 0 0 0 0 1 0 0 1 0|0 1 0 0 0 0 0 0 0 0 1 0 1 1|1 0 0 0 1 0 0 0 0 0 0 0 0 1|1 0 1 0 1 0 0 0 0 0 0 0 1 0|0 1 0 1 0 1 0 0 0 0 0 1 1 1|0 0 0 0 0 0 1 0 0 0 0 0 1 1|0 0 1 1 0 0 0 0 0 1 0 0 0 1|0 1 1 1 1 1 1 0 1 1 1 0 0 1|1 1 1 0 1 0 1 1 0 1 1 1 1 0","0 0 0 0 1 0 1 1 1 0 1 0 0 0|0 0 1 0 0 1 1 0 0 0 0 1 0 1|0 1 0 0 0 1 1 0 0 1 0 0 0 0|0 0 0 0 0 1 0 0 0 0 0 1 1 0|1 0 0 0 0 1 1 0 1 0 1 0 0 0|0 1 1 1 1 0 1 1 0 1 1 1 0 1|1 1 1 0 1 1 0 1 1 1 0 1 1 0|1 0 0 0 0 1 1 0 0 0 1 0 1 0|1 0 0 0 1 0 1 0 0 0 0 0 0 0|0 0 1 0 0 1 1 0 0 0 0 0 0 0|1 0 0 0 1 1 0 1 0 0 0 0 0 0|0 1 0 1 0 1 1 0 0 0 0 0 1 1|0 0 0 1 0 0 1 1 0 0 0 1 0 0|0 1 0 0 0 1 0 0 0 0 0 1 0 0","0 0 1 0 1 0 1 1 1 0 1 0 0 1|0 0 1 0 0 1 1 0 0 1 0 1 1 1|1 1 0 0 0 1 1 0 1 1 0 1 1 1|0 0 0 0 0 1 0 0 0 1 0 1 1 0|1 0 0 0 0 1 1 1 1 0 1 0 1 1|0 1 1 1 1 0 1 1 0 1 1 1 1 1|1 1 1 0 1 1 0 1 1 1 1 1 1 1|1 0 0 0 1 1 1 0 0 0 1 0 1 1|1 0 1 0 1 0 1 0 0 0 0 0 1 0|0 1 1 1 0 1 1 0 0 0 0 1 1 1|1 0 0 0 1 1 1 1 0 0 0 0 1 1|0 1 1 1 0 1 1 0 0 1 0 0 1 1|0 1 1 1 1 1 1 1 1 1 1 1 0 1|1 1 1 0 1 1 1 1 0 1 1 1 1 0"
186,"ID19-14.69.1:",14,6,20735,"1, 2, 3, 5, 6, 7, 9, 10, 13, 14","1->3, 2->13, 3->2, 4->4, 5->7, 6->10, 7->6, 8->8, 9->5, 10->14, 11->11, 12->12, 13->9, 14->1","1-3, 1-5, 1-8, 1-9, 1-14, 2-6, 2-7, 2-10, 2-13, 2-14, 3-9, 3-12, 3-13, 3-14, 4-10, 4-12, 4-13, 5-8, 5-9, 5-13, 5-14, 6-10, 6-13, 7-11, 7-13, 7-14, 8-14, 9-13, 10-12, 10-13, 10-14, 11-13, 11-14, 12-14, 13-14","1-2, 1-3, 1-6, 1-7, 1-8, 1-9, 1-11, 1-12, 1-13, 1-14, 2-3, 2-5, 2-9, 2-12, 3-5, 3-7, 3-8, 4-9, 4-12, 4-14, 5-7, 5-9, 6-9, 6-11, 6-13, 7-8, 7-9, 9-10, 9-11, 9-13, 9-14, 10-13, 10-14, 12-14, 13-14","1-2, 1-3, 1-5, 1-6, 1-7, 1-8, 1-9, 1-11, 1-12, 1-13, 1-14, 2-3, 2-5, 2-6, 2-7, 2-9, 2-10, 2-12, 2-13, 2-14, 3-5, 3-7, 3-8, 3-9, 3-12, 3-13, 3-14, 4-9, 4-10, 4-12, 4-13, 4-14, 5-7, 5-8, 5-9, 5-13, 5-14, 6-9, 6-10, 6-11, 6-13, 7-8, 7-9, 7-11, 7-13, 7-14, 8-14, 9-10, 9-11, 9-13, 9-14, 10-12, 10-13, 10-14, 11-13, 11-14, 12-14, 13-14",4,4,8,"0 0 1 0 1 0 0 1 1 0 0 0 0 1|0 0 0 0 0 1 1 0 0 1 0 0 1 1|1 0 0 0 0 0 0 0 1 0 0 1 1 1|0 0 0 0 0 0 0 0 0 1 0 1 1 0|1 0 0 0 0 0 0 1 1 0 0 0 1 1|0 1 0 0 0 0 0 0 0 1 0 0 1 0|0 1 0 0 0 0 0 0 0 0 1 0 1 1|1 0 0 0 1 0 0 0 0 0 0 0 0 1|1 0 1 0 1 0 0 0 0 0 0 0 1 0|0 1 0 1 0 1 0 0 0 0 0 1 1 1|0 0 0 0 0 0 1 0 0 0 0 0 1 1|0 0 1 1 0 0 0 0 0 1 0 0 0 1|0 1 1 1 1 1 1 0 1 1 1 0 0 1|1 1 1 0 1 0 1 1 0 1 1 1 1 0","0 1 1 0 0 1 1 1 1 0 1 1 1 1|1 0 1 0 1 0 0 0 1 0 0 1 0 0|1 1 0 0 1 0 1 1 0 0 0 0 0 0|0 0 0 0 0 0 0 0 1 0 0 1 0 1|0 1 1 0 0 0 1 0 1 0 0 0 0 0|1 0 0 0 0 0 0 0 1 0 1 0 1 0|1 0 1 0 1 0 0 1 1 0 0 0 0 0|1 0 1 0 0 0 1 0 0 0 0 0 0 0|1 1 0 1 1 1 1 0 0 1 1 0 1 1|0 0 0 0 0 0 0 0 1 0 0 0 1 1|1 0 0 0 0 1 0 0 1 0 0 0 0 0|1 1 0 1 0 0 0 0 0 0 0 0 0 1|1 0 0 0 0 1 0 0 1 1 0 0 0 1|1 0 0 1 0 0 0 0 1 1 0 1 1 0","0 1 1 0 1 1 1 1 1 0 1 1 1 1|1 0 1 0 1 1 1 0 1 1 0 1 1 1|1 1 0 0 1 0 1 1 1 0 0 1 1 1|0 0 0 0 0 0 0 0 1 1 0 1 1 1|1 1 1 0 0 0 1 1 1 0 0 0 1 1|1 1 0 0 0 0 0 0 1 1 1 0 1 0|1 1 1 0 1 0 0 1 1 0 1 0 1 1|1 0 1 0 1 0 1 0 0 0 0 0 0 1|1 1 1 1 1 1 1 0 0 1 1 0 1 1|0 1 0 1 0 1 0 0 1 0 0 1 1 1|1 0 0 0 0 1 1 0 1 0 0 0 1 1|1 1 1 1 0 0 0 0 0 1 0 0 0 1|1 1 1 1 1 1 1 0 1 1 1 0 0 1|1 1 1 1 1 0 1 1 1 1 1 1 1 0"
187,"ID19-14.69.1:",14,7,23526,"1, 3, 6, 7, 9, 10, 11, 12, 13, 14","1->3, 2->2, 3->11, 4->4, 5->5, 6->14, 7->1, 8->8, 9->10, 10->9, 11->13, 12->6, 13->12, 14->7","1-3, 1-5, 1-8, 1-9, 1-14, 2-6, 2-7, 2-10, 2-13, 2-14, 3-9, 3-12, 3-13, 3-14, 4-10, 4-12, 4-13, 5-8, 5-9, 5-13, 5-14, 6-10, 6-13, 7-11, 7-13, 7-14, 8-14, 9-13, 10-12, 10-13, 10-14, 11-13, 11-14, 12-14, 13-14","1-2, 1-7, 1-12, 1-13, 2-7, 2-9, 2-12, 2-14, 3-5, 3-7, 3-8, 3-10, 3-11, 4-6, 4-9, 4-12, 5-7, 5-8, 5-10, 5-12, 6-7, 6-9, 6-11, 7-8, 7-9, 7-11, 7-12, 7-13, 9-12, 9-14, 10-11, 10-12, 11-12, 12-13, 12-14","1-2, 1-3, 1-5, 1-7, 1-8, 1-9, 1-12, 1-13, 1-14, 2-6, 2-7, 2-9, 2-10, 2-12, 2-13, 2-14, 3-5, 3-7, 3-8, 3-9, 3-10, 3-11, 3-12, 3-13, 3-14, 4-6, 4-9, 4-10, 4-12, 4-13, 5-7, 5-8, 5-9, 5-10, 5-12, 5-13, 5-14, 6-7, 6-9, 6-10, 6-11, 6-13, 7-8, 7-9, 7-11, 7-12, 7-13, 7-14, 8-14, 9-12, 9-13, 9-14, 10-11, 10-12, 10-13, 10-14, 11-12, 11-13, 11-14, 12-13, 12-14, 13-14",4,4,8,"0 0 1 0 1 0 0 1 1 0 0 0 0 1|0 0 0 0 0 1 1 0 0 1 0 0 1 1|1 0 0 0 0 0 0 0 1 0 0 1 1 1|0 0 0 0 0 0 0 0 0 1 0 1 1 0|1 0 0 0 0 0 0 1 1 0 0 0 1 1|0 1 0 0 0 0 0 0 0 1 0 0 1 0|0 1 0 0 0 0 0 0 0 0 1 0 1 1|1 0 0 0 1 0 0 0 0 0 0 0 0 1|1 0 1 0 1 0 0 0 0 0 0 0 1 0|0 1 0 1 0 1 0 0 0 0 0 1 1 1|0 0 0 0 0 0 1 0 0 0 0 0 1 1|0 0 1 1 0 0 0 0 0 1 0 0 0 1|0 1 1 1 1 1 1 0 1 1 1 0 0 1|1 1 1 0 1 0 1 1 0 1 1 1 1 0","0 1 0 0 0 0 1 0 0 0 0 1 1 0|1 0 0 0 0 0 1 0 1 0 0 1 0 1|0 0 0 0 1 0 1 1 0 1 1 0 0 0|0 0 0 0 0 1 0 0 1 0 0 1 0 0|0 0 1 0 0 0 1 1 0 1 0 1 0 0|0 0 0 1 0 0 1 0 1 0 1 0 0 0|1 1 1 0 1 1 0 1 1 0 1 1 1 0|0 0 1 0 1 0 1 0 0 0 0 0 0 0|0 1 0 1 0 1 1 0 0 0 0 1 0 1|0 0 1 0 1 0 0 0 0 0 1 1 0 0|0 0 1 0 0 1 1 0 0 1 0 1 0 0|1 1 0 1 1 0 1 0 1 1 1 0 1 1|1 0 0 0 0 0 1 0 0 0 0 1 0 0|0 1 0 0 0 0 0 0 1 0 0 1 0 0","0 1 1 0 1 0 1 1 1 0 0 1 1 1|1 0 0 0 0 1 1 0 1 1 0 1 1 1|1 0 0 0 1 0 1 1 1 1 1 1 1 1|0 0 0 0 0 1 0 0 1 1 0 1 1 0|1 0 1 0 0 0 1 1 1 1 0 1 1 1|0 1 0 1 0 0 1 0 1 1 1 0 1 0|1 1 1 0 1 1 0 1 1 0 1 1 1 1|1 0 1 0 1 0 1 0 0 0 0 0 0 1|1 1 1 1 1 1 1 0 0 0 0 1 1 1|0 1 1 1 1 1 0 0 0 0 1 1 1 1|0 0 1 0 0 1 1 0 0 1 0 1 1 1|1 1 1 1 1 0 1 0 1 1 1 0 1 1|1 1 1 1 1 1 1 0 1 1 1 1 0 1|1 1 1 0 1 0 1 1 1 1 1 1 1 0"
188,"ID19-14.69.1:",14,8,23987,"1, 3, 5, 6, 7, 8, 10, 12, 13, 14","1->14, 2->2, 3->8, 4->4, 5->6, 6->7, 7->5, 8->12, 9->9, 10->1, 11->11, 12->13, 13->10, 14->3","1-3, 1-5, 1-8, 1-9, 1-14, 2-6, 2-7, 2-10, 2-13, 2-14, 3-9, 3-12, 3-13, 3-14, 4-10, 4-12, 4-13, 5-8, 5-9, 5-13, 5-14, 6-10, 6-13, 7-11, 7-13, 7-14, 8-14, 9-13, 10-12, 10-13, 10-14, 11-13, 11-14, 12-14, 13-14","1-2, 1-3, 1-4, 1-7, 1-10, 1-13, 2-3, 2-5, 2-7, 2-10, 3-5, 3-6, 3-8, 3-10, 3-11, 3-12, 3-13, 3-14, 4-10, 4-13, 5-10, 5-11, 6-9, 6-10, 6-12, 6-14, 7-10, 8-9, 8-10, 8-13, 8-14, 9-10, 9-14, 10-11, 12-14","1-2, 1-3, 1-4, 1-5, 1-7, 1-8, 1-9, 1-10, 1-13, 1-14, 2-3, 2-5, 2-6, 2-7, 2-10, 2-13, 2-14, 3-5, 3-6, 3-8, 3-9, 3-10, 3-11, 3-12, 3-13, 3-14, 4-10, 4-12, 4-13, 5-8, 5-9, 5-10, 5-11, 5-13, 5-14, 6-9, 6-10, 6-12, 6-13, 6-14, 7-10, 7-11, 7-13, 7-14, 8-9, 8-10, 8-13, 8-14, 9-10, 9-13, 9-14, 10-11, 10-12, 10-13, 10-14, 11-13, 11-14, 12-14, 13-14",4,4,8,"0 0 1 0 1 0 0 1 1 0 0 0 0 1|0 0 0 0 0 1 1 0 0 1 0 0 1 1|1 0 0 0 0 0 0 0 1 0 0 1 1 1|0 0 0 0 0 0 0 0 0 1 0 1 1 0|1 0 0 0 0 0 0 1 1 0 0 0 1 1|0 1 0 0 0 0 0 0 0 1 0 0 1 0|0 1 0 0 0 0 0 0 0 0 1 0 1 1|1 0 0 0 1 0 0 0 0 0 0 0 0 1|1 0 1 0 1 0 0 0 0 0 0 0 1 0|0 1 0 1 0 1 0 0 0 0 0 1 1 1|0 0 0 0 0 0 1 0 0 0 0 0 1 1|0 0 1 1 0 0 0 0 0 1 0 0 0 1|0 1 1 1 1 1 1 0 1 1 1 0 0 1|1 1 1 0 1 0 1 1 0 1 1 1 1 0","0 1 1 1 0 0 1 0 0 1 0 0 1 0|1 0 1 0 1 0 1 0 0 1 0 0 0 0|1 1 0 0 1 1 0 1 0 1 1 1 1 1|1 0 0 0 0 0 0 0 0 1 0 0 1 0|0 1 1 0 0 0 0 0 0 1 1 0 0 0|0 0 1 0 0 0 0 0 1 1 0 1 0 1|1 1 0 0 0 0 0 0 0 1 0 0 0 0|0 0 1 0 0 0 0 0 1 1 0 0 1 1|0 0 0 0 0 1 0 1 0 1 0 0 0 1|1 1 1 1 1 1 1 1 1 0 1 0 0 0|0 0 1 0 1 0 0 0 0 1 0 0 0 0|0 0 1 0 0 1 0 0 0 0 0 0 0 1|1 0 1 1 0 0 0 1 0 0 0 0 0 0|0 0 1 0 0 1 0 1 1 0 0 1 0 0","0 1 1 1 1 0 1 1 1 1 0 0 1 1|1 0 1 0 1 1 1 0 0 1 0 0 1 1|1 1 0 0 1 1 0 1 1 1 1 1 1 1|1 0 0 0 0 0 0 0 0 1 0 1 1 0|1 1 1 0 0 0 0 1 1 1 1 0 1 1|0 1 1 0 0 0 0 0 1 1 0 1 1 1|1 1 0 0 0 0 0 0 0 1 1 0 1 1|1 0 1 0 1 0 0 0 1 1 0 0 1 1|1 0 1 0 1 1 0 1 0 1 0 0 1 1|1 1 1 1 1 1 1 1 1 0 1 1 1 1|0 0 1 0 1 0 1 0 0 1 0 0 1 1|0 0 1 1 0 1 0 0 0 1 0 0 0 1|1 1 1 1 1 1 1 1 1 1 1 0 0 1|1 1 1 0 1 1 1 1 1 1 1 1 1 0"
189,"ID19-14.69.1:",14,9,25804,"2, 3, 4, 6, 7, 10, 11, 12, 13, 14","1->1, 2->6, 3->11, 4->7, 5->5, 6->14, 7->12, 8->8, 9->9, 10->3, 11->13, 12->10, 13->4, 14->2","1-3, 1-5, 1-8, 1-9, 1-14, 2-6, 2-7, 2-10, 2-13, 2-14, 3-9, 3-12, 3-13, 3-14, 4-10, 4-12, 4-13, 5-8, 5-9, 5-13, 5-14, 6-10, 6-13, 7-11, 7-13, 7-14, 8-14, 9-13, 10-12, 10-13, 10-14, 11-13, 11-14, 12-14, 13-14","1-2, 1-5, 1-8, 1-9, 1-11, 2-3, 2-4, 2-5, 2-6, 2-8, 2-10, 2-11, 2-12, 2-13, 3-4, 3-6, 3-7, 3-10, 3-14, 4-5, 4-6, 4-7, 4-9, 4-11, 4-12, 4-13, 4-14, 5-8, 5-9, 6-12, 6-14, 7-10, 9-11, 10-11, 12-13","1-2, 1-3, 1-5, 1-8, 1-9, 1-11, 1-14, 2-3, 2-4, 2-5, 2-6, 2-7, 2-8, 2-10, 2-11, 2-12, 2-13, 2-14, 3-4, 3-6, 3-7, 3-9, 3-10, 3-12, 3-13, 3-14, 4-5, 4-6, 4-7, 4-9, 4-10, 4-11, 4-12, 4-13, 4-14, 5-8, 5-9, 5-13, 5-14, 6-10, 6-12, 6-13, 6-14, 7-10, 7-11, 7-13, 7-14, 8-14, 9-11, 9-13, 10-11, 10-12, 10-13, 10-14, 11-13, 11-14, 12-13, 12-14, 13-14",4,4,8,"0 0 1 0 1 0 0 1 1 0 0 0 0 1|0 0 0 0 0 1 1 0 0 1 0 0 1 1|1 0 0 0 0 0 0 0 1 0 0 1 1 1|0 0 0 0 0 0 0 0 0 1 0 1 1 0|1 0 0 0 0 0 0 1 1 0 0 0 1 1|0 1 0 0 0 0 0 0 0 1 0 0 1 0|0 1 0 0 0 0 0 0 0 0 1 0 1 1|1 0 0 0 1 0 0 0 0 0 0 0 0 1|1 0 1 0 1 0 0 0 0 0 0 0 1 0|0 1 0 1 0 1 0 0 0 0 0 1 1 1|0 0 0 0 0 0 1 0 0 0 0 0 1 1|0 0 1 1 0 0 0 0 0 1 0 0 0 1|0 1 1 1 1 1 1 0 1 1 1 0 0 1|1 1 1 0 1 0 1 1 0 1 1 1 1 0","0 1 0 0 1 0 0 1 1 0 1 0 0 0|1 0 1 1 1 1 0 1 0 1 1 1 1 0|0 1 0 1 0 1 1 0 0 1 0 0 0 1|0 1 1 0 1 1 1 0 1 0 1 1 1 1|1 1 0 1 0 0 0 1 1 0 0 0 0 0|0 1 1 1 0 0 0 0 0 0 0 1 0 1|0 0 1 1 0 0 0 0 0 1 0 0 0 0|1 1 0 0 1 0 0 0 0 0 0 0 0 0|1 0 0 1 1 0 0 0 0 0 1 0 0 0|0 1 1 0 0 0 1 0 0 0 1 0 0 0|1 1 0 1 0 0 0 0 1 1 0 0 0 0|0 1 0 1 0 1 0 0 0 0 0 0 1 0|0 1 0 1 0 0 0 0 0 0 0 1 0 0|0 0 1 1 0 1 0 0 0 0 0 0 0 0","0 1 1 0 1 0 0 1 1 0 1 0 0 1|1 0 1 1 1 1 1 1 0 1 1 1 1 1|1 1 0 1 0 1 1 0 1 1 0 1 1 1|0 1 1 0 1 1 1 0 1 1 1 1 1 1|1 1 0 1 0 0 0 1 1 0 0 0 1 1|0 1 1 1 0 0 0 0 0 1 0 1 1 1|0 1 1 1 0 0 0 0 0 1 1 0 1 1|1 1 0 0 1 0 0 0 0 0 0 0 0 1|1 0 1 1 1 0 0 0 0 0 1 0 1 0|0 1 1 1 0 1 1 0 0 0 1 1 1 1|1 1 0 1 0 0 1 0 1 1 0 0 1 1|0 1 1 1 0 1 0 0 0 1 0 0 1 1|0 1 1 1 1 1 1 0 1 1 1 1 0 1|1 1 1 1 1 1 1 1 0 1 1 1 1 0"
190,"ID19-14.69.1:",14,10,26871,"1, 2, 4, 6, 7, 10, 11, 12, 13, 14","1->12, 2->7, 3->3, 4->2, 5->5, 6->11, 7->10, 8->8, 9->9, 10->4, 11->13, 12->14, 13->1, 14->6","1-3, 1-5, 1-8, 1-9, 1-14, 2-6, 2-7, 2-10, 2-13, 2-14, 3-9, 3-12, 3-13, 3-14, 4-10, 4-12, 4-13, 5-8, 5-9, 5-13, 5-14, 6-10, 6-13, 7-11, 7-13, 7-14, 8-14, 9-13, 10-12, 10-13, 10-14, 11-13, 11-14, 12-14, 13-14","1-2, 1-3, 1-4, 1-5, 1-6, 1-7, 1-9, 1-10, 1-11, 1-13, 2-4, 2-14, 3-6, 3-9, 3-12, 3-14, 4-6, 4-7, 4-11, 4-14, 5-6, 5-8, 5-9, 5-12, 6-7, 6-8, 6-10, 6-12, 6-13, 6-14, 7-10, 7-11, 8-12, 9-12, 10-13","1-2, 1-3, 1-4, 1-5, 1-6, 1-7, 1-8, 1-9, 1-10, 1-11, 1-13, 1-14, 2-4, 2-6, 2-7, 2-10, 2-13, 2-14, 3-6, 3-9, 3-12, 3-13, 3-14, 4-6, 4-7, 4-10, 4-11, 4-12, 4-13, 4-14, 5-6, 5-8, 5-9, 5-12, 5-13, 5-14, 6-7, 6-8, 6-10, 6-12, 6-13, 6-14, 7-10, 7-11, 7-13, 7-14, 8-12, 8-14, 9-12, 9-13, 10-12, 10-13, 10-14, 11-13, 11-14, 12-14, 13-14",4,4,8,"0 0 1 0 1 0 0 1 1 0 0 0 0 1|0 0 0 0 0 1 1 0 0 1 0 0 1 1|1 0 0 0 0 0 0 0 1 0 0 1 1 1|0 0 0 0 0 0 0 0 0 1 0 1 1 0|1 0 0 0 0 0 0 1 1 0 0 0 1 1|0 1 0 0 0 0 0 0 0 1 0 0 1 0|0 1 0 0 0 0 0 0 0 0 1 0 1 1|1 0 0 0 1 0 0 0 0 0 0 0 0 1|1 0 1 0 1 0 0 0 0 0 0 0 1 0|0 1 0 1 0 1 0 0 0 0 0 1 1 1|0 0 0 0 0 0 1 0 0 0 0 0 1 1|0 0 1 1 0 0 0 0 0 1 0 0 0 1|0 1 1 1 1 1 1 0 1 1 1 0 0 1|1 1 1 0 1 0 1 1 0 1 1 1 1 0","0 1 1 1 1 1 1 0 1 1 1 0 1 0|1 0 0 1 0 0 0 0 0 0 0 0 0 1|1 0 0 0 0 1 0 0 1 0 0 1 0 1|1 1 0 0 0 1 1 0 0 0 1 0 0 1|1 0 0 0 0 1 0 1 1 0 0 1 0 0|1 0 1 1 1 0 1 1 0 1 0 1 1 1|1 0 0 1 0 1 0 0 0 1 1 0 0 0|0 0 0 0 1 1 0 0 0 0 0 1 0 0|1 0 1 0 1 0 0 0 0 0 0 1 0 0|1 0 0 0 0 1 1 0 0 0 0 0 1 0|1 0 0 1 0 0 1 0 0 0 0 0 0 0|0 0 1 0 1 1 0 1 1 0 0 0 0 0|1 0 0 0 0 1 0 0 0 1 0 0 0 0|0 1 1 1 0 1 0 0 0 0 0 0 0 0","0 1 1 1 1 1 1 1 1 1 1 0 1 1|1 0 0 1 0 1 1 0 0 1 0 0 1 1|1 0 0 0 0 1 0 0 1 0 0 1 1 1|1 1 0 0 0 1 1 0 0 1 1 1 1 1|1 0 0 0 0 1 0 1 1 0 0 1 1 1|1 1 1 1 1 0 1 1 0 1 0 1 1 1|1 1 0 1 0 1 0 0 0 1 1 0 1 1|1 0 0 0 1 1 0 0 0 0 0 1 0 1|1 0 1 0 1 0 0 0 0 0 0 1 1 0|1 1 0 1 0 1 1 0 0 0 0 1 1 1|1 0 0 1 0 0 1 0 0 0 0 0 1 1|0 0 1 1 1 1 0 1 1 1 0 0 0 1|1 1 1 1 1 1 1 0 1 1 1 0 0 1|1 1 1 1 1 1 1 1 0 1 1 1 1 0"
191,"ID20-14.70.1:",14,1,16924,"1, 2, 3, 4, 5, 6, 11, 12, 13, 14","1->4, 2->12, 3->5, 4->2, 5->14, 6->11, 7->7, 8->8, 9->9, 10->10, 11->1, 12->6, 13->3, 14->13","1-4, 1-6, 1-7, 1-10, 1-12, 1-13, 2-7, 2-10, 2-12, 2-13, 3-8, 3-9, 3-11, 3-13, 4-9, 4-11, 4-12, 4-13, 5-8, 5-12, 5-13, 5-14, 6-7, 6-13, 7-13, 8-9, 8-12, 8-13, 8-14, 9-11, 9-12, 10-12, 11-13, 12-13, 12-14","1-2, 1-3, 1-5, 1-9, 2-3, 2-4, 2-6, 2-9, 3-4, 3-5, 3-6, 3-7, 3-8, 3-11, 3-12, 3-14, 4-6, 4-7, 4-10, 4-11, 5-8, 5-9, 6-8, 6-9, 6-10, 6-12, 6-13, 6-14, 7-11, 7-12, 8-9, 8-13, 8-14, 10-12, 13-14","1-2, 1-3, 1-4, 1-5, 1-6, 1-7, 1-9, 1-10, 1-12, 1-13, 2-3, 2-4, 2-6, 2-7, 2-9, 2-10, 2-12, 2-13, 3-4, 3-5, 3-6, 3-7, 3-8, 3-9, 3-11, 3-12, 3-13, 3-14, 4-6, 4-7, 4-9, 4-10, 4-11, 4-12, 4-13, 5-8, 5-9, 5-12, 5-13, 5-14, 6-7, 6-8, 6-9, 6-10, 6-12, 6-13, 6-14, 7-11, 7-12, 7-13, 8-9, 8-12, 8-13, 8-14, 9-11, 9-12, 10-12, 11-13, 12-13, 12-14, 13-14",4,4,8,"0 0 0 1 0 1 1 0 0 1 0 1 1 0|0 0 0 0 0 0 1 0 0 1 0 1 1 0|0 0 0 0 0 0 0 1 1 0 1 0 1 0|1 0 0 0 0 0 0 0 1 0 1 1 1 0|0 0 0 0 0 0 0 1 0 0 0 1 1 1|1 0 0 0 0 0 1 0 0 0 0 0 1 0|1 1 0 0 0 1 0 0 0 0 0 0 1 0|0 0 1 0 1 0 0 0 1 0 0 1 1 1|0 0 1 1 0 0 0 1 0 0 1 1 0 0|1 1 0 0 0 0 0 0 0 0 0 1 0 0|0 0 1 1 0 0 0 0 1 0 0 0 1 0|1 1 0 1 1 0 0 1 1 1 0 0 1 1|1 1 1 1 1 1 1 1 0 0 1 1 0 0|0 0 0 0 1 0 0 1 0 0 0 1 0 0","0 1 1 0 1 0 0 0 1 0 0 0 0 0|1 0 1 1 0 1 0 0 1 0 0 0 0 0|1 1 0 1 1 1 1 1 0 0 1 1 0 1|0 1 1 0 0 1 1 0 0 1 1 0 0 0|1 0 1 0 0 0 0 1 1 0 0 0 0 0|0 1 1 1 0 0 0 1 1 1 0 1 1 1|0 0 1 1 0 0 0 0 0 0 1 1 0 0|0 0 1 0 1 1 0 0 1 0 0 0 1 1|1 1 0 0 1 1 0 1 0 0 0 0 0 0|0 0 0 1 0 1 0 0 0 0 0 1 0 0|0 0 1 1 0 0 1 0 0 0 0 0 0 0|0 0 1 0 0 1 1 0 0 1 0 0 0 0|0 0 0 0 0 1 0 1 0 0 0 0 0 1|0 0 1 0 0 1 0 1 0 0 0 0 1 0","0 1 1 1 1 1 1 0 1 1 0 1 1 0|1 0 1 1 0 1 1 0 1 1 0 1 1 0|1 1 0 1 1 1 1 1 1 0 1 1 1 1|1 1 1 0 0 1 1 0 1 1 1 1 1 0|1 0 1 0 0 0 0 1 1 0 0 1 1 1|1 1 1 1 0 0 1 1 1 1 0 1 1 1|1 1 1 1 0 1 0 0 0 0 1 1 1 0|0 0 1 0 1 1 0 0 1 0 0 1 1 1|1 1 1 1 1 1 0 1 0 0 1 1 0 0|1 1 0 1 0 1 0 0 0 0 0 1 0 0|0 0 1 1 0 0 1 0 1 0 0 0 1 0|1 1 1 1 1 1 1 1 1 1 0 0 1 1|1 1 1 1 1 1 1 1 0 0 1 1 0 1|0 0 1 0 1 1 0 1 0 0 0 1 1 0"
192,"ID20-14.70.1:",14,2,17185,"2, 3, 4, 8, 9, 10, 11, 12, 13, 14","1->1, 2->11, 3->13, 4->8, 5->5, 6->6, 7->7, 8->14, 9->4, 10->12, 11->10, 12->2, 13->9, 14->3","1-4, 1-6, 1-7, 1-10, 1-12, 1-13, 2-7, 2-10, 2-12, 2-13, 3-8, 3-9, 3-11, 3-13, 4-9, 4-11, 4-12, 4-13, 5-8, 5-12, 5-13, 5-14, 6-7, 6-13, 7-13, 8-9, 8-12, 8-13, 8-14, 9-11, 9-12, 10-12, 11-13, 12-13, 12-14","1-2, 1-6, 1-7, 1-8, 1-9, 1-12, 2-3, 2-4, 2-5, 2-8, 2-9, 2-11, 2-12, 2-14, 3-5, 3-14, 4-8, 4-10, 4-13, 4-14, 5-9, 5-14, 6-7, 6-9, 7-9, 7-11, 8-9, 8-10, 9-10, 9-11, 9-13, 9-14, 10-13, 11-12, 13-14","1-2, 1-4, 1-6, 1-7, 1-8, 1-9, 1-10, 1-12, 1-13, 2-3, 2-4, 2-5, 2-7, 2-8, 2-9, 2-10, 2-11, 2-12, 2-13, 2-14, 3-5, 3-8, 3-9, 3-11, 3-13, 3-14, 4-8, 4-9, 4-10, 4-11, 4-12, 4-13, 4-14, 5-8, 5-9, 5-12, 5-13, 5-14, 6-7, 6-9, 6-13, 7-9, 7-11, 7-13, 8-9, 8-10, 8-12, 8-13, 8-14, 9-10, 9-11, 9-12, 9-13, 9-14, 10-12, 10-13, 11-12, 11-13, 12-13, 12-14, 13-14",4,4,8,"0 0 0 1 0 1 1 0 0 1 0 1 1 0|0 0 0 0 0 0 1 0 0 1 0 1 1 0|0 0 0 0 0 0 0 1 1 0 1 0 1 0|1 0 0 0 0 0 0 0 1 0 1 1 1 0|0 0 0 0 0 0 0 1 0 0 0 1 1 1|1 0 0 0 0 0 1 0 0 0 0 0 1 0|1 1 0 0 0 1 0 0 0 0 0 0 1 0|0 0 1 0 1 0 0 0 1 0 0 1 1 1|0 0 1 1 0 0 0 1 0 0 1 1 0 0|1 1 0 0 0 0 0 0 0 0 0 1 0 0|0 0 1 1 0 0 0 0 1 0 0 0 1 0|1 1 0 1 1 0 0 1 1 1 0 0 1 1|1 1 1 1 1 1 1 1 0 0 1 1 0 0|0 0 0 0 1 0 0 1 0 0 0 1 0 0","0 1 0 0 0 1 1 1 1 0 0 1 0 0|1 0 1 1 1 0 0 1 1 0 1 1 0 1|0 1 0 0 1 0 0 0 0 0 0 0 0 1|0 1 0 0 0 0 0 1 0 1 0 0 1 1|0 1 1 0 0 0 0 0 1 0 0 0 0 1|1 0 0 0 0 0 1 0 1 0 0 0 0 0|1 0 0 0 0 1 0 0 1 0 1 0 0 0|1 1 0 1 0 0 0 0 1 1 0 0 0 0|1 1 0 0 1 1 1 1 0 1 1 0 1 1|0 0 0 1 0 0 0 1 1 0 0 0 1 0|0 1 0 0 0 0 1 0 1 0 0 1 0 0|1 1 0 0 0 0 0 0 0 0 1 0 0 0|0 0 0 1 0 0 0 0 1 1 0 0 0 1|0 1 1 1 1 0 0 0 1 0 0 0 1 0","0 1 0 1 0 1 1 1 1 1 0 1 1 0|1 0 1 1 1 0 1 1 1 1 1 1 1 1|0 1 0 0 1 0 0 1 1 0 1 0 1 1|1 1 0 0 0 0 0 1 1 1 1 1 1 1|0 1 1 0 0 0 0 1 1 0 0 1 1 1|1 0 0 0 0 0 1 0 1 0 0 0 1 0|1 1 0 0 0 1 0 0 1 0 1 0 1 0|1 1 1 1 1 0 0 0 1 1 0 1 1 1|1 1 1 1 1 1 1 1 0 1 1 1 1 1|1 1 0 1 0 0 0 1 1 0 0 1 1 0|0 1 1 1 0 0 1 0 1 0 0 1 1 0|1 1 0 1 1 0 0 1 1 1 1 0 1 1|1 1 1 1 1 1 1 1 1 1 1 1 0 1|0 1 1 1 1 0 0 1 1 0 0 1 1 0"
193,"ID20-14.70.1:",14,3,27794,"1, 2, 3, 4, 5, 7, 9, 11, 12, 13","1->5, 2->9, 3->4, 4->1, 5->7, 6->6, 7->13, 8->8, 9->12, 10->10, 11->3, 12->11, 13->2, 14->14","1-4, 1-6, 1-7, 1-10, 1-12, 1-13, 2-7, 2-10, 2-12, 2-13, 3-8, 3-9, 3-11, 3-13, 4-9, 4-11, 4-12, 4-13, 5-8, 5-12, 5-13, 5-14, 6-7, 6-13, 7-13, 8-9, 8-12, 8-13, 8-14, 9-11, 9-12, 10-12, 11-13, 12-13, 12-14","1-2, 1-3, 1-5, 1-11, 1-12, 2-3, 2-4, 2-5, 2-6, 2-7, 2-8, 2-9, 2-11, 2-13, 3-4, 3-12, 4-8, 4-12, 5-6, 5-10, 5-11, 5-13, 6-13, 7-8, 7-11, 7-14, 8-11, 8-12, 8-14, 9-10, 9-11, 9-13, 10-11, 11-12, 11-14","1-2, 1-3, 1-4, 1-5, 1-6, 1-7, 1-10, 1-11, 1-12, 1-13, 2-3, 2-4, 2-5, 2-6, 2-7, 2-8, 2-9, 2-10, 2-11, 2-12, 2-13, 3-4, 3-8, 3-9, 3-11, 3-12, 3-13, 4-8, 4-9, 4-11, 4-12, 4-13, 5-6, 5-8, 5-10, 5-11, 5-12, 5-13, 5-14, 6-7, 6-13, 7-8, 7-11, 7-13, 7-14, 8-9, 8-11, 8-12, 8-13, 8-14, 9-10, 9-11, 9-12, 9-13, 10-11, 10-12, 11-12, 11-13, 11-14, 12-13, 12-14",4,4,8,"0 0 0 1 0 1 1 0 0 1 0 1 1 0|0 0 0 0 0 0 1 0 0 1 0 1 1 0|0 0 0 0 0 0 0 1 1 0 1 0 1 0|1 0 0 0 0 0 0 0 1 0 1 1 1 0|0 0 0 0 0 0 0 1 0 0 0 1 1 1|1 0 0 0 0 0 1 0 0 0 0 0 1 0|1 1 0 0 0 1 0 0 0 0 0 0 1 0|0 0 1 0 1 0 0 0 1 0 0 1 1 1|0 0 1 1 0 0 0 1 0 0 1 1 0 0|1 1 0 0 0 0 0 0 0 0 0 1 0 0|0 0 1 1 0 0 0 0 1 0 0 0 1 0|1 1 0 1 1 0 0 1 1 1 0 0 1 1|1 1 1 1 1 1 1 1 0 0 1 1 0 0|0 0 0 0 1 0 0 1 0 0 0 1 0 0","0 1 1 0 1 0 0 0 0 0 1 1 0 0|1 0 1 1 1 1 1 1 1 0 1 0 1 0|1 1 0 1 0 0 0 0 0 0 0 1 0 0|0 1 1 0 0 0 0 1 0 0 0 1 0 0|1 1 0 0 0 1 0 0 0 1 1 0 1 0|0 1 0 0 1 0 0 0 0 0 0 0 1 0|0 1 0 0 0 0 0 1 0 0 1 0 0 1|0 1 0 1 0 0 1 0 0 0 1 1 0 1|0 1 0 0 0 0 0 0 0 1 1 0 1 0|0 0 0 0 1 0 0 0 1 0 1 0 0 0|1 1 0 0 1 0 1 1 1 1 0 1 0 1|1 0 1 1 0 0 0 1 0 0 1 0 0 0|0 1 0 0 1 1 0 0 1 0 0 0 0 0|0 0 0 0 0 0 1 1 0 0 1 0 0 0","0 1 1 1 1 1 1 0 0 1 1 1 1 0|1 0 1 1 1 1 1 1 1 1 1 1 1 0|1 1 0 1 0 0 0 1 1 0 1 1 1 0|1 1 1 0 0 0 0 1 1 0 1 1 1 0|1 1 0 0 0 1 0 1 0 1 1 1 1 1|1 1 0 0 1 0 1 0 0 0 0 0 1 0|1 1 0 0 0 1 0 1 0 0 1 0 1 1|0 1 1 1 1 0 1 0 1 0 1 1 1 1|0 1 1 1 0 0 0 1 0 1 1 1 1 0|1 1 0 0 1 0 0 0 1 0 1 1 0 0|1 1 1 1 1 0 1 1 1 1 0 1 1 1|1 1 1 1 1 0 0 1 1 1 1 0 1 1|1 1 1 1 1 1 1 1 1 0 1 1 0 0|0 0 0 0 1 0 1 1 0 0 1 1 0 0"
194,"ID20-14.70.1:",14,4,39734,"1, 2, 3, 4, 5, 8, 9, 12, 13, 14","1->9, 2->1, 3->2, 4->13, 5->4, 6->6, 7->7, 8->3, 9->12, 10->10, 11->11, 12->14, 13->5, 14->8","1-4, 1-6, 1-7, 1-10, 1-12, 1-13, 2-7, 2-10, 2-12, 2-13, 3-8, 3-9, 3-11, 3-13, 4-9, 4-11, 4-12, 4-13, 5-8, 5-12, 5-13, 5-14, 6-7, 6-13, 7-13, 8-9, 8-12, 8-13, 8-14, 9-11, 9-12, 10-12, 11-13, 12-13, 12-14","1-5, 1-7, 1-10, 1-14, 2-3, 2-5, 2-11, 2-12, 3-4, 3-5, 3-8, 3-12, 3-14, 4-5, 4-8, 4-14, 5-6, 5-7, 5-9, 5-11, 5-13, 5-14, 6-7, 6-9, 7-9, 8-14, 9-10, 9-13, 9-14, 10-14, 11-12, 11-13, 12-13, 12-14, 13-14","1-4, 1-5, 1-6, 1-7, 1-10, 1-12, 1-13, 1-14, 2-3, 2-5, 2-7, 2-10, 2-11, 2-12, 2-13, 3-4, 3-5, 3-8, 3-9, 3-11, 3-12, 3-13, 3-14, 4-5, 4-8, 4-9, 4-11, 4-12, 4-13, 4-14, 5-6, 5-7, 5-8, 5-9, 5-11, 5-12, 5-13, 5-14, 6-7, 6-9, 6-13, 7-9, 7-13, 8-9, 8-12, 8-13, 8-14, 9-10, 9-11, 9-12, 9-13, 9-14, 10-12, 10-14, 11-12, 11-13, 12-13, 12-14, 13-14",4,4,8,"0 0 0 1 0 1 1 0 0 1 0 1 1 0|0 0 0 0 0 0 1 0 0 1 0 1 1 0|0 0 0 0 0 0 0 1 1 0 1 0 1 0|1 0 0 0 0 0 0 0 1 0 1 1 1 0|0 0 0 0 0 0 0 1 0 0 0 1 1 1|1 0 0 0 0 0 1 0 0 0 0 0 1 0|1 1 0 0 0 1 0 0 0 0 0 0 1 0|0 0 1 0 1 0 0 0 1 0 0 1 1 1|0 0 1 1 0 0 0 1 0 0 1 1 0 0|1 1 0 0 0 0 0 0 0 0 0 1 0 0|0 0 1 1 0 0 0 0 1 0 0 0 1 0|1 1 0 1 1 0 0 1 1 1 0 0 1 1|1 1 1 1 1 1 1 1 0 0 1 1 0 0|0 0 0 0 1 0 0 1 0 0 0 1 0 0","0 0 0 0 1 0 1 0 0 1 0 0 0 1|0 0 1 0 1 0 0 0 0 0 1 1 0 0|0 1 0 1 1 0 0 1 0 0 0 1 0 1|0 0 1 0 1 0 0 1 0 0 0 0 0 1|1 1 1 1 0 1 1 0 1 0 1 0 1 1|0 0 0 0 1 0 1 0 1 0 0 0 0 0|1 0 0 0 1 1 0 0 1 0 0 0 0 0|0 0 1 1 0 0 0 0 0 0 0 0 0 1|0 0 0 0 1 1 1 0 0 1 0 0 1 1|1 0 0 0 0 0 0 0 1 0 0 0 0 1|0 1 0 0 1 0 0 0 0 0 0 1 1 0|0 1 1 0 0 0 0 0 0 0 1 0 1 1|0 0 0 0 1 0 0 0 1 0 1 1 0 1|1 0 1 1 1 0 0 1 1 1 0 1 1 0","0 0 0 1 1 1 1 0 0 1 0 1 1 1|0 0 1 0 1 0 1 0 0 1 1 1 1 0|0 1 0 1 1 0 0 1 1 0 1 1 1 1|1 0 1 0 1 0 0 1 1 0 1 1 1 1|1 1 1 1 0 1 1 1 1 0 1 1 1 1|1 0 0 0 1 0 1 0 1 0 0 0 1 0|1 1 0 0 1 1 0 0 1 0 0 0 1 0|0 0 1 1 1 0 0 0 1 0 0 1 1 1|0 0 1 1 1 1 1 1 0 1 1 1 1 1|1 1 0 0 0 0 0 0 1 0 0 1 0 1|0 1 1 1 1 0 0 0 1 0 0 1 1 0|1 1 1 1 1 0 0 1 1 1 1 0 1 1|1 1 1 1 1 1 1 1 1 0 1 1 0 1|1 0 1 1 1 0 0 1 1 1 0 1 1 0"
195,"ID20-14.70.1:",14,5,42745,"1, 2, 3, 4, 6, 8, 9, 11, 12, 13","1->11, 2->4, 3->13, 4->1, 5->5, 6->12, 7->7, 8->9, 9->6, 10->10, 11->3, 12->2, 13->8, 14->14","1-4, 1-6, 1-7, 1-10, 1-12, 1-13, 2-7, 2-10, 2-12, 2-13, 3-8, 3-9, 3-11, 3-13, 4-9, 4-11, 4-12, 4-13, 5-8, 5-12, 5-13, 5-14, 6-7, 6-13, 7-13, 8-9, 8-12, 8-13, 8-14, 9-11, 9-12, 10-12, 11-13, 12-13, 12-14","1-2, 1-3, 1-6, 1-8, 1-11, 2-4, 2-5, 2-6, 2-8, 2-9, 2-10, 2-11, 2-14, 3-6, 3-8, 3-13, 4-7, 4-8, 4-10, 5-8, 5-9, 5-14, 6-9, 6-13, 7-8, 7-11, 7-12, 8-9, 8-11, 8-12, 8-13, 9-13, 9-14, 10-11, 11-12","1-2, 1-3, 1-4, 1-6, 1-7, 1-8, 1-10, 1-11, 1-12, 1-13, 2-4, 2-5, 2-6, 2-7, 2-8, 2-9, 2-10, 2-11, 2-12, 2-13, 2-14, 3-6, 3-8, 3-9, 3-11, 3-13, 4-7, 4-8, 4-9, 4-10, 4-11, 4-12, 4-13, 5-8, 5-9, 5-12, 5-13, 5-14, 6-7, 6-9, 6-13, 7-8, 7-11, 7-12, 7-13, 8-9, 8-11, 8-12, 8-13, 8-14, 9-11, 9-12, 9-13, 9-14, 10-11, 10-12, 11-12, 11-13, 12-13, 12-14",4,4,8,"0 0 0 1 0 1 1 0 0 1 0 1 1 0|0 0 0 0 0 0 1 0 0 1 0 1 1 0|0 0 0 0 0 0 0 1 1 0 1 0 1 0|1 0 0 0 0 0 0 0 1 0 1 1 1 0|0 0 0 0 0 0 0 1 0 0 0 1 1 1|1 0 0 0 0 0 1 0 0 0 0 0 1 0|1 1 0 0 0 1 0 0 0 0 0 0 1 0|0 0 1 0 1 0 0 0 1 0 0 1 1 1|0 0 1 1 0 0 0 1 0 0 1 1 0 0|1 1 0 0 0 0 0 0 0 0 0 1 0 0|0 0 1 1 0 0 0 0 1 0 0 0 1 0|1 1 0 1 1 0 0 1 1 1 0 0 1 1|1 1 1 1 1 1 1 1 0 0 1 1 0 0|0 0 0 0 1 0 0 1 0 0 0 1 0 0","0 1 1 0 0 1 0 1 0 0 1 0 0 0|1 0 0 1 1 1 0 1 1 1 1 0 0 1|1 0 0 0 0 1 0 1 0 0 0 0 1 0|0 1 0 0 0 0 1 1 0 1 0 0 0 0|0 1 0 0 0 0 0 1 1 0 0 0 0 1|1 1 1 0 0 0 0 0 1 0 0 0 1 0|0 0 0 1 0 0 0 1 0 0 1 1 0 0|1 1 1 1 1 0 1 0 1 0 1 1 1 0|0 1 0 0 1 1 0 1 0 0 0 0 1 1|0 1 0 1 0 0 0 0 0 0 1 0 0 0|1 1 0 0 0 0 1 1 0 1 0 1 0 0|0 0 0 0 0 0 1 1 0 0 1 0 0 0|0 0 1 0 0 1 0 1 1 0 0 0 0 0|0 1 0 0 1 0 0 0 1 0 0 0 0 0","0 1 1 1 0 1 1 1 0 1 1 1 1 0|1 0 0 1 1 1 1 1 1 1 1 1 1 1|1 0 0 0 0 1 0 1 1 0 1 0 1 0|1 1 0 0 0 0 1 1 1 1 1 1 1 0|0 1 0 0 0 0 0 1 1 0 0 1 1 1|1 1 1 0 0 0 1 0 1 0 0 0 1 0|1 1 0 1 0 1 0 1 0 0 1 1 1 0|1 1 1 1 1 0 1 0 1 0 1 1 1 1|0 1 1 1 1 1 0 1 0 0 1 1 1 1|1 1 0 1 0 0 0 0 0 0 1 1 0 0|1 1 1 1 0 0 1 1 1 1 0 1 1 0|1 1 0 1 1 0 1 1 1 1 1 0 1 1|1 1 1 1 1 1 1 1 1 0 1 1 0 0|0 1 0 0 1 0 0 1 1 0 0 1 0 0"
196,"ID20-14.70.1:",14,6,47421,"3, 4, 5, 6, 7, 8, 9, 10, 12, 13","1->1, 2->2, 3->8, 4->12, 5->10, 6->9, 7->13, 8->4, 9->7, 10->5, 11->11, 12->3, 13->6, 14->14","1-4, 1-6, 1-7, 1-10, 1-12, 1-13, 2-7, 2-10, 2-12, 2-13, 3-8, 3-9, 3-11, 3-13, 4-9, 4-11, 4-12, 4-13, 5-8, 5-12, 5-13, 5-14, 6-7, 6-13, 7-13, 8-9, 8-12, 8-13, 8-14, 9-11, 9-12, 10-12, 11-13, 12-13, 12-14","1-3, 1-5, 1-6, 1-9, 1-12, 1-13, 2-3, 2-5, 2-6, 2-13, 3-4, 3-5, 3-6, 3-7, 3-10, 3-12, 3-14, 4-6, 4-7, 4-8, 4-10, 4-14, 6-8, 6-9, 6-10, 6-11, 6-12, 6-13, 7-8, 7-11, 7-12, 8-11, 9-13, 10-14, 11-12","1-3, 1-4, 1-5, 1-6, 1-7, 1-9, 1-10, 1-12, 1-13, 2-3, 2-5, 2-6, 2-7, 2-10, 2-12, 2-13, 3-4, 3-5, 3-6, 3-7, 3-8, 3-9, 3-10, 3-11, 3-12, 3-13, 3-14, 4-6, 4-7, 4-8, 4-9, 4-10, 4-11, 4-12, 4-13, 4-14, 5-8, 5-12, 5-13, 5-14, 6-7, 6-8, 6-9, 6-10, 6-11, 6-12, 6-13, 7-8, 7-11, 7-12, 7-13, 8-9, 8-11, 8-12, 8-13, 8-14, 9-11, 9-12, 9-13, 10-12, 10-14, 11-12, 11-13, 12-13, 12-14",4,4,8,"0 0 0 1 0 1 1 0 0 1 0 1 1 0|0 0 0 0 0 0 1 0 0 1 0 1 1 0|0 0 0 0 0 0 0 1 1 0 1 0 1 0|1 0 0 0 0 0 0 0 1 0 1 1 1 0|0 0 0 0 0 0 0 1 0 0 0 1 1 1|1 0 0 0 0 0 1 0 0 0 0 0 1 0|1 1 0 0 0 1 0 0 0 0 0 0 1 0|0 0 1 0 1 0 0 0 1 0 0 1 1 1|0 0 1 1 0 0 0 1 0 0 1 1 0 0|1 1 0 0 0 0 0 0 0 0 0 1 0 0|0 0 1 1 0 0 0 0 1 0 0 0 1 0|1 1 0 1 1 0 0 1 1 1 0 0 1 1|1 1 1 1 1 1 1 1 0 0 1 1 0 0|0 0 0 0 1 0 0 1 0 0 0 1 0 0","0 0 1 0 1 1 0 0 1 0 0 1 1 0|0 0 1 0 1 1 0 0 0 0 0 0 1 0|1 1 0 1 1 1 1 0 0 1 0 1 0 1|0 0 1 0 0 1 1 1 0 1 0 0 0 1|1 1 1 0 0 0 0 0 0 0 0 0 0 0|1 1 1 1 0 0 0 1 1 1 1 1 1 0|0 0 1 1 0 0 0 1 0 0 1 1 0 0|0 0 0 1 0 1 1 0 0 0 1 0 0 0|1 0 0 0 0 1 0 0 0 0 0 0 1 0|0 0 1 1 0 1 0 0 0 0 0 0 0 1|0 0 0 0 0 1 1 1 0 0 0 1 0 0|1 0 1 0 0 1 1 0 0 0 1 0 0 0|1 1 0 0 0 1 0 0 1 0 0 0 0 0|0 0 1 1 0 0 0 0 0 1 0 0 0 0","0 0 1 1 1 1 1 0 1 1 0 1 1 0|0 0 1 0 1 1 1 0 0 1 0 1 1 0|1 1 0 1 1 1 1 1 1 1 1 1 1 1|1 0 1 0 0 1 1 1 1 1 1 1 1 1|1 1 1 0 0 0 0 1 0 0 0 1 1 1|1 1 1 1 0 0 1 1 1 1 1 1 1 0|1 1 1 1 0 1 0 1 0 0 1 1 1 0|0 0 1 1 1 1 1 0 1 0 1 1 1 1|1 0 1 1 0 1 0 1 0 0 1 1 1 0|1 1 1 1 0 1 0 0 0 0 0 1 0 1|0 0 1 1 0 1 1 1 1 0 0 1 1 0|1 1 1 1 1 1 1 1 1 1 1 0 1 1|1 1 1 1 1 1 1 1 1 0 1 1 0 0|0 0 1 1 1 0 0 1 0 1 0 1 0 0"
197,"ID20-14.70.1:",14,7,61297,"1, 3, 4, 6, 7, 8, 9, 11, 12, 13","1->12, 2->2, 3->9, 4->11, 5->5, 6->7, 7->13, 8->4, 9->8, 10->10, 11->1, 12->6, 13->3, 14->14","1-4, 1-6, 1-7, 1-10, 1-12, 1-13, 2-7, 2-10, 2-12, 2-13, 3-8, 3-9, 3-11, 3-13, 4-9, 4-11, 4-12, 4-13, 5-8, 5-12, 5-13, 5-14, 6-7, 6-13, 7-13, 8-9, 8-12, 8-13, 8-14, 9-11, 9-12, 10-12, 11-13, 12-13, 12-14","1-3, 1-8, 1-9, 1-11, 2-3, 2-6, 2-10, 2-13, 3-4, 3-5, 3-6, 3-7, 3-9, 3-11, 3-12, 3-13, 4-5, 4-6, 4-8, 4-9, 4-14, 5-6, 5-14, 6-8, 6-10, 6-11, 6-12, 6-14, 7-12, 7-13, 8-9, 8-11, 10-12, 11-12, 12-13","1-3, 1-4, 1-6, 1-7, 1-8, 1-9, 1-10, 1-11, 1-12, 1-13, 2-3, 2-6, 2-7, 2-10, 2-12, 2-13, 3-4, 3-5, 3-6, 3-7, 3-8, 3-9, 3-11, 3-12, 3-13, 4-5, 4-6, 4-8, 4-9, 4-11, 4-12, 4-13, 4-14, 5-6, 5-8, 5-12, 5-13, 5-14, 6-7, 6-8, 6-10, 6-11, 6-12, 6-13, 6-14, 7-12, 7-13, 8-9, 8-11, 8-12, 8-13, 8-14, 9-11, 9-12, 10-12, 11-12, 11-13, 12-13, 12-14",4,4,8,"0 0 0 1 0 1 1 0 0 1 0 1 1 0|0 0 0 0 0 0 1 0 0 1 0 1 1 0|0 0 0 0 0 0 0 1 1 0 1 0 1 0|1 0 0 0 0 0 0 0 1 0 1 1 1 0|0 0 0 0 0 0 0 1 0 0 0 1 1 1|1 0 0 0 0 0 1 0 0 0 0 0 1 0|1 1 0 0 0 1 0 0 0 0 0 0 1 0|0 0 1 0 1 0 0 0 1 0 0 1 1 1|0 0 1 1 0 0 0 1 0 0 1 1 0 0|1 1 0 0 0 0 0 0 0 0 0 1 0 0|0 0 1 1 0 0 0 0 1 0 0 0 1 0|1 1 0 1 1 0 0 1 1 1 0 0 1 1|1 1 1 1 1 1 1 1 0 0 1 1 0 0|0 0 0 0 1 0 0 1 0 0 0 1 0 0","0 0 1 0 0 0 0 1 1 0 1 0 0 0|0 0 1 0 0 1 0 0 0 1 0 0 1 0|1 1 0 1 1 1 1 0 1 0 1 1 1 0|0 0 1 0 1 1 0 1 1 0 0 0 0 1|0 0 1 1 0 1 0 0 0 0 0 0 0 1|0 1 1 1 1 0 0 1 0 1 1 1 0 1|0 0 1 0 0 0 0 0 0 0 0 1 1 0|1 0 0 1 0 1 0 0 1 0 1 0 0 0|1 0 1 1 0 0 0 1 0 0 0 0 0 0|0 1 0 0 0 1 0 0 0 0 0 1 0 0|1 0 1 0 0 1 0 1 0 0 0 1 0 0|0 0 1 0 0 1 1 0 0 1 1 0 1 0|0 1 1 0 0 0 1 0 0 0 0 1 0 0|0 0 0 1 1 1 0 0 0 0 0 0 0 0","0 0 1 1 0 1 1 1 1 1 1 1 1 0|0 0 1 0 0 1 1 0 0 1 0 1 1 0|1 1 0 1 1 1 1 1 1 0 1 1 1 0|1 0 1 0 1 1 0 1 1 0 1 1 1 1|0 0 1 1 0 1 0 1 0 0 0 1 1 1|1 1 1 1 1 0 1 1 0 1 1 1 1 1|1 1 1 0 0 1 0 0 0 0 0 1 1 0|1 0 1 1 1 1 0 0 1 0 1 1 1 1|1 0 1 1 0 0 0 1 0 0 1 1 0 0|1 1 0 0 0 1 0 0 0 0 0 1 0 0|1 0 1 1 0 1 0 1 1 0 0 1 1 0|1 1 1 1 1 1 1 1 1 1 1 0 1 1|1 1 1 1 1 1 1 1 0 0 1 1 0 0|0 0 0 1 1 1 0 1 0 0 0 1 0 0"
198,"ID20-14.70.1:",14,8,62516,"1, 2, 4, 6, 8, 9, 11, 12, 13, 14","1->13, 2->11, 3->3, 4->9, 5->5, 6->14, 7->7, 8->4, 9->6, 10->10, 11->12, 12->8, 13->1, 14->2","1-4, 1-6, 1-7, 1-10, 1-12, 1-13, 2-7, 2-10, 2-12, 2-13, 3-8, 3-9, 3-11, 3-13, 4-9, 4-11, 4-12, 4-13, 5-8, 5-12, 5-13, 5-14, 6-7, 6-13, 7-13, 8-9, 8-12, 8-13, 8-14, 9-11, 9-12, 10-12, 11-13, 12-13, 12-14","1-3, 1-4, 1-5, 1-7, 1-8, 1-9, 1-11, 1-12, 1-13, 1-14, 2-4, 2-5, 2-8, 3-4, 3-6, 3-12, 4-5, 4-6, 4-8, 5-8, 6-8, 6-9, 6-12, 7-11, 7-13, 7-14, 8-9, 8-10, 8-11, 8-13, 9-12, 9-13, 10-11, 10-13, 13-14","1-3, 1-4, 1-5, 1-6, 1-7, 1-8, 1-9, 1-10, 1-11, 1-12, 1-13, 1-14, 2-4, 2-5, 2-7, 2-8, 2-10, 2-12, 2-13, 3-4, 3-6, 3-8, 3-9, 3-11, 3-12, 3-13, 4-5, 4-6, 4-8, 4-9, 4-11, 4-12, 4-13, 5-8, 5-12, 5-13, 5-14, 6-7, 6-8, 6-9, 6-12, 6-13, 7-11, 7-13, 7-14, 8-9, 8-10, 8-11, 8-12, 8-13, 8-14, 9-11, 9-12, 9-13, 10-11, 10-12, 10-13, 11-13, 12-13, 12-14, 13-14",4,4,8,"0 0 0 1 0 1 1 0 0 1 0 1 1 0|0 0 0 0 0 0 1 0 0 1 0 1 1 0|0 0 0 0 0 0 0 1 1 0 1 0 1 0|1 0 0 0 0 0 0 0 1 0 1 1 1 0|0 0 0 0 0 0 0 1 0 0 0 1 1 1|1 0 0 0 0 0 1 0 0 0 0 0 1 0|1 1 0 0 0 1 0 0 0 0 0 0 1 0|0 0 1 0 1 0 0 0 1 0 0 1 1 1|0 0 1 1 0 0 0 1 0 0 1 1 0 0|1 1 0 0 0 0 0 0 0 0 0 1 0 0|0 0 1 1 0 0 0 0 1 0 0 0 1 0|1 1 0 1 1 0 0 1 1 1 0 0 1 1|1 1 1 1 1 1 1 1 0 0 1 1 0 0|0 0 0 0 1 0 0 1 0 0 0 1 0 0","0 0 1 1 1 0 1 1 1 0 1 1 1 1|0 0 0 1 1 0 0 1 0 0 0 0 0 0|1 0 0 1 0 1 0 0 0 0 0 1 0 0|1 1 1 0 1 1 0 1 0 0 0 0 0 0|1 1 0 1 0 0 0 1 0 0 0 0 0 0|0 0 1 1 0 0 0 1 1 0 0 1 0 0|1 0 0 0 0 0 0 0 0 0 1 0 1 1|1 1 0 1 1 1 0 0 1 1 1 0 1 0|1 0 0 0 0 1 0 1 0 0 0 1 1 0|0 0 0 0 0 0 0 1 0 0 1 0 1 0|1 0 0 0 0 0 1 1 0 1 0 0 0 0|1 0 1 0 0 1 0 0 1 0 0 0 0 0|1 0 0 0 0 0 1 1 1 1 0 0 0 1|1 0 0 0 0 0 1 0 0 0 0 0 1 0","0 0 1 1 1 1 1 1 1 1 1 1 1 1|0 0 0 1 1 0 1 1 0 1 0 1 1 0|1 0 0 1 0 1 0 1 1 0 1 1 1 0|1 1 1 0 1 1 0 1 1 0 1 1 1 0|1 1 0 1 0 0 0 1 0 0 0 1 1 1|1 0 1 1 0 0 1 1 1 0 0 1 1 0|1 1 0 0 0 1 0 0 0 0 1 0 1 1|1 1 1 1 1 1 0 0 1 1 1 1 1 1|1 0 1 1 0 1 0 1 0 0 1 1 1 0|1 1 0 0 0 0 0 1 0 0 1 1 1 0|1 0 1 1 0 0 1 1 1 1 0 0 1 0|1 1 1 1 1 1 0 1 1 1 0 0 1 1|1 1 1 1 1 1 1 1 1 1 1 1 0 1|1 0 0 0 1 0 1 1 0 0 0 1 1 0"
199,"ID20-14.70.1:",14,9,63550,"1, 2, 3, 4, 5, 6, 8, 11, 13, 14","1->2, 2->6, 3->1, 4->13, 5->3, 6->8, 7->7, 8->5, 9->9, 10->10, 11->14, 12->12, 13->11, 14->4","1-4, 1-6, 1-7, 1-10, 1-12, 1-13, 2-7, 2-10, 2-12, 2-13, 3-8, 3-9, 3-11, 3-13, 4-9, 4-11, 4-12, 4-13, 5-8, 5-12, 5-13, 5-14, 6-7, 6-13, 7-13, 8-9, 8-12, 8-13, 8-14, 9-11, 9-12, 10-12, 11-13, 12-13, 12-14","1-5, 1-9, 1-11, 1-14, 2-7, 2-8, 2-10, 2-11, 2-12, 2-13, 3-4, 3-5, 3-11, 3-12, 4-5, 4-12, 5-9, 5-11, 5-12, 6-7, 6-10, 6-11, 6-12, 7-8, 7-11, 8-11, 9-12, 9-13, 9-14, 10-12, 11-12, 11-13, 11-14, 12-13, 13-14","1-4, 1-5, 1-6, 1-7, 1-9, 1-10, 1-11, 1-12, 1-13, 1-14, 2-7, 2-8, 2-10, 2-11, 2-12, 2-13, 3-4, 3-5, 3-8, 3-9, 3-11, 3-12, 3-13, 4-5, 4-9, 4-11, 4-12, 4-13, 5-8, 5-9, 5-11, 5-12, 5-13, 5-14, 6-7, 6-10, 6-11, 6-12, 6-13, 7-8, 7-11, 7-13, 8-9, 8-11, 8-12, 8-13, 8-14, 9-11, 9-12, 9-13, 9-14, 10-12, 11-12, 11-13, 11-14, 12-13, 12-14, 13-14",4,4,8,"0 0 0 1 0 1 1 0 0 1 0 1 1 0|0 0 0 0 0 0 1 0 0 1 0 1 1 0|0 0 0 0 0 0 0 1 1 0 1 0 1 0|1 0 0 0 0 0 0 0 1 0 1 1 1 0|0 0 0 0 0 0 0 1 0 0 0 1 1 1|1 0 0 0 0 0 1 0 0 0 0 0 1 0|1 1 0 0 0 1 0 0 0 0 0 0 1 0|0 0 1 0 1 0 0 0 1 0 0 1 1 1|0 0 1 1 0 0 0 1 0 0 1 1 0 0|1 1 0 0 0 0 0 0 0 0 0 1 0 0|0 0 1 1 0 0 0 0 1 0 0 0 1 0|1 1 0 1 1 0 0 1 1 1 0 0 1 1|1 1 1 1 1 1 1 1 0 0 1 1 0 0|0 0 0 0 1 0 0 1 0 0 0 1 0 0","0 0 0 0 1 0 0 0 1 0 1 0 0 1|0 0 0 0 0 0 1 1 0 1 1 1 1 0|0 0 0 1 1 0 0 0 0 0 1 1 0 0|0 0 1 0 1 0 0 0 0 0 0 1 0 0|1 0 1 1 0 0 0 0 1 0 1 1 0 0|0 0 0 0 0 0 1 0 0 1 1 1 0 0|0 1 0 0 0 1 0 1 0 0 1 0 0 0|0 1 0 0 0 0 1 0 0 0 1 0 0 0|1 0 0 0 1 0 0 0 0 0 0 1 1 1|0 1 0 0 0 1 0 0 0 0 0 1 0 0|1 1 1 0 1 1 1 1 0 0 0 1 1 1|0 1 1 1 1 1 0 0 1 1 1 0 1 0|0 1 0 0 0 0 0 0 1 0 1 1 0 1|1 0 0 0 0 0 0 0 1 0 1 0 1 0","0 0 0 1 1 1 1 0 1 1 1 1 1 1|0 0 0 0 0 0 1 1 0 1 1 1 1 0|0 0 0 1 1 0 0 1 1 0 1 1 1 0|1 0 1 0 1 0 0 0 1 0 1 1 1 0|1 0 1 1 0 0 0 1 1 0 1 1 1 1|1 0 0 0 0 0 1 0 0 1 1 1 1 0|1 1 0 0 0 1 0 1 0 0 1 0 1 0|0 1 1 0 1 0 1 0 1 0 1 1 1 1|1 0 1 1 1 0 0 1 0 0 1 1 1 1|1 1 0 0 0 1 0 0 0 0 0 1 0 0|1 1 1 1 1 1 1 1 1 0 0 1 1 1|1 1 1 1 1 1 0 1 1 1 1 0 1 1|1 1 1 1 1 1 1 1 1 0 1 1 0 1|1 0 0 0 1 0 0 1 1 0 1 1 1 0"
200,"ID20-14.70.1:",14,10,64154,"1, 2, 4, 5, 6, 7, 8, 9, 12, 13","1->7, 2->1, 3->3, 4->12, 5->6, 6->4, 7->8, 8->2, 9->13, 10->10, 11->11, 12->9, 13->5, 14->14","1-4, 1-6, 1-7, 1-10, 1-12, 1-13, 2-7, 2-10, 2-12, 2-13, 3-8, 3-9, 3-11, 3-13, 4-9, 4-11, 4-12, 4-13, 5-8, 5-12, 5-13, 5-14, 6-7, 6-13, 7-13, 8-9, 8-12, 8-13, 8-14, 9-11, 9-12, 10-12, 11-13, 12-13, 12-14","1-5, 1-8, 1-9, 1-10, 2-3, 2-5, 2-6, 2-9, 2-13, 2-14, 3-5, 3-11, 3-13, 4-5, 4-7, 4-8, 5-6, 5-7, 5-8, 5-9, 5-11, 5-12, 6-9, 6-14, 7-8, 7-9, 7-10, 7-12, 9-10, 9-12, 9-13, 9-14, 11-12, 11-13, 12-13","1-4, 1-5, 1-6, 1-7, 1-8, 1-9, 1-10, 1-12, 1-13, 2-3, 2-5, 2-6, 2-7, 2-9, 2-10, 2-12, 2-13, 2-14, 3-5, 3-8, 3-9, 3-11, 3-13, 4-5, 4-7, 4-8, 4-9, 4-11, 4-12, 4-13, 5-6, 5-7, 5-8, 5-9, 5-11, 5-12, 5-13, 5-14, 6-7, 6-9, 6-13, 6-14, 7-8, 7-9, 7-10, 7-12, 7-13, 8-9, 8-12, 8-13, 8-14, 9-10, 9-11, 9-12, 9-13, 9-14, 10-12, 11-12, 11-13, 12-13, 12-14",4,4,8,"0 0 0 1 0 1 1 0 0 1 0 1 1 0|0 0 0 0 0 0 1 0 0 1 0 1 1 0|0 0 0 0 0 0 0 1 1 0 1 0 1 0|1 0 0 0 0 0 0 0 1 0 1 1 1 0|0 0 0 0 0 0 0 1 0 0 0 1 1 1|1 0 0 0 0 0 1 0 0 0 0 0 1 0|1 1 0 0 0 1 0 0 0 0 0 0 1 0|0 0 1 0 1 0 0 0 1 0 0 1 1 1|0 0 1 1 0 0 0 1 0 0 1 1 0 0|1 1 0 0 0 0 0 0 0 0 0 1 0 0|0 0 1 1 0 0 0 0 1 0 0 0 1 0|1 1 0 1 1 0 0 1 1 1 0 0 1 1|1 1 1 1 1 1 1 1 0 0 1 1 0 0|0 0 0 0 1 0 0 1 0 0 0 1 0 0","0 0 0 0 1 0 0 1 1 1 0 0 0 0|0 0 1 0 1 1 0 0 1 0 0 0 1 1|0 1 0 0 1 0 0 0 0 0 1 0 1 0|0 0 0 0 1 0 1 1 0 0 0 0 0 0|1 1 1 1 0 1 1 1 1 0 1 1 0 0|0 1 0 0 1 0 0 0 1 0 0 0 0 1|0 0 0 1 1 0 0 1 1 1 0 1 0 0|1 0 0 1 1 0 1 0 0 0 0 0 0 0|1 1 0 0 1 1 1 0 0 1 0 1 1 1|1 0 0 0 0 0 1 0 1 0 0 0 0 0|0 0 1 0 1 0 0 0 0 0 0 1 1 0|0 0 0 0 1 0 1 0 1 0 1 0 1 0|0 1 1 0 0 0 0 0 1 0 1 1 0 0|0 1 0 0 0 1 0 0 1 0 0 0 0 0","0 0 0 1 1 1 1 1 1 1 0 1 1 0|0 0 1 0 1 1 1 0 1 1 0 1 1 1|0 1 0 0 1 0 0 1 1 0 1 0 1 0|1 0 0 0 1 0 1 1 1 0 1 1 1 0|1 1 1 1 0 1 1 1 1 0 1 1 1 1|1 1 0 0 1 0 1 0 1 0 0 0 1 1|1 1 0 1 1 1 0 1 1 1 0 1 1 0|1 0 1 1 1 0 1 0 1 0 0 1 1 1|1 1 1 1 1 1 1 1 0 1 1 1 1 1|1 1 0 0 0 0 1 0 1 0 0 1 0 0|0 0 1 1 1 0 0 0 1 0 0 1 1 0|1 1 0 1 1 0 1 1 1 1 1 0 1 1|1 1 1 1 1 1 1 1 1 0 1 1 0 0|0 1 0 0 1 1 0 1 1 0 0 1 0 0"
201,"ID21-14.70.2:",14,1,1069,"1, 2, 3, 4, 6, 8, 10, 11, 13, 14","1->2, 2->11, 3->4, 4->14, 5->5, 6->1, 7->7, 8->10, 9->9, 10->3, 11->13, 12->12, 13->6, 14->8","1-6, 1-8, 1-10, 1-14, 2-6, 2-11, 2-14, 3-7, 3-10, 3-11, 4-7, 4-10, 4-12, 4-14, 5-7, 5-9, 5-11, 5-14, 6-8, 6-10, 6-11, 6-13, 6-14, 7-10, 7-11, 7-12, 8-14, 9-11, 9-14, 10-11, 10-13, 10-14, 11-13, 11-14, 12-14","1-2, 1-3, 1-6, 1-8, 1-10, 1-11, 1-13, 2-3, 2-8, 2-10, 3-4, 3-6, 3-7, 3-8, 3-13, 3-14, 4-7, 4-13, 5-7, 5-8, 5-9, 5-13, 6-13, 7-12, 7-13, 7-14, 8-9, 8-10, 8-11, 8-12, 8-13, 8-14, 9-13, 11-13, 12-14","1-2, 1-3, 1-6, 1-8, 1-10, 1-11, 1-13, 1-14, 2-3, 2-6, 2-8, 2-10, 2-11, 2-14, 3-4, 3-6, 3-7, 3-8, 3-10, 3-11, 3-13, 3-14, 4-7, 4-10, 4-12, 4-13, 4-14, 5-7, 5-8, 5-9, 5-11, 5-13, 5-14, 6-8, 6-10, 6-11, 6-13, 6-14, 7-10, 7-11, 7-12, 7-13, 7-14, 8-9, 8-10, 8-11, 8-12, 8-13, 8-14, 9-11, 9-13, 9-14, 10-11, 10-13, 10-14, 11-13, 11-14, 12-14",4,4,8,"0 0 0 0 0 1 0 1 0 1 0 0 0 1|0 0 0 0 0 1 0 0 0 0 1 0 0 1|0 0 0 0 0 0 1 0 0 1 1 0 0 0|0 0 0 0 0 0 1 0 0 1 0 1 0 1|0 0 0 0 0 0 1 0 1 0 1 0 0 1|1 1 0 0 0 0 0 1 0 1 1 0 1 1|0 0 1 1 1 0 0 0 0 1 1 1 0 0|1 0 0 0 0 1 0 0 0 0 0 0 0 1|0 0 0 0 1 0 0 0 0 0 1 0 0 1|1 0 1 1 0 1 1 0 0 0 1 0 1 1|0 1 1 0 1 1 1 0 1 1 0 0 1 1|0 0 0 1 0 0 1 0 0 0 0 0 0 1|0 0 0 0 0 1 0 0 0 1 1 0 0 0|1 1 0 1 1 1 0 1 1 1 1 1 0 0","0 1 1 0 0 1 0 1 0 1 1 0 1 0|1 0 1 0 0 0 0 1 0 1 0 0 0 0|1 1 0 1 0 1 1 1 0 0 0 0 1 1|0 0 1 0 0 0 1 0 0 0 0 0 1 0|0 0 0 0 0 0 1 1 1 0 0 0 1 0|1 0 1 0 0 0 0 0 0 0 0 0 1 0|0 0 1 1 1 0 0 0 0 0 0 1 1 1|1 1 1 0 1 0 0 0 1 1 1 1 1 1|0 0 0 0 1 0 0 1 0 0 0 0 1 0|1 1 0 0 0 0 0 1 0 0 0 0 0 0|1 0 0 0 0 0 0 1 0 0 0 0 1 0|0 0 0 0 0 0 1 1 0 0 0 0 0 1|1 0 1 1 1 1 1 1 1 0 1 0 0 0|0 0 1 0 0 0 1 1 0 0 0 1 0 0","0 1 1 0 0 1 0 1 0 1 1 0 1 1|1 0 1 0 0 1 0 1 0 1 1 0 0 1|1 1 0 1 0 1 1 1 0 1 1 0 1 1|0 0 1 0 0 0 1 0 0 1 0 1 1 1|0 0 0 0 0 0 1 1 1 0 1 0 1 1|1 1 1 0 0 0 0 1 0 1 1 0 1 1|0 0 1 1 1 0 0 0 0 1 1 1 1 1|1 1 1 0 1 1 0 0 1 1 1 1 1 1|0 0 0 0 1 0 0 1 0 0 1 0 1 1|1 1 1 1 0 1 1 1 0 0 1 0 1 1|1 1 1 0 1 1 1 1 1 1 0 0 1 1|0 0 0 1 0 0 1 1 0 0 0 0 0 1|1 0 1 1 1 1 1 1 1 1 1 0 0 0|1 1 1 1 1 1 1 1 1 1 1 1 0 0"
202,"ID21-14.70.2:",14,2,1488,"2, 3, 4, 5, 6, 9, 10, 11, 12, 14","1->1, 2->3, 3->5, 4->14, 5->2, 6->4, 7->7, 8->8, 9->10, 10->6, 11->9, 12->11, 13->13, 14->12","1-6, 1-8, 1-10, 1-14, 2-6, 2-11, 2-14, 3-7, 3-10, 3-11, 4-7, 4-10, 4-12, 4-14, 5-7, 5-9, 5-11, 5-14, 6-8, 6-10, 6-11, 6-13, 6-14, 7-10, 7-11, 7-12, 8-14, 9-11, 9-14, 10-11, 10-13, 10-14, 11-13, 11-14, 12-14","1-4, 1-6, 1-8, 1-12, 2-7, 2-9, 2-10, 2-12, 3-4, 3-9, 3-12, 4-6, 4-8, 4-9, 4-12, 4-13, 5-6, 5-7, 5-9, 6-7, 6-9, 6-12, 6-13, 6-14, 7-9, 7-11, 7-14, 8-12, 9-10, 9-12, 9-13, 10-12, 11-12, 11-14, 12-14","1-4, 1-6, 1-8, 1-10, 1-12, 1-14, 2-6, 2-7, 2-9, 2-10, 2-11, 2-12, 2-14, 3-4, 3-7, 3-9, 3-10, 3-11, 3-12, 4-6, 4-7, 4-8, 4-9, 4-10, 4-12, 4-13, 4-14, 5-6, 5-7, 5-9, 5-11, 5-14, 6-7, 6-8, 6-9, 6-10, 6-11, 6-12, 6-13, 6-14, 7-9, 7-10, 7-11, 7-12, 7-14, 8-12, 8-14, 9-10, 9-11, 9-12, 9-13, 9-14, 10-11, 10-12, 10-13, 10-14, 11-12, 11-13, 11-14, 12-14",4,4,8,"0 0 0 0 0 1 0 1 0 1 0 0 0 1|0 0 0 0 0 1 0 0 0 0 1 0 0 1|0 0 0 0 0 0 1 0 0 1 1 0 0 0|0 0 0 0 0 0 1 0 0 1 0 1 0 1|0 0 0 0 0 0 1 0 1 0 1 0 0 1|1 1 0 0 0 0 0 1 0 1 1 0 1 1|0 0 1 1 1 0 0 0 0 1 1 1 0 0|1 0 0 0 0 1 0 0 0 0 0 0 0 1|0 0 0 0 1 0 0 0 0 0 1 0 0 1|1 0 1 1 0 1 1 0 0 0 1 0 1 1|0 1 1 0 1 1 1 0 1 1 0 0 1 1|0 0 0 1 0 0 1 0 0 0 0 0 0 1|0 0 0 0 0 1 0 0 0 1 1 0 0 0|1 1 0 1 1 1 0 1 1 1 1 1 0 0","0 0 0 1 0 1 0 1 0 0 0 1 0 0|0 0 0 0 0 0 1 0 1 1 0 1 0 0|0 0 0 1 0 0 0 0 1 0 0 1 0 0|1 0 1 0 0 1 0 1 1 0 0 1 1 0|0 0 0 0 0 1 1 0 1 0 0 0 0 0|1 0 0 1 1 0 1 0 1 0 0 1 1 1|0 1 0 0 1 1 0 0 1 0 1 0 0 1|1 0 0 1 0 0 0 0 0 0 0 1 0 0|0 1 1 1 1 1 1 0 0 1 0 1 1 0|0 1 0 0 0 0 0 0 1 0 0 1 0 0|0 0 0 0 0 0 1 0 0 0 0 1 0 1|1 1 1 1 0 1 0 1 1 1 1 0 0 1|0 0 0 1 0 1 0 0 1 0 0 0 0 0|0 0 0 0 0 1 1 0 0 0 1 1 0 0","0 0 0 1 0 1 0 1 0 1 0 1 0 1|0 0 0 0 0 1 1 0 1 1 1 1 0 1|0 0 0 1 0 0 1 0 1 1 1 1 0 0|1 0 1 0 0 1 1 1 1 1 0 1 1 1|0 0 0 0 0 1 1 0 1 0 1 0 0 1|1 1 0 1 1 0 1 1 1 1 1 1 1 1|0 1 1 1 1 1 0 0 1 1 1 1 0 1|1 0 0 1 0 1 0 0 0 0 0 1 0 1|0 1 1 1 1 1 1 0 0 1 1 1 1 1|1 1 1 1 0 1 1 0 1 0 1 1 1 1|0 1 1 0 1 1 1 0 1 1 0 1 1 1|1 1 1 1 0 1 1 1 1 1 1 0 0 1|0 0 0 1 0 1 0 0 1 1 1 0 0 0|1 1 0 1 1 1 1 1 1 1 1 1 0 0"
203,"ID21-14.70.2:",14,3,1804,"1, 2, 3, 5, 6, 7, 8, 10, 13, 14","1->6, 2->3, 3->14, 4->4, 5->2, 6->5, 7->13, 8->10, 9->9, 10->7, 11->11, 12->12, 13->1, 14->8","1-6, 1-8, 1-10, 1-14, 2-6, 2-11, 2-14, 3-7, 3-10, 3-11, 4-7, 4-10, 4-12, 4-14, 5-7, 5-9, 5-11, 5-14, 6-8, 6-10, 6-11, 6-13, 6-14, 7-10, 7-11, 7-12, 8-14, 9-11, 9-14, 10-11, 10-13, 10-14, 11-13, 11-14, 12-14","1-5, 1-7, 1-11, 2-8, 2-9, 2-11, 2-13, 3-5, 3-8, 3-11, 4-7, 4-8, 4-12, 4-13, 5-6, 5-7, 5-8, 5-10, 5-11, 6-7, 6-8, 6-10, 7-8, 7-11, 7-13, 7-14, 8-9, 8-10, 8-11, 8-12, 9-11, 11-13, 11-14, 12-13, 13-14","1-5, 1-6, 1-7, 1-8, 1-10, 1-11, 1-14, 2-6, 2-8, 2-9, 2-11, 2-13, 2-14, 3-5, 3-7, 3-8, 3-10, 3-11, 4-7, 4-8, 4-10, 4-12, 4-13, 4-14, 5-6, 5-7, 5-8, 5-9, 5-10, 5-11, 5-14, 6-7, 6-8, 6-10, 6-11, 6-13, 6-14, 7-8, 7-10, 7-11, 7-12, 7-13, 7-14, 8-9, 8-10, 8-11, 8-12, 8-14, 9-11, 9-14, 10-11, 10-13, 10-14, 11-13, 11-14, 12-13, 12-14, 13-14",4,4,8,"0 0 0 0 0 1 0 1 0 1 0 0 0 1|0 0 0 0 0 1 0 0 0 0 1 0 0 1|0 0 0 0 0 0 1 0 0 1 1 0 0 0|0 0 0 0 0 0 1 0 0 1 0 1 0 1|0 0 0 0 0 0 1 0 1 0 1 0 0 1|1 1 0 0 0 0 0 1 0 1 1 0 1 1|0 0 1 1 1 0 0 0 0 1 1 1 0 0|1 0 0 0 0 1 0 0 0 0 0 0 0 1|0 0 0 0 1 0 0 0 0 0 1 0 0 1|1 0 1 1 0 1 1 0 0 0 1 0 1 1|0 1 1 0 1 1 1 0 1 1 0 0 1 1|0 0 0 1 0 0 1 0 0 0 0 0 0 1|0 0 0 0 0 1 0 0 0 1 1 0 0 0|1 1 0 1 1 1 0 1 1 1 1 1 0 0","0 0 0 0 1 0 1 0 0 0 1 0 0 0|0 0 0 0 0 0 0 1 1 0 1 0 1 0|0 0 0 0 1 0 0 1 0 0 1 0 0 0|0 0 0 0 0 0 1 1 0 0 0 1 1 0|1 0 1 0 0 1 1 1 0 1 1 0 0 0|0 0 0 0 1 0 1 1 0 1 0 0 0 0|1 0 0 1 1 1 0 1 0 0 1 0 1 1|0 1 1 1 1 1 1 0 1 1 1 1 0 0|0 1 0 0 0 0 0 1 0 0 1 0 0 0|0 0 0 0 1 1 0 1 0 0 0 0 0 0|1 1 1 0 1 0 1 1 1 0 0 0 1 1|0 0 0 1 0 0 0 1 0 0 0 0 1 0|0 1 0 1 0 0 1 0 0 0 1 1 0 1|0 0 0 0 0 0 1 0 0 0 1 0 1 0","0 0 0 0 1 1 1 1 0 1 1 0 0 1|0 0 0 0 0 1 0 1 1 0 1 0 1 1|0 0 0 0 1 0 1 1 0 1 1 0 0 0|0 0 0 0 0 0 1 1 0 1 0 1 1 1|1 0 1 0 0 1 1 1 1 1 1 0 0 1|1 1 0 0 1 0 1 1 0 1 1 0 1 1|1 0 1 1 1 1 0 1 0 1 1 1 1 1|1 1 1 1 1 1 1 0 1 1 1 1 0 1|0 1 0 0 1 0 0 1 0 0 1 0 0 1|1 0 1 1 1 1 1 1 0 0 1 0 1 1|1 1 1 0 1 1 1 1 1 1 0 0 1 1|0 0 0 1 0 0 1 1 0 0 0 0 1 1|0 1 0 1 0 1 1 0 0 1 1 1 0 1|1 1 0 1 1 1 1 1 1 1 1 1 1 0"
204,"ID21-14.70.2:",14,4,4136,"1, 3, 4, 6, 7, 8, 10, 11, 13, 14","1->13, 2->2, 3->6, 4->10, 5->5, 6->1, 7->14, 8->11, 9->9, 10->7, 11->3, 12->12, 13->4, 14->8","1-6, 1-8, 1-10, 1-14, 2-6, 2-11, 2-14, 3-7, 3-10, 3-11, 4-7, 4-10, 4-12, 4-14, 5-7, 5-9, 5-11, 5-14, 6-8, 6-10, 6-11, 6-13, 6-14, 7-10, 7-11, 7-12, 8-14, 9-11, 9-14, 10-11, 10-13, 10-14, 11-13, 11-14, 12-14","1-2, 1-3, 1-4, 1-7, 1-8, 1-11, 1-13, 2-3, 2-8, 3-4, 3-5, 3-6, 3-7, 3-8, 3-9, 3-14, 4-7, 5-8, 5-9, 5-14, 6-7, 6-14, 7-8, 7-10, 7-13, 7-14, 8-9, 8-10, 8-11, 8-12, 8-13, 10-12, 10-14, 11-13, 12-14","1-2, 1-3, 1-4, 1-6, 1-7, 1-8, 1-10, 1-11, 1-13, 1-14, 2-3, 2-6, 2-8, 2-11, 2-14, 3-4, 3-5, 3-6, 3-7, 3-8, 3-9, 3-10, 3-11, 3-14, 4-7, 4-10, 4-12, 4-14, 5-7, 5-8, 5-9, 5-11, 5-14, 6-7, 6-8, 6-10, 6-11, 6-13, 6-14, 7-8, 7-10, 7-11, 7-12, 7-13, 7-14, 8-9, 8-10, 8-11, 8-12, 8-13, 8-14, 9-11, 9-14, 10-11, 10-12, 10-13, 10-14, 11-13, 11-14, 12-14",4,4,8,"0 0 0 0 0 1 0 1 0 1 0 0 0 1|0 0 0 0 0 1 0 0 0 0 1 0 0 1|0 0 0 0 0 0 1 0 0 1 1 0 0 0|0 0 0 0 0 0 1 0 0 1 0 1 0 1|0 0 0 0 0 0 1 0 1 0 1 0 0 1|1 1 0 0 0 0 0 1 0 1 1 0 1 1|0 0 1 1 1 0 0 0 0 1 1 1 0 0|1 0 0 0 0 1 0 0 0 0 0 0 0 1|0 0 0 0 1 0 0 0 0 0 1 0 0 1|1 0 1 1 0 1 1 0 0 0 1 0 1 1|0 1 1 0 1 1 1 0 1 1 0 0 1 1|0 0 0 1 0 0 1 0 0 0 0 0 0 1|0 0 0 0 0 1 0 0 0 1 1 0 0 0|1 1 0 1 1 1 0 1 1 1 1 1 0 0","0 1 1 1 0 0 1 1 0 0 1 0 1 0|1 0 1 0 0 0 0 1 0 0 0 0 0 0|1 1 0 1 1 1 1 1 1 0 0 0 0 1|1 0 1 0 0 0 1 0 0 0 0 0 0 0|0 0 1 0 0 0 0 1 1 0 0 0 0 1|0 0 1 0 0 0 1 0 0 0 0 0 0 1|1 0 1 1 0 1 0 1 0 1 0 0 1 1|1 1 1 0 1 0 1 0 1 1 1 1 1 0|0 0 1 0 1 0 0 1 0 0 0 0 0 0|0 0 0 0 0 0 1 1 0 0 0 1 0 1|1 0 0 0 0 0 0 1 0 0 0 0 1 0|0 0 0 0 0 0 0 1 0 1 0 0 0 1|1 0 0 0 0 0 1 1 0 0 1 0 0 0|0 0 1 0 1 1 1 0 0 1 0 1 0 0","0 1 1 1 0 1 1 1 0 1 1 0 1 1|1 0 1 0 0 1 0 1 0 0 1 0 0 1|1 1 0 1 1 1 1 1 1 1 1 0 0 1|1 0 1 0 0 0 1 0 0 1 0 1 0 1|0 0 1 0 0 0 1 1 1 0 1 0 0 1|1 1 1 0 0 0 1 1 0 1 1 0 1 1|1 0 1 1 1 1 0 1 0 1 1 1 1 1|1 1 1 0 1 1 1 0 1 1 1 1 1 1|0 0 1 0 1 0 0 1 0 0 1 0 0 1|1 0 1 1 0 1 1 1 0 0 1 1 1 1|1 1 1 0 1 1 1 1 1 1 0 0 1 1|0 0 0 1 0 0 1 1 0 1 0 0 0 1|1 0 0 0 0 1 1 1 0 1 1 0 0 0|1 1 1 1 1 1 1 1 1 1 1 1 0 0"
205,"ID21-14.70.2:",14,5,8837,"2, 3, 4, 5, 6, 10, 11, 12, 13, 14","1->1, 2->11, 3->2, 4->13, 5->14, 6->4, 7->7, 8->8, 9->9, 10->6, 11->12, 12->5, 13->10, 14->3","1-6, 1-8, 1-10, 1-14, 2-6, 2-11, 2-14, 3-7, 3-10, 3-11, 4-7, 4-10, 4-12, 4-14, 5-7, 5-9, 5-11, 5-14, 6-8, 6-10, 6-11, 6-13, 6-14, 7-10, 7-11, 7-12, 8-14, 9-11, 9-14, 10-11, 10-13, 10-14, 11-13, 11-14, 12-14","1-3, 1-4, 1-6, 1-8, 2-6, 2-7, 2-12, 3-4, 3-5, 3-6, 3-8, 3-9, 3-11, 3-12, 3-13, 3-14, 4-6, 4-8, 4-10, 4-11, 4-12, 5-7, 5-13, 6-7, 6-10, 6-12, 6-13, 7-12, 7-13, 7-14, 9-12, 9-14, 10-12, 11-12, 12-14","1-3, 1-4, 1-6, 1-8, 1-10, 1-14, 2-6, 2-7, 2-11, 2-12, 2-14, 3-4, 3-5, 3-6, 3-7, 3-8, 3-9, 3-10, 3-11, 3-12, 3-13, 3-14, 4-6, 4-7, 4-8, 4-10, 4-11, 4-12, 4-14, 5-7, 5-9, 5-11, 5-13, 5-14, 6-7, 6-8, 6-10, 6-11, 6-12, 6-13, 6-14, 7-10, 7-11, 7-12, 7-13, 7-14, 8-14, 9-11, 9-12, 9-14, 10-11, 10-12, 10-13, 10-14, 11-12, 11-13, 11-14, 12-14",4,4,8,"0 0 0 0 0 1 0 1 0 1 0 0 0 1|0 0 0 0 0 1 0 0 0 0 1 0 0 1|0 0 0 0 0 0 1 0 0 1 1 0 0 0|0 0 0 0 0 0 1 0 0 1 0 1 0 1|0 0 0 0 0 0 1 0 1 0 1 0 0 1|1 1 0 0 0 0 0 1 0 1 1 0 1 1|0 0 1 1 1 0 0 0 0 1 1 1 0 0|1 0 0 0 0 1 0 0 0 0 0 0 0 1|0 0 0 0 1 0 0 0 0 0 1 0 0 1|1 0 1 1 0 1 1 0 0 0 1 0 1 1|0 1 1 0 1 1 1 0 1 1 0 0 1 1|0 0 0 1 0 0 1 0 0 0 0 0 0 1|0 0 0 0 0 1 0 0 0 1 1 0 0 0|1 1 0 1 1 1 0 1 1 1 1 1 0 0","0 0 1 1 0 1 0 1 0 0 0 0 0 0|0 0 0 0 0 1 1 0 0 0 0 1 0 0|1 0 0 1 1 1 0 1 1 0 1 1 1 1|1 0 1 0 0 1 0 1 0 1 1 1 0 0|0 0 1 0 0 0 1 0 0 0 0 0 1 0|1 1 1 1 0 0 1 0 0 1 0 1 1 0|0 1 0 0 1 1 0 0 0 0 0 1 1 1|1 0 1 1 0 0 0 0 0 0 0 0 0 0|0 0 1 0 0 0 0 0 0 0 0 1 0 1|0 0 0 1 0 1 0 0 0 0 0 1 0 0|0 0 1 1 0 0 0 0 0 0 0 1 0 0|0 1 1 1 0 1 1 0 1 1 1 0 0 1|0 0 1 0 1 1 1 0 0 0 0 0 0 0|0 0 1 0 0 0 1 0 1 0 0 1 0 0","0 0 1 1 0 1 0 1 0 1 0 0 0 1|0 0 0 0 0 1 1 0 0 0 1 1 0 1|1 0 0 1 1 1 1 1 1 1 1 1 1 1|1 0 1 0 0 1 1 1 0 1 1 1 0 1|0 0 1 0 0 0 1 0 1 0 1 0 1 1|1 1 1 1 0 0 1 1 0 1 1 1 1 1|0 1 1 1 1 1 0 0 0 1 1 1 1 1|1 0 1 1 0 1 0 0 0 0 0 0 0 1|0 0 1 0 1 0 0 0 0 0 1 1 0 1|1 0 1 1 0 1 1 0 0 0 1 1 1 1|0 1 1 1 1 1 1 0 1 1 0 1 1 1|0 1 1 1 0 1 1 0 1 1 1 0 0 1|0 0 1 0 1 1 1 0 0 1 1 0 0 0|1 1 1 1 1 1 1 1 1 1 1 1 0 0"
206,"ID21-14.70.2:",14,6,9603,"2, 4, 6, 7, 8, 10, 11, 12, 13, 14","1->1, 2->13, 3->3, 4->10, 5->5, 6->4, 7->12, 8->11, 9->9, 10->2, 11->14, 12->7, 13->6, 14->8","1-6, 1-8, 1-10, 1-14, 2-6, 2-11, 2-14, 3-7, 3-10, 3-11, 4-7, 4-10, 4-12, 4-14, 5-7, 5-9, 5-11, 5-14, 6-8, 6-10, 6-11, 6-13, 6-14, 7-10, 7-11, 7-12, 8-14, 9-11, 9-14, 10-11, 10-13, 10-14, 11-13, 11-14, 12-14","1-2, 1-4, 1-8, 1-11, 2-3, 2-4, 2-6, 2-8, 2-10, 2-12, 2-14, 3-12, 3-14, 4-6, 4-8, 4-11, 4-13, 4-14, 5-8, 5-9, 5-12, 5-14, 6-14, 7-8, 7-10, 7-12, 8-9, 8-10, 8-11, 8-13, 8-14, 9-14, 10-12, 12-14, 13-14","1-2, 1-4, 1-6, 1-8, 1-10, 1-11, 1-14, 2-3, 2-4, 2-6, 2-8, 2-10, 2-11, 2-12, 2-14, 3-7, 3-10, 3-11, 3-12, 3-14, 4-6, 4-7, 4-8, 4-10, 4-11, 4-12, 4-13, 4-14, 5-7, 5-8, 5-9, 5-11, 5-12, 5-14, 6-8, 6-10, 6-11, 6-13, 6-14, 7-8, 7-10, 7-11, 7-12, 8-9, 8-10, 8-11, 8-13, 8-14, 9-11, 9-14, 10-11, 10-12, 10-13, 10-14, 11-13, 11-14, 12-14, 13-14",4,4,8,"0 0 0 0 0 1 0 1 0 1 0 0 0 1|0 0 0 0 0 1 0 0 0 0 1 0 0 1|0 0 0 0 0 0 1 0 0 1 1 0 0 0|0 0 0 0 0 0 1 0 0 1 0 1 0 1|0 0 0 0 0 0 1 0 1 0 1 0 0 1|1 1 0 0 0 0 0 1 0 1 1 0 1 1|0 0 1 1 1 0 0 0 0 1 1 1 0 0|1 0 0 0 0 1 0 0 0 0 0 0 0 1|0 0 0 0 1 0 0 0 0 0 1 0 0 1|1 0 1 1 0 1 1 0 0 0 1 0 1 1|0 1 1 0 1 1 1 0 1 1 0 0 1 1|0 0 0 1 0 0 1 0 0 0 0 0 0 1|0 0 0 0 0 1 0 0 0 1 1 0 0 0|1 1 0 1 1 1 0 1 1 1 1 1 0 0","0 1 0 1 0 0 0 1 0 0 1 0 0 0|1 0 1 1 0 1 0 1 0 1 0 1 0 1|0 1 0 0 0 0 0 0 0 0 0 1 0 1|1 1 0 0 0 1 0 1 0 0 1 0 1 1|0 0 0 0 0 0 0 1 1 0 0 1 0 1|0 1 0 1 0 0 0 0 0 0 0 0 0 1|0 0 0 0 0 0 0 1 0 1 0 1 0 0|1 1 0 1 1 0 1 0 1 1 1 0 1 1|0 0 0 0 1 0 0 1 0 0 0 0 0 1|0 1 0 0 0 0 1 1 0 0 0 1 0 0|1 0 0 1 0 0 0 1 0 0 0 0 0 0|0 1 1 0 1 0 1 0 0 1 0 0 0 1|0 0 0 1 0 0 0 1 0 0 0 0 0 1|0 1 1 1 1 1 0 1 1 0 0 1 1 0","0 1 0 1 0 1 0 1 0 1 1 0 0 1|1 0 1 1 0 1 0 1 0 1 1 1 0 1|0 1 0 0 0 0 1 0 0 1 1 1 0 1|1 1 0 0 0 1 1 1 0 1 1 1 1 1|0 0 0 0 0 0 1 1 1 0 1 1 0 1|1 1 0 1 0 0 0 1 0 1 1 0 1 1|0 0 1 1 1 0 0 1 0 1 1 1 0 0|1 1 0 1 1 1 1 0 1 1 1 0 1 1|0 0 0 0 1 0 0 1 0 0 1 0 0 1|1 1 1 1 0 1 1 1 0 0 1 1 1 1|1 1 1 1 1 1 1 1 1 1 0 0 1 1|0 1 1 1 1 0 1 0 0 1 0 0 0 1|0 0 0 1 0 1 0 1 0 1 1 0 0 1|1 1 1 1 1 1 0 1 1 1 1 1 1 0"
207,"ID21-14.70.2:",14,7,10507,"1, 2, 4, 5, 6, 8, 9, 10, 13, 14","1->6, 2->1, 3->3, 4->13, 5->14, 6->9, 7->7, 8->5, 9->2, 10->8, 11->11, 12->12, 13->10, 14->4","1-6, 1-8, 1-10, 1-14, 2-6, 2-11, 2-14, 3-7, 3-10, 3-11, 4-7, 4-10, 4-12, 4-14, 5-7, 5-9, 5-11, 5-14, 6-8, 6-10, 6-11, 6-13, 6-14, 7-10, 7-11, 7-12, 8-14, 9-11, 9-14, 10-11, 10-13, 10-14, 11-13, 11-14, 12-14","1-4, 1-9, 1-11, 2-4, 2-11, 2-14, 3-7, 3-8, 3-11, 4-5, 4-6, 4-8, 4-9, 4-11, 4-12, 4-13, 4-14, 5-6, 5-9, 6-8, 6-9, 7-8, 7-11, 7-12, 7-13, 7-14, 8-9, 8-10, 8-11, 8-13, 9-10, 9-11, 10-11, 11-14, 12-13","1-4, 1-6, 1-8, 1-9, 1-10, 1-11, 1-14, 2-4, 2-6, 2-11, 2-14, 3-7, 3-8, 3-10, 3-11, 4-5, 4-6, 4-7, 4-8, 4-9, 4-10, 4-11, 4-12, 4-13, 4-14, 5-6, 5-7, 5-9, 5-11, 5-14, 6-8, 6-9, 6-10, 6-11, 6-13, 6-14, 7-8, 7-10, 7-11, 7-12, 7-13, 7-14, 8-9, 8-10, 8-11, 8-13, 8-14, 9-10, 9-11, 9-14, 10-11, 10-13, 10-14, 11-13, 11-14, 12-13, 12-14",4,4,8,"0 0 0 0 0 1 0 1 0 1 0 0 0 1|0 0 0 0 0 1 0 0 0 0 1 0 0 1|0 0 0 0 0 0 1 0 0 1 1 0 0 0|0 0 0 0 0 0 1 0 0 1 0 1 0 1|0 0 0 0 0 0 1 0 1 0 1 0 0 1|1 1 0 0 0 0 0 1 0 1 1 0 1 1|0 0 1 1 1 0 0 0 0 1 1 1 0 0|1 0 0 0 0 1 0 0 0 0 0 0 0 1|0 0 0 0 1 0 0 0 0 0 1 0 0 1|1 0 1 1 0 1 1 0 0 0 1 0 1 1|0 1 1 0 1 1 1 0 1 1 0 0 1 1|0 0 0 1 0 0 1 0 0 0 0 0 0 1|0 0 0 0 0 1 0 0 0 1 1 0 0 0|1 1 0 1 1 1 0 1 1 1 1 1 0 0","0 0 0 1 0 0 0 0 1 0 1 0 0 0|0 0 0 1 0 0 0 0 0 0 1 0 0 1|0 0 0 0 0 0 1 1 0 0 1 0 0 0|1 1 0 0 1 1 0 1 1 0 1 1 1 1|0 0 0 1 0 1 0 0 1 0 0 0 0 0|0 0 0 1 1 0 0 1 1 0 0 0 0 0|0 0 1 0 0 0 0 1 0 0 1 1 1 1|0 0 1 1 0 1 1 0 1 1 1 0 1 0|1 0 0 1 1 1 0 1 0 1 1 0 0 0|0 0 0 0 0 0 0 1 1 0 1 0 0 0|1 1 1 1 0 0 1 1 1 1 0 0 0 1|0 0 0 1 0 0 1 0 0 0 0 0 1 0|0 0 0 1 0 0 1 1 0 0 0 1 0 0|0 1 0 1 0 0 1 0 0 0 1 0 0 0","0 0 0 1 0 1 0 1 1 1 1 0 0 1|0 0 0 1 0 1 0 0 0 0 1 0 0 1|0 0 0 0 0 0 1 1 0 1 1 0 0 0|1 1 0 0 1 1 1 1 1 1 1 1 1 1|0 0 0 1 0 1 1 0 1 0 1 0 0 1|1 1 0 1 1 0 0 1 1 1 1 0 1 1|0 0 1 1 1 0 0 1 0 1 1 1 1 1|1 0 1 1 0 1 1 0 1 1 1 0 1 1|1 0 0 1 1 1 0 1 0 1 1 0 0 1|1 0 1 1 0 1 1 1 1 0 1 0 1 1|1 1 1 1 1 1 1 1 1 1 0 0 1 1|0 0 0 1 0 0 1 0 0 0 0 0 1 1|0 0 0 1 0 1 1 1 0 1 1 1 0 0|1 1 0 1 1 1 1 1 1 1 1 1 0 0"
208,"ID21-14.70.2:",14,8,11025,"1, 2, 4, 5, 6, 8, 10, 11, 13, 14","1->8, 2->11, 3->3, 4->14, 5->10, 6->1, 7->7, 8->5, 9->9, 10->13, 11->4, 12->12, 13->6, 14->2","1-6, 1-8, 1-10, 1-14, 2-6, 2-11, 2-14, 3-7, 3-10, 3-11, 4-7, 4-10, 4-12, 4-14, 5-7, 5-9, 5-11, 5-14, 6-8, 6-10, 6-11, 6-13, 6-14, 7-10, 7-11, 7-12, 8-14, 9-11, 9-14, 10-11, 10-13, 10-14, 11-13, 11-14, 12-14","1-2, 1-4, 1-5, 1-6, 1-8, 1-11, 1-13, 2-4, 2-5, 2-8, 2-9, 2-10, 2-11, 2-12, 2-13, 2-14, 3-4, 3-7, 3-13, 4-6, 4-7, 4-9, 4-10, 4-11, 4-13, 5-8, 6-13, 7-10, 7-12, 7-13, 7-14, 8-13, 9-10, 12-14, 13-14","1-2, 1-4, 1-5, 1-6, 1-8, 1-10, 1-11, 1-13, 1-14, 2-4, 2-5, 2-6, 2-8, 2-9, 2-10, 2-11, 2-12, 2-13, 2-14, 3-4, 3-7, 3-10, 3-11, 3-13, 4-6, 4-7, 4-9, 4-10, 4-11, 4-12, 4-13, 4-14, 5-7, 5-8, 5-9, 5-11, 5-14, 6-8, 6-10, 6-11, 6-13, 6-14, 7-10, 7-11, 7-12, 7-13, 7-14, 8-13, 8-14, 9-10, 9-11, 9-14, 10-11, 10-13, 10-14, 11-13, 11-14, 12-14, 13-14",4,4,8,"0 0 0 0 0 1 0 1 0 1 0 0 0 1|0 0 0 0 0 1 0 0 0 0 1 0 0 1|0 0 0 0 0 0 1 0 0 1 1 0 0 0|0 0 0 0 0 0 1 0 0 1 0 1 0 1|0 0 0 0 0 0 1 0 1 0 1 0 0 1|1 1 0 0 0 0 0 1 0 1 1 0 1 1|0 0 1 1 1 0 0 0 0 1 1 1 0 0|1 0 0 0 0 1 0 0 0 0 0 0 0 1|0 0 0 0 1 0 0 0 0 0 1 0 0 1|1 0 1 1 0 1 1 0 0 0 1 0 1 1|0 1 1 0 1 1 1 0 1 1 0 0 1 1|0 0 0 1 0 0 1 0 0 0 0 0 0 1|0 0 0 0 0 1 0 0 0 1 1 0 0 0|1 1 0 1 1 1 0 1 1 1 1 1 0 0","0 1 0 1 1 1 0 1 0 0 1 0 1 0|1 0 0 1 1 0 0 1 1 1 1 1 1 1|0 0 0 1 0 0 1 0 0 0 0 0 1 0|1 1 1 0 0 1 1 0 1 1 1 0 1 0|1 1 0 0 0 0 0 1 0 0 0 0 0 0|1 0 0 1 0 0 0 0 0 0 0 0 1 0|0 0 1 1 0 0 0 0 0 1 0 1 1 1|1 1 0 0 1 0 0 0 0 0 0 0 1 0|0 1 0 1 0 0 0 0 0 1 0 0 0 0|0 1 0 1 0 0 1 0 1 0 0 0 0 0|1 1 0 1 0 0 0 0 0 0 0 0 0 0|0 1 0 0 0 0 1 0 0 0 0 0 0 1|1 1 1 1 0 1 1 1 0 0 0 0 0 1|0 1 0 0 0 0 1 0 0 0 0 1 1 0","0 1 0 1 1 1 0 1 0 1 1 0 1 1|1 0 0 1 1 1 0 1 1 1 1 1 1 1|0 0 0 1 0 0 1 0 0 1 1 0 1 0|1 1 1 0 0 1 1 0 1 1 1 1 1 1|1 1 0 0 0 0 1 1 1 0 1 0 0 1|1 1 0 1 0 0 0 1 0 1 1 0 1 1|0 0 1 1 1 0 0 0 0 1 1 1 1 1|1 1 0 0 1 1 0 0 0 0 0 0 1 1|0 1 0 1 1 0 0 0 0 1 1 0 0 1|1 1 1 1 0 1 1 0 1 0 1 0 1 1|1 1 1 1 1 1 1 0 1 1 0 0 1 1|0 1 0 1 0 0 1 0 0 0 0 0 0 1|1 1 1 1 0 1 1 1 0 1 1 0 0 1|1 1 0 1 1 1 1 1 1 1 1 1 1 0"
209,"ID21-14.70.2:",14,9,11871,"1, 4, 5, 7, 8, 9, 10, 11, 12, 14","1->12, 2->2, 3->3, 4->11, 5->10, 6->6, 7->1, 8->7, 9->14, 10->4, 11->9, 12->5, 13->13, 14->8","1-6, 1-8, 1-10, 1-14, 2-6, 2-11, 2-14, 3-7, 3-10, 3-11, 4-7, 4-10, 4-12, 4-14, 5-7, 5-9, 5-11, 5-14, 6-8, 6-10, 6-11, 6-13, 6-14, 7-10, 7-11, 7-12, 8-14, 9-11, 9-14, 10-11, 10-13, 10-14, 11-13, 11-14, 12-14","1-3, 1-4, 1-5, 1-9, 1-10, 1-11, 2-6, 2-8, 2-9, 3-4, 3-9, 4-6, 4-8, 4-9, 4-11, 4-12, 4-13, 5-8, 5-11, 6-7, 6-8, 6-9, 6-12, 6-13, 7-8, 7-12, 8-9, 8-10, 8-11, 8-12, 8-14, 9-10, 9-13, 9-14, 10-14","1-3, 1-4, 1-5, 1-6, 1-8, 1-9, 1-10, 1-11, 1-14, 2-6, 2-8, 2-9, 2-11, 2-14, 3-4, 3-7, 3-9, 3-10, 3-11, 4-6, 4-7, 4-8, 4-9, 4-10, 4-11, 4-12, 4-13, 4-14, 5-7, 5-8, 5-9, 5-11, 5-14, 6-7, 6-8, 6-9, 6-10, 6-11, 6-12, 6-13, 6-14, 7-8, 7-10, 7-11, 7-12, 8-9, 8-10, 8-11, 8-12, 8-14, 9-10, 9-11, 9-13, 9-14, 10-11, 10-13, 10-14, 11-13, 11-14, 12-14",4,4,8,"0 0 0 0 0 1 0 1 0 1 0 0 0 1|0 0 0 0 0 1 0 0 0 0 1 0 0 1|0 0 0 0 0 0 1 0 0 1 1 0 0 0|0 0 0 0 0 0 1 0 0 1 0 1 0 1|0 0 0 0 0 0 1 0 1 0 1 0 0 1|1 1 0 0 0 0 0 1 0 1 1 0 1 1|0 0 1 1 1 0 0 0 0 1 1 1 0 0|1 0 0 0 0 1 0 0 0 0 0 0 0 1|0 0 0 0 1 0 0 0 0 0 1 0 0 1|1 0 1 1 0 1 1 0 0 0 1 0 1 1|0 1 1 0 1 1 1 0 1 1 0 0 1 1|0 0 0 1 0 0 1 0 0 0 0 0 0 1|0 0 0 0 0 1 0 0 0 1 1 0 0 0|1 1 0 1 1 1 0 1 1 1 1 1 0 0","0 0 1 1 1 0 0 0 1 1 1 0 0 0|0 0 0 0 0 1 0 1 1 0 0 0 0 0|1 0 0 1 0 0 0 0 1 0 0 0 0 0|1 0 1 0 0 1 0 1 1 0 1 1 1 0|1 0 0 0 0 0 0 1 0 0 1 0 0 0|0 1 0 1 0 0 1 1 1 0 0 1 1 0|0 0 0 0 0 1 0 1 0 0 0 1 0 0|0 1 0 1 1 1 1 0 1 1 1 1 0 1|1 1 1 1 0 1 0 1 0 1 0 0 1 1|1 0 0 0 0 0 0 1 1 0 0 0 0 1|1 0 0 1 1 0 0 1 0 0 0 0 0 0|0 0 0 1 0 1 1 1 0 0 0 0 0 0|0 0 0 1 0 1 0 0 1 0 0 0 0 0|0 0 0 0 0 0 0 1 1 1 0 0 0 0","0 0 1 1 1 1 0 1 1 1 1 0 0 1|0 0 0 0 0 1 0 1 1 0 1 0 0 1|1 0 0 1 0 0 1 0 1 1 1 0 0 0|1 0 1 0 0 1 1 1 1 1 1 1 1 1|1 0 0 0 0 0 1 1 1 0 1 0 0 1|1 1 0 1 0 0 1 1 1 1 1 1 1 1|0 0 1 1 1 1 0 1 0 1 1 1 0 0|1 1 0 1 1 1 1 0 1 1 1 1 0 1|1 1 1 1 1 1 0 1 0 1 1 0 1 1|1 0 1 1 0 1 1 1 1 0 1 0 1 1|1 1 1 1 1 1 1 1 1 1 0 0 1 1|0 0 0 1 0 1 1 1 0 0 0 0 0 1|0 0 0 1 0 1 0 0 1 1 1 0 0 0|1 1 0 1 1 1 0 1 1 1 1 1 0 0"
210,"ID21-14.70.2:",14,10,11898,"1, 2, 3, 6, 7, 8, 10, 11, 13, 14","1->2, 2->14, 3->8, 4->4, 5->5, 6->7, 7->13, 8->10, 9->9, 10->1, 11->6, 12->12, 13->11, 14->3","1-6, 1-8, 1-10, 1-14, 2-6, 2-11, 2-14, 3-7, 3-10, 3-11, 4-7, 4-10, 4-12, 4-14, 5-7, 5-9, 5-11, 5-14, 6-8, 6-10, 6-11, 6-13, 6-14, 7-10, 7-11, 7-12, 8-14, 9-11, 9-14, 10-11, 10-13, 10-14, 11-13, 11-14, 12-14","1-2, 1-3, 1-4, 1-6, 1-7, 1-8, 1-11, 1-13, 2-3, 2-7, 2-10, 3-4, 3-5, 3-6, 3-7, 3-9, 3-10, 3-12, 3-14, 4-12, 4-13, 5-6, 5-9, 5-13, 6-7, 6-8, 6-9, 6-11, 6-13, 6-14, 7-10, 7-11, 7-14, 8-13, 12-13","1-2, 1-3, 1-4, 1-6, 1-7, 1-8, 1-10, 1-11, 1-13, 1-14, 2-3, 2-6, 2-7, 2-10, 2-11, 2-14, 3-4, 3-5, 3-6, 3-7, 3-9, 3-10, 3-11, 3-12, 3-14, 4-7, 4-10, 4-12, 4-13, 4-14, 5-6, 5-7, 5-9, 5-11, 5-13, 5-14, 6-7, 6-8, 6-9, 6-10, 6-11, 6-13, 6-14, 7-10, 7-11, 7-12, 7-14, 8-13, 8-14, 9-11, 9-14, 10-11, 10-13, 10-14, 11-13, 11-14, 12-13, 12-14",4,4,8,"0 0 0 0 0 1 0 1 0 1 0 0 0 1|0 0 0 0 0 1 0 0 0 0 1 0 0 1|0 0 0 0 0 0 1 0 0 1 1 0 0 0|0 0 0 0 0 0 1 0 0 1 0 1 0 1|0 0 0 0 0 0 1 0 1 0 1 0 0 1|1 1 0 0 0 0 0 1 0 1 1 0 1 1|0 0 1 1 1 0 0 0 0 1 1 1 0 0|1 0 0 0 0 1 0 0 0 0 0 0 0 1|0 0 0 0 1 0 0 0 0 0 1 0 0 1|1 0 1 1 0 1 1 0 0 0 1 0 1 1|0 1 1 0 1 1 1 0 1 1 0 0 1 1|0 0 0 1 0 0 1 0 0 0 0 0 0 1|0 0 0 0 0 1 0 0 0 1 1 0 0 0|1 1 0 1 1 1 0 1 1 1 1 1 0 0","0 1 1 1 0 1 1 1 0 0 1 0 1 0|1 0 1 0 0 0 1 0 0 1 0 0 0 0|1 1 0 1 1 1 1 0 1 1 0 1 0 1|1 0 1 0 0 0 0 0 0 0 0 1 1 0|0 0 1 0 0 1 0 0 1 0 0 0 1 0|1 0 1 0 1 0 1 1 1 0 1 0 1 1|1 1 1 0 0 1 0 0 0 1 1 0 0 1|1 0 0 0 0 1 0 0 0 0 0 0 1 0|0 0 1 0 1 1 0 0 0 0 0 0 0 0|0 1 1 0 0 0 1 0 0 0 0 0 0 0|1 0 0 0 0 1 1 0 0 0 0 0 0 0|0 0 1 1 0 0 0 0 0 0 0 0 1 0|1 0 0 1 1 1 0 1 0 0 0 1 0 0|0 0 1 0 0 1 1 0 0 0 0 0 0 0","0 1 1 1 0 1 1 1 0 1 1 0 1 1|1 0 1 0 0 1 1 0 0 1 1 0 0 1|1 1 0 1 1 1 1 0 1 1 1 1 0 1|1 0 1 0 0 0 1 0 0 1 0 1 1 1|0 0 1 0 0 1 1 0 1 0 1 0 1 1|1 1 1 0 1 0 1 1 1 1 1 0 1 1|1 1 1 1 1 1 0 0 0 1 1 1 0 1|1 0 0 0 0 1 0 0 0 0 0 0 1 1|0 0 1 0 1 1 0 0 0 0 1 0 0 1|1 1 1 1 0 1 1 0 0 0 1 0 1 1|1 1 1 0 1 1 1 0 1 1 0 0 1 1|0 0 1 1 0 0 1 0 0 0 0 0 1 1|1 0 0 1 1 1 0 1 0 1 1 1 0 0|1 1 1 1 1 1 1 1 1 1 1 1 0 0"
211,"ID22-14.70.3:",14,1,8073,"1, 2, 5, 7, 8, 9, 11, 12, 13, 14","1->5, 2->14, 3->3, 4->4, 5->7, 6->6, 7->12, 8->1, 9->13, 10->10, 11->8, 12->2, 13->9, 14->11","1-4, 1-9, 1-12, 1-13, 2-7, 2-11, 2-13, 3-6, 3-10, 3-11, 4-8, 4-9, 4-11, 4-12, 5-8, 5-10, 5-11, 5-14, 6-10, 6-12, 7-11, 7-12, 7-13, 8-11, 8-12, 8-14, 9-11, 9-13, 10-11, 10-12, 10-14, 11-12, 11-13, 12-13, 12-14","1-2, 1-4, 1-7, 1-8, 1-11, 2-4, 2-5, 2-6, 2-8, 2-9, 2-10, 2-11, 2-12, 3-6, 3-8, 3-10, 4-5, 4-8, 4-13, 5-9, 5-13, 6-10, 7-8, 7-10, 7-11, 8-9, 8-10, 8-12, 8-13, 8-14, 9-12, 9-13, 9-14, 10-11, 12-14","1-2, 1-4, 1-7, 1-8, 1-9, 1-11, 1-12, 1-13, 2-4, 2-5, 2-6, 2-7, 2-8, 2-9, 2-10, 2-11, 2-12, 2-13, 3-6, 3-8, 3-10, 3-11, 4-5, 4-8, 4-9, 4-11, 4-12, 4-13, 5-8, 5-9, 5-10, 5-11, 5-13, 5-14, 6-10, 6-12, 7-8, 7-10, 7-11, 7-12, 7-13, 8-9, 8-10, 8-11, 8-12, 8-13, 8-14, 9-11, 9-12, 9-13, 9-14, 10-11, 10-12, 10-14, 11-12, 11-13, 12-13, 12-14",4,4,8,"0 0 0 1 0 0 0 0 1 0 0 1 1 0|0 0 0 0 0 0 1 0 0 0 1 0 1 0|0 0 0 0 0 1 0 0 0 1 1 0 0 0|1 0 0 0 0 0 0 1 1 0 1 1 0 0|0 0 0 0 0 0 0 1 0 1 1 0 0 1|0 0 1 0 0 0 0 0 0 1 0 1 0 0|0 1 0 0 0 0 0 0 0 0 1 1 1 0|0 0 0 1 1 0 0 0 0 0 1 1 0 1|1 0 0 1 0 0 0 0 0 0 1 0 1 0|0 0 1 0 1 1 0 0 0 0 1 1 0 1|0 1 1 1 1 0 1 1 1 1 0 1 1 0|1 0 0 1 0 1 1 1 0 1 1 0 1 1|1 1 0 0 0 0 1 0 1 0 1 1 0 0|0 0 0 0 1 0 0 1 0 1 0 1 0 0","0 1 0 1 0 0 1 1 0 0 1 0 0 0|1 0 0 1 1 1 0 1 1 1 1 1 0 0|0 0 0 0 0 1 0 1 0 1 0 0 0 0|1 1 0 0 1 0 0 1 0 0 0 0 1 0|0 1 0 1 0 0 0 0 1 0 0 0 1 0|0 1 1 0 0 0 0 0 0 1 0 0 0 0|1 0 0 0 0 0 0 1 0 1 1 0 0 0|1 1 1 1 0 0 1 0 1 1 0 1 1 1|0 1 0 0 1 0 0 1 0 0 0 1 1 1|0 1 1 0 0 1 1 1 0 0 1 0 0 0|1 1 0 0 0 0 1 0 0 1 0 0 0 0|0 1 0 0 0 0 0 1 1 0 0 0 0 1|0 0 0 1 1 0 0 1 1 0 0 0 0 0|0 0 0 0 0 0 0 1 1 0 0 1 0 0","0 1 0 1 0 0 1 1 1 0 1 1 1 0|1 0 0 1 1 1 1 1 1 1 1 1 1 0|0 0 0 0 0 1 0 1 0 1 1 0 0 0|1 1 0 0 1 0 0 1 1 0 1 1 1 0|0 1 0 1 0 0 0 1 1 1 1 0 1 1|0 1 1 0 0 0 0 0 0 1 0 1 0 0|1 1 0 0 0 0 0 1 0 1 1 1 1 0|1 1 1 1 1 0 1 0 1 1 1 1 1 1|1 1 0 1 1 0 0 1 0 0 1 1 1 1|0 1 1 0 1 1 1 1 0 0 1 1 0 1|1 1 1 1 1 0 1 1 1 1 0 1 1 0|1 1 0 1 0 1 1 1 1 1 1 0 1 1|1 1 0 1 1 0 1 1 1 0 1 1 0 0|0 0 0 0 1 0 0 1 1 1 0 1 0 0"
212,"ID22-14.70.3:",14,2,10404,"1, 2, 4, 5, 7, 9, 10, 11, 12, 13","1->4, 2->11, 3->3, 4->13, 5->2, 6->6, 7->12, 8->8, 9->10, 10->9, 11->1, 12->5, 13->7, 14->14","1-4, 1-9, 1-12, 1-13, 2-7, 2-11, 2-13, 3-6, 3-10, 3-11, 4-8, 4-9, 4-11, 4-12, 5-8, 5-10, 5-11, 5-14, 6-10, 6-12, 7-11, 7-12, 7-13, 8-11, 8-12, 8-14, 9-11, 9-13, 10-11, 10-12, 10-14, 11-12, 11-13, 12-13, 12-14","1-2, 1-3, 1-5, 1-7, 1-8, 1-9, 1-10, 1-11, 1-12, 1-13, 2-8, 2-9, 2-14, 3-6, 3-9, 4-5, 4-7, 4-10, 4-13, 5-6, 5-7, 5-8, 5-9, 5-12, 5-13, 5-14, 6-9, 7-10, 7-11, 7-12, 8-13, 8-14, 9-14, 10-13, 11-12","1-2, 1-3, 1-4, 1-5, 1-7, 1-8, 1-9, 1-10, 1-11, 1-12, 1-13, 2-7, 2-8, 2-9, 2-11, 2-13, 2-14, 3-6, 3-9, 3-10, 3-11, 4-5, 4-7, 4-8, 4-9, 4-10, 4-11, 4-12, 4-13, 5-6, 5-7, 5-8, 5-9, 5-10, 5-11, 5-12, 5-13, 5-14, 6-9, 6-10, 6-12, 7-10, 7-11, 7-12, 7-13, 8-11, 8-12, 8-13, 8-14, 9-11, 9-13, 9-14, 10-11, 10-12, 10-13, 10-14, 11-12, 11-13, 12-13, 12-14",4,4,8,"0 0 0 1 0 0 0 0 1 0 0 1 1 0|0 0 0 0 0 0 1 0 0 0 1 0 1 0|0 0 0 0 0 1 0 0 0 1 1 0 0 0|1 0 0 0 0 0 0 1 1 0 1 1 0 0|0 0 0 0 0 0 0 1 0 1 1 0 0 1|0 0 1 0 0 0 0 0 0 1 0 1 0 0|0 1 0 0 0 0 0 0 0 0 1 1 1 0|0 0 0 1 1 0 0 0 0 0 1 1 0 1|1 0 0 1 0 0 0 0 0 0 1 0 1 0|0 0 1 0 1 1 0 0 0 0 1 1 0 1|0 1 1 1 1 0 1 1 1 1 0 1 1 0|1 0 0 1 0 1 1 1 0 1 1 0 1 1|1 1 0 0 0 0 1 0 1 0 1 1 0 0|0 0 0 0 1 0 0 1 0 1 0 1 0 0","0 1 1 0 1 0 1 1 1 1 1 1 1 0|1 0 0 0 0 0 0 1 1 0 0 0 0 1|1 0 0 0 0 1 0 0 1 0 0 0 0 0|0 0 0 0 1 0 1 0 0 1 0 0 1 0|1 0 0 1 0 1 1 1 1 0 0 1 1 1|0 0 1 0 1 0 0 0 1 0 0 0 0 0|1 0 0 1 1 0 0 0 0 1 1 1 0 0|1 1 0 0 1 0 0 0 0 0 0 0 1 1|1 1 1 0 1 1 0 0 0 0 0 0 0 1|1 0 0 1 0 0 1 0 0 0 0 0 1 0|1 0 0 0 0 0 1 0 0 0 0 1 0 0|1 0 0 0 1 0 1 0 0 0 1 0 0 0|1 0 0 1 1 0 0 1 0 1 0 0 0 0|0 1 0 0 1 0 0 1 1 0 0 0 0 0","0 1 1 1 1 0 1 1 1 1 1 1 1 0|1 0 0 0 0 0 1 1 1 0 1 0 1 1|1 0 0 0 0 1 0 0 1 1 1 0 0 0|1 0 0 0 1 0 1 1 1 1 1 1 1 0|1 0 0 1 0 1 1 1 1 1 1 1 1 1|0 0 1 0 1 0 0 0 1 1 0 1 0 0|1 1 0 1 1 0 0 0 0 1 1 1 1 0|1 1 0 1 1 0 0 0 0 0 1 1 1 1|1 1 1 1 1 1 0 0 0 0 1 0 1 1|1 0 1 1 1 1 1 0 0 0 1 1 1 1|1 1 1 1 1 0 1 1 1 1 0 1 1 0|1 0 0 1 1 1 1 1 0 1 1 0 1 1|1 1 0 1 1 0 1 1 1 1 1 1 0 0|0 1 0 0 1 0 0 1 1 1 0 1 0 0"
213,"ID22-14.70.3:",14,3,12200,"1, 2, 4, 7, 8, 9, 10, 11, 12, 13","1->12, 2->8, 3->3, 4->9, 5->5, 6->6, 7->13, 8->1, 9->7, 10->11, 11->10, 12->2, 13->4, 14->14","1-4, 1-9, 1-12, 1-13, 2-7, 2-11, 2-13, 3-6, 3-10, 3-11, 4-8, 4-9, 4-11, 4-12, 5-8, 5-10, 5-11, 5-14, 6-10, 6-12, 7-11, 7-12, 7-13, 8-11, 8-12, 8-14, 9-11, 9-13, 10-11, 10-12, 10-14, 11-12, 11-13, 12-13, 12-14","1-2, 1-5, 1-9, 1-10, 1-14, 2-4, 2-6, 2-9, 2-10, 2-11, 2-12, 2-13, 2-14, 3-6, 3-10, 3-11, 4-7, 4-8, 4-10, 4-12, 4-13, 5-10, 5-11, 5-14, 6-11, 7-9, 7-10, 7-12, 8-10, 8-13, 9-10, 9-12, 10-11, 10-13, 11-14","1-2, 1-4, 1-5, 1-9, 1-10, 1-12, 1-13, 1-14, 2-4, 2-6, 2-7, 2-9, 2-10, 2-11, 2-12, 2-13, 2-14, 3-6, 3-10, 3-11, 4-7, 4-8, 4-9, 4-10, 4-11, 4-12, 4-13, 5-8, 5-10, 5-11, 5-14, 6-10, 6-11, 6-12, 7-9, 7-10, 7-11, 7-12, 7-13, 8-10, 8-11, 8-12, 8-13, 8-14, 9-10, 9-11, 9-12, 9-13, 10-11, 10-12, 10-13, 10-14, 11-12, 11-13, 11-14, 12-13, 12-14",4,4,8,"0 0 0 1 0 0 0 0 1 0 0 1 1 0|0 0 0 0 0 0 1 0 0 0 1 0 1 0|0 0 0 0 0 1 0 0 0 1 1 0 0 0|1 0 0 0 0 0 0 1 1 0 1 1 0 0|0 0 0 0 0 0 0 1 0 1 1 0 0 1|0 0 1 0 0 0 0 0 0 1 0 1 0 0|0 1 0 0 0 0 0 0 0 0 1 1 1 0|0 0 0 1 1 0 0 0 0 0 1 1 0 1|1 0 0 1 0 0 0 0 0 0 1 0 1 0|0 0 1 0 1 1 0 0 0 0 1 1 0 1|0 1 1 1 1 0 1 1 1 1 0 1 1 0|1 0 0 1 0 1 1 1 0 1 1 0 1 1|1 1 0 0 0 0 1 0 1 0 1 1 0 0|0 0 0 0 1 0 0 1 0 1 0 1 0 0","0 1 0 0 1 0 0 0 1 1 0 0 0 1|1 0 0 1 0 1 0 0 1 1 1 1 1 1|0 0 0 0 0 1 0 0 0 1 1 0 0 0|0 1 0 0 0 0 1 1 0 1 0 1 1 0|1 0 0 0 0 0 0 0 0 1 1 0 0 1|0 1 1 0 0 0 0 0 0 0 1 0 0 0|0 0 0 1 0 0 0 0 1 1 0 1 0 0|0 0 0 1 0 0 0 0 0 1 0 0 1 0|1 1 0 0 0 0 1 0 0 1 0 1 0 0|1 1 1 1 1 0 1 1 1 0 1 0 1 0|0 1 1 0 1 1 0 0 0 1 0 0 0 1|0 1 0 1 0 0 1 0 1 0 0 0 0 0|0 1 0 1 0 0 0 1 0 1 0 0 0 0|1 1 0 0 1 0 0 0 0 0 1 0 0 0","0 1 0 1 1 0 0 0 1 1 0 1 1 1|1 0 0 1 0 1 1 0 1 1 1 1 1 1|0 0 0 0 0 1 0 0 0 1 1 0 0 0|1 1 0 0 0 0 1 1 1 1 1 1 1 0|1 0 0 0 0 0 0 1 0 1 1 0 0 1|0 1 1 0 0 0 0 0 0 1 1 1 0 0|0 1 0 1 0 0 0 0 1 1 1 1 1 0|0 0 0 1 1 0 0 0 0 1 1 1 1 1|1 1 0 1 0 0 1 0 0 1 1 1 1 0|1 1 1 1 1 1 1 1 1 0 1 1 1 1|0 1 1 1 1 1 1 1 1 1 0 1 1 1|1 1 0 1 0 1 1 1 1 1 1 0 1 1|1 1 0 1 0 0 1 1 1 1 1 1 0 0|1 1 0 0 1 0 0 1 0 1 1 1 0 0"
214,"ID22-14.70.3:",14,4,14883,"1, 3, 5, 7, 8, 9, 10, 11, 12, 13","1->10, 2->2, 3->11, 4->4, 5->9, 6->6, 7->12, 8->3, 9->13, 10->1, 11->5, 12->7, 13->8, 14->14","1-4, 1-9, 1-12, 1-13, 2-7, 2-11, 2-13, 3-6, 3-10, 3-11, 4-8, 4-9, 4-11, 4-12, 5-8, 5-10, 5-11, 5-14, 6-10, 6-12, 7-11, 7-12, 7-13, 8-11, 8-12, 8-14, 9-11, 9-13, 10-11, 10-12, 10-14, 11-12, 11-13, 12-13, 12-14","1-5, 1-6, 1-7, 1-9, 1-11, 1-14, 2-5, 2-8, 2-12, 3-4, 3-5, 3-7, 3-9, 3-14, 4-5, 4-7, 4-10, 4-13, 5-7, 5-8, 5-9, 5-11, 5-12, 5-13, 6-7, 6-11, 7-8, 7-10, 7-12, 7-14, 8-10, 8-12, 8-13, 9-14, 10-13","1-4, 1-5, 1-6, 1-7, 1-9, 1-11, 1-12, 1-13, 1-14, 2-5, 2-7, 2-8, 2-11, 2-12, 2-13, 3-4, 3-5, 3-6, 3-7, 3-9, 3-10, 3-11, 3-14, 4-5, 4-7, 4-8, 4-9, 4-10, 4-11, 4-12, 4-13, 5-7, 5-8, 5-9, 5-10, 5-11, 5-12, 5-13, 5-14, 6-7, 6-10, 6-11, 6-12, 7-8, 7-10, 7-11, 7-12, 7-13, 7-14, 8-10, 8-11, 8-12, 8-13, 8-14, 9-11, 9-13, 9-14, 10-11, 10-12, 10-13, 10-14, 11-12, 11-13, 12-13, 12-14",4,4,8,"0 0 0 1 0 0 0 0 1 0 0 1 1 0|0 0 0 0 0 0 1 0 0 0 1 0 1 0|0 0 0 0 0 1 0 0 0 1 1 0 0 0|1 0 0 0 0 0 0 1 1 0 1 1 0 0|0 0 0 0 0 0 0 1 0 1 1 0 0 1|0 0 1 0 0 0 0 0 0 1 0 1 0 0|0 1 0 0 0 0 0 0 0 0 1 1 1 0|0 0 0 1 1 0 0 0 0 0 1 1 0 1|1 0 0 1 0 0 0 0 0 0 1 0 1 0|0 0 1 0 1 1 0 0 0 0 1 1 0 1|0 1 1 1 1 0 1 1 1 1 0 1 1 0|1 0 0 1 0 1 1 1 0 1 1 0 1 1|1 1 0 0 0 0 1 0 1 0 1 1 0 0|0 0 0 0 1 0 0 1 0 1 0 1 0 0","0 0 0 0 1 1 1 0 1 0 1 0 0 1|0 0 0 0 1 0 0 1 0 0 0 1 0 0|0 0 0 1 1 0 1 0 1 0 0 0 0 1|0 0 1 0 1 0 1 0 0 1 0 0 1 0|1 1 1 1 0 0 1 1 1 0 1 1 1 0|1 0 0 0 0 0 1 0 0 0 1 0 0 0|1 0 1 1 1 1 0 1 0 1 0 1 0 1|0 1 0 0 1 0 1 0 0 1 0 1 1 0|1 0 1 0 1 0 0 0 0 0 0 0 0 1|0 0 0 1 0 0 1 1 0 0 0 0 1 0|1 0 0 0 1 1 0 0 0 0 0 0 0 0|0 1 0 0 1 0 1 1 0 0 0 0 0 0|0 0 0 1 1 0 0 1 0 1 0 0 0 0|1 0 1 0 0 0 1 0 1 0 0 0 0 0","0 0 0 1 1 1 1 0 1 0 1 1 1 1|0 0 0 0 1 0 1 1 0 0 1 1 1 0|0 0 0 1 1 1 1 0 1 1 1 0 0 1|1 0 1 0 1 0 1 1 1 1 1 1 1 0|1 1 1 1 0 0 1 1 1 1 1 1 1 1|1 0 1 0 0 0 1 0 0 1 1 1 0 0|1 1 1 1 1 1 0 1 0 1 1 1 1 1|0 1 0 1 1 0 1 0 0 1 1 1 1 1|1 0 1 1 1 0 0 0 0 0 1 0 1 1|0 0 1 1 1 1 1 1 0 0 1 1 1 1|1 1 1 1 1 1 1 1 1 1 0 1 1 0|1 1 0 1 1 1 1 1 0 1 1 0 1 1|1 1 0 1 1 0 1 1 1 1 1 1 0 0|1 0 1 0 1 0 1 1 1 1 0 1 0 0"
215,"ID22-14.70.3:",14,5,16339,"1, 2, 5, 7, 8, 9, 10, 11, 12, 14","1->8, 2->5, 3->3, 4->4, 5->12, 6->6, 7->14, 8->2, 9->11, 10->7, 11->1, 12->10, 13->13, 14->9","1-4, 1-9, 1-12, 1-13, 2-7, 2-11, 2-13, 3-6, 3-10, 3-11, 4-8, 4-9, 4-11, 4-12, 5-8, 5-10, 5-11, 5-14, 6-10, 6-12, 7-11, 7-12, 7-13, 8-11, 8-12, 8-14, 9-11, 9-13, 10-11, 10-12, 10-14, 11-12, 11-13, 12-13, 12-14","1-2, 1-3, 1-4, 1-5, 1-7, 1-10, 1-11, 1-12, 1-13, 1-14, 2-4, 2-9, 2-10, 2-12, 3-6, 3-7, 4-8, 4-10, 4-11, 5-13, 5-14, 6-7, 6-10, 7-9, 7-10, 7-12, 8-10, 8-11, 8-13, 9-10, 9-12, 10-13, 10-14, 11-13, 13-14","1-2, 1-3, 1-4, 1-5, 1-7, 1-9, 1-10, 1-11, 1-12, 1-13, 1-14, 2-4, 2-7, 2-9, 2-10, 2-11, 2-12, 2-13, 3-6, 3-7, 3-10, 3-11, 4-8, 4-9, 4-10, 4-11, 4-12, 5-8, 5-10, 5-11, 5-13, 5-14, 6-7, 6-10, 6-12, 7-9, 7-10, 7-11, 7-12, 7-13, 8-10, 8-11, 8-12, 8-13, 8-14, 9-10, 9-11, 9-12, 9-13, 10-11, 10-12, 10-13, 10-14, 11-12, 11-13, 12-13, 12-14, 13-14",4,4,8,"0 0 0 1 0 0 0 0 1 0 0 1 1 0|0 0 0 0 0 0 1 0 0 0 1 0 1 0|0 0 0 0 0 1 0 0 0 1 1 0 0 0|1 0 0 0 0 0 0 1 1 0 1 1 0 0|0 0 0 0 0 0 0 1 0 1 1 0 0 1|0 0 1 0 0 0 0 0 0 1 0 1 0 0|0 1 0 0 0 0 0 0 0 0 1 1 1 0|0 0 0 1 1 0 0 0 0 0 1 1 0 1|1 0 0 1 0 0 0 0 0 0 1 0 1 0|0 0 1 0 1 1 0 0 0 0 1 1 0 1|0 1 1 1 1 0 1 1 1 1 0 1 1 0|1 0 0 1 0 1 1 1 0 1 1 0 1 1|1 1 0 0 0 0 1 0 1 0 1 1 0 0|0 0 0 0 1 0 0 1 0 1 0 1 0 0","0 1 1 1 1 0 1 0 0 1 1 1 1 1|1 0 0 1 0 0 0 0 1 1 0 1 0 0|1 0 0 0 0 1 1 0 0 0 0 0 0 0|1 1 0 0 0 0 0 1 0 1 1 0 0 0|1 0 0 0 0 0 0 0 0 0 0 0 1 1|0 0 1 0 0 0 1 0 0 1 0 0 0 0|1 0 1 0 0 1 0 0 1 1 0 1 0 0|0 0 0 1 0 0 0 0 0 1 1 0 1 0|0 1 0 0 0 0 1 0 0 1 0 1 0 0|1 1 0 1 0 1 1 1 1 0 0 0 1 1|1 0 0 1 0 0 0 1 0 0 0 0 1 0|1 1 0 0 0 0 1 0 1 0 0 0 0 0|1 0 0 0 1 0 0 1 0 1 1 0 0 1|1 0 0 0 1 0 0 0 0 1 0 0 1 0","0 1 1 1 1 0 1 0 1 1 1 1 1 1|1 0 0 1 0 0 1 0 1 1 1 1 1 0|1 0 0 0 0 1 1 0 0 1 1 0 0 0|1 1 0 0 0 0 0 1 1 1 1 1 0 0|1 0 0 0 0 0 0 1 0 1 1 0 1 1|0 0 1 0 0 0 1 0 0 1 0 1 0 0|1 1 1 0 0 1 0 0 1 1 1 1 1 0|0 0 0 1 1 0 0 0 0 1 1 1 1 1|1 1 0 1 0 0 1 0 0 1 1 1 1 0|1 1 1 1 1 1 1 1 1 0 1 1 1 1|1 1 1 1 1 0 1 1 1 1 0 1 1 0|1 1 0 1 0 1 1 1 1 1 1 0 1 1|1 1 0 0 1 0 1 1 1 1 1 1 0 1|1 0 0 0 1 0 0 1 0 1 0 1 1 0"
216,"ID22-14.70.3:",14,6,21536,"1, 2, 5, 7, 8, 9, 10, 11, 12, 14","1->12, 2->10, 3->3, 4->4, 5->9, 6->6, 7->8, 8->7, 9->5, 10->11, 11->1, 12->14, 13->13, 14->2","1-4, 1-9, 1-12, 1-13, 2-7, 2-11, 2-13, 3-6, 3-10, 3-11, 4-8, 4-9, 4-11, 4-12, 5-8, 5-10, 5-11, 5-14, 6-10, 6-12, 7-11, 7-12, 7-13, 8-11, 8-12, 8-14, 9-11, 9-13, 10-11, 10-12, 10-14, 11-12, 11-13, 12-13, 12-14","1-3, 1-4, 1-5, 1-7, 1-8, 1-9, 1-10, 1-11, 1-13, 1-14, 2-7, 2-9, 2-11, 2-14, 3-6, 3-11, 4-5, 4-7, 4-12, 4-14, 5-12, 5-13, 6-11, 6-14, 7-9, 7-14, 8-10, 8-13, 8-14, 9-11, 10-13, 11-14, 12-13, 12-14, 13-14","1-3, 1-4, 1-5, 1-7, 1-8, 1-9, 1-10, 1-11, 1-12, 1-13, 1-14, 2-7, 2-9, 2-11, 2-13, 2-14, 3-6, 3-10, 3-11, 4-5, 4-7, 4-8, 4-9, 4-11, 4-12, 4-14, 5-8, 5-10, 5-11, 5-12, 5-13, 5-14, 6-10, 6-11, 6-12, 6-14, 7-9, 7-11, 7-12, 7-13, 7-14, 8-10, 8-11, 8-12, 8-13, 8-14, 9-11, 9-13, 10-11, 10-12, 10-13, 10-14, 11-12, 11-13, 11-14, 12-13, 12-14, 13-14",4,4,8,"0 0 0 1 0 0 0 0 1 0 0 1 1 0|0 0 0 0 0 0 1 0 0 0 1 0 1 0|0 0 0 0 0 1 0 0 0 1 1 0 0 0|1 0 0 0 0 0 0 1 1 0 1 1 0 0|0 0 0 0 0 0 0 1 0 1 1 0 0 1|0 0 1 0 0 0 0 0 0 1 0 1 0 0|0 1 0 0 0 0 0 0 0 0 1 1 1 0|0 0 0 1 1 0 0 0 0 0 1 1 0 1|1 0 0 1 0 0 0 0 0 0 1 0 1 0|0 0 1 0 1 1 0 0 0 0 1 1 0 1|0 1 1 1 1 0 1 1 1 1 0 1 1 0|1 0 0 1 0 1 1 1 0 1 1 0 1 1|1 1 0 0 0 0 1 0 1 0 1 1 0 0|0 0 0 0 1 0 0 1 0 1 0 1 0 0","0 0 1 1 1 0 1 1 1 1 1 0 1 1|0 0 0 0 0 0 1 0 1 0 1 0 0 1|1 0 0 0 0 1 0 0 0 0 1 0 0 0|1 0 0 0 1 0 1 0 0 0 0 1 0 1|1 0 0 1 0 0 0 0 0 0 0 1 1 0|0 0 1 0 0 0 0 0 0 0 1 0 0 1|1 1 0 1 0 0 0 0 1 0 0 0 0 1|1 0 0 0 0 0 0 0 0 1 0 0 1 1|1 1 0 0 0 0 1 0 0 0 1 0 0 0|1 0 0 0 0 0 0 1 0 0 0 0 1 0|1 1 1 0 0 1 0 0 1 0 0 0 0 1|0 0 0 1 1 0 0 0 0 0 0 0 1 1|1 0 0 0 1 0 0 1 0 1 0 1 0 1|1 1 0 1 0 1 1 1 0 0 1 1 1 0","0 0 1 1 1 0 1 1 1 1 1 1 1 1|0 0 0 0 0 0 1 0 1 0 1 0 1 1|1 0 0 0 0 1 0 0 0 1 1 0 0 0|1 0 0 0 1 0 1 1 1 0 1 1 0 1|1 0 0 1 0 0 0 1 0 1 1 1 1 1|0 0 1 0 0 0 0 0 0 1 1 1 0 1|1 1 0 1 0 0 0 0 1 0 1 1 1 1|1 0 0 1 1 0 0 0 0 1 1 1 1 1|1 1 0 1 0 0 1 0 0 0 1 0 1 0|1 0 1 0 1 1 0 1 0 0 1 1 1 1|1 1 1 1 1 1 1 1 1 1 0 1 1 1|1 0 0 1 1 1 1 1 0 1 1 0 1 1|1 1 0 0 1 0 1 1 1 1 1 1 0 1|1 1 0 1 1 1 1 1 0 1 1 1 1 0"
217,"ID22-14.70.3:",14,7,22915,"1, 4, 5, 7, 8, 9, 10, 11, 12, 13","1->4, 2->2, 3->3, 4->12, 5->9, 6->6, 7->8, 8->11, 9->5, 10->13, 11->1, 12->10, 13->7, 14->14","1-4, 1-9, 1-12, 1-13, 2-7, 2-11, 2-13, 3-6, 3-10, 3-11, 4-8, 4-9, 4-11, 4-12, 5-8, 5-10, 5-11, 5-14, 6-10, 6-12, 7-11, 7-12, 7-13, 8-11, 8-12, 8-14, 9-11, 9-13, 10-11, 10-12, 10-14, 11-12, 11-13, 12-13, 12-14","1-2, 1-3, 1-5, 1-7, 1-8, 1-9, 1-10, 1-11, 1-12, 1-13, 2-7, 2-8, 3-6, 3-13, 4-5, 4-7, 4-10, 4-12, 5-7, 5-12, 6-10, 6-13, 7-8, 7-10, 8-10, 9-11, 9-13, 9-14, 10-11, 10-12, 10-13, 10-14, 11-12, 11-14, 13-14","1-2, 1-3, 1-4, 1-5, 1-7, 1-8, 1-9, 1-10, 1-11, 1-12, 1-13, 2-7, 2-8, 2-11, 2-13, 3-6, 3-10, 3-11, 3-13, 4-5, 4-7, 4-8, 4-9, 4-10, 4-11, 4-12, 5-7, 5-8, 5-10, 5-11, 5-12, 5-14, 6-10, 6-12, 6-13, 7-8, 7-10, 7-11, 7-12, 7-13, 8-10, 8-11, 8-12, 8-14, 9-11, 9-13, 9-14, 10-11, 10-12, 10-13, 10-14, 11-12, 11-13, 11-14, 12-13, 12-14, 13-14",4,4,8,"0 0 0 1 0 0 0 0 1 0 0 1 1 0|0 0 0 0 0 0 1 0 0 0 1 0 1 0|0 0 0 0 0 1 0 0 0 1 1 0 0 0|1 0 0 0 0 0 0 1 1 0 1 1 0 0|0 0 0 0 0 0 0 1 0 1 1 0 0 1|0 0 1 0 0 0 0 0 0 1 0 1 0 0|0 1 0 0 0 0 0 0 0 0 1 1 1 0|0 0 0 1 1 0 0 0 0 0 1 1 0 1|1 0 0 1 0 0 0 0 0 0 1 0 1 0|0 0 1 0 1 1 0 0 0 0 1 1 0 1|0 1 1 1 1 0 1 1 1 1 0 1 1 0|1 0 0 1 0 1 1 1 0 1 1 0 1 1|1 1 0 0 0 0 1 0 1 0 1 1 0 0|0 0 0 0 1 0 0 1 0 1 0 1 0 0","0 1 1 0 1 0 1 1 1 1 1 1 1 0|1 0 0 0 0 0 1 1 0 0 0 0 0 0|1 0 0 0 0 1 0 0 0 0 0 0 1 0|0 0 0 0 1 0 1 0 0 1 0 1 0 0|1 0 0 1 0 0 1 0 0 0 0 1 0 0|0 0 1 0 0 0 0 0 0 1 0 0 1 0|1 1 0 1 1 0 0 1 0 1 0 0 0 0|1 1 0 0 0 0 1 0 0 1 0 0 0 0|1 0 0 0 0 0 0 0 0 0 1 0 1 1|1 0 0 1 0 1 1 1 0 0 1 1 1 1|1 0 0 0 0 0 0 0 1 1 0 1 0 1|1 0 0 1 1 0 0 0 0 1 1 0 0 0|1 0 1 0 0 1 0 0 1 1 0 0 0 1|0 0 0 0 0 0 0 0 1 1 1 0 1 0","0 1 1 1 1 0 1 1 1 1 1 1 1 0|1 0 0 0 0 0 1 1 0 0 1 0 1 0|1 0 0 0 0 1 0 0 0 1 1 0 1 0|1 0 0 0 1 0 1 1 1 1 1 1 0 0|1 0 0 1 0 0 1 1 0 1 1 1 0 1|0 0 1 0 0 0 0 0 0 1 0 1 1 0|1 1 0 1 1 0 0 1 0 1 1 1 1 0|1 1 0 1 1 0 1 0 0 1 1 1 0 1|1 0 0 1 0 0 0 0 0 0 1 0 1 1|1 0 1 1 1 1 1 1 0 0 1 1 1 1|1 1 1 1 1 0 1 1 1 1 0 1 1 1|1 0 0 1 1 1 1 1 0 1 1 0 1 1|1 1 1 0 0 1 1 0 1 1 1 1 0 1|0 0 0 0 1 0 0 1 1 1 1 1 1 0"
218,"ID22-14.70.3:",14,8,25904,"1, 2, 3, 4, 7, 9, 10, 11, 12, 14","1->10, 2->14, 3->9, 4->7, 5->5, 6->6, 7->2, 8->8, 9->4, 10->12, 11->3, 12->1, 13->13, 14->11","1-4, 1-9, 1-12, 1-13, 2-7, 2-11, 2-13, 3-6, 3-10, 3-11, 4-8, 4-9, 4-11, 4-12, 5-8, 5-10, 5-11, 5-14, 6-10, 6-12, 7-11, 7-12, 7-13, 8-11, 8-12, 8-14, 9-11, 9-13, 10-11, 10-12, 10-14, 11-12, 11-13, 12-13, 12-14","1-2, 1-3, 1-6, 1-7, 1-8, 1-10, 1-11, 1-12, 1-13, 2-3, 2-13, 2-14, 3-4, 3-5, 3-7, 3-8, 3-9, 3-12, 3-13, 3-14, 4-7, 4-10, 4-13, 5-8, 5-11, 5-12, 6-9, 6-12, 7-8, 7-10, 8-11, 9-12, 10-13, 11-12, 13-14","1-2, 1-3, 1-4, 1-6, 1-7, 1-8, 1-9, 1-10, 1-11, 1-12, 1-13, 2-3, 2-7, 2-11, 2-13, 2-14, 3-4, 3-5, 3-6, 3-7, 3-8, 3-9, 3-10, 3-11, 3-12, 3-13, 3-14, 4-7, 4-8, 4-9, 4-10, 4-11, 4-12, 4-13, 5-8, 5-10, 5-11, 5-12, 5-14, 6-9, 6-10, 6-12, 7-8, 7-10, 7-11, 7-12, 7-13, 8-11, 8-12, 8-14, 9-11, 9-12, 9-13, 10-11, 10-12, 10-13, 10-14, 11-12, 11-13, 12-13, 12-14, 13-14",4,4,8,"0 0 0 1 0 0 0 0 1 0 0 1 1 0|0 0 0 0 0 0 1 0 0 0 1 0 1 0|0 0 0 0 0 1 0 0 0 1 1 0 0 0|1 0 0 0 0 0 0 1 1 0 1 1 0 0|0 0 0 0 0 0 0 1 0 1 1 0 0 1|0 0 1 0 0 0 0 0 0 1 0 1 0 0|0 1 0 0 0 0 0 0 0 0 1 1 1 0|0 0 0 1 1 0 0 0 0 0 1 1 0 1|1 0 0 1 0 0 0 0 0 0 1 0 1 0|0 0 1 0 1 1 0 0 0 0 1 1 0 1|0 1 1 1 1 0 1 1 1 1 0 1 1 0|1 0 0 1 0 1 1 1 0 1 1 0 1 1|1 1 0 0 0 0 1 0 1 0 1 1 0 0|0 0 0 0 1 0 0 1 0 1 0 1 0 0","0 1 1 0 0 1 1 1 0 1 1 1 1 0|1 0 1 0 0 0 0 0 0 0 0 0 1 1|1 1 0 1 1 0 1 1 1 0 0 1 1 1|0 0 1 0 0 0 1 0 0 1 0 0 1 0|0 0 1 0 0 0 0 1 0 0 1 1 0 0|1 0 0 0 0 0 0 0 1 0 0 1 0 0|1 0 1 1 0 0 0 1 0 1 0 0 0 0|1 0 1 0 1 0 1 0 0 0 1 0 0 0|0 0 1 0 0 1 0 0 0 0 0 1 0 0|1 0 0 1 0 0 1 0 0 0 0 0 1 0|1 0 0 0 1 0 0 1 0 0 0 1 0 0|1 0 1 0 1 1 0 0 1 0 1 0 0 0|1 1 1 1 0 0 0 0 0 1 0 0 0 1|0 1 1 0 0 0 0 0 0 0 0 0 1 0","0 1 1 1 0 1 1 1 1 1 1 1 1 0|1 0 1 0 0 0 1 0 0 0 1 0 1 1|1 1 0 1 1 1 1 1 1 1 1 1 1 1|1 0 1 0 0 0 1 1 1 1 1 1 1 0|0 0 1 0 0 0 0 1 0 1 1 1 0 1|1 0 1 0 0 0 0 0 1 1 0 1 0 0|1 1 1 1 0 0 0 1 0 1 1 1 1 0|1 0 1 1 1 0 1 0 0 0 1 1 0 1|1 0 1 1 0 1 0 0 0 0 1 1 1 0|1 0 1 1 1 1 1 0 0 0 1 1 1 1|1 1 1 1 1 0 1 1 1 1 0 1 1 0|1 0 1 1 1 1 1 1 1 1 1 0 1 1|1 1 1 1 0 0 1 0 1 1 1 1 0 1|0 1 1 0 1 0 0 1 0 1 0 1 1 0"
219,"ID22-14.70.3:",14,9,26661,"2, 5, 6, 8, 9, 10, 11, 12, 13, 14","1->1, 2->14, 3->3, 4->4, 5->9, 6->2, 7->7, 8->5, 9->11, 10->8, 11->10, 12->13, 13->6, 14->12","1-4, 1-9, 1-12, 1-13, 2-7, 2-11, 2-13, 3-6, 3-10, 3-11, 4-8, 4-9, 4-11, 4-12, 5-8, 5-10, 5-11, 5-14, 6-10, 6-12, 7-11, 7-12, 7-13, 8-11, 8-12, 8-14, 9-11, 9-13, 10-11, 10-12, 10-14, 11-12, 11-13, 12-13, 12-14","1-4, 1-6, 1-11, 1-13, 2-3, 2-8, 2-13, 3-8, 3-10, 4-5, 4-10, 4-11, 4-13, 5-9, 5-10, 5-12, 5-13, 6-7, 6-10, 6-11, 6-13, 6-14, 7-10, 7-13, 7-14, 8-9, 8-10, 8-12, 8-13, 9-10, 9-12, 10-11, 10-13, 10-14, 12-13","1-4, 1-6, 1-9, 1-11, 1-12, 1-13, 2-3, 2-7, 2-8, 2-11, 2-13, 3-6, 3-8, 3-10, 3-11, 4-5, 4-8, 4-9, 4-10, 4-11, 4-12, 4-13, 5-8, 5-9, 5-10, 5-11, 5-12, 5-13, 5-14, 6-7, 6-10, 6-11, 6-12, 6-13, 6-14, 7-10, 7-11, 7-12, 7-13, 7-14, 8-9, 8-10, 8-11, 8-12, 8-13, 8-14, 9-10, 9-11, 9-12, 9-13, 10-11, 10-12, 10-13, 10-14, 11-12, 11-13, 12-13, 12-14",4,4,8,"0 0 0 1 0 0 0 0 1 0 0 1 1 0|0 0 0 0 0 0 1 0 0 0 1 0 1 0|0 0 0 0 0 1 0 0 0 1 1 0 0 0|1 0 0 0 0 0 0 1 1 0 1 1 0 0|0 0 0 0 0 0 0 1 0 1 1 0 0 1|0 0 1 0 0 0 0 0 0 1 0 1 0 0|0 1 0 0 0 0 0 0 0 0 1 1 1 0|0 0 0 1 1 0 0 0 0 0 1 1 0 1|1 0 0 1 0 0 0 0 0 0 1 0 1 0|0 0 1 0 1 1 0 0 0 0 1 1 0 1|0 1 1 1 1 0 1 1 1 1 0 1 1 0|1 0 0 1 0 1 1 1 0 1 1 0 1 1|1 1 0 0 0 0 1 0 1 0 1 1 0 0|0 0 0 0 1 0 0 1 0 1 0 1 0 0","0 0 0 1 0 1 0 0 0 0 1 0 1 0|0 0 1 0 0 0 0 1 0 0 0 0 1 0|0 1 0 0 0 0 0 1 0 1 0 0 0 0|1 0 0 0 1 0 0 0 0 1 1 0 1 0|0 0 0 1 0 0 0 0 1 1 0 1 1 0|1 0 0 0 0 0 1 0 0 1 1 0 1 1|0 0 0 0 0 1 0 0 0 1 0 0 1 1|0 1 1 0 0 0 0 0 1 1 0 1 1 0|0 0 0 0 1 0 0 1 0 1 0 1 0 0|0 0 1 1 1 1 1 1 1 0 1 0 1 1|1 0 0 1 0 1 0 0 0 1 0 0 0 0|0 0 0 0 1 0 0 1 1 0 0 0 1 0|1 1 0 1 1 1 1 1 0 1 0 1 0 0|0 0 0 0 0 1 1 0 0 1 0 0 0 0","0 0 0 1 0 1 0 0 1 0 1 1 1 0|0 0 1 0 0 0 1 1 0 0 1 0 1 0|0 1 0 0 0 1 0 1 0 1 1 0 0 0|1 0 0 0 1 0 0 1 1 1 1 1 1 0|0 0 0 1 0 0 0 1 1 1 1 1 1 1|1 0 1 0 0 0 1 0 0 1 1 1 1 1|0 1 0 0 0 1 0 0 0 1 1 1 1 1|0 1 1 1 1 0 0 0 1 1 1 1 1 1|1 0 0 1 1 0 0 1 0 1 1 1 1 0|0 0 1 1 1 1 1 1 1 0 1 1 1 1|1 1 1 1 1 1 1 1 1 1 0 1 1 0|1 0 0 1 1 1 1 1 1 1 1 0 1 1|1 1 0 1 1 1 1 1 1 1 1 1 0 0|0 0 0 0 1 1 1 1 0 1 0 1 0 0"
220,"ID22-14.70.3:",14,10,26919,"2, 3, 4, 5, 6, 7, 8, 9, 11, 12","1->1, 2->4, 3->2, 4->5, 5->11, 6->9, 7->3, 8->6, 9->12, 10->10, 11->8, 12->7, 13->13, 14->14","1-4, 1-9, 1-12, 1-13, 2-7, 2-11, 2-13, 3-6, 3-10, 3-11, 4-8, 4-9, 4-11, 4-12, 5-8, 5-10, 5-11, 5-14, 6-10, 6-12, 7-11, 7-12, 7-13, 8-11, 8-12, 8-14, 9-11, 9-13, 10-11, 10-12, 10-14, 11-12, 11-13, 12-13, 12-14","1-5, 1-7, 1-12, 1-13, 2-8, 2-9, 2-10, 3-4, 3-7, 3-8, 3-13, 4-8, 4-13, 5-6, 5-7, 5-8, 5-12, 6-7, 6-8, 6-11, 6-14, 7-8, 7-9, 7-10, 7-13, 7-14, 8-10, 8-11, 8-12, 8-13, 9-10, 10-11, 10-14, 11-14, 12-13","1-4, 1-5, 1-7, 1-9, 1-12, 1-13, 2-7, 2-8, 2-9, 2-10, 2-11, 2-13, 3-4, 3-6, 3-7, 3-8, 3-10, 3-11, 3-13, 4-8, 4-9, 4-11, 4-12, 4-13, 5-6, 5-7, 5-8, 5-10, 5-11, 5-12, 5-14, 6-7, 6-8, 6-10, 6-11, 6-12, 6-14, 7-8, 7-9, 7-10, 7-11, 7-12, 7-13, 7-14, 8-10, 8-11, 8-12, 8-13, 8-14, 9-10, 9-11, 9-13, 10-11, 10-12, 10-14, 11-12, 11-13, 11-14, 12-13, 12-14",4,4,8,"0 0 0 1 0 0 0 0 1 0 0 1 1 0|0 0 0 0 0 0 1 0 0 0 1 0 1 0|0 0 0 0 0 1 0 0 0 1 1 0 0 0|1 0 0 0 0 0 0 1 1 0 1 1 0 0|0 0 0 0 0 0 0 1 0 1 1 0 0 1|0 0 1 0 0 0 0 0 0 1 0 1 0 0|0 1 0 0 0 0 0 0 0 0 1 1 1 0|0 0 0 1 1 0 0 0 0 0 1 1 0 1|1 0 0 1 0 0 0 0 0 0 1 0 1 0|0 0 1 0 1 1 0 0 0 0 1 1 0 1|0 1 1 1 1 0 1 1 1 1 0 1 1 0|1 0 0 1 0 1 1 1 0 1 1 0 1 1|1 1 0 0 0 0 1 0 1 0 1 1 0 0|0 0 0 0 1 0 0 1 0 1 0 1 0 0","0 0 0 0 1 0 1 0 0 0 0 1 1 0|0 0 0 0 0 0 0 1 1 1 0 0 0 0|0 0 0 1 0 0 1 1 0 0 0 0 1 0|0 0 1 0 0 0 0 1 0 0 0 0 1 0|1 0 0 0 0 1 1 1 0 0 0 1 0 0|0 0 0 0 1 0 1 1 0 0 1 0 0 1|1 0 1 0 1 1 0 1 1 1 0 0 1 1|0 1 1 1 1 1 1 0 0 1 1 1 1 0|0 1 0 0 0 0 1 0 0 1 0 0 0 0|0 1 0 0 0 0 1 1 1 0 1 0 0 1|0 0 0 0 0 1 0 1 0 1 0 0 0 1|1 0 0 0 1 0 0 1 0 0 0 0 1 0|1 0 1 1 0 0 1 1 0 0 0 1 0 0|0 0 0 0 0 1 1 0 0 1 1 0 0 0","0 0 0 1 1 0 1 0 1 0 0 1 1 0|0 0 0 0 0 0 1 1 1 1 1 0 1 0|0 0 0 1 0 1 1 1 0 1 1 0 1 0|1 0 1 0 0 0 0 1 1 0 1 1 1 0|1 0 0 0 0 1 1 1 0 1 1 1 0 1|0 0 1 0 1 0 1 1 0 1 1 1 0 1|1 1 1 0 1 1 0 1 1 1 1 1 1 1|0 1 1 1 1 1 1 0 0 1 1 1 1 1|1 1 0 1 0 0 1 0 0 1 1 0 1 0|0 1 1 0 1 1 1 1 1 0 1 1 0 1|0 1 1 1 1 1 1 1 1 1 0 1 1 1|1 0 0 1 1 1 1 1 0 1 1 0 1 1|1 1 1 1 0 0 1 1 1 0 1 1 0 0|0 0 0 0 1 1 1 1 0 1 1 1 0 0"
221,"ID23-14.71.1:",14,1,246,"1, 2, 3, 7, 8, 9, 10, 11, 12, 13","1->9, 2->11, 3->12, 4->4, 5->5, 6->6, 7->2, 8->10, 9->8, 10->13, 11->3, 12->7, 13->1, 14->14","1-7, 1-10, 1-14, 2-5, 2-8, 2-10, 2-12, 3-6, 3-7, 3-9, 3-11, 3-13, 4-10, 4-13, 4-14, 5-8, 5-12, 5-13, 6-7, 6-11, 7-10, 7-11, 7-12, 7-13, 7-14, 8-10, 8-13, 9-11, 9-12, 9-13, 10-12, 10-13, 10-14, 11-12, 12-13, 13-14","1-2, 1-4, 1-5, 1-7, 1-8, 1-10, 1-12, 1-13, 1-14, 2-3, 2-6, 2-7, 2-9, 2-12, 2-13, 2-14, 3-6, 3-7, 3-8, 3-12, 4-13, 4-14, 5-7, 5-10, 5-11, 6-12, 7-8, 7-11, 7-13, 8-12, 9-13, 9-14, 10-11, 10-13, 11-13, 13-14","1-2, 1-4, 1-5, 1-7, 1-8, 1-10, 1-12, 1-13, 1-14, 2-3, 2-5, 2-6, 2-7, 2-8, 2-9, 2-10, 2-12, 2-13, 2-14, 3-6, 3-7, 3-8, 3-9, 3-11, 3-12, 3-13, 4-10, 4-13, 4-14, 5-7, 5-8, 5-10, 5-11, 5-12, 5-13, 6-7, 6-11, 6-12, 7-8, 7-10, 7-11, 7-12, 7-13, 7-14, 8-10, 8-12, 8-13, 9-11, 9-12, 9-13, 9-14, 10-11, 10-12, 10-13, 10-14, 11-12, 11-13, 12-13, 13-14",4,4,8,"0 0 0 0 0 0 1 0 0 1 0 0 0 1|0 0 0 0 1 0 0 1 0 1 0 1 0 0|0 0 0 0 0 1 1 0 1 0 1 0 1 0|0 0 0 0 0 0 0 0 0 1 0 0 1 1|0 1 0 0 0 0 0 1 0 0 0 1 1 0|0 0 1 0 0 0 1 0 0 0 1 0 0 0|1 0 1 0 0 1 0 0 0 1 1 1 1 1|0 1 0 0 1 0 0 0 0 1 0 0 1 0|0 0 1 0 0 0 0 0 0 0 1 1 1 0|1 1 0 1 0 0 1 1 0 0 0 1 1 1|0 0 1 0 0 1 1 0 1 0 0 1 0 0|0 1 0 0 1 0 1 0 1 1 1 0 1 0|0 0 1 1 1 0 1 1 1 1 0 1 0 1|1 0 0 1 0 0 1 0 0 1 0 0 1 0","0 1 0 1 1 0 1 1 0 1 0 1 1 1|1 0 1 0 0 1 1 0 1 0 0 1 1 1|0 1 0 0 0 1 1 1 0 0 0 1 0 0|1 0 0 0 0 0 0 0 0 0 0 0 1 1|1 0 0 0 0 0 1 0 0 1 1 0 0 0|0 1 1 0 0 0 0 0 0 0 0 1 0 0|1 1 1 0 1 0 0 1 0 0 1 0 1 0|1 0 1 0 0 0 1 0 0 0 0 1 0 0|0 1 0 0 0 0 0 0 0 0 0 0 1 1|1 0 0 0 1 0 0 0 0 0 1 0 1 0|0 0 0 0 1 0 1 0 0 1 0 0 1 0|1 1 1 0 0 1 0 1 0 0 0 0 0 0|1 1 0 1 0 0 1 0 1 1 1 0 0 1|1 1 0 1 0 0 0 0 1 0 0 0 1 0","0 1 0 1 1 0 1 1 0 1 0 1 1 1|1 0 1 0 1 1 1 1 1 1 0 1 1 1|0 1 0 0 0 1 1 1 1 0 1 1 1 0|1 0 0 0 0 0 0 0 0 1 0 0 1 1|1 1 0 0 0 0 1 1 0 1 1 1 1 0|0 1 1 0 0 0 1 0 0 0 1 1 0 0|1 1 1 0 1 1 0 1 0 1 1 1 1 1|1 1 1 0 1 0 1 0 0 1 0 1 1 0|0 1 1 0 0 0 0 0 0 0 1 1 1 1|1 1 0 1 1 0 1 1 0 0 1 1 1 1|0 0 1 0 1 1 1 0 1 1 0 1 1 0|1 1 1 0 1 1 1 1 1 1 1 0 1 0|1 1 1 1 1 0 1 1 1 1 1 1 0 1|1 1 0 1 0 0 1 0 1 1 0 0 1 0"
222,"ID23-14.71.1:",14,2,1506,"4, 6, 7, 8, 9, 10, 11, 12, 13, 14","1->1, 2->2, 3->3, 4->7, 5->5, 6->14, 7->13, 8->4, 9->12, 10->9, 11->10, 12->6, 13->8, 14->11","1-7, 1-10, 1-14, 2-5, 2-8, 2-10, 2-12, 3-6, 3-7, 3-9, 3-11, 3-13, 4-10, 4-13, 4-14, 5-8, 5-12, 5-13, 6-7, 6-11, 7-10, 7-11, 7-12, 7-13, 7-14, 8-10, 8-13, 9-11, 9-12, 9-13, 10-12, 10-13, 10-14, 11-12, 12-13, 13-14","1-9, 1-11, 1-13, 2-4, 2-5, 2-6, 2-9, 3-8, 3-10, 3-12, 3-13, 3-14, 4-5, 4-8, 4-9, 5-6, 5-8, 6-8, 6-9, 6-10, 6-12, 6-13, 7-8, 7-9, 7-11, 8-9, 8-11, 8-12, 8-13, 9-11, 9-13, 10-12, 10-13, 10-14, 11-13, 13-14","1-7, 1-9, 1-10, 1-11, 1-13, 1-14, 2-4, 2-5, 2-6, 2-8, 2-9, 2-10, 2-12, 3-6, 3-7, 3-8, 3-9, 3-10, 3-11, 3-12, 3-13, 3-14, 4-5, 4-8, 4-9, 4-10, 4-13, 4-14, 5-6, 5-8, 5-12, 5-13, 6-7, 6-8, 6-9, 6-10, 6-11, 6-12, 6-13, 7-8, 7-9, 7-10, 7-11, 7-12, 7-13, 7-14, 8-9, 8-10, 8-11, 8-12, 8-13, 9-11, 9-12, 9-13, 10-12, 10-13, 10-14, 11-12, 11-13, 12-13, 13-14",4,4,8,"0 0 0 0 0 0 1 0 0 1 0 0 0 1|0 0 0 0 1 0 0 1 0 1 0 1 0 0|0 0 0 0 0 1 1 0 1 0 1 0 1 0|0 0 0 0 0 0 0 0 0 1 0 0 1 1|0 1 0 0 0 0 0 1 0 0 0 1 1 0|0 0 1 0 0 0 1 0 0 0 1 0 0 0|1 0 1 0 0 1 0 0 0 1 1 1 1 1|0 1 0 0 1 0 0 0 0 1 0 0 1 0|0 0 1 0 0 0 0 0 0 0 1 1 1 0|1 1 0 1 0 0 1 1 0 0 0 1 1 1|0 0 1 0 0 1 1 0 1 0 0 1 0 0|0 1 0 0 1 0 1 0 1 1 1 0 1 0|0 0 1 1 1 0 1 1 1 1 0 1 0 1|1 0 0 1 0 0 1 0 0 1 0 0 1 0","0 0 0 0 0 0 0 0 1 0 1 0 1 0|0 0 0 1 1 1 0 0 1 0 0 0 0 0|0 0 0 0 0 0 0 1 0 1 0 1 1 1|0 1 0 0 1 0 0 1 1 0 0 0 0 0|0 1 0 1 0 1 0 1 0 0 0 0 0 0|0 1 0 0 1 0 0 1 1 1 0 1 1 0|0 0 0 0 0 0 0 1 1 0 1 0 0 0|0 0 1 1 1 1 1 0 1 0 1 1 1 0|1 1 0 1 0 1 1 1 0 0 1 0 1 0|0 0 1 0 0 1 0 0 0 0 0 1 1 1|1 0 0 0 0 0 1 1 1 0 0 0 1 0|0 0 1 0 0 1 0 1 0 1 0 0 0 0|1 0 1 0 0 1 0 1 1 1 1 0 0 1|0 0 1 0 0 0 0 0 0 1 0 0 1 0","0 0 0 0 0 0 1 0 1 1 1 0 1 1|0 0 0 1 1 1 0 1 1 1 0 1 0 0|0 0 0 0 0 1 1 1 1 1 1 1 1 1|0 1 0 0 1 0 0 1 1 1 0 0 1 1|0 1 0 1 0 1 0 1 0 0 0 1 1 0|0 1 1 0 1 0 1 1 1 1 1 1 1 0|1 0 1 0 0 1 0 1 1 1 1 1 1 1|0 1 1 1 1 1 1 0 1 1 1 1 1 0|1 1 1 1 0 1 1 1 0 0 1 1 1 0|1 1 1 1 0 1 1 1 0 0 0 1 1 1|1 0 1 0 0 1 1 1 1 0 0 1 1 0|0 1 1 0 1 1 1 1 1 1 1 0 1 0|1 0 1 1 1 1 1 1 1 1 1 1 0 1|1 0 1 1 0 0 1 0 0 1 0 0 1 0"
223,"ID23-14.71.1:",14,3,2196,"3, 5, 6, 7, 8, 9, 10, 12, 13, 14","1->1, 2->2, 3->8, 4->4, 5->3, 6->13, 7->6, 8->14, 9->5, 10->9, 11->11, 12->10, 13->12, 14->7","1-7, 1-10, 1-14, 2-5, 2-8, 2-10, 2-12, 3-6, 3-7, 3-9, 3-11, 3-13, 4-10, 4-13, 4-14, 5-8, 5-12, 5-13, 6-7, 6-11, 7-10, 7-11, 7-12, 7-13, 7-14, 8-10, 8-13, 9-11, 9-12, 9-13, 10-12, 10-13, 10-14, 11-12, 12-13, 13-14","1-6, 1-7, 1-9, 2-3, 2-9, 2-10, 2-14, 3-10, 3-12, 3-14, 4-7, 4-9, 4-12, 5-8, 5-10, 5-11, 5-12, 6-7, 6-8, 6-9, 6-10, 6-11, 6-12, 6-13, 7-9, 7-12, 8-11, 8-12, 8-13, 9-10, 9-12, 9-14, 10-11, 10-12, 11-13, 12-14","1-6, 1-7, 1-9, 1-10, 1-14, 2-3, 2-5, 2-8, 2-9, 2-10, 2-12, 2-14, 3-6, 3-7, 3-9, 3-10, 3-11, 3-12, 3-13, 3-14, 4-7, 4-9, 4-10, 4-12, 4-13, 4-14, 5-8, 5-10, 5-11, 5-12, 5-13, 6-7, 6-8, 6-9, 6-10, 6-11, 6-12, 6-13, 7-9, 7-10, 7-11, 7-12, 7-13, 7-14, 8-10, 8-11, 8-12, 8-13, 9-10, 9-11, 9-12, 9-13, 9-14, 10-11, 10-12, 10-13, 10-14, 11-12, 11-13, 12-13, 12-14, 13-14",4,4,8,"0 0 0 0 0 0 1 0 0 1 0 0 0 1|0 0 0 0 1 0 0 1 0 1 0 1 0 0|0 0 0 0 0 1 1 0 1 0 1 0 1 0|0 0 0 0 0 0 0 0 0 1 0 0 1 1|0 1 0 0 0 0 0 1 0 0 0 1 1 0|0 0 1 0 0 0 1 0 0 0 1 0 0 0|1 0 1 0 0 1 0 0 0 1 1 1 1 1|0 1 0 0 1 0 0 0 0 1 0 0 1 0|0 0 1 0 0 0 0 0 0 0 1 1 1 0|1 1 0 1 0 0 1 1 0 0 0 1 1 1|0 0 1 0 0 1 1 0 1 0 0 1 0 0|0 1 0 0 1 0 1 0 1 1 1 0 1 0|0 0 1 1 1 0 1 1 1 1 0 1 0 1|1 0 0 1 0 0 1 0 0 1 0 0 1 0","0 0 0 0 0 1 1 0 1 0 0 0 0 0|0 0 1 0 0 0 0 0 1 1 0 0 0 1|0 1 0 0 0 0 0 0 0 1 0 1 0 1|0 0 0 0 0 0 1 0 1 0 0 1 0 0|0 0 0 0 0 0 0 1 0 1 1 1 0 0|1 0 0 0 0 0 1 1 1 1 1 1 1 0|1 0 0 1 0 1 0 0 1 0 0 1 0 0|0 0 0 0 1 1 0 0 0 0 1 1 1 0|1 1 0 1 0 1 1 0 0 1 0 1 0 1|0 1 1 0 1 1 0 0 1 0 1 1 0 0|0 0 0 0 1 1 0 1 0 1 0 0 1 0|0 0 1 1 1 1 1 1 1 1 0 0 0 1|0 0 0 0 0 1 0 1 0 0 1 0 0 0|0 1 1 0 0 0 0 0 1 0 0 1 0 0","0 0 0 0 0 1 1 0 1 1 0 0 0 1|0 0 1 0 1 0 0 1 1 1 0 1 0 1|0 1 0 0 0 1 1 0 1 1 1 1 1 1|0 0 0 0 0 0 1 0 1 1 0 1 1 1|0 1 0 0 0 0 0 1 0 1 1 1 1 0|1 0 1 0 0 0 1 1 1 1 1 1 1 0|1 0 1 1 0 1 0 0 1 1 1 1 1 1|0 1 0 0 1 1 0 0 0 1 1 1 1 0|1 1 1 1 0 1 1 0 0 1 1 1 1 1|1 1 1 1 1 1 1 1 1 0 1 1 1 1|0 0 1 0 1 1 1 1 1 1 0 1 1 0|0 1 1 1 1 1 1 1 1 1 1 0 1 1|0 0 1 1 1 1 1 1 1 1 1 1 0 1|1 1 1 1 0 0 1 0 1 1 0 1 1 0"
224,"ID23-14.71.1:",14,4,4349,"1, 2, 3, 5, 7, 10, 11, 12, 13, 14","1->2, 2->3, 3->7, 4->4, 5->12, 6->6, 7->11, 8->8, 9->9, 10->13, 11->10, 12->14, 13->1, 14->5","1-7, 1-10, 1-14, 2-5, 2-8, 2-10, 2-12, 3-6, 3-7, 3-9, 3-11, 3-13, 4-10, 4-13, 4-14, 5-8, 5-12, 5-13, 6-7, 6-11, 7-10, 7-11, 7-12, 7-13, 7-14, 8-10, 8-13, 9-11, 9-12, 9-13, 10-12, 10-13, 10-14, 11-12, 12-13, 13-14","1-4, 1-5, 1-7, 1-8, 1-9, 1-11, 1-12, 1-13, 1-14, 2-5, 2-11, 2-13, 3-8, 3-12, 3-13, 3-14, 4-5, 4-13, 5-11, 5-13, 6-7, 6-10, 6-11, 7-9, 7-10, 7-11, 8-12, 8-13, 9-10, 9-14, 10-11, 10-14, 11-13, 11-14, 12-14, 13-14","1-4, 1-5, 1-7, 1-8, 1-9, 1-10, 1-11, 1-12, 1-13, 1-14, 2-5, 2-8, 2-10, 2-11, 2-12, 2-13, 3-6, 3-7, 3-8, 3-9, 3-11, 3-12, 3-13, 3-14, 4-5, 4-10, 4-13, 4-14, 5-8, 5-11, 5-12, 5-13, 6-7, 6-10, 6-11, 7-9, 7-10, 7-11, 7-12, 7-13, 7-14, 8-10, 8-12, 8-13, 9-10, 9-11, 9-12, 9-13, 9-14, 10-11, 10-12, 10-13, 10-14, 11-12, 11-13, 11-14, 12-13, 12-14, 13-14",4,4,8,"0 0 0 0 0 0 1 0 0 1 0 0 0 1|0 0 0 0 1 0 0 1 0 1 0 1 0 0|0 0 0 0 0 1 1 0 1 0 1 0 1 0|0 0 0 0 0 0 0 0 0 1 0 0 1 1|0 1 0 0 0 0 0 1 0 0 0 1 1 0|0 0 1 0 0 0 1 0 0 0 1 0 0 0|1 0 1 0 0 1 0 0 0 1 1 1 1 1|0 1 0 0 1 0 0 0 0 1 0 0 1 0|0 0 1 0 0 0 0 0 0 0 1 1 1 0|1 1 0 1 0 0 1 1 0 0 0 1 1 1|0 0 1 0 0 1 1 0 1 0 0 1 0 0|0 1 0 0 1 0 1 0 1 1 1 0 1 0|0 0 1 1 1 0 1 1 1 1 0 1 0 1|1 0 0 1 0 0 1 0 0 1 0 0 1 0","0 0 0 1 1 0 1 1 1 0 1 1 1 1|0 0 0 0 1 0 0 0 0 0 1 0 1 0|0 0 0 0 0 0 0 1 0 0 0 1 1 1|1 0 0 0 1 0 0 0 0 0 0 0 1 0|1 1 0 1 0 0 0 0 0 0 1 0 1 0|0 0 0 0 0 0 1 0 0 1 1 0 0 0|1 0 0 0 0 1 0 0 1 1 1 0 0 0|1 0 1 0 0 0 0 0 0 0 0 1 1 0|1 0 0 0 0 0 1 0 0 1 0 0 0 1|0 0 0 0 0 1 1 0 1 0 1 0 0 1|1 1 0 0 1 1 1 0 0 1 0 0 1 1|1 0 1 0 0 0 0 1 0 0 0 0 0 1|1 1 1 1 1 0 0 1 0 0 1 0 0 1|1 0 1 0 0 0 0 0 1 1 1 1 1 0","0 0 0 1 1 0 1 1 1 1 1 1 1 1|0 0 0 0 1 0 0 1 0 1 1 1 1 0|0 0 0 0 0 1 1 1 1 0 1 1 1 1|1 0 0 0 1 0 0 0 0 1 0 0 1 1|1 1 0 1 0 0 0 1 0 0 1 1 1 0|0 0 1 0 0 0 1 0 0 1 1 0 0 0|1 0 1 0 0 1 0 0 1 1 1 1 1 1|1 1 1 0 1 0 0 0 0 1 0 1 1 0|1 0 1 0 0 0 1 0 0 1 1 1 1 1|1 1 0 1 0 1 1 1 1 0 1 1 1 1|1 1 1 0 1 1 1 0 1 1 0 1 1 1|1 1 1 0 1 0 1 1 1 1 1 0 1 1|1 1 1 1 1 0 1 1 1 1 1 1 0 1|1 0 1 1 0 0 1 0 1 1 1 1 1 0"
225,"ID23-14.71.1:",14,5,4798,"2, 3, 4, 5, 6, 7, 10, 12, 13, 14","1->1, 2->12, 3->14, 4->13, 5->7, 6->4, 7->10, 8->8, 9->9, 10->3, 11->11, 12->5, 13->2, 14->6","1-7, 1-10, 1-14, 2-5, 2-8, 2-10, 2-12, 3-6, 3-7, 3-9, 3-11, 3-13, 4-10, 4-13, 4-14, 5-8, 5-12, 5-13, 6-7, 6-11, 7-10, 7-11, 7-12, 7-13, 7-14, 8-10, 8-13, 9-11, 9-12, 9-13, 10-12, 10-13, 10-14, 11-12, 12-13, 13-14","1-3, 1-6, 1-10, 2-3, 2-5, 2-6, 2-7, 2-8, 2-9, 2-10, 2-13, 2-14, 3-5, 3-6, 3-8, 3-10, 3-12, 3-13, 4-10, 4-11, 4-14, 5-7, 5-9, 5-10, 5-11, 5-12, 6-10, 6-13, 7-8, 7-12, 8-12, 9-11, 9-14, 10-11, 10-14, 11-14","1-3, 1-6, 1-7, 1-10, 1-14, 2-3, 2-5, 2-6, 2-7, 2-8, 2-9, 2-10, 2-12, 2-13, 2-14, 3-5, 3-6, 3-7, 3-8, 3-9, 3-10, 3-11, 3-12, 3-13, 4-10, 4-11, 4-13, 4-14, 5-7, 5-8, 5-9, 5-10, 5-11, 5-12, 5-13, 6-7, 6-10, 6-11, 6-13, 7-8, 7-10, 7-11, 7-12, 7-13, 7-14, 8-10, 8-12, 8-13, 9-11, 9-12, 9-13, 9-14, 10-11, 10-12, 10-13, 10-14, 11-12, 11-14, 12-13, 13-14",4,4,8,"0 0 0 0 0 0 1 0 0 1 0 0 0 1|0 0 0 0 1 0 0 1 0 1 0 1 0 0|0 0 0 0 0 1 1 0 1 0 1 0 1 0|0 0 0 0 0 0 0 0 0 1 0 0 1 1|0 1 0 0 0 0 0 1 0 0 0 1 1 0|0 0 1 0 0 0 1 0 0 0 1 0 0 0|1 0 1 0 0 1 0 0 0 1 1 1 1 1|0 1 0 0 1 0 0 0 0 1 0 0 1 0|0 0 1 0 0 0 0 0 0 0 1 1 1 0|1 1 0 1 0 0 1 1 0 0 0 1 1 1|0 0 1 0 0 1 1 0 1 0 0 1 0 0|0 1 0 0 1 0 1 0 1 1 1 0 1 0|0 0 1 1 1 0 1 1 1 1 0 1 0 1|1 0 0 1 0 0 1 0 0 1 0 0 1 0","0 0 1 0 0 1 0 0 0 1 0 0 0 0|0 0 1 0 1 1 1 1 1 1 0 0 1 1|1 1 0 0 1 1 0 1 0 1 0 1 1 0|0 0 0 0 0 0 0 0 0 1 1 0 0 1|0 1 1 0 0 0 1 0 1 1 1 1 0 0|1 1 1 0 0 0 0 0 0 1 0 0 1 0|0 1 0 0 1 0 0 1 0 0 0 1 0 0|0 1 1 0 0 0 1 0 0 0 0 1 0 0|0 1 0 0 1 0 0 0 0 0 1 0 0 1|1 1 1 1 1 1 0 0 0 0 1 0 0 1|0 0 0 1 1 0 0 0 1 1 0 0 0 1|0 0 1 0 1 0 1 1 0 0 0 0 0 0|0 1 1 0 0 1 0 0 0 0 0 0 0 0|0 1 0 1 0 0 0 0 1 1 1 0 0 0","0 0 1 0 0 1 1 0 0 1 0 0 0 1|0 0 1 0 1 1 1 1 1 1 0 1 1 1|1 1 0 0 1 1 1 1 1 1 1 1 1 0|0 0 0 0 0 0 0 0 0 1 1 0 1 1|0 1 1 0 0 0 1 1 1 1 1 1 1 0|1 1 1 0 0 0 1 0 0 1 1 0 1 0|1 1 1 0 1 1 0 1 0 1 1 1 1 1|0 1 1 0 1 0 1 0 0 1 0 1 1 0|0 1 1 0 1 0 0 0 0 0 1 1 1 1|1 1 1 1 1 1 1 1 0 0 1 1 1 1|0 0 1 1 1 1 1 0 1 1 0 1 0 1|0 1 1 0 1 0 1 1 1 1 1 0 1 0|0 1 1 1 1 1 1 1 1 1 0 1 0 1|1 1 0 1 0 0 1 0 1 1 1 0 1 0"
226,"ID23-14.71.1:",14,6,5928,"1, 2, 3, 4, 7, 8, 9, 10, 12, 13","1->12, 2->8, 3->7, 4->1, 5->5, 6->6, 7->2, 8->10, 9->4, 10->3, 11->11, 12->13, 13->9, 14->14","1-7, 1-10, 1-14, 2-5, 2-8, 2-10, 2-12, 3-6, 3-7, 3-9, 3-11, 3-13, 4-10, 4-13, 4-14, 5-8, 5-12, 5-13, 6-7, 6-11, 7-10, 7-11, 7-12, 7-13, 7-14, 8-10, 8-13, 9-11, 9-12, 9-13, 10-12, 10-13, 10-14, 11-12, 12-13, 13-14","1-3, 1-9, 1-14, 2-3, 2-6, 2-7, 2-9, 2-11, 2-12, 2-13, 2-14, 3-8, 3-9, 3-10, 3-12, 3-13, 3-14, 4-7, 4-9, 4-11, 4-13, 5-8, 5-9, 5-10, 5-13, 6-7, 6-11, 7-9, 7-11, 8-10, 8-13, 9-10, 9-13, 9-14, 11-13, 12-14","1-3, 1-7, 1-9, 1-10, 1-14, 2-3, 2-5, 2-6, 2-7, 2-8, 2-9, 2-10, 2-11, 2-12, 2-13, 2-14, 3-6, 3-7, 3-8, 3-9, 3-10, 3-11, 3-12, 3-13, 3-14, 4-7, 4-9, 4-10, 4-11, 4-13, 4-14, 5-8, 5-9, 5-10, 5-12, 5-13, 6-7, 6-11, 7-9, 7-10, 7-11, 7-12, 7-13, 7-14, 8-10, 8-13, 9-10, 9-11, 9-12, 9-13, 9-14, 10-12, 10-13, 10-14, 11-12, 11-13, 12-13, 12-14, 13-14",4,4,8,"0 0 0 0 0 0 1 0 0 1 0 0 0 1|0 0 0 0 1 0 0 1 0 1 0 1 0 0|0 0 0 0 0 1 1 0 1 0 1 0 1 0|0 0 0 0 0 0 0 0 0 1 0 0 1 1|0 1 0 0 0 0 0 1 0 0 0 1 1 0|0 0 1 0 0 0 1 0 0 0 1 0 0 0|1 0 1 0 0 1 0 0 0 1 1 1 1 1|0 1 0 0 1 0 0 0 0 1 0 0 1 0|0 0 1 0 0 0 0 0 0 0 1 1 1 0|1 1 0 1 0 0 1 1 0 0 0 1 1 1|0 0 1 0 0 1 1 0 1 0 0 1 0 0|0 1 0 0 1 0 1 0 1 1 1 0 1 0|0 0 1 1 1 0 1 1 1 1 0 1 0 1|1 0 0 1 0 0 1 0 0 1 0 0 1 0","0 0 1 0 0 0 0 0 1 0 0 0 0 1|0 0 1 0 0 1 1 0 1 0 1 1 1 1|1 1 0 0 0 0 0 1 1 1 0 1 1 1|0 0 0 0 0 0 1 0 1 0 1 0 1 0|0 0 0 0 0 0 0 1 1 1 0 0 1 0|0 1 0 0 0 0 1 0 0 0 1 0 0 0|0 1 0 1 0 1 0 0 1 0 1 0 0 0|0 0 1 0 1 0 0 0 0 1 0 0 1 0|1 1 1 1 1 0 1 0 0 1 0 0 1 1|0 0 1 0 1 0 0 1 1 0 0 0 0 0|0 1 0 1 0 1 1 0 0 0 0 0 1 0|0 1 1 0 0 0 0 0 0 0 0 0 0 1|0 1 1 1 1 0 0 1 1 0 1 0 0 0|1 1 1 0 0 0 0 0 1 0 0 1 0 0","0 0 1 0 0 0 1 0 1 1 0 0 0 1|0 0 1 0 1 1 1 1 1 1 1 1 1 1|1 1 0 0 0 1 1 1 1 1 1 1 1 1|0 0 0 0 0 0 1 0 1 1 1 0 1 1|0 1 0 0 0 0 0 1 1 1 0 1 1 0|0 1 1 0 0 0 1 0 0 0 1 0 0 0|1 1 1 1 0 1 0 0 1 1 1 1 1 1|0 1 1 0 1 0 0 0 0 1 0 0 1 0|1 1 1 1 1 0 1 0 0 1 1 1 1 1|1 1 1 1 1 0 1 1 1 0 0 1 1 1|0 1 1 1 0 1 1 0 1 0 0 1 1 0|0 1 1 0 1 0 1 0 1 1 1 0 1 1|0 1 1 1 1 0 1 1 1 1 1 1 0 1|1 1 1 1 0 0 1 0 1 1 0 1 1 0"
227,"ID23-14.71.1:",14,7,7198,"2, 4, 6, 7, 9, 10, 11, 12, 13, 14","1->1, 2->6, 3->3, 4->10, 5->5, 6->12, 7->14, 8->8, 9->13, 10->7, 11->4, 12->11, 13->2, 14->9","1-7, 1-10, 1-14, 2-5, 2-8, 2-10, 2-12, 3-6, 3-7, 3-9, 3-11, 3-13, 4-10, 4-13, 4-14, 5-8, 5-12, 5-13, 6-7, 6-11, 7-10, 7-11, 7-12, 7-13, 7-14, 8-10, 8-13, 9-11, 9-12, 9-13, 10-12, 10-13, 10-14, 11-12, 12-13, 13-14","1-7, 1-9, 1-14, 2-3, 2-5, 2-7, 2-8, 2-9, 2-10, 2-11, 2-13, 2-14, 3-4, 3-12, 3-13, 3-14, 4-11, 4-12, 4-13, 4-14, 5-6, 5-8, 5-11, 6-7, 6-8, 6-11, 7-8, 7-9, 7-10, 7-11, 7-14, 9-10, 9-14, 11-13, 11-14, 12-14","1-7, 1-9, 1-10, 1-14, 2-3, 2-5, 2-7, 2-8, 2-9, 2-10, 2-11, 2-12, 2-13, 2-14, 3-4, 3-6, 3-7, 3-9, 3-11, 3-12, 3-13, 3-14, 4-10, 4-11, 4-12, 4-13, 4-14, 5-6, 5-8, 5-11, 5-12, 5-13, 6-7, 6-8, 6-11, 7-8, 7-9, 7-10, 7-11, 7-12, 7-13, 7-14, 8-10, 8-13, 9-10, 9-11, 9-12, 9-13, 9-14, 10-12, 10-13, 10-14, 11-12, 11-13, 11-14, 12-13, 12-14, 13-14",4,4,8,"0 0 0 0 0 0 1 0 0 1 0 0 0 1|0 0 0 0 1 0 0 1 0 1 0 1 0 0|0 0 0 0 0 1 1 0 1 0 1 0 1 0|0 0 0 0 0 0 0 0 0 1 0 0 1 1|0 1 0 0 0 0 0 1 0 0 0 1 1 0|0 0 1 0 0 0 1 0 0 0 1 0 0 0|1 0 1 0 0 1 0 0 0 1 1 1 1 1|0 1 0 0 1 0 0 0 0 1 0 0 1 0|0 0 1 0 0 0 0 0 0 0 1 1 1 0|1 1 0 1 0 0 1 1 0 0 0 1 1 1|0 0 1 0 0 1 1 0 1 0 0 1 0 0|0 1 0 0 1 0 1 0 1 1 1 0 1 0|0 0 1 1 1 0 1 1 1 1 0 1 0 1|1 0 0 1 0 0 1 0 0 1 0 0 1 0","0 0 0 0 0 0 1 0 1 0 0 0 0 1|0 0 1 0 1 0 1 1 1 1 1 0 1 1|0 1 0 1 0 0 0 0 0 0 0 1 1 1|0 0 1 0 0 0 0 0 0 0 1 1 1 1|0 1 0 0 0 1 0 1 0 0 1 0 0 0|0 0 0 0 1 0 1 1 0 0 1 0 0 0|1 1 0 0 0 1 0 1 1 1 1 0 0 1|0 1 0 0 1 1 1 0 0 0 0 0 0 0|1 1 0 0 0 0 1 0 0 1 0 0 0 1|0 1 0 0 0 0 1 0 1 0 0 0 0 0|0 1 0 1 1 1 1 0 0 0 0 0 1 1|0 0 1 1 0 0 0 0 0 0 0 0 0 1|0 1 1 1 0 0 0 0 0 0 1 0 0 0|1 1 1 1 0 0 1 0 1 0 1 1 0 0","0 0 0 0 0 0 1 0 1 1 0 0 0 1|0 0 1 0 1 0 1 1 1 1 1 1 1 1|0 1 0 1 0 1 1 0 1 0 1 1 1 1|0 0 1 0 0 0 0 0 0 1 1 1 1 1|0 1 0 0 0 1 0 1 0 0 1 1 1 0|0 0 1 0 1 0 1 1 0 0 1 0 0 0|1 1 1 0 0 1 0 1 1 1 1 1 1 1|0 1 0 0 1 1 1 0 0 1 0 0 1 0|1 1 1 0 0 0 1 0 0 1 1 1 1 1|1 1 0 1 0 0 1 1 1 0 0 1 1 1|0 1 1 1 1 1 1 0 1 0 0 1 1 1|0 1 1 1 1 0 1 0 1 1 1 0 1 1|0 1 1 1 1 0 1 1 1 1 1 1 0 1|1 1 1 1 0 0 1 0 1 1 1 1 1 0"
228,"ID23-14.71.1:",14,8,9340,"1, 2, 3, 4, 7, 8, 10, 11, 12, 13","1->11, 2->13, 3->10, 4->3, 5->5, 6->6, 7->12, 8->7, 9->9, 10->2, 11->4, 12->1, 13->8, 14->14","1-7, 1-10, 1-14, 2-5, 2-8, 2-10, 2-12, 3-6, 3-7, 3-9, 3-11, 3-13, 4-10, 4-13, 4-14, 5-8, 5-12, 5-13, 6-7, 6-11, 7-10, 7-11, 7-12, 7-13, 7-14, 8-10, 8-13, 9-11, 9-12, 9-13, 10-12, 10-13, 10-14, 11-12, 12-13, 13-14","1-2, 1-4, 1-5, 1-8, 1-9, 1-12, 1-13, 2-3, 2-7, 2-8, 2-11, 2-12, 2-13, 2-14, 3-8, 3-14, 4-6, 4-9, 4-10, 4-12, 5-7, 5-8, 5-13, 6-10, 6-12, 7-8, 7-13, 8-9, 8-10, 8-12, 8-14, 9-10, 10-12, 11-12, 11-14, 12-14","1-2, 1-4, 1-5, 1-7, 1-8, 1-9, 1-10, 1-12, 1-13, 1-14, 2-3, 2-5, 2-7, 2-8, 2-10, 2-11, 2-12, 2-13, 2-14, 3-6, 3-7, 3-8, 3-9, 3-11, 3-13, 3-14, 4-6, 4-9, 4-10, 4-12, 4-13, 4-14, 5-7, 5-8, 5-12, 5-13, 6-7, 6-10, 6-11, 6-12, 7-8, 7-10, 7-11, 7-12, 7-13, 7-14, 8-9, 8-10, 8-12, 8-13, 8-14, 9-10, 9-11, 9-12, 9-13, 10-12, 10-13, 10-14, 11-12, 11-14, 12-13, 12-14, 13-14",4,4,8,"0 0 0 0 0 0 1 0 0 1 0 0 0 1|0 0 0 0 1 0 0 1 0 1 0 1 0 0|0 0 0 0 0 1 1 0 1 0 1 0 1 0|0 0 0 0 0 0 0 0 0 1 0 0 1 1|0 1 0 0 0 0 0 1 0 0 0 1 1 0|0 0 1 0 0 0 1 0 0 0 1 0 0 0|1 0 1 0 0 1 0 0 0 1 1 1 1 1|0 1 0 0 1 0 0 0 0 1 0 0 1 0|0 0 1 0 0 0 0 0 0 0 1 1 1 0|1 1 0 1 0 0 1 1 0 0 0 1 1 1|0 0 1 0 0 1 1 0 1 0 0 1 0 0|0 1 0 0 1 0 1 0 1 1 1 0 1 0|0 0 1 1 1 0 1 1 1 1 0 1 0 1|1 0 0 1 0 0 1 0 0 1 0 0 1 0","0 1 0 1 1 0 0 1 1 0 0 1 1 0|1 0 1 0 0 0 1 1 0 0 1 1 1 1|0 1 0 0 0 0 0 1 0 0 0 0 0 1|1 0 0 0 0 1 0 0 1 1 0 1 0 0|1 0 0 0 0 0 1 1 0 0 0 0 1 0|0 0 0 1 0 0 0 0 0 1 0 1 0 0|0 1 0 0 1 0 0 1 0 0 0 0 1 0|1 1 1 0 1 0 1 0 1 1 0 1 0 1|1 0 0 1 0 0 0 1 0 1 0 0 0 0|0 0 0 1 0 1 0 1 1 0 0 1 0 0|0 1 0 0 0 0 0 0 0 0 0 1 0 1|1 1 0 1 0 1 0 1 0 1 1 0 0 1|1 1 0 0 1 0 1 0 0 0 0 0 0 0|0 1 1 0 0 0 0 1 0 0 1 1 0 0","0 1 0 1 1 0 1 1 1 1 0 1 1 1|1 0 1 0 1 0 1 1 0 1 1 1 1 1|0 1 0 0 0 1 1 1 1 0 1 0 1 1|1 0 0 0 0 1 0 0 1 1 0 1 1 1|1 1 0 0 0 0 1 1 0 0 0 1 1 0|0 0 1 1 0 0 1 0 0 1 1 1 0 0|1 1 1 0 1 1 0 1 0 1 1 1 1 1|1 1 1 0 1 0 1 0 1 1 0 1 1 1|1 0 1 1 0 0 0 1 0 1 1 1 1 0|1 1 0 1 0 1 1 1 1 0 0 1 1 1|0 1 1 0 0 1 1 0 1 0 0 1 0 1|1 1 0 1 1 1 1 1 1 1 1 0 1 1|1 1 1 1 1 0 1 1 1 1 0 1 0 1|1 1 1 1 0 0 1 1 0 1 1 1 1 0"
229,"ID23-14.71.1:",14,9,13547,"1, 3, 4, 6, 7, 8, 10, 12, 13, 14","1->7, 2->2, 3->12, 4->13, 5->5, 6->3, 7->8, 8->10, 9->9, 10->6, 11->11, 12->14, 13->1, 14->4","1-7, 1-10, 1-14, 2-5, 2-8, 2-10, 2-12, 3-6, 3-7, 3-9, 3-11, 3-13, 4-10, 4-13, 4-14, 5-8, 5-12, 5-13, 6-7, 6-11, 7-10, 7-11, 7-12, 7-13, 7-14, 8-10, 8-13, 9-11, 9-12, 9-13, 10-12, 10-13, 10-14, 11-12, 12-13, 13-14","1-4, 1-5, 1-6, 1-8, 1-9, 1-10, 1-12, 1-13, 1-14, 2-5, 2-6, 2-10, 2-14, 3-8, 3-11, 3-12, 4-6, 4-7, 4-8, 4-13, 5-10, 5-14, 6-7, 6-8, 6-10, 6-13, 6-14, 7-8, 8-11, 8-12, 8-14, 9-11, 9-12, 9-14, 11-12, 11-14","1-4, 1-5, 1-6, 1-7, 1-8, 1-9, 1-10, 1-12, 1-13, 1-14, 2-5, 2-6, 2-8, 2-10, 2-12, 2-14, 3-6, 3-7, 3-8, 3-9, 3-11, 3-12, 3-13, 4-6, 4-7, 4-8, 4-10, 4-13, 4-14, 5-8, 5-10, 5-12, 5-13, 5-14, 6-7, 6-8, 6-10, 6-11, 6-13, 6-14, 7-8, 7-10, 7-11, 7-12, 7-13, 7-14, 8-10, 8-11, 8-12, 8-13, 8-14, 9-11, 9-12, 9-13, 9-14, 10-12, 10-13, 10-14, 11-12, 11-14, 12-13, 13-14",4,4,8,"0 0 0 0 0 0 1 0 0 1 0 0 0 1|0 0 0 0 1 0 0 1 0 1 0 1 0 0|0 0 0 0 0 1 1 0 1 0 1 0 1 0|0 0 0 0 0 0 0 0 0 1 0 0 1 1|0 1 0 0 0 0 0 1 0 0 0 1 1 0|0 0 1 0 0 0 1 0 0 0 1 0 0 0|1 0 1 0 0 1 0 0 0 1 1 1 1 1|0 1 0 0 1 0 0 0 0 1 0 0 1 0|0 0 1 0 0 0 0 0 0 0 1 1 1 0|1 1 0 1 0 0 1 1 0 0 0 1 1 1|0 0 1 0 0 1 1 0 1 0 0 1 0 0|0 1 0 0 1 0 1 0 1 1 1 0 1 0|0 0 1 1 1 0 1 1 1 1 0 1 0 1|1 0 0 1 0 0 1 0 0 1 0 0 1 0","0 0 0 1 1 1 0 1 1 1 0 1 1 1|0 0 0 0 1 1 0 0 0 1 0 0 0 1|0 0 0 0 0 0 0 1 0 0 1 1 0 0|1 0 0 0 0 1 1 1 0 0 0 0 1 0|1 1 0 0 0 0 0 0 0 1 0 0 0 1|1 1 0 1 0 0 1 1 0 1 0 0 1 1|0 0 0 1 0 1 0 1 0 0 0 0 0 0|1 0 1 1 0 1 1 0 0 0 1 1 0 1|1 0 0 0 0 0 0 0 0 0 1 1 0 1|1 1 0 0 1 1 0 0 0 0 0 0 0 0|0 0 1 0 0 0 0 1 1 0 0 1 0 1|1 0 1 0 0 0 0 1 1 0 1 0 0 0|1 0 0 1 0 1 0 0 0 0 0 0 0 0|1 1 0 0 1 1 0 1 1 0 1 0 0 0","0 0 0 1 1 1 1 1 1 1 0 1 1 1|0 0 0 0 1 1 0 1 0 1 0 1 0 1|0 0 0 0 0 1 1 1 1 0 1 1 1 0|1 0 0 0 0 1 1 1 0 1 0 0 1 1|1 1 0 0 0 0 0 1 0 1 0 1 1 1|1 1 1 1 0 0 1 1 0 1 1 0 1 1|1 0 1 1 0 1 0 1 0 1 1 1 1 1|1 1 1 1 1 1 1 0 0 1 1 1 1 1|1 0 1 0 0 0 0 0 0 0 1 1 1 1|1 1 0 1 1 1 1 1 0 0 0 1 1 1|0 0 1 0 0 1 1 1 1 0 0 1 0 1|1 1 1 0 1 0 1 1 1 1 1 0 1 0|1 0 1 1 1 1 1 1 1 1 0 1 0 1|1 1 0 1 1 1 1 1 1 1 1 0 1 0"
230,"ID23-14.71.1:",14,10,14124,"2, 3, 4, 5, 7, 8, 9, 10, 12, 13","1->1, 2->5, 3->10, 4->12, 5->4, 6->6, 7->9, 8->3, 9->13, 10->8, 11->11, 12->7, 13->2, 14->14","1-7, 1-10, 1-14, 2-5, 2-8, 2-10, 2-12, 3-6, 3-7, 3-9, 3-11, 3-13, 4-10, 4-13, 4-14, 5-8, 5-12, 5-13, 6-7, 6-11, 7-10, 7-11, 7-12, 7-13, 7-14, 8-10, 8-13, 9-11, 9-12, 9-13, 10-12, 10-13, 10-14, 11-12, 12-13, 13-14","1-8, 1-9, 1-14, 2-3, 2-4, 2-7, 2-8, 2-9, 2-10, 2-12, 2-13, 2-14, 3-4, 3-5, 3-8, 4-5, 4-7, 5-7, 5-8, 6-9, 6-10, 6-11, 7-8, 7-9, 7-11, 7-13, 8-9, 8-12, 8-14, 9-10, 9-11, 9-14, 10-11, 10-13, 11-13, 12-14","1-7, 1-8, 1-9, 1-10, 1-14, 2-3, 2-4, 2-5, 2-7, 2-8, 2-9, 2-10, 2-12, 2-13, 2-14, 3-4, 3-5, 3-6, 3-7, 3-8, 3-9, 3-11, 3-13, 4-5, 4-7, 4-10, 4-13, 4-14, 5-7, 5-8, 5-12, 5-13, 6-7, 6-9, 6-10, 6-11, 7-8, 7-9, 7-10, 7-11, 7-12, 7-13, 7-14, 8-9, 8-10, 8-12, 8-13, 8-14, 9-10, 9-11, 9-12, 9-13, 9-14, 10-11, 10-12, 10-13, 10-14, 11-12, 11-13, 12-13, 12-14, 13-14",4,4,8,"0 0 0 0 0 0 1 0 0 1 0 0 0 1|0 0 0 0 1 0 0 1 0 1 0 1 0 0|0 0 0 0 0 1 1 0 1 0 1 0 1 0|0 0 0 0 0 0 0 0 0 1 0 0 1 1|0 1 0 0 0 0 0 1 0 0 0 1 1 0|0 0 1 0 0 0 1 0 0 0 1 0 0 0|1 0 1 0 0 1 0 0 0 1 1 1 1 1|0 1 0 0 1 0 0 0 0 1 0 0 1 0|0 0 1 0 0 0 0 0 0 0 1 1 1 0|1 1 0 1 0 0 1 1 0 0 0 1 1 1|0 0 1 0 0 1 1 0 1 0 0 1 0 0|0 1 0 0 1 0 1 0 1 1 1 0 1 0|0 0 1 1 1 0 1 1 1 1 0 1 0 1|1 0 0 1 0 0 1 0 0 1 0 0 1 0","0 0 0 0 0 0 0 1 1 0 0 0 0 1|0 0 1 1 0 0 1 1 1 1 0 1 1 1|0 1 0 1 1 0 0 1 0 0 0 0 0 0|0 1 1 0 1 0 1 0 0 0 0 0 0 0|0 0 1 1 0 0 1 1 0 0 0 0 0 0|0 0 0 0 0 0 0 0 1 1 1 0 0 0|0 1 0 1 1 0 0 1 1 0 1 0 1 0|1 1 1 0 1 0 1 0 1 0 0 1 0 1|1 1 0 0 0 1 1 1 0 1 1 0 0 1|0 1 0 0 0 1 0 0 1 0 1 0 1 0|0 0 0 0 0 1 1 0 1 1 0 0 1 0|0 1 0 0 0 0 0 1 0 0 0 0 0 1|0 1 0 0 0 0 1 0 0 1 1 0 0 0|1 1 0 0 0 0 0 1 1 0 0 1 0 0","0 0 0 0 0 0 1 1 1 1 0 0 0 1|0 0 1 1 1 0 1 1 1 1 0 1 1 1|0 1 0 1 1 1 1 1 1 0 1 0 1 0|0 1 1 0 1 0 1 0 0 1 0 0 1 1|0 1 1 1 0 0 1 1 0 0 0 1 1 0|0 0 1 0 0 0 1 0 1 1 1 0 0 0|1 1 1 1 1 1 0 1 1 1 1 1 1 1|1 1 1 0 1 0 1 0 1 1 0 1 1 1|1 1 1 0 0 1 1 1 0 1 1 1 1 1|1 1 0 1 0 1 1 1 1 0 1 1 1 1|0 0 1 0 0 1 1 0 1 1 0 1 1 0|0 1 0 0 1 0 1 1 1 1 1 0 1 1|0 1 1 1 1 0 1 1 1 1 1 1 0 1|1 1 0 1 0 0 1 1 1 1 0 1 1 0"
231,"ID24-14.71.2:",14,1,1928,"3, 4, 6, 7, 8, 9, 10, 11, 13, 14","1->1, 2->2, 3->13, 4->11, 5->5, 6->10, 7->14, 8->6, 9->8, 10->9, 11->3, 12->12, 13->4, 14->7","1-6, 1-9, 1-11, 1-13, 2-5, 2-7, 2-11, 2-12, 2-13, 3-8, 3-10, 3-13, 4-8, 4-10, 4-11, 4-14, 5-11, 5-13, 6-9, 6-10, 6-13, 7-8, 7-11, 7-12, 8-10, 8-11, 8-12, 8-13, 9-10, 9-11, 10-11, 10-13, 10-14, 11-13, 11-14, 12-13","1-3, 1-4, 1-8, 1-10, 2-3, 2-4, 2-5, 2-12, 2-14, 3-4, 3-5, 3-6, 3-7, 3-8, 3-9, 3-11, 3-14, 4-5, 4-6, 4-9, 4-10, 4-12, 4-13, 6-9, 6-11, 6-12, 6-13, 6-14, 7-9, 7-11, 8-9, 8-10, 9-10, 9-11, 9-13, 12-14","1-3, 1-4, 1-6, 1-8, 1-9, 1-10, 1-11, 1-13, 2-3, 2-4, 2-5, 2-7, 2-11, 2-12, 2-13, 2-14, 3-4, 3-5, 3-6, 3-7, 3-8, 3-9, 3-10, 3-11, 3-13, 3-14, 4-5, 4-6, 4-8, 4-9, 4-10, 4-11, 4-12, 4-13, 4-14, 5-11, 5-13, 6-9, 6-10, 6-11, 6-12, 6-13, 6-14, 7-8, 7-9, 7-11, 7-12, 8-9, 8-10, 8-11, 8-12, 8-13, 9-10, 9-11, 9-13, 10-11, 10-13, 10-14, 11-13, 11-14, 12-13, 12-14",4,4,8,"0 0 0 0 0 1 0 0 1 0 1 0 1 0|0 0 0 0 1 0 1 0 0 0 1 1 1 0|0 0 0 0 0 0 0 1 0 1 0 0 1 0|0 0 0 0 0 0 0 1 0 1 1 0 0 1|0 1 0 0 0 0 0 0 0 0 1 0 1 0|1 0 0 0 0 0 0 0 1 1 0 0 1 0|0 1 0 0 0 0 0 1 0 0 1 1 0 0|0 0 1 1 0 0 1 0 0 1 1 1 1 0|1 0 0 0 0 1 0 0 0 1 1 0 0 0|0 0 1 1 0 1 0 1 1 0 1 0 1 1|1 1 0 1 1 0 1 1 1 1 0 0 1 1|0 1 0 0 0 0 1 1 0 0 0 0 1 0|1 1 1 0 1 1 0 1 0 1 1 1 0 0|0 0 0 1 0 0 0 0 0 1 1 0 0 0","0 0 1 1 0 0 0 1 0 1 0 0 0 0|0 0 1 1 1 0 0 0 0 0 0 1 0 1|1 1 0 1 1 1 1 1 1 0 1 0 0 1|1 1 1 0 1 1 0 0 1 1 0 1 1 0|0 1 1 1 0 0 0 0 0 0 0 0 0 0|0 0 1 1 0 0 0 0 1 0 1 1 1 1|0 0 1 0 0 0 0 0 1 0 1 0 0 0|1 0 1 0 0 0 0 0 1 1 0 0 0 0|0 0 1 1 0 1 1 1 0 1 1 0 1 0|1 0 0 1 0 0 0 1 1 0 0 0 0 0|0 0 1 0 0 1 1 0 1 0 0 0 0 0|0 1 0 1 0 1 0 0 0 0 0 0 0 1|0 0 0 1 0 1 0 0 1 0 0 0 0 0|0 1 1 0 0 1 0 0 0 0 0 1 0 0","0 0 1 1 0 1 0 1 1 1 1 0 1 0|0 0 1 1 1 0 1 0 0 0 1 1 1 1|1 1 0 1 1 1 1 1 1 1 1 0 1 1|1 1 1 0 1 1 0 1 1 1 1 1 1 1|0 1 1 1 0 0 0 0 0 0 1 0 1 0|1 0 1 1 0 0 0 0 1 1 1 1 1 1|0 1 1 0 0 0 0 1 1 0 1 1 0 0|1 0 1 1 0 0 1 0 1 1 1 1 1 0|1 0 1 1 0 1 1 1 0 1 1 0 1 0|1 0 1 1 0 1 0 1 1 0 1 0 1 1|1 1 1 1 1 1 1 1 1 1 0 0 1 1|0 1 0 1 0 1 1 1 0 0 0 0 1 1|1 1 1 1 1 1 0 1 1 1 1 1 0 0|0 1 1 1 0 1 0 0 0 1 1 1 0 0"
232,"ID24-14.71.2:",14,2,2054,"1, 2, 4, 6, 8, 10, 11, 12, 13, 14","1->2, 2->11, 3->3, 4->1, 5->5, 6->13, 7->7, 8->4, 9->9, 10->8, 11->12, 12->14, 13->6, 14->10","1-6, 1-9, 1-11, 1-13, 2-5, 2-7, 2-11, 2-12, 2-13, 3-8, 3-10, 3-13, 4-8, 4-10, 4-11, 4-14, 5-11, 5-13, 6-9, 6-10, 6-13, 7-8, 7-11, 7-12, 8-10, 8-11, 8-12, 8-13, 9-10, 9-11, 10-11, 10-13, 10-14, 11-13, 11-14, 12-13","1-4, 1-8, 1-10, 1-12, 2-6, 2-9, 2-12, 2-13, 3-4, 3-6, 3-8, 4-6, 4-7, 4-8, 4-12, 4-14, 5-6, 5-11, 5-12, 6-8, 6-11, 6-12, 6-13, 6-14, 7-11, 7-12, 7-14, 8-9, 8-10, 8-12, 8-13, 9-12, 9-13, 10-12, 11-12, 11-14","1-4, 1-6, 1-8, 1-9, 1-10, 1-11, 1-12, 1-13, 2-5, 2-6, 2-7, 2-9, 2-11, 2-12, 2-13, 3-4, 3-6, 3-8, 3-10, 3-13, 4-6, 4-7, 4-8, 4-10, 4-11, 4-12, 4-14, 5-6, 5-11, 5-12, 5-13, 6-8, 6-9, 6-10, 6-11, 6-12, 6-13, 6-14, 7-8, 7-11, 7-12, 7-14, 8-9, 8-10, 8-11, 8-12, 8-13, 9-10, 9-11, 9-12, 9-13, 10-11, 10-12, 10-13, 10-14, 11-12, 11-13, 11-14, 12-13",4,4,8,"0 0 0 0 0 1 0 0 1 0 1 0 1 0|0 0 0 0 1 0 1 0 0 0 1 1 1 0|0 0 0 0 0 0 0 1 0 1 0 0 1 0|0 0 0 0 0 0 0 1 0 1 1 0 0 1|0 1 0 0 0 0 0 0 0 0 1 0 1 0|1 0 0 0 0 0 0 0 1 1 0 0 1 0|0 1 0 0 0 0 0 1 0 0 1 1 0 0|0 0 1 1 0 0 1 0 0 1 1 1 1 0|1 0 0 0 0 1 0 0 0 1 1 0 0 0|0 0 1 1 0 1 0 1 1 0 1 0 1 1|1 1 0 1 1 0 1 1 1 1 0 0 1 1|0 1 0 0 0 0 1 1 0 0 0 0 1 0|1 1 1 0 1 1 0 1 0 1 1 1 0 0|0 0 0 1 0 0 0 0 0 1 1 0 0 0","0 0 0 1 0 0 0 1 0 1 0 1 0 0|0 0 0 0 0 1 0 0 1 0 0 1 1 0|0 0 0 1 0 1 0 1 0 0 0 0 0 0|1 0 1 0 0 1 1 1 0 0 0 1 0 1|0 0 0 0 0 1 0 0 0 0 1 1 0 0|0 1 1 1 1 0 0 1 0 0 1 1 1 1|0 0 0 1 0 0 0 0 0 0 1 1 0 1|1 0 1 1 0 1 0 0 1 1 0 1 1 0|0 1 0 0 0 0 0 1 0 0 0 1 1 0|1 0 0 0 0 0 0 1 0 0 0 1 0 0|0 0 0 0 1 1 1 0 0 0 0 1 0 1|1 1 0 1 1 1 1 1 1 1 1 0 0 0|0 1 0 0 0 1 0 1 1 0 0 0 0 0|0 0 0 1 0 1 1 0 0 0 1 0 0 0","0 0 0 1 0 1 0 1 1 1 1 1 1 0|0 0 0 0 1 1 1 0 1 0 1 1 1 0|0 0 0 1 0 1 0 1 0 1 0 0 1 0|1 0 1 0 0 1 1 1 0 1 1 1 0 1|0 1 0 0 0 1 0 0 0 0 1 1 1 0|1 1 1 1 1 0 0 1 1 1 1 1 1 1|0 1 0 1 0 0 0 1 0 0 1 1 0 1|1 0 1 1 0 1 1 0 1 1 1 1 1 0|1 1 0 0 0 1 0 1 0 1 1 1 1 0|1 0 1 1 0 1 0 1 1 0 1 1 1 1|1 1 0 1 1 1 1 1 1 1 0 1 1 1|1 1 0 1 1 1 1 1 1 1 1 0 1 0|1 1 1 0 1 1 0 1 1 1 1 1 0 0|0 0 0 1 0 1 1 0 0 1 1 0 0 0"
233,"ID24-14.71.2:",14,3,2368,"3, 6, 7, 8, 9, 10, 11, 12, 13, 14","1->1, 2->2, 3->8, 4->4, 5->5, 6->9, 7->11, 8->6, 9->12, 10->13, 11->3, 12->7, 13->14, 14->10","1-6, 1-9, 1-11, 1-13, 2-5, 2-7, 2-11, 2-12, 2-13, 3-8, 3-10, 3-13, 4-8, 4-10, 4-11, 4-14, 5-11, 5-13, 6-9, 6-10, 6-13, 7-8, 7-11, 7-12, 8-10, 8-11, 8-12, 8-13, 9-10, 9-11, 10-11, 10-13, 10-14, 11-13, 11-14, 12-13","1-3, 1-9, 1-12, 1-14, 2-3, 2-5, 2-7, 2-11, 2-14, 3-4, 3-5, 3-6, 3-10, 3-11, 3-12, 3-13, 3-14, 4-6, 4-10, 4-13, 5-14, 6-7, 6-8, 6-11, 6-13, 6-14, 7-11, 7-14, 8-13, 8-14, 9-12, 9-13, 9-14, 10-13, 12-13, 13-14","1-3, 1-6, 1-9, 1-11, 1-12, 1-13, 1-14, 2-3, 2-5, 2-7, 2-11, 2-12, 2-13, 2-14, 3-4, 3-5, 3-6, 3-8, 3-10, 3-11, 3-12, 3-13, 3-14, 4-6, 4-8, 4-10, 4-11, 4-13, 4-14, 5-11, 5-13, 5-14, 6-7, 6-8, 6-9, 6-10, 6-11, 6-13, 6-14, 7-8, 7-11, 7-12, 7-14, 8-10, 8-11, 8-12, 8-13, 8-14, 9-10, 9-11, 9-12, 9-13, 9-14, 10-11, 10-13, 10-14, 11-13, 11-14, 12-13, 13-14",4,4,8,"0 0 0 0 0 1 0 0 1 0 1 0 1 0|0 0 0 0 1 0 1 0 0 0 1 1 1 0|0 0 0 0 0 0 0 1 0 1 0 0 1 0|0 0 0 0 0 0 0 1 0 1 1 0 0 1|0 1 0 0 0 0 0 0 0 0 1 0 1 0|1 0 0 0 0 0 0 0 1 1 0 0 1 0|0 1 0 0 0 0 0 1 0 0 1 1 0 0|0 0 1 1 0 0 1 0 0 1 1 1 1 0|1 0 0 0 0 1 0 0 0 1 1 0 0 0|0 0 1 1 0 1 0 1 1 0 1 0 1 1|1 1 0 1 1 0 1 1 1 1 0 0 1 1|0 1 0 0 0 0 1 1 0 0 0 0 1 0|1 1 1 0 1 1 0 1 0 1 1 1 0 0|0 0 0 1 0 0 0 0 0 1 1 0 0 0","0 0 1 0 0 0 0 0 1 0 0 1 0 1|0 0 1 0 1 0 1 0 0 0 1 0 0 1|1 1 0 1 1 1 0 0 0 1 1 1 1 1|0 0 1 0 0 1 0 0 0 1 0 0 1 0|0 1 1 0 0 0 0 0 0 0 0 0 0 1|0 0 1 1 0 0 1 1 0 0 1 0 1 1|0 1 0 0 0 1 0 0 0 0 1 0 0 1|0 0 0 0 0 1 0 0 0 0 0 0 1 1|1 0 0 0 0 0 0 0 0 0 0 1 1 1|0 0 1 1 0 0 0 0 0 0 0 0 1 0|0 1 1 0 0 1 1 0 0 0 0 0 0 0|1 0 1 0 0 0 0 0 1 0 0 0 1 0|0 0 1 1 0 1 0 1 1 1 0 1 0 1|1 1 1 0 1 1 1 1 1 0 0 0 1 0","0 0 1 0 0 1 0 0 1 0 1 1 1 1|0 0 1 0 1 0 1 0 0 0 1 1 1 1|1 1 0 1 1 1 0 1 0 1 1 1 1 1|0 0 1 0 0 1 0 1 0 1 1 0 1 1|0 1 1 0 0 0 0 0 0 0 1 0 1 1|1 0 1 1 0 0 1 1 1 1 1 0 1 1|0 1 0 0 0 1 0 1 0 0 1 1 0 1|0 0 1 1 0 1 1 0 0 1 1 1 1 1|1 0 0 0 0 1 0 0 0 1 1 1 1 1|0 0 1 1 0 1 0 1 1 0 1 0 1 1|1 1 1 1 1 1 1 1 1 1 0 0 1 1|1 1 1 0 0 0 1 1 1 0 0 0 1 0|1 1 1 1 1 1 0 1 1 1 1 1 0 1|1 1 1 1 1 1 1 1 1 1 1 0 1 0"
234,"ID24-14.71.2:",14,4,3383,"2, 3, 6, 7, 8, 9, 11, 12, 13, 14","1->1, 2->9, 3->12, 4->4, 5->5, 6->2, 7->6, 8->11, 9->8, 10->10, 11->7, 12->14, 13->3, 14->13","1-6, 1-9, 1-11, 1-13, 2-5, 2-7, 2-11, 2-12, 2-13, 3-8, 3-10, 3-13, 4-8, 4-10, 4-11, 4-14, 5-11, 5-13, 6-9, 6-10, 6-13, 7-8, 7-11, 7-12, 8-10, 8-11, 8-12, 8-13, 9-10, 9-11, 10-11, 10-13, 10-14, 11-13, 11-14, 12-13","1-2, 1-3, 1-7, 1-8, 2-3, 2-8, 2-10, 3-5, 3-7, 3-9, 3-10, 3-11, 3-12, 3-14, 4-7, 4-10, 4-11, 4-13, 5-7, 5-9, 6-7, 6-9, 6-11, 6-14, 7-8, 7-9, 7-10, 7-11, 7-13, 8-10, 9-14, 10-11, 10-12, 10-13, 11-12, 11-14","1-2, 1-3, 1-6, 1-7, 1-8, 1-9, 1-11, 1-13, 2-3, 2-5, 2-7, 2-8, 2-10, 2-11, 2-12, 2-13, 3-5, 3-7, 3-8, 3-9, 3-10, 3-11, 3-12, 3-13, 3-14, 4-7, 4-8, 4-10, 4-11, 4-13, 4-14, 5-7, 5-9, 5-11, 5-13, 6-7, 6-9, 6-10, 6-11, 6-13, 6-14, 7-8, 7-9, 7-10, 7-11, 7-12, 7-13, 8-10, 8-11, 8-12, 8-13, 9-10, 9-11, 9-14, 10-11, 10-12, 10-13, 10-14, 11-12, 11-13, 11-14, 12-13",4,4,8,"0 0 0 0 0 1 0 0 1 0 1 0 1 0|0 0 0 0 1 0 1 0 0 0 1 1 1 0|0 0 0 0 0 0 0 1 0 1 0 0 1 0|0 0 0 0 0 0 0 1 0 1 1 0 0 1|0 1 0 0 0 0 0 0 0 0 1 0 1 0|1 0 0 0 0 0 0 0 1 1 0 0 1 0|0 1 0 0 0 0 0 1 0 0 1 1 0 0|0 0 1 1 0 0 1 0 0 1 1 1 1 0|1 0 0 0 0 1 0 0 0 1 1 0 0 0|0 0 1 1 0 1 0 1 1 0 1 0 1 1|1 1 0 1 1 0 1 1 1 1 0 0 1 1|0 1 0 0 0 0 1 1 0 0 0 0 1 0|1 1 1 0 1 1 0 1 0 1 1 1 0 0|0 0 0 1 0 0 0 0 0 1 1 0 0 0","0 1 1 0 0 0 1 1 0 0 0 0 0 0|1 0 1 0 0 0 0 1 0 1 0 0 0 0|1 1 0 0 1 0 1 0 1 1 1 1 0 1|0 0 0 0 0 0 1 0 0 1 1 0 1 0|0 0 1 0 0 0 1 0 1 0 0 0 0 0|0 0 0 0 0 0 1 0 1 0 1 0 0 1|1 0 1 1 1 1 0 1 1 1 1 0 1 0|1 1 0 0 0 0 1 0 0 1 0 0 0 0|0 0 1 0 1 1 1 0 0 0 0 0 0 1|0 1 1 1 0 0 1 1 0 0 1 1 1 0|0 0 1 1 0 1 1 0 0 1 0 1 0 1|0 0 1 0 0 0 0 0 0 1 1 0 0 0|0 0 0 1 0 0 1 0 0 1 0 0 0 0|0 0 1 0 0 1 0 0 1 0 1 0 0 0","0 1 1 0 0 1 1 1 1 0 1 0 1 0|1 0 1 0 1 0 1 1 0 1 1 1 1 0|1 1 0 0 1 0 1 1 1 1 1 1 1 1|0 0 0 0 0 0 1 1 0 1 1 0 1 1|0 1 1 0 0 0 1 0 1 0 1 0 1 0|1 0 0 0 0 0 1 0 1 1 1 0 1 1|1 1 1 1 1 1 0 1 1 1 1 1 1 0|1 1 1 1 0 0 1 0 0 1 1 1 1 0|1 0 1 0 1 1 1 0 0 1 1 0 0 1|0 1 1 1 0 1 1 1 1 0 1 1 1 1|1 1 1 1 1 1 1 1 1 1 0 1 1 1|0 1 1 0 0 0 1 1 0 1 1 0 1 0|1 1 1 1 1 1 1 1 0 1 1 1 0 0|0 0 1 1 0 1 0 0 1 1 1 0 0 0"
235,"ID24-14.71.2:",14,5,3976,"3, 4, 5, 7, 8, 9, 10, 11, 12, 13","1->1, 2->2, 3->8, 4->7, 5->13, 6->6, 7->11, 8->3, 9->10, 10->5, 11->12, 12->4, 13->9, 14->14","1-6, 1-9, 1-11, 1-13, 2-5, 2-7, 2-11, 2-12, 2-13, 3-8, 3-10, 3-13, 4-8, 4-10, 4-11, 4-14, 5-11, 5-13, 6-9, 6-10, 6-13, 7-8, 7-11, 7-12, 8-10, 8-11, 8-12, 8-13, 9-10, 9-11, 10-11, 10-13, 10-14, 11-13, 11-14, 12-13","1-6, 1-9, 1-10, 1-12, 2-4, 2-9, 2-11, 2-12, 2-13, 3-4, 3-5, 3-7, 3-8, 3-9, 3-11, 3-12, 4-9, 4-11, 5-6, 5-7, 5-8, 5-9, 5-10, 5-12, 5-14, 6-9, 6-10, 7-12, 7-14, 8-9, 9-12, 9-13, 10-12, 11-12, 12-13, 12-14","1-6, 1-9, 1-10, 1-11, 1-12, 1-13, 2-4, 2-5, 2-7, 2-9, 2-11, 2-12, 2-13, 3-4, 3-5, 3-7, 3-8, 3-9, 3-10, 3-11, 3-12, 3-13, 4-8, 4-9, 4-10, 4-11, 4-14, 5-6, 5-7, 5-8, 5-9, 5-10, 5-11, 5-12, 5-13, 5-14, 6-9, 6-10, 6-13, 7-8, 7-11, 7-12, 7-14, 8-9, 8-10, 8-11, 8-12, 8-13, 9-10, 9-11, 9-12, 9-13, 10-11, 10-12, 10-13, 10-14, 11-12, 11-13, 11-14, 12-13, 12-14",4,4,8,"0 0 0 0 0 1 0 0 1 0 1 0 1 0|0 0 0 0 1 0 1 0 0 0 1 1 1 0|0 0 0 0 0 0 0 1 0 1 0 0 1 0|0 0 0 0 0 0 0 1 0 1 1 0 0 1|0 1 0 0 0 0 0 0 0 0 1 0 1 0|1 0 0 0 0 0 0 0 1 1 0 0 1 0|0 1 0 0 0 0 0 1 0 0 1 1 0 0|0 0 1 1 0 0 1 0 0 1 1 1 1 0|1 0 0 0 0 1 0 0 0 1 1 0 0 0|0 0 1 1 0 1 0 1 1 0 1 0 1 1|1 1 0 1 1 0 1 1 1 1 0 0 1 1|0 1 0 0 0 0 1 1 0 0 0 0 1 0|1 1 1 0 1 1 0 1 0 1 1 1 0 0|0 0 0 1 0 0 0 0 0 1 1 0 0 0","0 0 0 0 0 1 0 0 1 1 0 1 0 0|0 0 0 1 0 0 0 0 1 0 1 1 1 0|0 0 0 1 1 0 1 1 1 0 1 1 0 0|0 1 1 0 0 0 0 0 1 0 1 0 0 0|0 0 1 0 0 1 1 1 1 1 0 1 0 1|1 0 0 0 1 0 0 0 1 1 0 0 0 0|0 0 1 0 1 0 0 0 0 0 0 1 0 1|0 0 1 0 1 0 0 0 1 0 0 0 0 0|1 1 1 1 1 1 0 1 0 0 0 1 1 0|1 0 0 0 1 1 0 0 0 0 0 1 0 0|0 1 1 1 0 0 0 0 0 0 0 1 0 0|1 1 1 0 1 0 1 0 1 1 1 0 1 1|0 1 0 0 0 0 0 0 1 0 0 1 0 0|0 0 0 0 1 0 1 0 0 0 0 1 0 0","0 0 0 0 0 1 0 0 1 1 1 1 1 0|0 0 0 1 1 0 1 0 1 0 1 1 1 0|0 0 0 1 1 0 1 1 1 1 1 1 1 0|0 1 1 0 0 0 0 1 1 1 1 0 0 1|0 1 1 0 0 1 1 1 1 1 1 1 1 1|1 0 0 0 1 0 0 0 1 1 0 0 1 0|0 1 1 0 1 0 0 1 0 0 1 1 0 1|0 0 1 1 1 0 1 0 1 1 1 1 1 0|1 1 1 1 1 1 0 1 0 1 1 1 1 0|1 0 1 1 1 1 0 1 1 0 1 1 1 1|1 1 1 1 1 0 1 1 1 1 0 1 1 1|1 1 1 0 1 0 1 1 1 1 1 0 1 1|1 1 1 0 1 1 0 1 1 1 1 1 0 0|0 0 0 1 1 0 1 0 0 1 1 1 0 0"
236,"ID24-14.71.2:",14,6,4745,"1, 2, 3, 4, 6, 8, 10, 11, 13, 14","1->4, 2->3, 3->10, 4->2, 5->5, 6->13, 7->7, 8->14, 9->9, 10->8, 11->6, 12->12, 13->1, 14->11","1-6, 1-9, 1-11, 1-13, 2-5, 2-7, 2-11, 2-12, 2-13, 3-8, 3-10, 3-13, 4-8, 4-10, 4-11, 4-14, 5-11, 5-13, 6-9, 6-10, 6-13, 7-8, 7-11, 7-12, 8-10, 8-11, 8-12, 8-13, 9-10, 9-11, 10-11, 10-13, 10-14, 11-13, 11-14, 12-13","1-3, 1-4, 1-5, 1-6, 1-8, 1-10, 1-12, 1-13, 1-14, 2-6, 2-8, 2-11, 2-14, 3-5, 3-6, 3-7, 3-12, 4-6, 4-9, 4-13, 5-6, 6-7, 6-8, 6-9, 6-11, 6-14, 7-12, 7-14, 8-9, 8-10, 8-11, 8-13, 8-14, 9-13, 10-14, 12-14","1-3, 1-4, 1-5, 1-6, 1-8, 1-9, 1-10, 1-11, 1-12, 1-13, 1-14, 2-5, 2-6, 2-7, 2-8, 2-11, 2-12, 2-13, 2-14, 3-5, 3-6, 3-7, 3-8, 3-10, 3-12, 3-13, 4-6, 4-8, 4-9, 4-10, 4-11, 4-13, 4-14, 5-6, 5-11, 5-13, 6-7, 6-8, 6-9, 6-10, 6-11, 6-13, 6-14, 7-8, 7-11, 7-12, 7-14, 8-9, 8-10, 8-11, 8-12, 8-13, 8-14, 9-10, 9-11, 9-13, 10-11, 10-13, 10-14, 11-13, 11-14, 12-13, 12-14",4,4,8,"0 0 0 0 0 1 0 0 1 0 1 0 1 0|0 0 0 0 1 0 1 0 0 0 1 1 1 0|0 0 0 0 0 0 0 1 0 1 0 0 1 0|0 0 0 0 0 0 0 1 0 1 1 0 0 1|0 1 0 0 0 0 0 0 0 0 1 0 1 0|1 0 0 0 0 0 0 0 1 1 0 0 1 0|0 1 0 0 0 0 0 1 0 0 1 1 0 0|0 0 1 1 0 0 1 0 0 1 1 1 1 0|1 0 0 0 0 1 0 0 0 1 1 0 0 0|0 0 1 1 0 1 0 1 1 0 1 0 1 1|1 1 0 1 1 0 1 1 1 1 0 0 1 1|0 1 0 0 0 0 1 1 0 0 0 0 1 0|1 1 1 0 1 1 0 1 0 1 1 1 0 0|0 0 0 1 0 0 0 0 0 1 1 0 0 0","0 0 1 1 1 1 0 1 0 1 0 1 1 1|0 0 0 0 0 1 0 1 0 0 1 0 0 1|1 0 0 0 1 1 1 0 0 0 0 1 0 0|1 0 0 0 0 1 0 0 1 0 0 0 1 0|1 0 1 0 0 1 0 0 0 0 0 0 0 0|1 1 1 1 1 0 1 1 1 0 1 0 0 1|0 0 1 0 0 1 0 0 0 0 0 1 0 1|1 1 0 0 0 1 0 0 1 1 1 0 1 1|0 0 0 1 0 1 0 1 0 0 0 0 1 0|1 0 0 0 0 0 0 1 0 0 0 0 0 1|0 1 0 0 0 1 0 1 0 0 0 0 0 0|1 0 1 0 0 0 1 0 0 0 0 0 0 1|1 0 0 1 0 0 0 1 1 0 0 0 0 0|1 1 0 0 0 1 1 1 0 1 0 1 0 0","0 0 1 1 1 1 0 1 1 1 1 1 1 1|0 0 0 0 1 1 1 1 0 0 1 1 1 1|1 0 0 0 1 1 1 1 0 1 0 1 1 0|1 0 0 0 0 1 0 1 1 1 1 0 1 1|1 1 1 0 0 1 0 0 0 0 1 0 1 0|1 1 1 1 1 0 1 1 1 1 1 0 1 1|0 1 1 0 0 1 0 1 0 0 1 1 0 1|1 1 1 1 0 1 1 0 1 1 1 1 1 1|1 0 0 1 0 1 0 1 0 1 1 0 1 0|1 0 1 1 0 1 0 1 1 0 1 0 1 1|1 1 0 1 1 1 1 1 1 1 0 0 1 1|1 1 1 0 0 0 1 1 0 0 0 0 1 1|1 1 1 1 1 1 0 1 1 1 1 1 0 0|1 1 0 1 0 1 1 1 0 1 1 1 0 0"
237,"ID24-14.71.2:",14,7,5246,"1, 3, 4, 6, 9, 10, 11, 12, 13, 14","1->4, 2->2, 3->11, 4->12, 5->5, 6->13, 7->7, 8->8, 9->10, 10->14, 11->1, 12->9, 13->6, 14->3","1-6, 1-9, 1-11, 1-13, 2-5, 2-7, 2-11, 2-12, 2-13, 3-8, 3-10, 3-13, 4-8, 4-10, 4-11, 4-14, 5-11, 5-13, 6-9, 6-10, 6-13, 7-8, 7-11, 7-12, 8-10, 8-11, 8-12, 8-13, 9-10, 9-11, 10-11, 10-13, 10-14, 11-13, 11-14, 12-13","1-2, 1-3, 1-4, 1-5, 1-6, 1-7, 1-8, 1-10, 1-12, 1-14, 2-5, 2-6, 2-7, 2-9, 3-12, 3-14, 4-6, 4-10, 4-13, 5-6, 6-8, 6-9, 6-11, 6-13, 6-14, 7-8, 7-9, 8-9, 8-11, 8-12, 8-14, 10-13, 10-14, 11-14, 12-14, 13-14","1-2, 1-3, 1-4, 1-5, 1-6, 1-7, 1-8, 1-9, 1-10, 1-11, 1-12, 1-13, 1-14, 2-5, 2-6, 2-7, 2-9, 2-11, 2-12, 2-13, 3-8, 3-10, 3-12, 3-13, 3-14, 4-6, 4-8, 4-10, 4-11, 4-13, 4-14, 5-6, 5-11, 5-13, 6-8, 6-9, 6-10, 6-11, 6-13, 6-14, 7-8, 7-9, 7-11, 7-12, 8-9, 8-10, 8-11, 8-12, 8-13, 8-14, 9-10, 9-11, 10-11, 10-13, 10-14, 11-13, 11-14, 12-13, 12-14, 13-14",4,4,8,"0 0 0 0 0 1 0 0 1 0 1 0 1 0|0 0 0 0 1 0 1 0 0 0 1 1 1 0|0 0 0 0 0 0 0 1 0 1 0 0 1 0|0 0 0 0 0 0 0 1 0 1 1 0 0 1|0 1 0 0 0 0 0 0 0 0 1 0 1 0|1 0 0 0 0 0 0 0 1 1 0 0 1 0|0 1 0 0 0 0 0 1 0 0 1 1 0 0|0 0 1 1 0 0 1 0 0 1 1 1 1 0|1 0 0 0 0 1 0 0 0 1 1 0 0 0|0 0 1 1 0 1 0 1 1 0 1 0 1 1|1 1 0 1 1 0 1 1 1 1 0 0 1 1|0 1 0 0 0 0 1 1 0 0 0 0 1 0|1 1 1 0 1 1 0 1 0 1 1 1 0 0|0 0 0 1 0 0 0 0 0 1 1 0 0 0","0 1 1 1 1 1 1 1 0 1 0 1 0 1|1 0 0 0 1 1 1 0 1 0 0 0 0 0|1 0 0 0 0 0 0 0 0 0 0 1 0 1|1 0 0 0 0 1 0 0 0 1 0 0 1 0|1 1 0 0 0 1 0 0 0 0 0 0 0 0|1 1 0 1 1 0 0 1 1 0 1 0 1 1|1 1 0 0 0 0 0 1 1 0 0 0 0 0|1 0 0 0 0 1 1 0 1 0 1 1 0 1|0 1 0 0 0 1 1 1 0 0 0 0 0 0|1 0 0 1 0 0 0 0 0 0 0 0 1 1|0 0 0 0 0 1 0 1 0 0 0 0 0 1|1 0 1 0 0 0 0 1 0 0 0 0 0 1|0 0 0 1 0 1 0 0 0 1 0 0 0 1|1 0 1 0 0 1 0 1 0 1 1 1 1 0","0 1 1 1 1 1 1 1 1 1 1 1 1 1|1 0 0 0 1 1 1 0 1 0 1 1 1 0|1 0 0 0 0 0 0 1 0 1 0 1 1 1|1 0 0 0 0 1 0 1 0 1 1 0 1 1|1 1 0 0 0 1 0 0 0 0 1 0 1 0|1 1 0 1 1 0 0 1 1 1 1 0 1 1|1 1 0 0 0 0 0 1 1 0 1 1 0 0|1 0 1 1 0 1 1 0 1 1 1 1 1 1|1 1 0 0 0 1 1 1 0 1 1 0 0 0|1 0 1 1 0 1 0 1 1 0 1 0 1 1|1 1 0 1 1 1 1 1 1 1 0 0 1 1|1 1 1 0 0 0 1 1 0 0 0 0 1 1|1 1 1 1 1 1 0 1 0 1 1 1 0 1|1 0 1 1 0 1 0 1 0 1 1 1 1 0"
238,"ID24-14.71.2:",14,8,5535,"1, 3, 5, 7, 8, 9, 10, 11, 12, 13","1->9, 2->2, 3->11, 4->4, 5->8, 6->6, 7->3, 8->12, 9->13, 10->7, 11->1, 12->10, 13->5, 14->14","1-6, 1-9, 1-11, 1-13, 2-5, 2-7, 2-11, 2-12, 2-13, 3-8, 3-10, 3-13, 4-8, 4-10, 4-11, 4-14, 5-11, 5-13, 6-9, 6-10, 6-13, 7-8, 7-11, 7-12, 8-10, 8-11, 8-12, 8-13, 9-10, 9-11, 10-11, 10-13, 10-14, 11-13, 11-14, 12-13","1-2, 1-3, 1-4, 1-5, 1-7, 1-8, 1-9, 1-12, 1-13, 1-14, 2-3, 2-5, 2-8, 2-10, 3-10, 3-12, 4-7, 4-12, 4-14, 5-6, 5-7, 5-8, 5-9, 5-10, 5-11, 5-12, 6-7, 6-9, 6-13, 7-11, 7-12, 7-13, 7-14, 9-13, 10-12, 11-12","1-2, 1-3, 1-4, 1-5, 1-6, 1-7, 1-8, 1-9, 1-11, 1-12, 1-13, 1-14, 2-3, 2-5, 2-7, 2-8, 2-10, 2-11, 2-12, 2-13, 3-8, 3-10, 3-12, 3-13, 4-7, 4-8, 4-10, 4-11, 4-12, 4-14, 5-6, 5-7, 5-8, 5-9, 5-10, 5-11, 5-12, 5-13, 6-7, 6-9, 6-10, 6-13, 7-8, 7-11, 7-12, 7-13, 7-14, 8-10, 8-11, 8-12, 8-13, 9-10, 9-11, 9-13, 10-11, 10-12, 10-13, 10-14, 11-12, 11-13, 11-14, 12-13",4,4,8,"0 0 0 0 0 1 0 0 1 0 1 0 1 0|0 0 0 0 1 0 1 0 0 0 1 1 1 0|0 0 0 0 0 0 0 1 0 1 0 0 1 0|0 0 0 0 0 0 0 1 0 1 1 0 0 1|0 1 0 0 0 0 0 0 0 0 1 0 1 0|1 0 0 0 0 0 0 0 1 1 0 0 1 0|0 1 0 0 0 0 0 1 0 0 1 1 0 0|0 0 1 1 0 0 1 0 0 1 1 1 1 0|1 0 0 0 0 1 0 0 0 1 1 0 0 0|0 0 1 1 0 1 0 1 1 0 1 0 1 1|1 1 0 1 1 0 1 1 1 1 0 0 1 1|0 1 0 0 0 0 1 1 0 0 0 0 1 0|1 1 1 0 1 1 0 1 0 1 1 1 0 0|0 0 0 1 0 0 0 0 0 1 1 0 0 0","0 1 1 1 1 0 1 1 1 0 0 1 1 1|1 0 1 0 1 0 0 1 0 1 0 0 0 0|1 1 0 0 0 0 0 0 0 1 0 1 0 0|1 0 0 0 0 0 1 0 0 0 0 1 0 1|1 1 0 0 0 1 1 1 1 1 1 1 0 0|0 0 0 0 1 0 1 0 1 0 0 0 1 0|1 0 0 1 1 1 0 0 0 0 1 1 1 1|1 1 0 0 1 0 0 0 0 0 0 0 0 0|1 0 0 0 1 1 0 0 0 0 0 0 1 0|0 1 1 0 1 0 0 0 0 0 0 1 0 0|0 0 0 0 1 0 1 0 0 0 0 1 0 0|1 0 1 1 1 0 1 0 0 1 1 0 0 0|1 0 0 0 0 1 1 0 1 0 0 0 0 0|1 0 0 1 0 0 1 0 0 0 0 0 0 0","0 1 1 1 1 1 1 1 1 0 1 1 1 1|1 0 1 0 1 0 1 1 0 1 1 1 1 0|1 1 0 0 0 0 0 1 0 1 0 1 1 0|1 0 0 0 0 0 1 1 0 1 1 1 0 1|1 1 0 0 0 1 1 1 1 1 1 1 1 0|1 0 0 0 1 0 1 0 1 1 0 0 1 0|1 1 0 1 1 1 0 1 0 0 1 1 1 1|1 1 1 1 1 0 1 0 0 1 1 1 1 0|1 0 0 0 1 1 0 0 0 1 1 0 1 0|0 1 1 1 1 1 0 1 1 0 1 1 1 1|1 1 0 1 1 0 1 1 1 1 0 1 1 1|1 1 1 1 1 0 1 1 0 1 1 0 1 0|1 1 1 0 1 1 1 1 1 1 1 1 0 0|1 0 0 1 0 0 1 0 0 1 1 0 0 0"
239,"ID24-14.71.2:",14,9,5971,"1, 3, 6, 7, 8, 9, 10, 11, 12, 13","1->8, 2->2, 3->11, 4->4, 5->5, 6->3, 7->10, 8->7, 9->12, 10->13, 11->9, 12->1, 13->6, 14->14","1-6, 1-9, 1-11, 1-13, 2-5, 2-7, 2-11, 2-12, 2-13, 3-8, 3-10, 3-13, 4-8, 4-10, 4-11, 4-14, 5-11, 5-13, 6-9, 6-10, 6-13, 7-8, 7-11, 7-12, 8-10, 8-11, 8-12, 8-13, 9-10, 9-11, 10-11, 10-13, 10-14, 11-13, 11-14, 12-13","1-2, 1-6, 1-7, 1-10, 2-5, 2-6, 2-9, 2-10, 3-6, 3-8, 3-12, 3-13, 4-7, 4-9, 4-13, 4-14, 5-6, 5-9, 6-7, 6-8, 6-9, 6-11, 6-13, 7-9, 7-10, 7-11, 7-13, 8-9, 8-12, 9-10, 9-12, 9-13, 9-14, 11-13, 12-13, 13-14","1-2, 1-6, 1-7, 1-9, 1-10, 1-11, 1-13, 2-5, 2-6, 2-7, 2-9, 2-10, 2-11, 2-12, 2-13, 3-6, 3-8, 3-10, 3-12, 3-13, 4-7, 4-8, 4-9, 4-10, 4-11, 4-13, 4-14, 5-6, 5-9, 5-11, 5-13, 6-7, 6-8, 6-9, 6-10, 6-11, 6-13, 7-8, 7-9, 7-10, 7-11, 7-12, 7-13, 8-9, 8-10, 8-11, 8-12, 8-13, 9-10, 9-11, 9-12, 9-13, 9-14, 10-11, 10-13, 10-14, 11-13, 11-14, 12-13, 13-14",4,4,8,"0 0 0 0 0 1 0 0 1 0 1 0 1 0|0 0 0 0 1 0 1 0 0 0 1 1 1 0|0 0 0 0 0 0 0 1 0 1 0 0 1 0|0 0 0 0 0 0 0 1 0 1 1 0 0 1|0 1 0 0 0 0 0 0 0 0 1 0 1 0|1 0 0 0 0 0 0 0 1 1 0 0 1 0|0 1 0 0 0 0 0 1 0 0 1 1 0 0|0 0 1 1 0 0 1 0 0 1 1 1 1 0|1 0 0 0 0 1 0 0 0 1 1 0 0 0|0 0 1 1 0 1 0 1 1 0 1 0 1 1|1 1 0 1 1 0 1 1 1 1 0 0 1 1|0 1 0 0 0 0 1 1 0 0 0 0 1 0|1 1 1 0 1 1 0 1 0 1 1 1 0 0|0 0 0 1 0 0 0 0 0 1 1 0 0 0","0 1 0 0 0 1 1 0 0 1 0 0 0 0|1 0 0 0 1 1 0 0 1 1 0 0 0 0|0 0 0 0 0 1 0 1 0 0 0 1 1 0|0 0 0 0 0 0 1 0 1 0 0 0 1 1|0 1 0 0 0 1 0 0 1 0 0 0 0 0|1 1 1 0 1 0 1 1 1 0 1 0 1 0|1 0 0 1 0 1 0 0 1 1 1 0 1 0|0 0 1 0 0 1 0 0 1 0 0 1 0 0|0 1 0 1 1 1 1 1 0 1 0 1 1 1|1 1 0 0 0 0 1 0 1 0 0 0 0 0|0 0 0 0 0 1 1 0 0 0 0 0 1 0|0 0 1 0 0 0 0 1 1 0 0 0 1 0|0 0 1 1 0 1 1 0 1 0 1 1 0 1|0 0 0 1 0 0 0 0 1 0 0 0 1 0","0 1 0 0 0 1 1 0 1 1 1 0 1 0|1 0 0 0 1 1 1 0 1 1 1 1 1 0|0 0 0 0 0 1 0 1 0 1 0 1 1 0|0 0 0 0 0 0 1 1 1 1 1 0 1 1|0 1 0 0 0 1 0 0 1 0 1 0 1 0|1 1 1 0 1 0 1 1 1 1 1 0 1 0|1 1 0 1 0 1 0 1 1 1 1 1 1 0|0 0 1 1 0 1 1 0 1 1 1 1 1 0|1 1 0 1 1 1 1 1 0 1 1 1 1 1|1 1 1 1 0 1 1 1 1 0 1 0 1 1|1 1 0 1 1 1 1 1 1 1 0 0 1 1|0 1 1 0 0 0 1 1 1 0 0 0 1 0|1 1 1 1 1 1 1 1 1 1 1 1 0 1|0 0 0 1 0 0 0 0 1 1 1 0 1 0"
240,"ID24-14.71.2:",14,10,7291,"1, 2, 3, 6, 7, 8, 9, 11, 12, 13","1->2, 2->11, 3->13, 4->4, 5->5, 6->1, 7->6, 8->7, 9->3, 10->10, 11->12, 12->8, 13->9, 14->14","1-6, 1-9, 1-11, 1-13, 2-5, 2-7, 2-11, 2-12, 2-13, 3-8, 3-10, 3-13, 4-8, 4-10, 4-11, 4-14, 5-11, 5-13, 6-9, 6-10, 6-13, 7-8, 7-11, 7-12, 8-10, 8-11, 8-12, 8-13, 9-10, 9-11, 10-11, 10-13, 10-14, 11-13, 11-14, 12-13","1-2, 1-3, 1-9, 1-10, 2-3, 2-9, 2-12, 3-10, 3-12, 4-7, 4-10, 4-12, 4-14, 5-9, 5-11, 5-12, 6-7, 6-8, 6-11, 6-12, 7-8, 7-9, 7-10, 7-12, 7-13, 8-9, 8-11, 9-10, 9-11, 9-12, 9-13, 10-12, 10-13, 10-14, 11-12, 12-14","1-2, 1-3, 1-6, 1-9, 1-10, 1-11, 1-13, 2-3, 2-5, 2-7, 2-9, 2-11, 2-12, 2-13, 3-8, 3-10, 3-12, 3-13, 4-7, 4-8, 4-10, 4-11, 4-12, 4-14, 5-9, 5-11, 5-12, 5-13, 6-7, 6-8, 6-9, 6-10, 6-11, 6-12, 6-13, 7-8, 7-9, 7-10, 7-11, 7-12, 7-13, 8-9, 8-10, 8-11, 8-12, 8-13, 9-10, 9-11, 9-12, 9-13, 10-11, 10-12, 10-13, 10-14, 11-12, 11-13, 11-14, 12-13, 12-14",4,4,8,"0 0 0 0 0 1 0 0 1 0 1 0 1 0|0 0 0 0 1 0 1 0 0 0 1 1 1 0|0 0 0 0 0 0 0 1 0 1 0 0 1 0|0 0 0 0 0 0 0 1 0 1 1 0 0 1|0 1 0 0 0 0 0 0 0 0 1 0 1 0|1 0 0 0 0 0 0 0 1 1 0 0 1 0|0 1 0 0 0 0 0 1 0 0 1 1 0 0|0 0 1 1 0 0 1 0 0 1 1 1 1 0|1 0 0 0 0 1 0 0 0 1 1 0 0 0|0 0 1 1 0 1 0 1 1 0 1 0 1 1|1 1 0 1 1 0 1 1 1 1 0 0 1 1|0 1 0 0 0 0 1 1 0 0 0 0 1 0|1 1 1 0 1 1 0 1 0 1 1 1 0 0|0 0 0 1 0 0 0 0 0 1 1 0 0 0","0 1 1 0 0 0 0 0 1 1 0 0 0 0|1 0 1 0 0 0 0 0 1 0 0 1 0 0|1 1 0 0 0 0 0 0 0 1 0 1 0 0|0 0 0 0 0 0 1 0 0 1 0 1 0 1|0 0 0 0 0 0 0 0 1 0 1 1 0 0|0 0 0 0 0 0 1 1 0 0 1 1 0 0|0 0 0 1 0 1 0 1 1 1 0 1 1 0|0 0 0 0 0 1 1 0 1 0 1 0 0 0|1 1 0 0 1 0 1 1 0 1 1 1 1 0|1 0 1 1 0 0 1 0 1 0 0 1 1 1|0 0 0 0 1 1 0 1 1 0 0 1 0 0|0 1 1 1 1 1 1 0 1 1 1 0 0 1|0 0 0 0 0 0 1 0 1 1 0 0 0 0|0 0 0 1 0 0 0 0 0 1 0 1 0 0","0 1 1 0 0 1 0 0 1 1 1 0 1 0|1 0 1 0 1 0 1 0 1 0 1 1 1 0|1 1 0 0 0 0 0 1 0 1 0 1 1 0|0 0 0 0 0 0 1 1 0 1 1 1 0 1|0 1 0 0 0 0 0 0 1 0 1 1 1 0|1 0 0 0 0 0 1 1 1 1 1 1 1 0|0 1 0 1 0 1 0 1 1 1 1 1 1 0|0 0 1 1 0 1 1 0 1 1 1 1 1 0|1 1 0 0 1 1 1 1 0 1 1 1 1 0|1 0 1 1 0 1 1 1 1 0 1 1 1 1|1 1 0 1 1 1 1 1 1 1 0 1 1 1|0 1 1 1 1 1 1 1 1 1 1 0 1 1|1 1 1 0 1 1 1 1 1 1 1 1 0 0|0 0 0 1 0 0 0 0 0 1 1 1 0 0"
241,"ID25-14.71.3:",14,1,141,"3, 5, 6, 7, 8, 10, 11, 12, 13, 14","1->1, 2->2, 3->11, 4->4, 5->8, 6->7, 7->13, 8->10, 9->9, 10->5, 11->6, 12->3, 13->14, 14->12","1-6, 1-9, 1-11, 1-12, 1-14, 2-6, 2-8, 2-9, 2-12, 3-7, 3-10, 3-11, 4-10, 4-11, 4-12, 5-7, 5-10, 5-12, 5-13, 6-8, 6-9, 6-11, 7-10, 7-11, 7-12, 7-13, 7-14, 8-11, 8-12, 9-12, 10-11, 10-12, 10-13, 11-12, 11-14, 12-14","1-3, 1-6, 1-7, 1-9, 1-12, 2-3, 2-7, 2-9, 2-10, 3-4, 3-5, 3-6, 3-8, 3-9, 3-10, 3-12, 3-13, 4-5, 4-6, 5-6, 5-8, 5-11, 5-13, 5-14, 6-7, 6-10, 6-11, 6-12, 6-13, 7-9, 7-10, 8-13, 8-14, 11-13, 12-13, 13-14","1-3, 1-6, 1-7, 1-9, 1-11, 1-12, 1-14, 2-3, 2-6, 2-7, 2-8, 2-9, 2-10, 2-12, 3-4, 3-5, 3-6, 3-7, 3-8, 3-9, 3-10, 3-11, 3-12, 3-13, 4-5, 4-6, 4-10, 4-11, 4-12, 5-6, 5-7, 5-8, 5-10, 5-11, 5-12, 5-13, 5-14, 6-7, 6-8, 6-9, 6-10, 6-11, 6-12, 6-13, 7-9, 7-10, 7-11, 7-12, 7-13, 7-14, 8-11, 8-12, 8-13, 8-14, 9-12, 10-11, 10-12, 10-13, 11-12, 11-13, 11-14, 12-13, 12-14, 13-14",4,4,8,"0 0 0 0 0 1 0 0 1 0 1 1 0 1|0 0 0 0 0 1 0 1 1 0 0 1 0 0|0 0 0 0 0 0 1 0 0 1 1 0 0 0|0 0 0 0 0 0 0 0 0 1 1 1 0 0|0 0 0 0 0 0 1 0 0 1 0 1 1 0|1 1 0 0 0 0 0 1 1 0 1 0 0 0|0 0 1 0 1 0 0 0 0 1 1 1 1 1|0 1 0 0 0 1 0 0 0 0 1 1 0 0|1 1 0 0 0 1 0 0 0 0 0 1 0 0|0 0 1 1 1 0 1 0 0 0 1 1 1 0|1 0 1 1 0 1 1 1 0 1 0 1 0 1|1 1 0 1 1 0 1 1 1 1 1 0 0 1|0 0 0 0 1 0 1 0 0 1 0 0 0 0|1 0 0 0 0 0 1 0 0 0 1 1 0 0","0 0 1 0 0 1 1 0 1 0 0 1 0 0|0 0 1 0 0 0 1 0 1 1 0 0 0 0|1 1 0 1 1 1 0 1 1 1 0 1 1 0|0 0 1 0 1 1 0 0 0 0 0 0 0 0|0 0 1 1 0 1 0 1 0 0 1 0 1 1|1 0 1 1 1 0 1 0 0 1 1 1 1 0|1 1 0 0 0 1 0 0 1 1 0 0 0 0|0 0 1 0 1 0 0 0 0 0 0 0 1 1|1 1 1 0 0 0 1 0 0 0 0 0 0 0|0 1 1 0 0 1 1 0 0 0 0 0 0 0|0 0 0 0 1 1 0 0 0 0 0 0 1 0|1 0 1 0 0 1 0 0 0 0 0 0 1 0|0 0 1 0 1 1 0 1 0 0 1 1 0 1|0 0 0 0 1 0 0 1 0 0 0 0 1 0","0 0 1 0 0 1 1 0 1 0 1 1 0 1|0 0 1 0 0 1 1 1 1 1 0 1 0 0|1 1 0 1 1 1 1 1 1 1 1 1 1 0|0 0 1 0 1 1 0 0 0 1 1 1 0 0|0 0 1 1 0 1 1 1 0 1 1 1 1 1|1 1 1 1 1 0 1 1 1 1 1 1 1 0|1 1 1 0 1 1 0 0 1 1 1 1 1 1|0 1 1 0 1 1 0 0 0 0 1 1 1 1|1 1 1 0 0 1 1 0 0 0 0 1 0 0|0 1 1 1 1 1 1 0 0 0 1 1 1 0|1 0 1 1 1 1 1 1 0 1 0 1 1 1|1 1 1 1 1 1 1 1 1 1 1 0 1 1|0 0 1 0 1 1 1 1 0 1 1 1 0 1|1 0 0 0 1 0 1 1 0 0 1 1 1 0"
242,"ID25-14.71.3:",14,2,1227,"1, 3, 4, 5, 7, 9, 10, 11, 12, 14","1->3, 2->2, 3->10, 4->7, 5->4, 6->6, 7->14, 8->8, 9->12, 10->1, 11->9, 12->5, 13->13, 14->11","1-6, 1-9, 1-11, 1-12, 1-14, 2-6, 2-8, 2-9, 2-12, 3-7, 3-10, 3-11, 4-10, 4-11, 4-12, 5-7, 5-10, 5-12, 5-13, 6-8, 6-9, 6-11, 7-10, 7-11, 7-12, 7-13, 7-14, 8-11, 8-12, 9-12, 10-11, 10-12, 10-13, 11-12, 11-14, 12-14","1-4, 1-5, 1-7, 1-9, 1-10, 1-13, 1-14, 2-5, 2-6, 2-8, 2-12, 3-5, 3-6, 3-9, 3-11, 3-12, 4-5, 4-13, 4-14, 5-7, 5-8, 5-9, 5-11, 5-12, 5-14, 6-8, 6-9, 6-12, 7-9, 8-9, 9-10, 9-11, 9-14, 10-14, 11-14, 13-14","1-4, 1-5, 1-6, 1-7, 1-9, 1-10, 1-11, 1-12, 1-13, 1-14, 2-5, 2-6, 2-8, 2-9, 2-12, 3-5, 3-6, 3-7, 3-9, 3-10, 3-11, 3-12, 4-5, 4-10, 4-11, 4-12, 4-13, 4-14, 5-7, 5-8, 5-9, 5-10, 5-11, 5-12, 5-13, 5-14, 6-8, 6-9, 6-11, 6-12, 7-9, 7-10, 7-11, 7-12, 7-13, 7-14, 8-9, 8-11, 8-12, 9-10, 9-11, 9-12, 9-14, 10-11, 10-12, 10-13, 10-14, 11-12, 11-14, 12-14, 13-14",4,4,8,"0 0 0 0 0 1 0 0 1 0 1 1 0 1|0 0 0 0 0 1 0 1 1 0 0 1 0 0|0 0 0 0 0 0 1 0 0 1 1 0 0 0|0 0 0 0 0 0 0 0 0 1 1 1 0 0|0 0 0 0 0 0 1 0 0 1 0 1 1 0|1 1 0 0 0 0 0 1 1 0 1 0 0 0|0 0 1 0 1 0 0 0 0 1 1 1 1 1|0 1 0 0 0 1 0 0 0 0 1 1 0 0|1 1 0 0 0 1 0 0 0 0 0 1 0 0|0 0 1 1 1 0 1 0 0 0 1 1 1 0|1 0 1 1 0 1 1 1 0 1 0 1 0 1|1 1 0 1 1 0 1 1 1 1 1 0 0 1|0 0 0 0 1 0 1 0 0 1 0 0 0 0|1 0 0 0 0 0 1 0 0 0 1 1 0 0","0 0 0 1 1 0 1 0 1 1 0 0 1 1|0 0 0 0 1 1 0 1 0 0 0 1 0 0|0 0 0 0 1 1 0 0 1 0 1 1 0 0|1 0 0 0 1 0 0 0 0 0 0 0 1 1|1 1 1 1 0 0 1 1 1 0 1 1 0 1|0 1 1 0 0 0 0 1 1 0 0 1 0 0|1 0 0 0 1 0 0 0 1 0 0 0 0 0|0 1 0 0 1 1 0 0 1 0 0 0 0 0|1 0 1 0 1 1 1 1 0 1 1 0 0 1|1 0 0 0 0 0 0 0 1 0 0 0 0 1|0 0 1 0 1 0 0 0 1 0 0 0 0 1|0 1 1 0 1 1 0 0 0 0 0 0 0 0|1 0 0 1 0 0 0 0 0 0 0 0 0 1|1 0 0 1 1 0 0 0 1 1 1 0 1 0","0 0 0 1 1 1 1 0 1 1 1 1 1 1|0 0 0 0 1 1 0 1 1 0 0 1 0 0|0 0 0 0 1 1 1 0 1 1 1 1 0 0|1 0 0 0 1 0 0 0 0 1 1 1 1 1|1 1 1 1 0 0 1 1 1 1 1 1 1 1|1 1 1 0 0 0 0 1 1 0 1 1 0 0|1 0 1 0 1 0 0 0 1 1 1 1 1 1|0 1 0 0 1 1 0 0 1 0 1 1 0 0|1 1 1 0 1 1 1 1 0 1 1 1 0 1|1 0 1 1 1 0 1 0 1 0 1 1 1 1|1 0 1 1 1 1 1 1 1 1 0 1 0 1|1 1 1 1 1 1 1 1 1 1 1 0 0 1|1 0 0 1 1 0 1 0 0 1 0 0 0 1|1 0 0 1 1 0 1 0 1 1 1 1 1 0"
243,"ID25-14.71.3:",14,3,3747,"2, 3, 4, 5, 7, 10, 11, 12, 13, 14","1->1, 2->12, 3->10, 4->2, 5->3, 6->6, 7->5, 8->8, 9->9, 10->4, 11->14, 12->13, 13->7, 14->11","1-6, 1-9, 1-11, 1-12, 1-14, 2-6, 2-8, 2-9, 2-12, 3-7, 3-10, 3-11, 4-10, 4-11, 4-12, 5-7, 5-10, 5-12, 5-13, 6-8, 6-9, 6-11, 7-10, 7-11, 7-12, 7-13, 7-14, 8-11, 8-12, 9-12, 10-11, 10-12, 10-13, 11-12, 11-14, 12-14","1-6, 1-9, 1-11, 1-13, 1-14, 2-4, 2-13, 2-14, 3-4, 3-5, 3-7, 3-13, 4-5, 4-7, 4-10, 4-13, 4-14, 5-7, 5-10, 5-11, 5-13, 5-14, 6-8, 6-9, 6-12, 6-14, 8-12, 8-13, 8-14, 9-12, 9-13, 10-14, 11-13, 11-14, 12-13, 13-14","1-6, 1-9, 1-11, 1-12, 1-13, 1-14, 2-4, 2-6, 2-8, 2-9, 2-12, 2-13, 2-14, 3-4, 3-5, 3-7, 3-10, 3-11, 3-13, 4-5, 4-7, 4-10, 4-11, 4-12, 4-13, 4-14, 5-7, 5-10, 5-11, 5-12, 5-13, 5-14, 6-8, 6-9, 6-11, 6-12, 6-14, 7-10, 7-11, 7-12, 7-13, 7-14, 8-11, 8-12, 8-13, 8-14, 9-12, 9-13, 10-11, 10-12, 10-13, 10-14, 11-12, 11-13, 11-14, 12-13, 12-14, 13-14",4,4,8,"0 0 0 0 0 1 0 0 1 0 1 1 0 1|0 0 0 0 0 1 0 1 1 0 0 1 0 0|0 0 0 0 0 0 1 0 0 1 1 0 0 0|0 0 0 0 0 0 0 0 0 1 1 1 0 0|0 0 0 0 0 0 1 0 0 1 0 1 1 0|1 1 0 0 0 0 0 1 1 0 1 0 0 0|0 0 1 0 1 0 0 0 0 1 1 1 1 1|0 1 0 0 0 1 0 0 0 0 1 1 0 0|1 1 0 0 0 1 0 0 0 0 0 1 0 0|0 0 1 1 1 0 1 0 0 0 1 1 1 0|1 0 1 1 0 1 1 1 0 1 0 1 0 1|1 1 0 1 1 0 1 1 1 1 1 0 0 1|0 0 0 0 1 0 1 0 0 1 0 0 0 0|1 0 0 0 0 0 1 0 0 0 1 1 0 0","0 0 0 0 0 1 0 0 1 0 1 0 1 1|0 0 0 1 0 0 0 0 0 0 0 0 1 1|0 0 0 1 1 0 1 0 0 0 0 0 1 0|0 1 1 0 1 0 1 0 0 1 0 0 1 1|0 0 1 1 0 0 1 0 0 1 1 0 1 1|1 0 0 0 0 0 0 1 1 0 0 1 0 1|0 0 1 1 1 0 0 0 0 0 0 0 0 0|0 0 0 0 0 1 0 0 0 0 0 1 1 1|1 0 0 0 0 1 0 0 0 0 0 1 1 0|0 0 0 1 1 0 0 0 0 0 0 0 0 1|1 0 0 0 1 0 0 0 0 0 0 0 1 1|0 0 0 0 0 1 0 1 1 0 0 0 1 0|1 1 1 1 1 0 0 1 1 0 1 1 0 1|1 1 0 1 1 1 0 1 0 1 1 0 1 0","0 0 0 0 0 1 0 0 1 0 1 1 1 1|0 0 0 1 0 1 0 1 1 0 0 1 1 1|0 0 0 1 1 0 1 0 0 1 1 0 1 0|0 1 1 0 1 0 1 0 0 1 1 1 1 1|0 0 1 1 0 0 1 0 0 1 1 1 1 1|1 1 0 0 0 0 0 1 1 0 1 1 0 1|0 0 1 1 1 0 0 0 0 1 1 1 1 1|0 1 0 0 0 1 0 0 0 0 1 1 1 1|1 1 0 0 0 1 0 0 0 0 0 1 1 0|0 0 1 1 1 0 1 0 0 0 1 1 1 1|1 0 1 1 1 1 1 1 0 1 0 1 1 1|1 1 0 1 1 1 1 1 1 1 1 0 1 1|1 1 1 1 1 0 1 1 1 1 1 1 0 1|1 1 0 1 1 1 1 1 0 1 1 1 1 0"
244,"ID25-14.71.3:",14,4,5509,"2, 4, 5, 7, 8, 9, 10, 11, 12, 14","1->1, 2->12, 3->3, 4->7, 5->11, 6->6, 7->14, 8->10, 9->2, 10->5, 11->4, 12->9, 13->13, 14->8","1-6, 1-9, 1-11, 1-12, 1-14, 2-6, 2-8, 2-9, 2-12, 3-7, 3-10, 3-11, 4-10, 4-11, 4-12, 5-7, 5-10, 5-12, 5-13, 6-8, 6-9, 6-11, 7-10, 7-11, 7-12, 7-13, 7-14, 8-11, 8-12, 9-12, 10-11, 10-12, 10-13, 11-12, 11-14, 12-14","1-2, 1-4, 1-6, 1-8, 1-9, 2-6, 2-9, 2-12, 3-4, 3-5, 3-14, 4-5, 4-6, 4-7, 4-8, 4-9, 4-10, 4-14, 5-7, 5-9, 5-11, 5-13, 5-14, 6-10, 6-12, 7-9, 8-9, 8-14, 9-10, 9-11, 9-12, 9-14, 10-12, 11-13, 11-14, 13-14","1-2, 1-4, 1-6, 1-8, 1-9, 1-11, 1-12, 1-14, 2-6, 2-8, 2-9, 2-12, 3-4, 3-5, 3-7, 3-10, 3-11, 3-14, 4-5, 4-6, 4-7, 4-8, 4-9, 4-10, 4-11, 4-12, 4-14, 5-7, 5-9, 5-10, 5-11, 5-12, 5-13, 5-14, 6-8, 6-9, 6-10, 6-11, 6-12, 7-9, 7-10, 7-11, 7-12, 7-13, 7-14, 8-9, 8-11, 8-12, 8-14, 9-10, 9-11, 9-12, 9-14, 10-11, 10-12, 10-13, 11-12, 11-13, 11-14, 12-14, 13-14",4,4,8,"0 0 0 0 0 1 0 0 1 0 1 1 0 1|0 0 0 0 0 1 0 1 1 0 0 1 0 0|0 0 0 0 0 0 1 0 0 1 1 0 0 0|0 0 0 0 0 0 0 0 0 1 1 1 0 0|0 0 0 0 0 0 1 0 0 1 0 1 1 0|1 1 0 0 0 0 0 1 1 0 1 0 0 0|0 0 1 0 1 0 0 0 0 1 1 1 1 1|0 1 0 0 0 1 0 0 0 0 1 1 0 0|1 1 0 0 0 1 0 0 0 0 0 1 0 0|0 0 1 1 1 0 1 0 0 0 1 1 1 0|1 0 1 1 0 1 1 1 0 1 0 1 0 1|1 1 0 1 1 0 1 1 1 1 1 0 0 1|0 0 0 0 1 0 1 0 0 1 0 0 0 0|1 0 0 0 0 0 1 0 0 0 1 1 0 0","0 1 0 1 0 1 0 1 1 0 0 0 0 0|1 0 0 0 0 1 0 0 1 0 0 1 0 0|0 0 0 1 1 0 0 0 0 0 0 0 0 1|1 0 1 0 1 1 1 1 1 1 0 0 0 1|0 0 1 1 0 0 1 0 1 0 1 0 1 1|1 1 0 1 0 0 0 0 0 1 0 1 0 0|0 0 0 1 1 0 0 0 1 0 0 0 0 0|1 0 0 1 0 0 0 0 1 0 0 0 0 1|1 1 0 1 1 0 1 1 0 1 1 1 0 1|0 0 0 1 0 1 0 0 1 0 0 1 0 0|0 0 0 0 1 0 0 0 1 0 0 0 1 1|0 1 0 0 0 1 0 0 1 1 0 0 0 0|0 0 0 0 1 0 0 0 0 0 1 0 0 1|0 0 1 1 1 0 0 1 1 0 1 0 1 0","0 1 0 1 0 1 0 1 1 0 1 1 0 1|1 0 0 0 0 1 0 1 1 0 0 1 0 0|0 0 0 1 1 0 1 0 0 1 1 0 0 1|1 0 1 0 1 1 1 1 1 1 1 1 0 1|0 0 1 1 0 0 1 0 1 1 1 1 1 1|1 1 0 1 0 0 0 1 1 1 1 1 0 0|0 0 1 1 1 0 0 0 1 1 1 1 1 1|1 1 0 1 0 1 0 0 1 0 1 1 0 1|1 1 0 1 1 1 1 1 0 1 1 1 0 1|0 0 1 1 1 1 1 0 1 0 1 1 1 0|1 0 1 1 1 1 1 1 1 1 0 1 1 1|1 1 0 1 1 1 1 1 1 1 1 0 0 1|0 0 0 0 1 0 1 0 0 1 1 0 0 1|1 0 1 1 1 0 1 1 1 0 1 1 1 0"
245,"ID25-14.71.3:",14,5,5894,"1, 3, 4, 5, 6, 7, 8, 10, 11, 12","1->6, 2->2, 3->10, 4->3, 5->7, 6->12, 7->8, 8->11, 9->9, 10->1, 11->5, 12->4, 13->13, 14->14","1-6, 1-9, 1-11, 1-12, 1-14, 2-6, 2-8, 2-9, 2-12, 3-7, 3-10, 3-11, 4-10, 4-11, 4-12, 5-7, 5-10, 5-12, 5-13, 6-8, 6-9, 6-11, 7-10, 7-11, 7-12, 7-13, 7-14, 8-11, 8-12, 9-12, 10-11, 10-12, 10-13, 11-12, 11-14, 12-14","1-3, 1-4, 1-5, 1-7, 1-8, 1-10, 1-13, 2-4, 2-9, 2-11, 2-12, 3-4, 3-5, 4-5, 4-6, 4-7, 4-8, 4-9, 4-11, 4-14, 5-6, 5-8, 5-10, 5-11, 5-12, 5-14, 6-9, 6-12, 6-14, 7-8, 7-13, 8-10, 8-13, 8-14, 9-12, 11-12","1-3, 1-4, 1-5, 1-6, 1-7, 1-8, 1-9, 1-10, 1-11, 1-12, 1-13, 1-14, 2-4, 2-6, 2-8, 2-9, 2-11, 2-12, 3-4, 3-5, 3-7, 3-10, 3-11, 4-5, 4-6, 4-7, 4-8, 4-9, 4-10, 4-11, 4-12, 4-14, 5-6, 5-7, 5-8, 5-10, 5-11, 5-12, 5-13, 5-14, 6-8, 6-9, 6-11, 6-12, 6-14, 7-8, 7-10, 7-11, 7-12, 7-13, 7-14, 8-10, 8-11, 8-12, 8-13, 8-14, 9-12, 10-11, 10-12, 10-13, 11-12, 11-14, 12-14",4,4,8,"0 0 0 0 0 1 0 0 1 0 1 1 0 1|0 0 0 0 0 1 0 1 1 0 0 1 0 0|0 0 0 0 0 0 1 0 0 1 1 0 0 0|0 0 0 0 0 0 0 0 0 1 1 1 0 0|0 0 0 0 0 0 1 0 0 1 0 1 1 0|1 1 0 0 0 0 0 1 1 0 1 0 0 0|0 0 1 0 1 0 0 0 0 1 1 1 1 1|0 1 0 0 0 1 0 0 0 0 1 1 0 0|1 1 0 0 0 1 0 0 0 0 0 1 0 0|0 0 1 1 1 0 1 0 0 0 1 1 1 0|1 0 1 1 0 1 1 1 0 1 0 1 0 1|1 1 0 1 1 0 1 1 1 1 1 0 0 1|0 0 0 0 1 0 1 0 0 1 0 0 0 0|1 0 0 0 0 0 1 0 0 0 1 1 0 0","0 0 1 1 1 0 1 1 0 1 0 0 1 0|0 0 0 1 0 0 0 0 1 0 1 1 0 0|1 0 0 1 1 0 0 0 0 0 0 0 0 0|1 1 1 0 1 1 1 1 1 0 1 0 0 1|1 0 1 1 0 1 0 1 0 1 1 1 0 1|0 0 0 1 1 0 0 0 1 0 0 1 0 1|1 0 0 1 0 0 0 1 0 0 0 0 1 0|1 0 0 1 1 0 1 0 0 1 0 0 1 1|0 1 0 1 0 1 0 0 0 0 0 1 0 0|1 0 0 0 1 0 0 1 0 0 0 0 0 0|0 1 0 1 1 0 0 0 0 0 0 1 0 0|0 1 0 0 1 1 0 0 1 0 1 0 0 0|1 0 0 0 0 0 1 1 0 0 0 0 0 0|0 0 0 1 1 1 0 1 0 0 0 0 0 0","0 0 1 1 1 1 1 1 1 1 1 1 1 1|0 0 0 1 0 1 0 1 1 0 1 1 0 0|1 0 0 1 1 0 1 0 0 1 1 0 0 0|1 1 1 0 1 1 1 1 1 1 1 1 0 1|1 0 1 1 0 1 1 1 0 1 1 1 1 1|1 1 0 1 1 0 0 1 1 0 1 1 0 1|1 0 1 1 1 0 0 1 0 1 1 1 1 1|1 1 0 1 1 1 1 0 0 1 1 1 1 1|1 1 0 1 0 1 0 0 0 0 0 1 0 0|1 0 1 1 1 0 1 1 0 0 1 1 1 0|1 1 1 1 1 1 1 1 0 1 0 1 0 1|1 1 0 1 1 1 1 1 1 1 1 0 0 1|1 0 0 0 1 0 1 1 0 1 0 0 0 0|1 0 0 1 1 1 1 1 0 0 1 1 0 0"
246,"ID25-14.71.3:",14,6,5922,"1, 2, 3, 4, 7, 10, 11, 12, 13, 14","1->14, 2->1, 3->4, 4->7, 5->5, 6->6, 7->13, 8->8, 9->9, 10->2, 11->10, 12->3, 13->11, 14->12","1-6, 1-9, 1-11, 1-12, 1-14, 2-6, 2-8, 2-9, 2-12, 3-7, 3-10, 3-11, 4-10, 4-11, 4-12, 5-7, 5-10, 5-12, 5-13, 6-8, 6-9, 6-11, 7-10, 7-11, 7-12, 7-13, 7-14, 8-11, 8-12, 9-12, 10-11, 10-12, 10-13, 11-12, 11-14, 12-14","1-3, 1-6, 1-8, 1-9, 2-3, 2-4, 2-5, 2-7, 2-10, 2-11, 2-13, 3-5, 3-7, 3-8, 3-9, 3-10, 3-12, 3-13, 3-14, 4-10, 4-13, 5-11, 5-13, 6-8, 6-9, 6-10, 6-14, 7-10, 8-10, 9-14, 10-12, 10-13, 10-14, 11-13, 12-13, 12-14","1-3, 1-6, 1-8, 1-9, 1-11, 1-12, 1-14, 2-3, 2-4, 2-5, 2-6, 2-7, 2-8, 2-9, 2-10, 2-11, 2-12, 2-13, 3-5, 3-7, 3-8, 3-9, 3-10, 3-11, 3-12, 3-13, 3-14, 4-10, 4-11, 4-12, 4-13, 5-7, 5-10, 5-11, 5-12, 5-13, 6-8, 6-9, 6-10, 6-11, 6-14, 7-10, 7-11, 7-12, 7-13, 7-14, 8-10, 8-11, 8-12, 9-12, 9-14, 10-11, 10-12, 10-13, 10-14, 11-12, 11-13, 11-14, 12-13, 12-14",4,4,8,"0 0 0 0 0 1 0 0 1 0 1 1 0 1|0 0 0 0 0 1 0 1 1 0 0 1 0 0|0 0 0 0 0 0 1 0 0 1 1 0 0 0|0 0 0 0 0 0 0 0 0 1 1 1 0 0|0 0 0 0 0 0 1 0 0 1 0 1 1 0|1 1 0 0 0 0 0 1 1 0 1 0 0 0|0 0 1 0 1 0 0 0 0 1 1 1 1 1|0 1 0 0 0 1 0 0 0 0 1 1 0 0|1 1 0 0 0 1 0 0 0 0 0 1 0 0|0 0 1 1 1 0 1 0 0 0 1 1 1 0|1 0 1 1 0 1 1 1 0 1 0 1 0 1|1 1 0 1 1 0 1 1 1 1 1 0 0 1|0 0 0 0 1 0 1 0 0 1 0 0 0 0|1 0 0 0 0 0 1 0 0 0 1 1 0 0","0 0 1 0 0 1 0 1 1 0 0 0 0 0|0 0 1 1 1 0 1 0 0 1 1 0 1 0|1 1 0 0 1 0 1 1 1 1 0 1 1 1|0 1 0 0 0 0 0 0 0 1 0 0 1 0|0 1 1 0 0 0 0 0 0 0 1 0 1 0|1 0 0 0 0 0 0 1 1 1 0 0 0 1|0 1 1 0 0 0 0 0 0 1 0 0 0 0|1 0 1 0 0 1 0 0 0 1 0 0 0 0|1 0 1 0 0 1 0 0 0 0 0 0 0 1|0 1 1 1 0 1 1 1 0 0 0 1 1 1|0 1 0 0 1 0 0 0 0 0 0 0 1 0|0 0 1 0 0 0 0 0 0 1 0 0 1 1|0 1 1 1 1 0 0 0 0 1 1 1 0 0|0 0 1 0 0 1 0 0 1 1 0 1 0 0","0 0 1 0 0 1 0 1 1 0 1 1 0 1|0 0 1 1 1 1 1 1 1 1 1 1 1 0|1 1 0 0 1 0 1 1 1 1 1 1 1 1|0 1 0 0 0 0 0 0 0 1 1 1 1 0|0 1 1 0 0 0 1 0 0 1 1 1 1 0|1 1 0 0 0 0 0 1 1 1 1 0 0 1|0 1 1 0 1 0 0 0 0 1 1 1 1 1|1 1 1 0 0 1 0 0 0 1 1 1 0 0|1 1 1 0 0 1 0 0 0 0 0 1 0 1|0 1 1 1 1 1 1 1 0 0 1 1 1 1|1 1 1 1 1 1 1 1 0 1 0 1 1 1|1 1 1 1 1 0 1 1 1 1 1 0 1 1|0 1 1 1 1 0 1 0 0 1 1 1 0 0|1 0 1 0 0 1 1 0 1 1 1 1 0 0"
247,"ID25-14.71.3:",14,7,6274,"1, 2, 3, 5, 6, 7, 10, 11, 12, 13","1->11, 2->13, 3->12, 4->4, 5->7, 6->5, 7->6, 8->8, 9->9, 10->1, 11->3, 12->10, 13->2, 14->14","1-6, 1-9, 1-11, 1-12, 1-14, 2-6, 2-8, 2-9, 2-12, 3-7, 3-10, 3-11, 4-10, 4-11, 4-12, 5-7, 5-10, 5-12, 5-13, 6-8, 6-9, 6-11, 7-10, 7-11, 7-12, 7-13, 7-14, 8-11, 8-12, 9-12, 10-11, 10-12, 10-13, 11-12, 11-14, 12-14","1-2, 1-3, 1-4, 1-6, 1-7, 1-10, 1-12, 2-6, 2-7, 3-4, 3-5, 3-6, 3-8, 3-10, 3-11, 3-12, 3-14, 4-10, 5-8, 5-9, 5-11, 5-13, 6-7, 6-10, 6-12, 6-14, 7-10, 8-10, 8-13, 9-10, 9-11, 9-13, 10-11, 10-13, 10-14, 11-14","1-2, 1-3, 1-4, 1-6, 1-7, 1-9, 1-10, 1-11, 1-12, 1-14, 2-6, 2-7, 2-8, 2-9, 2-12, 3-4, 3-5, 3-6, 3-7, 3-8, 3-10, 3-11, 3-12, 3-14, 4-10, 4-11, 4-12, 5-7, 5-8, 5-9, 5-10, 5-11, 5-12, 5-13, 6-7, 6-8, 6-9, 6-10, 6-11, 6-12, 6-14, 7-10, 7-11, 7-12, 7-13, 7-14, 8-10, 8-11, 8-12, 8-13, 9-10, 9-11, 9-12, 9-13, 10-11, 10-12, 10-13, 10-14, 11-12, 11-14, 12-14",4,4,8,"0 0 0 0 0 1 0 0 1 0 1 1 0 1|0 0 0 0 0 1 0 1 1 0 0 1 0 0|0 0 0 0 0 0 1 0 0 1 1 0 0 0|0 0 0 0 0 0 0 0 0 1 1 1 0 0|0 0 0 0 0 0 1 0 0 1 0 1 1 0|1 1 0 0 0 0 0 1 1 0 1 0 0 0|0 0 1 0 1 0 0 0 0 1 1 1 1 1|0 1 0 0 0 1 0 0 0 0 1 1 0 0|1 1 0 0 0 1 0 0 0 0 0 1 0 0|0 0 1 1 1 0 1 0 0 0 1 1 1 0|1 0 1 1 0 1 1 1 0 1 0 1 0 1|1 1 0 1 1 0 1 1 1 1 1 0 0 1|0 0 0 0 1 0 1 0 0 1 0 0 0 0|1 0 0 0 0 0 1 0 0 0 1 1 0 0","0 1 1 1 0 1 1 0 0 1 0 1 0 0|1 0 0 0 0 1 1 0 0 0 0 0 0 0|1 0 0 1 1 1 0 1 0 1 1 1 0 1|1 0 1 0 0 0 0 0 0 1 0 0 0 0|0 0 1 0 0 0 0 1 1 0 1 0 1 0|1 1 1 0 0 0 1 0 0 1 0 1 0 1|1 1 0 0 0 1 0 0 0 1 0 0 0 0|0 0 1 0 1 0 0 0 0 1 0 0 1 0|0 0 0 0 1 0 0 0 0 1 1 0 1 0|1 0 1 1 0 1 1 1 1 0 1 0 1 1|0 0 1 0 1 0 0 0 1 1 0 0 0 1|1 0 1 0 0 1 0 0 0 0 0 0 0 0|0 0 0 0 1 0 0 1 1 1 0 0 0 0|0 0 1 0 0 1 0 0 0 1 1 0 0 0","0 1 1 1 0 1 1 0 1 1 1 1 0 1|1 0 0 0 0 1 1 1 1 0 0 1 0 0|1 0 0 1 1 1 1 1 0 1 1 1 0 1|1 0 1 0 0 0 0 0 0 1 1 1 0 0|0 0 1 0 0 0 1 1 1 1 1 1 1 0|1 1 1 0 0 0 1 1 1 1 1 1 0 1|1 1 1 0 1 1 0 0 0 1 1 1 1 1|0 1 1 0 1 1 0 0 0 1 1 1 1 0|1 1 0 0 1 1 0 0 0 1 1 1 1 0|1 0 1 1 1 1 1 1 1 0 1 1 1 1|1 0 1 1 1 1 1 1 1 1 0 1 0 1|1 1 1 1 1 1 1 1 1 1 1 0 0 1|0 0 0 0 1 0 1 1 1 1 0 0 0 0|1 0 1 0 0 1 1 0 0 1 1 1 0 0"
248,"ID25-14.71.3:",14,8,6728,"1, 3, 4, 7, 8, 10, 11, 12, 13, 14","1->12, 2->2, 3->10, 4->1, 5->5, 6->6, 7->8, 8->4, 9->9, 10->14, 11->13, 12->3, 13->7, 14->11","1-6, 1-9, 1-11, 1-12, 1-14, 2-6, 2-8, 2-9, 2-12, 3-7, 3-10, 3-11, 4-10, 4-11, 4-12, 5-7, 5-10, 5-12, 5-13, 6-8, 6-9, 6-11, 7-10, 7-11, 7-12, 7-13, 7-14, 8-11, 8-12, 9-12, 10-11, 10-12, 10-13, 11-12, 11-14, 12-14","1-3, 1-13, 1-14, 2-3, 2-4, 2-6, 2-9, 3-4, 3-5, 3-8, 3-9, 3-11, 3-12, 3-13, 3-14, 4-6, 4-13, 5-7, 5-8, 5-14, 6-9, 6-12, 6-13, 7-8, 7-14, 8-10, 8-11, 8-13, 8-14, 9-12, 10-13, 10-14, 11-12, 11-13, 12-13, 13-14","1-3, 1-6, 1-9, 1-11, 1-12, 1-13, 1-14, 2-3, 2-4, 2-6, 2-8, 2-9, 2-12, 3-4, 3-5, 3-7, 3-8, 3-9, 3-10, 3-11, 3-12, 3-13, 3-14, 4-6, 4-10, 4-11, 4-12, 4-13, 5-7, 5-8, 5-10, 5-12, 5-13, 5-14, 6-8, 6-9, 6-11, 6-12, 6-13, 7-8, 7-10, 7-11, 7-12, 7-13, 7-14, 8-10, 8-11, 8-12, 8-13, 8-14, 9-12, 10-11, 10-12, 10-13, 10-14, 11-12, 11-13, 11-14, 12-13, 12-14, 13-14",4,4,8,"0 0 0 0 0 1 0 0 1 0 1 1 0 1|0 0 0 0 0 1 0 1 1 0 0 1 0 0|0 0 0 0 0 0 1 0 0 1 1 0 0 0|0 0 0 0 0 0 0 0 0 1 1 1 0 0|0 0 0 0 0 0 1 0 0 1 0 1 1 0|1 1 0 0 0 0 0 1 1 0 1 0 0 0|0 0 1 0 1 0 0 0 0 1 1 1 1 1|0 1 0 0 0 1 0 0 0 0 1 1 0 0|1 1 0 0 0 1 0 0 0 0 0 1 0 0|0 0 1 1 1 0 1 0 0 0 1 1 1 0|1 0 1 1 0 1 1 1 0 1 0 1 0 1|1 1 0 1 1 0 1 1 1 1 1 0 0 1|0 0 0 0 1 0 1 0 0 1 0 0 0 0|1 0 0 0 0 0 1 0 0 0 1 1 0 0","0 0 1 0 0 0 0 0 0 0 0 0 1 1|0 0 1 1 0 1 0 0 1 0 0 0 0 0|1 1 0 1 1 0 0 1 1 0 1 1 1 1|0 1 1 0 0 1 0 0 0 0 0 0 1 0|0 0 1 0 0 0 1 1 0 0 0 0 0 1|0 1 0 1 0 0 0 0 1 0 0 1 1 0|0 0 0 0 1 0 0 1 0 0 0 0 0 1|0 0 1 0 1 0 1 0 0 1 1 0 1 1|0 1 1 0 0 1 0 0 0 0 0 1 0 0|0 0 0 0 0 0 0 1 0 0 0 0 1 1|0 0 1 0 0 0 0 1 0 0 0 1 1 0|0 0 1 0 0 1 0 0 1 0 1 0 1 0|1 0 1 1 0 1 0 1 0 1 1 1 0 1|1 0 1 0 1 0 1 1 0 1 0 0 1 0","0 0 1 0 0 1 0 0 1 0 1 1 1 1|0 0 1 1 0 1 0 1 1 0 0 1 0 0|1 1 0 1 1 0 1 1 1 1 1 1 1 1|0 1 1 0 0 1 0 0 0 1 1 1 1 0|0 0 1 0 0 0 1 1 0 1 0 1 1 1|1 1 0 1 0 0 0 1 1 0 1 1 1 0|0 0 1 0 1 0 0 1 0 1 1 1 1 1|0 1 1 0 1 1 1 0 0 1 1 1 1 1|1 1 1 0 0 1 0 0 0 0 0 1 0 0|0 0 1 1 1 0 1 1 0 0 1 1 1 1|1 0 1 1 0 1 1 1 0 1 0 1 1 1|1 1 1 1 1 1 1 1 1 1 1 0 1 1|1 0 1 1 1 1 1 1 0 1 1 1 0 1|1 0 1 0 1 0 1 1 0 1 1 1 1 0"
249,"ID25-14.71.3:",14,9,7240,"3, 4, 6, 7, 9, 10, 11, 12, 13, 14","1->1, 2->2, 3->6, 4->12, 5->5, 6->9, 7->14, 8->8, 9->7, 10->3, 11->13, 12->4, 13->10, 14->11","1-6, 1-9, 1-11, 1-12, 1-14, 2-6, 2-8, 2-9, 2-12, 3-7, 3-10, 3-11, 4-10, 4-11, 4-12, 5-7, 5-10, 5-12, 5-13, 6-8, 6-9, 6-11, 7-10, 7-11, 7-12, 7-13, 7-14, 8-11, 8-12, 9-12, 10-11, 10-12, 10-13, 11-12, 11-14, 12-14","1-4, 1-7, 1-9, 1-11, 1-13, 2-4, 2-7, 2-8, 2-9, 3-4, 3-5, 3-6, 3-10, 3-12, 3-13, 3-14, 4-5, 4-7, 4-8, 4-11, 4-12, 4-13, 4-14, 5-10, 5-14, 6-13, 6-14, 7-9, 8-9, 8-13, 9-13, 10-14, 11-13, 11-14, 12-13, 13-14","1-4, 1-6, 1-7, 1-9, 1-11, 1-12, 1-13, 1-14, 2-4, 2-6, 2-7, 2-8, 2-9, 2-12, 3-4, 3-5, 3-6, 3-7, 3-10, 3-11, 3-12, 3-13, 3-14, 4-5, 4-7, 4-8, 4-10, 4-11, 4-12, 4-13, 4-14, 5-7, 5-10, 5-12, 5-13, 5-14, 6-8, 6-9, 6-11, 6-13, 6-14, 7-9, 7-10, 7-11, 7-12, 7-13, 7-14, 8-9, 8-11, 8-12, 8-13, 9-12, 9-13, 10-11, 10-12, 10-13, 10-14, 11-12, 11-13, 11-14, 12-13, 12-14, 13-14",4,4,8,"0 0 0 0 0 1 0 0 1 0 1 1 0 1|0 0 0 0 0 1 0 1 1 0 0 1 0 0|0 0 0 0 0 0 1 0 0 1 1 0 0 0|0 0 0 0 0 0 0 0 0 1 1 1 0 0|0 0 0 0 0 0 1 0 0 1 0 1 1 0|1 1 0 0 0 0 0 1 1 0 1 0 0 0|0 0 1 0 1 0 0 0 0 1 1 1 1 1|0 1 0 0 0 1 0 0 0 0 1 1 0 0|1 1 0 0 0 1 0 0 0 0 0 1 0 0|0 0 1 1 1 0 1 0 0 0 1 1 1 0|1 0 1 1 0 1 1 1 0 1 0 1 0 1|1 1 0 1 1 0 1 1 1 1 1 0 0 1|0 0 0 0 1 0 1 0 0 1 0 0 0 0|1 0 0 0 0 0 1 0 0 0 1 1 0 0","0 0 0 1 0 0 1 0 1 0 1 0 1 0|0 0 0 1 0 0 1 1 1 0 0 0 0 0|0 0 0 1 1 1 0 0 0 1 0 1 1 1|1 1 1 0 1 0 1 1 0 0 1 1 1 1|0 0 1 1 0 0 0 0 0 1 0 0 0 1|0 0 1 0 0 0 0 0 0 0 0 0 1 1|1 1 0 1 0 0 0 0 1 0 0 0 0 0|0 1 0 1 0 0 0 0 1 0 0 0 1 0|1 1 0 0 0 0 1 1 0 0 0 0 1 0|0 0 1 0 1 0 0 0 0 0 0 0 0 1|1 0 0 1 0 0 0 0 0 0 0 0 1 1|0 0 1 1 0 0 0 0 0 0 0 0 1 0|1 0 1 1 0 1 0 1 1 0 1 1 0 1|0 0 1 1 1 1 0 0 0 1 1 0 1 0","0 0 0 1 0 1 1 0 1 0 1 1 1 1|0 0 0 1 0 1 1 1 1 0 0 1 0 0|0 0 0 1 1 1 1 0 0 1 1 1 1 1|1 1 1 0 1 0 1 1 0 1 1 1 1 1|0 0 1 1 0 0 1 0 0 1 0 1 1 1|1 1 1 0 0 0 0 1 1 0 1 0 1 1|1 1 1 1 1 0 0 0 1 1 1 1 1 1|0 1 0 1 0 1 0 0 1 0 1 1 1 0|1 1 0 0 0 1 1 1 0 0 0 1 1 0|0 0 1 1 1 0 1 0 0 0 1 1 1 1|1 0 1 1 0 1 1 1 0 1 0 1 1 1|1 1 1 1 1 0 1 1 1 1 1 0 1 1|1 0 1 1 1 1 1 1 1 1 1 1 0 1|1 0 1 1 1 1 1 0 0 1 1 1 1 0"
250,"ID25-14.71.3:",14,10,8511,"1, 2, 3, 4, 5, 6, 7, 11, 12, 14","1->12, 2->6, 3->4, 4->11, 5->7, 6->2, 7->1, 8->8, 9->9, 10->10, 11->14, 12->5, 13->13, 14->3","1-6, 1-9, 1-11, 1-12, 1-14, 2-6, 2-8, 2-9, 2-12, 3-7, 3-10, 3-11, 4-10, 4-11, 4-12, 5-7, 5-10, 5-12, 5-13, 6-8, 6-9, 6-11, 7-10, 7-11, 7-12, 7-13, 7-14, 8-11, 8-12, 9-12, 10-11, 10-12, 10-13, 11-12, 11-14, 12-14","1-3, 1-4, 1-5, 1-7, 1-10, 1-13, 1-14, 2-6, 2-8, 2-9, 2-12, 2-14, 3-5, 3-12, 3-14, 4-10, 4-14, 5-6, 5-7, 5-8, 5-9, 5-10, 5-11, 5-12, 5-14, 6-8, 6-9, 7-10, 7-13, 8-14, 9-12, 10-11, 10-13, 10-14, 11-14, 12-14","1-3, 1-4, 1-5, 1-6, 1-7, 1-9, 1-10, 1-11, 1-12, 1-13, 1-14, 2-6, 2-8, 2-9, 2-12, 2-14, 3-5, 3-7, 3-10, 3-11, 3-12, 3-14, 4-10, 4-11, 4-12, 4-14, 5-6, 5-7, 5-8, 5-9, 5-10, 5-11, 5-12, 5-13, 5-14, 6-8, 6-9, 6-11, 7-10, 7-11, 7-12, 7-13, 7-14, 8-11, 8-12, 8-14, 9-12, 10-11, 10-12, 10-13, 10-14, 11-12, 11-14, 12-14",4,4,8,"0 0 0 0 0 1 0 0 1 0 1 1 0 1|0 0 0 0 0 1 0 1 1 0 0 1 0 0|0 0 0 0 0 0 1 0 0 1 1 0 0 0|0 0 0 0 0 0 0 0 0 1 1 1 0 0|0 0 0 0 0 0 1 0 0 1 0 1 1 0|1 1 0 0 0 0 0 1 1 0 1 0 0 0|0 0 1 0 1 0 0 0 0 1 1 1 1 1|0 1 0 0 0 1 0 0 0 0 1 1 0 0|1 1 0 0 0 1 0 0 0 0 0 1 0 0|0 0 1 1 1 0 1 0 0 0 1 1 1 0|1 0 1 1 0 1 1 1 0 1 0 1 0 1|1 1 0 1 1 0 1 1 1 1 1 0 0 1|0 0 0 0 1 0 1 0 0 1 0 0 0 0|1 0 0 0 0 0 1 0 0 0 1 1 0 0","0 0 1 1 1 0 1 0 0 1 0 0 1 1|0 0 0 0 0 1 0 1 1 0 0 1 0 1|1 0 0 0 1 0 0 0 0 0 0 1 0 1|1 0 0 0 0 0 0 0 0 1 0 0 0 1|1 0 1 0 0 1 1 1 1 1 1 1 0 1|0 1 0 0 1 0 0 1 1 0 0 0 0 0|1 0 0 0 1 0 0 0 0 1 0 0 1 0|0 1 0 0 1 1 0 0 0 0 0 0 0 1|0 1 0 0 1 1 0 0 0 0 0 1 0 0|1 0 0 1 1 0 1 0 0 0 1 0 1 1|0 0 0 0 1 0 0 0 0 1 0 0 0 1|0 1 1 0 1 0 0 0 1 0 0 0 0 1|1 0 0 0 0 0 1 0 0 1 0 0 0 0|1 1 1 1 1 0 0 1 0 1 1 1 0 0","0 0 1 1 1 1 1 0 1 1 1 1 1 1|0 0 0 0 0 1 0 1 1 0 0 1 0 1|1 0 0 0 1 0 1 0 0 1 1 1 0 1|1 0 0 0 0 0 0 0 0 1 1 1 0 1|1 0 1 0 0 1 1 1 1 1 1 1 1 1|1 1 0 0 1 0 0 1 1 0 1 0 0 0|1 0 1 0 1 0 0 0 0 1 1 1 1 1|0 1 0 0 1 1 0 0 0 0 1 1 0 1|1 1 0 0 1 1 0 0 0 0 0 1 0 0|1 0 1 1 1 0 1 0 0 0 1 1 1 1|1 0 1 1 1 1 1 1 0 1 0 1 0 1|1 1 1 1 1 0 1 1 1 1 1 0 0 1|1 0 0 0 1 0 1 0 0 1 0 0 0 0|1 1 1 1 1 0 1 1 0 1 1 1 0 0"
251,"ID26-14.71.4:",14,1,1344,"1, 2, 3, 4, 5, 8, 11, 12, 13, 14","1->5, 2->12, 3->13, 4->3, 5->8, 6->6, 7->7, 8->14, 9->9, 10->10, 11->4, 12->1, 13->2, 14->11","1-4, 1-10, 1-11, 1-14, 2-5, 2-8, 2-12, 2-13, 3-7, 3-9, 3-10, 3-13, 3-14, 4-8, 4-11, 4-13, 4-14, 5-12, 5-13, 5-14, 6-10, 6-11, 6-13, 7-9, 7-13, 7-14, 8-12, 8-13, 8-14, 9-14, 10-11, 10-13, 10-14, 11-13, 12-14, 13-14","1-8, 1-11, 1-12, 1-14, 2-3, 2-4, 2-6, 2-7, 2-8, 2-10, 2-11, 2-12, 2-13, 2-14, 3-4, 3-5, 3-11, 3-14, 4-5, 4-6, 4-10, 5-10, 5-11, 6-10, 7-9, 7-11, 7-13, 8-11, 8-12, 9-11, 9-13, 10-11, 10-13, 11-13, 11-14, 12-14","1-4, 1-8, 1-10, 1-11, 1-12, 1-14, 2-3, 2-4, 2-5, 2-6, 2-7, 2-8, 2-10, 2-11, 2-12, 2-13, 2-14, 3-4, 3-5, 3-7, 3-9, 3-10, 3-11, 3-13, 3-14, 4-5, 4-6, 4-8, 4-10, 4-11, 4-13, 4-14, 5-10, 5-11, 5-12, 5-13, 5-14, 6-10, 6-11, 6-13, 7-9, 7-11, 7-13, 7-14, 8-11, 8-12, 8-13, 8-14, 9-11, 9-13, 9-14, 10-11, 10-13, 10-14, 11-13, 11-14, 12-14, 13-14",4,4,8,"0 0 0 1 0 0 0 0 0 1 1 0 0 1|0 0 0 0 1 0 0 1 0 0 0 1 1 0|0 0 0 0 0 0 1 0 1 1 0 0 1 1|1 0 0 0 0 0 0 1 0 0 1 0 1 1|0 1 0 0 0 0 0 0 0 0 0 1 1 1|0 0 0 0 0 0 0 0 0 1 1 0 1 0|0 0 1 0 0 0 0 0 1 0 0 0 1 1|0 1 0 1 0 0 0 0 0 0 0 1 1 1|0 0 1 0 0 0 1 0 0 0 0 0 0 1|1 0 1 0 0 1 0 0 0 0 1 0 1 1|1 0 0 1 0 1 0 0 0 1 0 0 1 0|0 1 0 0 1 0 0 1 0 0 0 0 0 1|0 1 1 1 1 1 1 1 0 1 1 0 0 1|1 0 1 1 1 0 1 1 1 1 0 1 1 0","0 0 0 0 0 0 0 1 0 0 1 1 0 1|0 0 1 1 0 1 1 1 0 1 1 1 1 1|0 1 0 1 1 0 0 0 0 0 1 0 0 1|0 1 1 0 1 1 0 0 0 1 0 0 0 0|0 0 1 1 0 0 0 0 0 1 1 0 0 0|0 1 0 1 0 0 0 0 0 1 0 0 0 0|0 1 0 0 0 0 0 0 1 0 1 0 1 0|1 1 0 0 0 0 0 0 0 0 1 1 0 0|0 0 0 0 0 0 1 0 0 0 1 0 1 0|0 1 0 1 1 1 0 0 0 0 1 0 1 0|1 1 1 0 1 0 1 1 1 1 0 0 1 1|1 1 0 0 0 0 0 1 0 0 0 0 0 1|0 1 0 0 0 0 1 0 1 1 1 0 0 0|1 1 1 0 0 0 0 0 0 0 1 1 0 0","0 0 0 1 0 0 0 1 0 1 1 1 0 1|0 0 1 1 1 1 1 1 0 1 1 1 1 1|0 1 0 1 1 0 1 0 1 1 1 0 1 1|1 1 1 0 1 1 0 1 0 1 1 0 1 1|0 1 1 1 0 0 0 0 0 1 1 1 1 1|0 1 0 1 0 0 0 0 0 1 1 0 1 0|0 1 1 0 0 0 0 0 1 0 1 0 1 1|1 1 0 1 0 0 0 0 0 0 1 1 1 1|0 0 1 0 0 0 1 0 0 0 1 0 1 1|1 1 1 1 1 1 0 0 0 0 1 0 1 1|1 1 1 1 1 1 1 1 1 1 0 0 1 1|1 1 0 0 1 0 0 1 0 0 0 0 0 1|0 1 1 1 1 1 1 1 1 1 1 0 0 1|1 1 1 1 1 0 1 1 1 1 1 1 1 0"
252,"ID26-14.71.4:",14,2,4172,"1, 3, 4, 6, 7, 8, 9, 12, 13, 14","1->14, 2->2, 3->4, 4->8, 5->5, 6->12, 7->1, 8->7, 9->13, 10->10, 11->11, 12->9, 13->3, 14->6","1-4, 1-10, 1-11, 1-14, 2-5, 2-8, 2-12, 2-13, 3-7, 3-9, 3-10, 3-13, 3-14, 4-8, 4-11, 4-13, 4-14, 5-12, 5-13, 5-14, 6-10, 6-11, 6-13, 7-9, 7-13, 7-14, 8-12, 8-13, 8-14, 9-14, 10-11, 10-13, 10-14, 11-13, 12-14, 13-14","1-3, 1-4, 1-6, 1-13, 2-3, 2-5, 2-7, 2-9, 3-4, 3-5, 3-6, 3-7, 3-8, 3-10, 3-11, 3-12, 4-6, 4-10, 4-13, 5-6, 5-9, 6-7, 6-8, 6-9, 6-10, 6-13, 6-14, 7-8, 7-9, 8-11, 8-14, 10-11, 10-12, 10-14, 11-12, 11-14","1-3, 1-4, 1-6, 1-10, 1-11, 1-13, 1-14, 2-3, 2-5, 2-7, 2-8, 2-9, 2-12, 2-13, 3-4, 3-5, 3-6, 3-7, 3-8, 3-9, 3-10, 3-11, 3-12, 3-13, 3-14, 4-6, 4-8, 4-10, 4-11, 4-13, 4-14, 5-6, 5-9, 5-12, 5-13, 5-14, 6-7, 6-8, 6-9, 6-10, 6-11, 6-13, 6-14, 7-8, 7-9, 7-13, 7-14, 8-11, 8-12, 8-13, 8-14, 9-14, 10-11, 10-12, 10-13, 10-14, 11-12, 11-13, 11-14, 12-14, 13-14",4,4,8,"0 0 0 1 0 0 0 0 0 1 1 0 0 1|0 0 0 0 1 0 0 1 0 0 0 1 1 0|0 0 0 0 0 0 1 0 1 1 0 0 1 1|1 0 0 0 0 0 0 1 0 0 1 0 1 1|0 1 0 0 0 0 0 0 0 0 0 1 1 1|0 0 0 0 0 0 0 0 0 1 1 0 1 0|0 0 1 0 0 0 0 0 1 0 0 0 1 1|0 1 0 1 0 0 0 0 0 0 0 1 1 1|0 0 1 0 0 0 1 0 0 0 0 0 0 1|1 0 1 0 0 1 0 0 0 0 1 0 1 1|1 0 0 1 0 1 0 0 0 1 0 0 1 0|0 1 0 0 1 0 0 1 0 0 0 0 0 1|0 1 1 1 1 1 1 1 0 1 1 0 0 1|1 0 1 1 1 0 1 1 1 1 0 1 1 0","0 0 1 1 0 1 0 0 0 0 0 0 1 0|0 0 1 0 1 0 1 0 1 0 0 0 0 0|1 1 0 1 1 1 1 1 0 1 1 1 0 0|1 0 1 0 0 1 0 0 0 1 0 0 1 0|0 1 1 0 0 1 0 0 1 0 0 0 0 0|1 0 1 1 1 0 1 1 1 1 0 0 1 1|0 1 1 0 0 1 0 1 1 0 0 0 0 0|0 0 1 0 0 1 1 0 0 0 1 0 0 1|0 1 0 0 1 1 1 0 0 0 0 0 0 0|0 0 1 1 0 1 0 0 0 0 1 1 0 1|0 0 1 0 0 0 0 1 0 1 0 1 0 1|0 0 1 0 0 0 0 0 0 1 1 0 0 0|1 0 0 1 0 1 0 0 0 0 0 0 0 0|0 0 0 0 0 1 0 1 0 1 1 0 0 0","0 0 1 1 0 1 0 0 0 1 1 0 1 1|0 0 1 0 1 0 1 1 1 0 0 1 1 0|1 1 0 1 1 1 1 1 1 1 1 1 1 1|1 0 1 0 0 1 0 1 0 1 1 0 1 1|0 1 1 0 0 1 0 0 1 0 0 1 1 1|1 0 1 1 1 0 1 1 1 1 1 0 1 1|0 1 1 0 0 1 0 1 1 0 0 0 1 1|0 1 1 1 0 1 1 0 0 0 1 1 1 1|0 1 1 0 1 1 1 0 0 0 0 0 0 1|1 0 1 1 0 1 0 0 0 0 1 1 1 1|1 0 1 1 0 1 0 1 0 1 0 1 1 1|0 1 1 0 1 0 0 1 0 1 1 0 0 1|1 1 1 1 1 1 1 1 0 1 1 0 0 1|1 0 1 1 1 1 1 1 1 1 1 1 1 0"
253,"ID26-14.71.4:",14,3,5475,"1, 3, 4, 5, 6, 7, 9, 11, 13, 14","1->7, 2->2, 3->4, 4->11, 5->9, 6->3, 7->1, 8->8, 9->13, 10->10, 11->14, 12->12, 13->6, 14->5","1-4, 1-10, 1-11, 1-14, 2-5, 2-8, 2-12, 2-13, 3-7, 3-9, 3-10, 3-13, 3-14, 4-8, 4-11, 4-13, 4-14, 5-12, 5-13, 5-14, 6-10, 6-11, 6-13, 7-9, 7-13, 7-14, 8-12, 8-13, 8-14, 9-14, 10-11, 10-13, 10-14, 11-13, 12-14, 13-14","1-4, 1-5, 1-6, 1-13, 2-6, 2-8, 2-9, 2-12, 3-6, 3-10, 3-14, 4-5, 4-6, 4-10, 4-13, 5-6, 5-7, 5-8, 5-9, 5-10, 5-11, 5-12, 5-13, 6-8, 6-9, 6-10, 6-11, 6-14, 7-10, 7-11, 7-14, 8-11, 8-12, 9-12, 10-14, 11-14","1-4, 1-5, 1-6, 1-10, 1-11, 1-13, 1-14, 2-5, 2-6, 2-8, 2-9, 2-12, 2-13, 3-6, 3-7, 3-9, 3-10, 3-13, 3-14, 4-5, 4-6, 4-8, 4-10, 4-11, 4-13, 4-14, 5-6, 5-7, 5-8, 5-9, 5-10, 5-11, 5-12, 5-13, 5-14, 6-8, 6-9, 6-10, 6-11, 6-13, 6-14, 7-9, 7-10, 7-11, 7-13, 7-14, 8-11, 8-12, 8-13, 8-14, 9-12, 9-14, 10-11, 10-13, 10-14, 11-13, 11-14, 12-14, 13-14",4,4,8,"0 0 0 1 0 0 0 0 0 1 1 0 0 1|0 0 0 0 1 0 0 1 0 0 0 1 1 0|0 0 0 0 0 0 1 0 1 1 0 0 1 1|1 0 0 0 0 0 0 1 0 0 1 0 1 1|0 1 0 0 0 0 0 0 0 0 0 1 1 1|0 0 0 0 0 0 0 0 0 1 1 0 1 0|0 0 1 0 0 0 0 0 1 0 0 0 1 1|0 1 0 1 0 0 0 0 0 0 0 1 1 1|0 0 1 0 0 0 1 0 0 0 0 0 0 1|1 0 1 0 0 1 0 0 0 0 1 0 1 1|1 0 0 1 0 1 0 0 0 1 0 0 1 0|0 1 0 0 1 0 0 1 0 0 0 0 0 1|0 1 1 1 1 1 1 1 0 1 1 0 0 1|1 0 1 1 1 0 1 1 1 1 0 1 1 0","0 0 0 1 1 1 0 0 0 0 0 0 1 0|0 0 0 0 0 1 0 1 1 0 0 1 0 0|0 0 0 0 0 1 0 0 0 1 0 0 0 1|1 0 0 0 1 1 0 0 0 1 0 0 1 0|1 0 0 1 0 1 1 1 1 1 1 1 1 0|1 1 1 1 1 0 0 1 1 1 1 0 0 1|0 0 0 0 1 0 0 0 0 1 1 0 0 1|0 1 0 0 1 1 0 0 0 0 1 1 0 0|0 1 0 0 1 1 0 0 0 0 0 1 0 0|0 0 1 1 1 1 1 0 0 0 0 0 0 1|0 0 0 0 1 1 1 1 0 0 0 0 0 1|0 1 0 0 1 0 0 1 1 0 0 0 0 0|1 0 0 1 1 0 0 0 0 0 0 0 0 0|0 0 1 0 0 1 1 0 0 1 1 0 0 0","0 0 0 1 1 1 0 0 0 1 1 0 1 1|0 0 0 0 1 1 0 1 1 0 0 1 1 0|0 0 0 0 0 1 1 0 1 1 0 0 1 1|1 0 0 0 1 1 0 1 0 1 1 0 1 1|1 1 0 1 0 1 1 1 1 1 1 1 1 1|1 1 1 1 1 0 0 1 1 1 1 0 1 1|0 0 1 0 1 0 0 0 1 1 1 0 1 1|0 1 0 1 1 1 0 0 0 0 1 1 1 1|0 1 1 0 1 1 1 0 0 0 0 1 0 1|1 0 1 1 1 1 1 0 0 0 1 0 1 1|1 0 0 1 1 1 1 1 0 1 0 0 1 1|0 1 0 0 1 0 0 1 1 0 0 0 0 1|1 1 1 1 1 1 1 1 0 1 1 0 0 1|1 0 1 1 1 1 1 1 1 1 1 1 1 0"
254,"ID26-14.71.4:",14,4,5576,"1, 4, 5, 6, 8, 9, 11, 12, 13, 14","1->4, 2->2, 3->3, 4->11, 5->14, 6->8, 7->7, 8->13, 9->6, 10->10, 11->5, 12->9, 13->1, 14->12","1-4, 1-10, 1-11, 1-14, 2-5, 2-8, 2-12, 2-13, 3-7, 3-9, 3-10, 3-13, 3-14, 4-8, 4-11, 4-13, 4-14, 5-12, 5-13, 5-14, 6-10, 6-11, 6-13, 7-9, 7-13, 7-14, 8-12, 8-13, 8-14, 9-14, 10-11, 10-13, 10-14, 11-13, 12-14, 13-14","1-2, 1-3, 1-5, 1-7, 1-8, 1-10, 1-11, 1-12, 1-13, 1-14, 2-9, 2-13, 2-14, 3-6, 3-7, 3-10, 3-12, 4-5, 4-10, 4-11, 4-12, 5-8, 5-10, 5-11, 6-7, 6-12, 7-12, 8-10, 9-12, 9-13, 9-14, 10-12, 11-12, 11-13, 12-13, 12-14","1-2, 1-3, 1-4, 1-5, 1-7, 1-8, 1-10, 1-11, 1-12, 1-13, 1-14, 2-5, 2-8, 2-9, 2-12, 2-13, 2-14, 3-6, 3-7, 3-9, 3-10, 3-12, 3-13, 3-14, 4-5, 4-8, 4-10, 4-11, 4-12, 4-13, 4-14, 5-8, 5-10, 5-11, 5-12, 5-13, 5-14, 6-7, 6-10, 6-11, 6-12, 6-13, 7-9, 7-12, 7-13, 7-14, 8-10, 8-12, 8-13, 8-14, 9-12, 9-13, 9-14, 10-11, 10-12, 10-13, 10-14, 11-12, 11-13, 12-13, 12-14, 13-14",4,4,8,"0 0 0 1 0 0 0 0 0 1 1 0 0 1|0 0 0 0 1 0 0 1 0 0 0 1 1 0|0 0 0 0 0 0 1 0 1 1 0 0 1 1|1 0 0 0 0 0 0 1 0 0 1 0 1 1|0 1 0 0 0 0 0 0 0 0 0 1 1 1|0 0 0 0 0 0 0 0 0 1 1 0 1 0|0 0 1 0 0 0 0 0 1 0 0 0 1 1|0 1 0 1 0 0 0 0 0 0 0 1 1 1|0 0 1 0 0 0 1 0 0 0 0 0 0 1|1 0 1 0 0 1 0 0 0 0 1 0 1 1|1 0 0 1 0 1 0 0 0 1 0 0 1 0|0 1 0 0 1 0 0 1 0 0 0 0 0 1|0 1 1 1 1 1 1 1 0 1 1 0 0 1|1 0 1 1 1 0 1 1 1 1 0 1 1 0","0 1 1 0 1 0 1 1 0 1 1 1 1 1|1 0 0 0 0 0 0 0 1 0 0 0 1 1|1 0 0 0 0 1 1 0 0 1 0 1 0 0|0 0 0 0 1 0 0 0 0 1 1 1 0 0|1 0 0 1 0 0 0 1 0 1 1 0 0 0|0 0 1 0 0 0 1 0 0 0 0 1 0 0|1 0 1 0 0 1 0 0 0 0 0 1 0 0|1 0 0 0 1 0 0 0 0 1 0 0 0 0|0 1 0 0 0 0 0 0 0 0 0 1 1 1|1 0 1 1 1 0 0 1 0 0 0 1 0 0|1 0 0 1 1 0 0 0 0 0 0 1 1 0|1 0 1 1 0 1 1 0 1 1 1 0 1 1|1 1 0 0 0 0 0 0 1 0 1 1 0 0|1 1 0 0 0 0 0 0 1 0 0 1 0 0","0 1 1 1 1 0 1 1 0 1 1 1 1 1|1 0 0 0 1 0 0 1 1 0 0 1 1 1|1 0 0 0 0 1 1 0 1 1 0 1 1 1|1 0 0 0 1 0 0 1 0 1 1 1 1 1|1 1 0 1 0 0 0 1 0 1 1 1 1 1|0 0 1 0 0 0 1 0 0 1 1 1 1 0|1 0 1 0 0 1 0 0 1 0 0 1 1 1|1 1 0 1 1 0 0 0 0 1 0 1 1 1|0 1 1 0 0 0 1 0 0 0 0 1 1 1|1 0 1 1 1 1 0 1 0 0 1 1 1 1|1 0 0 1 1 1 0 0 0 1 0 1 1 0|1 1 1 1 1 1 1 1 1 1 1 0 1 1|1 1 1 1 1 1 1 1 1 1 1 1 0 1|1 1 1 1 1 0 1 1 1 1 0 1 1 0"
255,"ID26-14.71.4:",14,5,9504,"1, 2, 3, 5, 8, 10, 11, 12, 13, 14","1->5, 2->8, 3->13, 4->4, 5->14, 6->6, 7->7, 8->2, 9->9, 10->1, 11->10, 12->11, 13->12, 14->3","1-4, 1-10, 1-11, 1-14, 2-5, 2-8, 2-12, 2-13, 3-7, 3-9, 3-10, 3-13, 3-14, 4-8, 4-11, 4-13, 4-14, 5-12, 5-13, 5-14, 6-10, 6-11, 6-13, 7-9, 7-13, 7-14, 8-12, 8-13, 8-14, 9-14, 10-11, 10-13, 10-14, 11-13, 12-14, 13-14","1-3, 1-5, 1-6, 1-10, 1-12, 1-13, 2-3, 2-4, 2-8, 2-11, 2-12, 3-4, 3-5, 3-7, 3-9, 3-11, 3-12, 3-13, 3-14, 4-5, 4-10, 4-12, 5-10, 6-10, 6-12, 7-9, 7-12, 7-13, 8-11, 8-12, 8-14, 9-13, 10-12, 11-14, 12-13, 12-14","1-3, 1-4, 1-5, 1-6, 1-10, 1-11, 1-12, 1-13, 1-14, 2-3, 2-4, 2-5, 2-8, 2-11, 2-12, 2-13, 3-4, 3-5, 3-7, 3-9, 3-10, 3-11, 3-12, 3-13, 3-14, 4-5, 4-8, 4-10, 4-11, 4-12, 4-13, 4-14, 5-10, 5-12, 5-13, 5-14, 6-10, 6-11, 6-12, 6-13, 7-9, 7-12, 7-13, 7-14, 8-11, 8-12, 8-13, 8-14, 9-13, 9-14, 10-11, 10-12, 10-13, 10-14, 11-13, 11-14, 12-13, 12-14, 13-14",4,4,8,"0 0 0 1 0 0 0 0 0 1 1 0 0 1|0 0 0 0 1 0 0 1 0 0 0 1 1 0|0 0 0 0 0 0 1 0 1 1 0 0 1 1|1 0 0 0 0 0 0 1 0 0 1 0 1 1|0 1 0 0 0 0 0 0 0 0 0 1 1 1|0 0 0 0 0 0 0 0 0 1 1 0 1 0|0 0 1 0 0 0 0 0 1 0 0 0 1 1|0 1 0 1 0 0 0 0 0 0 0 1 1 1|0 0 1 0 0 0 1 0 0 0 0 0 0 1|1 0 1 0 0 1 0 0 0 0 1 0 1 1|1 0 0 1 0 1 0 0 0 1 0 0 1 0|0 1 0 0 1 0 0 1 0 0 0 0 0 1|0 1 1 1 1 1 1 1 0 1 1 0 0 1|1 0 1 1 1 0 1 1 1 1 0 1 1 0","0 0 1 0 1 1 0 0 0 1 0 1 1 0|0 0 1 1 0 0 0 1 0 0 1 1 0 0|1 1 0 1 1 0 1 0 1 0 1 1 1 1|0 1 1 0 1 0 0 0 0 1 0 1 0 0|1 0 1 1 0 0 0 0 0 1 0 0 0 0|1 0 0 0 0 0 0 0 0 1 0 1 0 0|0 0 1 0 0 0 0 0 1 0 0 1 1 0|0 1 0 0 0 0 0 0 0 0 1 1 0 1|0 0 1 0 0 0 1 0 0 0 0 0 1 0|1 0 0 1 1 1 0 0 0 0 0 1 0 0|0 1 1 0 0 0 0 1 0 0 0 0 0 1|1 1 1 1 0 1 1 1 0 1 0 0 1 1|1 0 1 0 0 0 1 0 1 0 0 1 0 0|0 0 1 0 0 0 0 1 0 0 1 1 0 0","0 0 1 1 1 1 0 0 0 1 1 1 1 1|0 0 1 1 1 0 0 1 0 0 1 1 1 0|1 1 0 1 1 0 1 0 1 1 1 1 1 1|1 1 1 0 1 0 0 1 0 1 1 1 1 1|1 1 1 1 0 0 0 0 0 1 0 1 1 1|1 0 0 0 0 0 0 0 0 1 1 1 1 0|0 0 1 0 0 0 0 0 1 0 0 1 1 1|0 1 0 1 0 0 0 0 0 0 1 1 1 1|0 0 1 0 0 0 1 0 0 0 0 0 1 1|1 0 1 1 1 1 0 0 0 0 1 1 1 1|1 1 1 1 0 1 0 1 0 1 0 0 1 1|1 1 1 1 1 1 1 1 0 1 0 0 1 1|1 1 1 1 1 1 1 1 1 1 1 1 0 1|1 0 1 1 1 0 1 1 1 1 1 1 1 0"
256,"ID26-14.71.4:",14,6,13969,"1, 2, 3, 4, 5, 6, 8, 10, 13, 14","1->8, 2->5, 3->13, 4->3, 5->1, 6->14, 7->7, 8->4, 9->9, 10->6, 11->11, 12->12, 13->2, 14->10","1-4, 1-10, 1-11, 1-14, 2-5, 2-8, 2-12, 2-13, 3-7, 3-9, 3-10, 3-13, 3-14, 4-8, 4-11, 4-13, 4-14, 5-12, 5-13, 5-14, 6-10, 6-11, 6-13, 7-9, 7-13, 7-14, 8-12, 8-13, 8-14, 9-14, 10-11, 10-13, 10-14, 11-13, 12-14, 13-14","1-2, 1-5, 1-10, 1-12, 2-3, 2-4, 2-5, 2-6, 2-7, 2-10, 2-11, 2-13, 2-14, 3-4, 3-8, 3-10, 3-11, 4-5, 4-10, 4-12, 5-12, 6-8, 6-10, 6-11, 6-13, 6-14, 7-9, 7-10, 7-13, 8-10, 8-11, 9-10, 9-13, 10-12, 10-13, 11-14","1-2, 1-4, 1-5, 1-10, 1-11, 1-12, 1-14, 2-3, 2-4, 2-5, 2-6, 2-7, 2-8, 2-10, 2-11, 2-12, 2-13, 2-14, 3-4, 3-7, 3-8, 3-9, 3-10, 3-11, 3-13, 3-14, 4-5, 4-8, 4-10, 4-11, 4-12, 4-13, 4-14, 5-12, 5-13, 5-14, 6-8, 6-10, 6-11, 6-13, 6-14, 7-9, 7-10, 7-13, 7-14, 8-10, 8-11, 8-12, 8-13, 8-14, 9-10, 9-13, 9-14, 10-11, 10-12, 10-13, 10-14, 11-13, 11-14, 12-14, 13-14",4,4,8,"0 0 0 1 0 0 0 0 0 1 1 0 0 1|0 0 0 0 1 0 0 1 0 0 0 1 1 0|0 0 0 0 0 0 1 0 1 1 0 0 1 1|1 0 0 0 0 0 0 1 0 0 1 0 1 1|0 1 0 0 0 0 0 0 0 0 0 1 1 1|0 0 0 0 0 0 0 0 0 1 1 0 1 0|0 0 1 0 0 0 0 0 1 0 0 0 1 1|0 1 0 1 0 0 0 0 0 0 0 1 1 1|0 0 1 0 0 0 1 0 0 0 0 0 0 1|1 0 1 0 0 1 0 0 0 0 1 0 1 1|1 0 0 1 0 1 0 0 0 1 0 0 1 0|0 1 0 0 1 0 0 1 0 0 0 0 0 1|0 1 1 1 1 1 1 1 0 1 1 0 0 1|1 0 1 1 1 0 1 1 1 1 0 1 1 0","0 1 0 0 1 0 0 0 0 1 0 1 0 0|1 0 1 1 1 1 1 0 0 1 1 0 1 1|0 1 0 1 0 0 0 1 0 1 1 0 0 0|0 1 1 0 1 0 0 0 0 1 0 1 0 0|1 1 0 1 0 0 0 0 0 0 0 1 0 0|0 1 0 0 0 0 0 1 0 1 1 0 1 1|0 1 0 0 0 0 0 0 1 1 0 0 1 0|0 0 1 0 0 1 0 0 0 1 1 0 0 0|0 0 0 0 0 0 1 0 0 1 0 0 1 0|1 1 1 1 0 1 1 1 1 0 0 1 1 0|0 1 1 0 0 1 0 1 0 0 0 0 0 1|1 0 0 1 1 0 0 0 0 1 0 0 0 0|0 1 0 0 0 1 1 0 1 1 0 0 0 0|0 1 0 0 0 1 0 0 0 0 1 0 0 0","0 1 0 1 1 0 0 0 0 1 1 1 0 1|1 0 1 1 1 1 1 1 0 1 1 1 1 1|0 1 0 1 0 0 1 1 1 1 1 0 1 1|1 1 1 0 1 0 0 1 0 1 1 1 1 1|1 1 0 1 0 0 0 0 0 0 0 1 1 1|0 1 0 0 0 0 0 1 0 1 1 0 1 1|0 1 1 0 0 0 0 0 1 1 0 0 1 1|0 1 1 1 0 1 0 0 0 1 1 1 1 1|0 0 1 0 0 0 1 0 0 1 0 0 1 1|1 1 1 1 0 1 1 1 1 0 1 1 1 1|1 1 1 1 0 1 0 1 0 1 0 0 1 1|1 1 0 1 1 0 0 1 0 1 0 0 0 1|0 1 1 1 1 1 1 1 1 1 1 0 0 1|1 1 1 1 1 1 1 1 1 1 1 1 1 0"
257,"ID26-14.71.4:",14,7,16782,"1, 2, 3, 4, 5, 6, 7, 11, 13, 14","1->4, 2->3, 3->13, 4->7, 5->6, 6->14, 7->11, 8->8, 9->9, 10->10, 11->2, 12->12, 13->1, 14->5","1-4, 1-10, 1-11, 1-14, 2-5, 2-8, 2-12, 2-13, 3-7, 3-9, 3-10, 3-13, 3-14, 4-8, 4-11, 4-13, 4-14, 5-12, 5-13, 5-14, 6-10, 6-11, 6-13, 7-9, 7-13, 7-14, 8-12, 8-13, 8-14, 9-14, 10-11, 10-13, 10-14, 11-13, 12-14, 13-14","1-2, 1-3, 1-5, 1-6, 1-7, 1-8, 1-10, 1-11, 1-13, 1-14, 2-4, 2-7, 2-10, 2-14, 3-6, 3-8, 3-12, 4-5, 4-7, 4-10, 5-6, 5-7, 5-8, 5-9, 5-10, 5-11, 5-12, 5-13, 6-12, 7-8, 8-12, 9-11, 9-13, 10-13, 10-14, 11-13","1-2, 1-3, 1-4, 1-5, 1-6, 1-7, 1-8, 1-10, 1-11, 1-13, 1-14, 2-4, 2-5, 2-7, 2-8, 2-10, 2-12, 2-13, 2-14, 3-6, 3-7, 3-8, 3-9, 3-10, 3-12, 3-13, 3-14, 4-5, 4-7, 4-8, 4-10, 4-11, 4-13, 4-14, 5-6, 5-7, 5-8, 5-9, 5-10, 5-11, 5-12, 5-13, 5-14, 6-10, 6-11, 6-12, 6-13, 7-8, 7-9, 7-13, 7-14, 8-12, 8-13, 8-14, 9-11, 9-13, 9-14, 10-11, 10-13, 10-14, 11-13, 12-14, 13-14",4,4,8,"0 0 0 1 0 0 0 0 0 1 1 0 0 1|0 0 0 0 1 0 0 1 0 0 0 1 1 0|0 0 0 0 0 0 1 0 1 1 0 0 1 1|1 0 0 0 0 0 0 1 0 0 1 0 1 1|0 1 0 0 0 0 0 0 0 0 0 1 1 1|0 0 0 0 0 0 0 0 0 1 1 0 1 0|0 0 1 0 0 0 0 0 1 0 0 0 1 1|0 1 0 1 0 0 0 0 0 0 0 1 1 1|0 0 1 0 0 0 1 0 0 0 0 0 0 1|1 0 1 0 0 1 0 0 0 0 1 0 1 1|1 0 0 1 0 1 0 0 0 1 0 0 1 0|0 1 0 0 1 0 0 1 0 0 0 0 0 1|0 1 1 1 1 1 1 1 0 1 1 0 0 1|1 0 1 1 1 0 1 1 1 1 0 1 1 0","0 1 1 0 1 1 1 1 0 1 1 0 1 1|1 0 0 1 0 0 1 0 0 1 0 0 0 1|1 0 0 0 0 1 0 1 0 0 0 1 0 0|0 1 0 0 1 0 1 0 0 1 0 0 0 0|1 0 0 1 0 1 1 1 1 1 1 1 1 0|1 0 1 0 1 0 0 0 0 0 0 1 0 0|1 1 0 1 1 0 0 1 0 0 0 0 0 0|1 0 1 0 1 0 1 0 0 0 0 1 0 0|0 0 0 0 1 0 0 0 0 0 1 0 1 0|1 1 0 1 1 0 0 0 0 0 0 0 1 1|1 0 0 0 1 0 0 0 1 0 0 0 1 0|0 0 1 0 1 1 0 1 0 0 0 0 0 0|1 0 0 0 1 0 0 0 1 1 1 0 0 0|1 1 0 0 0 0 0 0 0 1 0 0 0 0","0 1 1 1 1 1 1 1 0 1 1 0 1 1|1 0 0 1 1 0 1 1 0 1 0 1 1 1|1 0 0 0 0 1 1 1 1 1 0 1 1 1|1 1 0 0 1 0 1 1 0 1 1 0 1 1|1 1 0 1 0 1 1 1 1 1 1 1 1 1|1 0 1 0 1 0 0 0 0 1 1 1 1 0|1 1 1 1 1 0 0 1 1 0 0 0 1 1|1 1 1 1 1 0 1 0 0 0 0 1 1 1|0 0 1 0 1 0 1 0 0 0 1 0 1 1|1 1 1 1 1 1 0 0 0 0 1 0 1 1|1 0 0 1 1 1 0 0 1 1 0 0 1 0|0 1 1 0 1 1 0 1 0 0 0 0 0 1|1 1 1 1 1 1 1 1 1 1 1 0 0 1|1 1 1 1 1 0 1 1 1 1 0 1 1 0"
258,"ID26-14.71.4:",14,8,16803,"1, 2, 3, 4, 5, 7, 8, 11, 13, 14","1->8, 2->14, 3->4, 4->1, 5->7, 6->6, 7->11, 8->13, 9->9, 10->10, 11->5, 12->12, 13->2, 14->3","1-4, 1-10, 1-11, 1-14, 2-5, 2-8, 2-12, 2-13, 3-7, 3-9, 3-10, 3-13, 3-14, 4-8, 4-11, 4-13, 4-14, 5-12, 5-13, 5-14, 6-10, 6-11, 6-13, 7-9, 7-13, 7-14, 8-12, 8-13, 8-14, 9-14, 10-11, 10-13, 10-14, 11-13, 12-14, 13-14","1-2, 1-3, 1-5, 1-8, 1-13, 2-3, 2-4, 2-5, 2-6, 2-7, 2-10, 2-11, 2-13, 2-14, 3-4, 3-7, 3-8, 3-9, 3-10, 3-11, 3-12, 3-13, 4-9, 4-10, 4-11, 5-6, 5-8, 5-10, 6-10, 7-12, 7-14, 8-10, 9-11, 12-13, 12-14, 13-14","1-2, 1-3, 1-4, 1-5, 1-8, 1-10, 1-11, 1-13, 1-14, 2-3, 2-4, 2-5, 2-6, 2-7, 2-8, 2-10, 2-11, 2-12, 2-13, 2-14, 3-4, 3-7, 3-8, 3-9, 3-10, 3-11, 3-12, 3-13, 3-14, 4-8, 4-9, 4-10, 4-11, 4-13, 4-14, 5-6, 5-8, 5-10, 5-12, 5-13, 5-14, 6-10, 6-11, 6-13, 7-9, 7-12, 7-13, 7-14, 8-10, 8-12, 8-13, 8-14, 9-11, 9-14, 10-11, 10-13, 10-14, 11-13, 12-13, 12-14, 13-14",4,4,8,"0 0 0 1 0 0 0 0 0 1 1 0 0 1|0 0 0 0 1 0 0 1 0 0 0 1 1 0|0 0 0 0 0 0 1 0 1 1 0 0 1 1|1 0 0 0 0 0 0 1 0 0 1 0 1 1|0 1 0 0 0 0 0 0 0 0 0 1 1 1|0 0 0 0 0 0 0 0 0 1 1 0 1 0|0 0 1 0 0 0 0 0 1 0 0 0 1 1|0 1 0 1 0 0 0 0 0 0 0 1 1 1|0 0 1 0 0 0 1 0 0 0 0 0 0 1|1 0 1 0 0 1 0 0 0 0 1 0 1 1|1 0 0 1 0 1 0 0 0 1 0 0 1 0|0 1 0 0 1 0 0 1 0 0 0 0 0 1|0 1 1 1 1 1 1 1 0 1 1 0 0 1|1 0 1 1 1 0 1 1 1 1 0 1 1 0","0 1 1 0 1 0 0 1 0 0 0 0 1 0|1 0 1 1 1 1 1 0 0 1 1 0 1 1|1 1 0 1 0 0 1 1 1 1 1 1 1 0|0 1 1 0 0 0 0 0 1 1 1 0 0 0|1 1 0 0 0 1 0 1 0 1 0 0 0 0|0 1 0 0 1 0 0 0 0 1 0 0 0 0|0 1 1 0 0 0 0 0 0 0 0 1 0 1|1 0 1 0 1 0 0 0 0 1 0 0 0 0|0 0 1 1 0 0 0 0 0 0 1 0 0 0|0 1 1 1 1 1 0 1 0 0 0 0 0 0|0 1 1 1 0 0 0 0 1 0 0 0 0 0|0 0 1 0 0 0 1 0 0 0 0 0 1 1|1 1 1 0 0 0 0 0 0 0 0 1 0 1|0 1 0 0 0 0 1 0 0 0 0 1 1 0","0 1 1 1 1 0 0 1 0 1 1 0 1 1|1 0 1 1 1 1 1 1 0 1 1 1 1 1|1 1 0 1 0 0 1 1 1 1 1 1 1 1|1 1 1 0 0 0 0 1 1 1 1 0 1 1|1 1 0 0 0 1 0 1 0 1 0 1 1 1|0 1 0 0 1 0 0 0 0 1 1 0 1 0|0 1 1 0 0 0 0 0 1 0 0 1 1 1|1 1 1 1 1 0 0 0 0 1 0 1 1 1|0 0 1 1 0 0 1 0 0 0 1 0 0 1|1 1 1 1 1 1 0 1 0 0 1 0 1 1|1 1 1 1 0 1 0 0 1 1 0 0 1 0|0 1 1 0 1 0 1 1 0 0 0 0 1 1|1 1 1 1 1 1 1 1 0 1 1 1 0 1|1 1 1 1 1 0 1 1 1 1 0 1 1 0"
259,"ID26-14.71.4:",14,9,21042,"2, 3, 4, 5, 7, 9, 10, 12, 13, 14","1->1, 2->5, 3->12, 4->10, 5->4, 6->6, 7->14, 8->8, 9->13, 10->9, 11->11, 12->7, 13->3, 14->2","1-4, 1-10, 1-11, 1-14, 2-5, 2-8, 2-12, 2-13, 3-7, 3-9, 3-10, 3-13, 3-14, 4-8, 4-11, 4-13, 4-14, 5-12, 5-13, 5-14, 6-10, 6-11, 6-13, 7-9, 7-13, 7-14, 8-12, 8-13, 8-14, 9-14, 10-11, 10-13, 10-14, 11-13, 12-14, 13-14","1-2, 1-9, 1-10, 1-11, 2-3, 2-4, 2-7, 2-8, 2-9, 2-10, 2-12, 2-13, 2-14, 3-4, 3-5, 3-6, 3-8, 3-9, 3-10, 3-11, 3-12, 3-14, 4-5, 4-7, 5-7, 5-8, 6-9, 6-11, 7-8, 8-10, 9-11, 9-12, 10-11, 12-13, 12-14, 13-14","1-2, 1-4, 1-9, 1-10, 1-11, 1-14, 2-3, 2-4, 2-5, 2-7, 2-8, 2-9, 2-10, 2-12, 2-13, 2-14, 3-4, 3-5, 3-6, 3-7, 3-8, 3-9, 3-10, 3-11, 3-12, 3-13, 3-14, 4-5, 4-7, 4-8, 4-11, 4-13, 4-14, 5-7, 5-8, 5-12, 5-13, 5-14, 6-9, 6-10, 6-11, 6-13, 7-8, 7-9, 7-13, 7-14, 8-10, 8-12, 8-13, 8-14, 9-11, 9-12, 9-14, 10-11, 10-13, 10-14, 11-13, 12-13, 12-14, 13-14",4,4,8,"0 0 0 1 0 0 0 0 0 1 1 0 0 1|0 0 0 0 1 0 0 1 0 0 0 1 1 0|0 0 0 0 0 0 1 0 1 1 0 0 1 1|1 0 0 0 0 0 0 1 0 0 1 0 1 1|0 1 0 0 0 0 0 0 0 0 0 1 1 1|0 0 0 0 0 0 0 0 0 1 1 0 1 0|0 0 1 0 0 0 0 0 1 0 0 0 1 1|0 1 0 1 0 0 0 0 0 0 0 1 1 1|0 0 1 0 0 0 1 0 0 0 0 0 0 1|1 0 1 0 0 1 0 0 0 0 1 0 1 1|1 0 0 1 0 1 0 0 0 1 0 0 1 0|0 1 0 0 1 0 0 1 0 0 0 0 0 1|0 1 1 1 1 1 1 1 0 1 1 0 0 1|1 0 1 1 1 0 1 1 1 1 0 1 1 0","0 1 0 0 0 0 0 0 1 1 1 0 0 0|1 0 1 1 0 0 1 1 1 1 0 1 1 1|0 1 0 1 1 1 0 1 1 1 1 1 0 1|0 1 1 0 1 0 1 0 0 0 0 0 0 0|0 0 1 1 0 0 1 1 0 0 0 0 0 0|0 0 1 0 0 0 0 0 1 0 1 0 0 0|0 1 0 1 1 0 0 1 0 0 0 0 0 0|0 1 1 0 1 0 1 0 0 1 0 0 0 0|1 1 1 0 0 1 0 0 0 0 1 1 0 0|1 1 1 0 0 0 0 1 0 0 1 0 0 0|1 0 1 0 0 1 0 0 1 1 0 0 0 0|0 1 1 0 0 0 0 0 1 0 0 0 1 1|0 1 0 0 0 0 0 0 0 0 0 1 0 1|0 1 1 0 0 0 0 0 0 0 0 1 1 0","0 1 0 1 0 0 0 0 1 1 1 0 0 1|1 0 1 1 1 0 1 1 1 1 0 1 1 1|0 1 0 1 1 1 1 1 1 1 1 1 1 1|1 1 1 0 1 0 1 1 0 0 1 0 1 1|0 1 1 1 0 0 1 1 0 0 0 1 1 1|0 0 1 0 0 0 0 0 1 1 1 0 1 0|0 1 1 1 1 0 0 1 1 0 0 0 1 1|0 1 1 1 1 0 1 0 0 1 0 1 1 1|1 1 1 0 0 1 1 0 0 0 1 1 0 1|1 1 1 0 0 1 0 1 0 0 1 0 1 1|1 0 1 1 0 1 0 0 1 1 0 0 1 0|0 1 1 0 1 0 0 1 1 0 0 0 1 1|0 1 1 1 1 1 1 1 0 1 1 1 0 1|1 1 1 1 1 0 1 1 1 1 0 1 1 0"
260,"ID26-14.71.4:",14,10,21152,"1, 2, 3, 4, 6, 7, 8, 11, 13, 14","1->7, 2->13, 3->1, 4->6, 5->5, 6->11, 7->2, 8->14, 9->9, 10->10, 11->8, 12->12, 13->3, 14->4","1-4, 1-10, 1-11, 1-14, 2-5, 2-8, 2-12, 2-13, 3-7, 3-9, 3-10, 3-13, 3-14, 4-8, 4-11, 4-13, 4-14, 5-12, 5-13, 5-14, 6-10, 6-11, 6-13, 7-9, 7-13, 7-14, 8-12, 8-13, 8-14, 9-14, 10-11, 10-13, 10-14, 11-13, 12-14, 13-14","1-2, 1-3, 1-4, 1-9, 1-10, 2-3, 2-4, 2-9, 3-4, 3-5, 3-6, 3-8, 3-10, 3-11, 3-13, 3-14, 4-5, 4-6, 4-7, 4-9, 4-10, 4-12, 4-14, 5-12, 5-13, 6-7, 6-8, 6-14, 7-8, 7-10, 8-10, 8-11, 10-11, 12-13, 12-14, 13-14","1-2, 1-3, 1-4, 1-9, 1-10, 1-11, 1-14, 2-3, 2-4, 2-5, 2-8, 2-9, 2-12, 2-13, 3-4, 3-5, 3-6, 3-7, 3-8, 3-9, 3-10, 3-11, 3-13, 3-14, 4-5, 4-6, 4-7, 4-8, 4-9, 4-10, 4-11, 4-12, 4-13, 4-14, 5-12, 5-13, 5-14, 6-7, 6-8, 6-10, 6-11, 6-13, 6-14, 7-8, 7-9, 7-10, 7-13, 7-14, 8-10, 8-11, 8-12, 8-13, 8-14, 9-14, 10-11, 10-13, 10-14, 11-13, 12-13, 12-14, 13-14",4,4,8,"0 0 0 1 0 0 0 0 0 1 1 0 0 1|0 0 0 0 1 0 0 1 0 0 0 1 1 0|0 0 0 0 0 0 1 0 1 1 0 0 1 1|1 0 0 0 0 0 0 1 0 0 1 0 1 1|0 1 0 0 0 0 0 0 0 0 0 1 1 1|0 0 0 0 0 0 0 0 0 1 1 0 1 0|0 0 1 0 0 0 0 0 1 0 0 0 1 1|0 1 0 1 0 0 0 0 0 0 0 1 1 1|0 0 1 0 0 0 1 0 0 0 0 0 0 1|1 0 1 0 0 1 0 0 0 0 1 0 1 1|1 0 0 1 0 1 0 0 0 1 0 0 1 0|0 1 0 0 1 0 0 1 0 0 0 0 0 1|0 1 1 1 1 1 1 1 0 1 1 0 0 1|1 0 1 1 1 0 1 1 1 1 0 1 1 0","0 1 1 1 0 0 0 0 1 1 0 0 0 0|1 0 1 1 0 0 0 0 1 0 0 0 0 0|1 1 0 1 1 1 0 1 0 1 1 0 1 1|1 1 1 0 1 1 1 0 1 1 0 1 0 1|0 0 1 1 0 0 0 0 0 0 0 1 1 0|0 0 1 1 0 0 1 1 0 0 0 0 0 1|0 0 0 1 0 1 0 1 0 1 0 0 0 0|0 0 1 0 0 1 1 0 0 1 1 0 0 0|1 1 0 1 0 0 0 0 0 0 0 0 0 0|1 0 1 1 0 0 1 1 0 0 1 0 0 0|0 0 1 0 0 0 0 1 0 1 0 0 0 0|0 0 0 1 1 0 0 0 0 0 0 0 1 1|0 0 1 0 1 0 0 0 0 0 0 1 0 1|0 0 1 1 0 1 0 0 0 0 0 1 1 0","0 1 1 1 0 0 0 0 1 1 1 0 0 1|1 0 1 1 1 0 0 1 1 0 0 1 1 0|1 1 0 1 1 1 1 1 1 1 1 0 1 1|1 1 1 0 1 1 1 1 1 1 1 1 1 1|0 1 1 1 0 0 0 0 0 0 0 1 1 1|0 0 1 1 0 0 1 1 0 1 1 0 1 1|0 0 1 1 0 1 0 1 1 1 0 0 1 1|0 1 1 1 0 1 1 0 0 1 1 1 1 1|1 1 1 1 0 0 1 0 0 0 0 0 0 1|1 0 1 1 0 1 1 1 0 0 1 0 1 1|1 0 1 1 0 1 0 1 0 1 0 0 1 0|0 1 0 1 1 0 0 1 0 0 0 0 1 1|0 1 1 1 1 1 1 1 0 1 1 1 0 1|1 0 1 1 1 1 1 1 1 1 0 1 1 0"
261,"ID27-14.71.5:",14,1,7326,"2, 3, 4, 5, 8, 9, 10, 11, 12, 13","1->1, 2->3, 3->13, 4->2, 5->8, 6->6, 7->7, 8->11, 9->4, 10->9, 11->10, 12->5, 13->12, 14->14","1-7, 1-10, 1-14, 2-6, 2-8, 2-11, 2-12, 3-6, 3-8, 3-12, 3-13, 4-7, 4-9, 4-10, 4-13, 5-10, 5-12, 5-14, 6-8, 6-11, 6-12, 7-9, 7-10, 7-12, 7-14, 8-10, 8-11, 8-12, 8-13, 9-12, 9-13, 10-12, 10-13, 10-14, 12-13, 12-14","1-7, 1-9, 1-14, 2-4, 2-7, 2-9, 2-12, 3-5, 3-6, 3-10, 3-11, 4-5, 4-7, 4-12, 5-6, 5-7, 5-8, 5-9, 5-11, 5-12, 5-13, 5-14, 6-10, 6-11, 6-13, 7-9, 7-14, 8-9, 8-14, 9-11, 9-12, 9-14, 10-11, 11-12, 11-13, 12-13","1-7, 1-9, 1-10, 1-14, 2-4, 2-6, 2-7, 2-8, 2-9, 2-11, 2-12, 3-5, 3-6, 3-8, 3-10, 3-11, 3-12, 3-13, 4-5, 4-7, 4-9, 4-10, 4-12, 4-13, 5-6, 5-7, 5-8, 5-9, 5-10, 5-11, 5-12, 5-13, 5-14, 6-8, 6-10, 6-11, 6-12, 6-13, 7-9, 7-10, 7-12, 7-14, 8-9, 8-10, 8-11, 8-12, 8-13, 8-14, 9-11, 9-12, 9-13, 9-14, 10-11, 10-12, 10-13, 10-14, 11-12, 11-13, 12-13, 12-14",4,4,8,"0 0 0 0 0 0 1 0 0 1 0 0 0 1|0 0 0 0 0 1 0 1 0 0 1 1 0 0|0 0 0 0 0 1 0 1 0 0 0 1 1 0|0 0 0 0 0 0 1 0 1 1 0 0 1 0|0 0 0 0 0 0 0 0 0 1 0 1 0 1|0 1 1 0 0 0 0 1 0 0 1 1 0 0|1 0 0 1 0 0 0 0 1 1 0 1 0 1|0 1 1 0 0 1 0 0 0 1 1 1 1 0|0 0 0 1 0 0 1 0 0 0 0 1 1 0|1 0 0 1 1 0 1 1 0 0 0 1 1 1|0 1 0 0 0 1 0 1 0 0 0 0 0 0|0 1 1 0 1 1 1 1 1 1 0 0 1 1|0 0 1 1 0 0 0 1 1 1 0 1 0 0|1 0 0 0 1 0 1 0 0 1 0 1 0 0","0 0 0 0 0 0 1 0 1 0 0 0 0 1|0 0 0 1 0 0 1 0 1 0 0 1 0 0|0 0 0 0 1 1 0 0 0 1 1 0 0 0|0 1 0 0 1 0 1 0 0 0 0 1 0 0|0 0 1 1 0 1 1 1 1 0 1 1 1 1|0 0 1 0 1 0 0 0 0 1 1 0 1 0|1 1 0 1 1 0 0 0 1 0 0 0 0 1|0 0 0 0 1 0 0 0 1 0 0 0 0 1|1 1 0 0 1 0 1 1 0 0 1 1 0 1|0 0 1 0 0 1 0 0 0 0 1 0 0 0|0 0 1 0 1 1 0 0 1 1 0 1 1 0|0 1 0 1 1 0 0 0 1 0 1 0 1 0|0 0 0 0 1 1 0 0 0 0 1 1 0 0|1 0 0 0 1 0 1 1 1 0 0 0 0 0","0 0 0 0 0 0 1 0 1 1 0 0 0 1|0 0 0 1 0 1 1 1 1 0 1 1 0 0|0 0 0 0 1 1 0 1 0 1 1 1 1 0|0 1 0 0 1 0 1 0 1 1 0 1 1 0|0 0 1 1 0 1 1 1 1 1 1 1 1 1|0 1 1 0 1 0 0 1 0 1 1 1 1 0|1 1 0 1 1 0 0 0 1 1 0 1 0 1|0 1 1 0 1 1 0 0 1 1 1 1 1 1|1 1 0 1 1 0 1 1 0 0 1 1 1 1|1 0 1 1 1 1 1 1 0 0 1 1 1 1|0 1 1 0 1 1 0 1 1 1 0 1 1 0|0 1 1 1 1 1 1 1 1 1 1 0 1 1|0 0 1 1 1 1 0 1 1 1 1 1 0 0|1 0 0 0 1 0 1 1 1 1 0 1 0 0"
262,"ID27-14.71.5:",14,2,12212,"1, 3, 4, 5, 6, 7, 10, 11, 12, 13","1->11, 2->2, 3->13, 4->10, 5->12, 6->1, 7->3, 8->8, 9->9, 10->4, 11->7, 12->5, 13->6, 14->14","1-7, 1-10, 1-14, 2-6, 2-8, 2-11, 2-12, 3-6, 3-8, 3-12, 3-13, 4-7, 4-9, 4-10, 4-13, 5-10, 5-12, 5-14, 6-8, 6-11, 6-12, 7-9, 7-10, 7-12, 7-14, 8-10, 8-11, 8-12, 8-13, 9-12, 9-13, 10-12, 10-13, 10-14, 12-13, 12-14","1-2, 1-5, 1-7, 1-8, 1-13, 2-5, 2-7, 2-8, 3-4, 3-5, 3-9, 3-10, 3-11, 3-14, 4-5, 4-6, 4-8, 4-10, 4-11, 4-12, 4-14, 5-6, 5-8, 5-9, 5-12, 5-13, 5-14, 6-8, 6-9, 6-10, 6-13, 7-8, 8-13, 9-10, 11-14, 12-14","1-2, 1-5, 1-7, 1-8, 1-10, 1-13, 1-14, 2-5, 2-6, 2-7, 2-8, 2-11, 2-12, 3-4, 3-5, 3-6, 3-8, 3-9, 3-10, 3-11, 3-12, 3-13, 3-14, 4-5, 4-6, 4-7, 4-8, 4-9, 4-10, 4-11, 4-12, 4-13, 4-14, 5-6, 5-8, 5-9, 5-10, 5-12, 5-13, 5-14, 6-8, 6-9, 6-10, 6-11, 6-12, 6-13, 7-8, 7-9, 7-10, 7-12, 7-14, 8-10, 8-11, 8-12, 8-13, 9-10, 9-12, 9-13, 10-12, 10-13, 10-14, 11-14, 12-13, 12-14",4,4,8,"0 0 0 0 0 0 1 0 0 1 0 0 0 1|0 0 0 0 0 1 0 1 0 0 1 1 0 0|0 0 0 0 0 1 0 1 0 0 0 1 1 0|0 0 0 0 0 0 1 0 1 1 0 0 1 0|0 0 0 0 0 0 0 0 0 1 0 1 0 1|0 1 1 0 0 0 0 1 0 0 1 1 0 0|1 0 0 1 0 0 0 0 1 1 0 1 0 1|0 1 1 0 0 1 0 0 0 1 1 1 1 0|0 0 0 1 0 0 1 0 0 0 0 1 1 0|1 0 0 1 1 0 1 1 0 0 0 1 1 1|0 1 0 0 0 1 0 1 0 0 0 0 0 0|0 1 1 0 1 1 1 1 1 1 0 0 1 1|0 0 1 1 0 0 0 1 1 1 0 1 0 0|1 0 0 0 1 0 1 0 0 1 0 1 0 0","0 1 0 0 1 0 1 1 0 0 0 0 1 0|1 0 0 0 1 0 1 1 0 0 0 0 0 0|0 0 0 1 1 0 0 0 1 1 1 0 0 1|0 0 1 0 1 1 0 1 0 1 1 1 0 1|1 1 1 1 0 1 0 1 1 0 0 1 1 1|0 0 0 1 1 0 0 1 1 1 0 0 1 0|1 1 0 0 0 0 0 1 0 0 0 0 0 0|1 1 0 1 1 1 1 0 0 0 0 0 1 0|0 0 1 0 1 1 0 0 0 1 0 0 0 0|0 0 1 1 0 1 0 0 1 0 0 0 0 0|0 0 1 1 0 0 0 0 0 0 0 0 0 1|0 0 0 1 1 0 0 0 0 0 0 0 0 1|1 0 0 0 1 1 0 1 0 0 0 0 0 0|0 0 1 1 1 0 0 0 0 0 1 1 0 0","0 1 0 0 1 0 1 1 0 1 0 0 1 1|1 0 0 0 1 1 1 1 0 0 1 1 0 0|0 0 0 1 1 1 0 1 1 1 1 1 1 1|0 0 1 0 1 1 1 1 1 1 1 1 1 1|1 1 1 1 0 1 0 1 1 1 0 1 1 1|0 1 1 1 1 0 0 1 1 1 1 1 1 0|1 1 0 1 0 0 0 1 1 1 0 1 0 1|1 1 1 1 1 1 1 0 0 1 1 1 1 0|0 0 1 1 1 1 1 0 0 1 0 1 1 0|1 0 1 1 1 1 1 1 1 0 0 1 1 1|0 1 1 1 0 1 0 1 0 0 0 0 0 1|0 1 1 1 1 1 1 1 1 1 0 0 1 1|1 0 1 1 1 1 0 1 1 1 0 1 0 0|1 0 1 1 1 0 1 0 0 1 1 1 0 0"
263,"ID27-14.71.5:",14,3,15336,"2, 3, 6, 7, 8, 9, 10, 11, 12, 14","1->1, 2->12, 3->2, 4->4, 5->5, 6->3, 7->8, 8->11, 9->10, 10->6, 11->7, 12->14, 13->13, 14->9","1-7, 1-10, 1-14, 2-6, 2-8, 2-11, 2-12, 3-6, 3-8, 3-12, 3-13, 4-7, 4-9, 4-10, 4-13, 5-10, 5-12, 5-14, 6-8, 6-11, 6-12, 7-9, 7-10, 7-12, 7-14, 8-10, 8-11, 8-12, 8-13, 9-12, 9-13, 10-12, 10-13, 10-14, 12-13, 12-14","1-6, 1-8, 1-9, 2-3, 2-11, 2-13, 2-14, 3-7, 3-11, 3-12, 3-14, 4-6, 4-8, 4-10, 4-13, 5-6, 5-9, 5-14, 6-8, 6-9, 6-11, 6-13, 6-14, 7-11, 7-12, 8-9, 8-10, 8-14, 9-14, 10-13, 10-14, 11-12, 11-13, 11-14, 12-14, 13-14","1-6, 1-7, 1-8, 1-9, 1-10, 1-14, 2-3, 2-6, 2-8, 2-11, 2-12, 2-13, 2-14, 3-6, 3-7, 3-8, 3-11, 3-12, 3-13, 3-14, 4-6, 4-7, 4-8, 4-9, 4-10, 4-13, 5-6, 5-9, 5-10, 5-12, 5-14, 6-8, 6-9, 6-11, 6-12, 6-13, 6-14, 7-9, 7-10, 7-11, 7-12, 7-14, 8-9, 8-10, 8-11, 8-12, 8-13, 8-14, 9-12, 9-13, 9-14, 10-12, 10-13, 10-14, 11-12, 11-13, 11-14, 12-13, 12-14, 13-14",4,4,8,"0 0 0 0 0 0 1 0 0 1 0 0 0 1|0 0 0 0 0 1 0 1 0 0 1 1 0 0|0 0 0 0 0 1 0 1 0 0 0 1 1 0|0 0 0 0 0 0 1 0 1 1 0 0 1 0|0 0 0 0 0 0 0 0 0 1 0 1 0 1|0 1 1 0 0 0 0 1 0 0 1 1 0 0|1 0 0 1 0 0 0 0 1 1 0 1 0 1|0 1 1 0 0 1 0 0 0 1 1 1 1 0|0 0 0 1 0 0 1 0 0 0 0 1 1 0|1 0 0 1 1 0 1 1 0 0 0 1 1 1|0 1 0 0 0 1 0 1 0 0 0 0 0 0|0 1 1 0 1 1 1 1 1 1 0 0 1 1|0 0 1 1 0 0 0 1 1 1 0 1 0 0|1 0 0 0 1 0 1 0 0 1 0 1 0 0","0 0 0 0 0 1 0 1 1 0 0 0 0 0|0 0 1 0 0 0 0 0 0 0 1 0 1 1|0 1 0 0 0 0 1 0 0 0 1 1 0 1|0 0 0 0 0 1 0 1 0 1 0 0 1 0|0 0 0 0 0 1 0 0 1 0 0 0 0 1|1 0 0 1 1 0 0 1 1 0 1 0 1 1|0 0 1 0 0 0 0 0 0 0 1 1 0 0|1 0 0 1 0 1 0 0 1 1 0 0 0 1|1 0 0 0 1 1 0 1 0 0 0 0 0 1|0 0 0 1 0 0 0 1 0 0 0 0 1 1|0 1 1 0 0 1 1 0 0 0 0 1 1 1|0 0 1 0 0 0 1 0 0 0 1 0 0 1|0 1 0 1 0 1 0 0 0 1 1 0 0 1|0 1 1 0 1 1 0 1 1 1 1 1 1 0","0 0 0 0 0 1 1 1 1 1 0 0 0 1|0 0 1 0 0 1 0 1 0 0 1 1 1 1|0 1 0 0 0 1 1 1 0 0 1 1 1 1|0 0 0 0 0 1 1 1 1 1 0 0 1 0|0 0 0 0 0 1 0 0 1 1 0 1 0 1|1 1 1 1 1 0 0 1 1 0 1 1 1 1|1 0 1 1 0 0 0 0 1 1 1 1 0 1|1 1 1 1 0 1 0 0 1 1 1 1 1 1|1 0 0 1 1 1 1 1 0 0 0 1 1 1|1 0 0 1 1 0 1 1 0 0 0 1 1 1|0 1 1 0 0 1 1 1 0 0 0 1 1 1|0 1 1 0 1 1 1 1 1 1 1 0 1 1|0 1 1 1 0 1 0 1 1 1 1 1 0 1|1 1 1 0 1 1 1 1 1 1 1 1 1 0"
264,"ID27-14.71.5:",14,4,18061,"1, 3, 6, 8, 9, 10, 11, 12, 13, 14","1->14, 2->2, 3->11, 4->4, 5->5, 6->10, 7->7, 8->9, 9->13, 10->8, 11->6, 12->3, 13->12, 14->1","1-7, 1-10, 1-14, 2-6, 2-8, 2-11, 2-12, 3-6, 3-8, 3-12, 3-13, 4-7, 4-9, 4-10, 4-13, 5-10, 5-12, 5-14, 6-8, 6-11, 6-12, 7-9, 7-10, 7-12, 7-14, 8-10, 8-11, 8-12, 8-13, 9-12, 9-13, 10-12, 10-13, 10-14, 12-13, 12-14","1-3, 1-5, 1-7, 1-8, 1-14, 2-3, 2-6, 2-9, 2-10, 3-5, 3-7, 3-8, 3-9, 3-10, 3-11, 3-12, 3-13, 4-7, 4-8, 4-12, 4-13, 5-8, 6-9, 6-10, 7-8, 7-13, 7-14, 8-9, 8-12, 8-14, 9-10, 9-11, 9-12, 10-11, 11-12, 12-13","1-3, 1-5, 1-7, 1-8, 1-10, 1-14, 2-3, 2-6, 2-8, 2-9, 2-10, 2-11, 2-12, 3-5, 3-6, 3-7, 3-8, 3-9, 3-10, 3-11, 3-12, 3-13, 4-7, 4-8, 4-9, 4-10, 4-12, 4-13, 5-8, 5-10, 5-12, 5-14, 6-8, 6-9, 6-10, 6-11, 6-12, 7-8, 7-9, 7-10, 7-12, 7-13, 7-14, 8-9, 8-10, 8-11, 8-12, 8-13, 8-14, 9-10, 9-11, 9-12, 9-13, 10-11, 10-12, 10-13, 10-14, 11-12, 12-13, 12-14",4,4,8,"0 0 0 0 0 0 1 0 0 1 0 0 0 1|0 0 0 0 0 1 0 1 0 0 1 1 0 0|0 0 0 0 0 1 0 1 0 0 0 1 1 0|0 0 0 0 0 0 1 0 1 1 0 0 1 0|0 0 0 0 0 0 0 0 0 1 0 1 0 1|0 1 1 0 0 0 0 1 0 0 1 1 0 0|1 0 0 1 0 0 0 0 1 1 0 1 0 1|0 1 1 0 0 1 0 0 0 1 1 1 1 0|0 0 0 1 0 0 1 0 0 0 0 1 1 0|1 0 0 1 1 0 1 1 0 0 0 1 1 1|0 1 0 0 0 1 0 1 0 0 0 0 0 0|0 1 1 0 1 1 1 1 1 1 0 0 1 1|0 0 1 1 0 0 0 1 1 1 0 1 0 0|1 0 0 0 1 0 1 0 0 1 0 1 0 0","0 0 1 0 1 0 1 1 0 0 0 0 0 1|0 0 1 0 0 1 0 0 1 1 0 0 0 0|1 1 0 0 1 0 1 1 1 1 1 1 1 0|0 0 0 0 0 0 1 1 0 0 0 1 1 0|1 0 1 0 0 0 0 1 0 0 0 0 0 0|0 1 0 0 0 0 0 0 1 1 0 0 0 0|1 0 1 1 0 0 0 1 0 0 0 0 1 1|1 0 1 1 1 0 1 0 1 0 0 1 0 1|0 1 1 0 0 1 0 1 0 1 1 1 0 0|0 1 1 0 0 1 0 0 1 0 1 0 0 0|0 0 1 0 0 0 0 0 1 1 0 1 0 0|0 0 1 1 0 0 0 1 1 0 1 0 1 0|0 0 1 1 0 0 1 0 0 0 0 1 0 0|1 0 0 0 0 0 1 1 0 0 0 0 0 0","0 0 1 0 1 0 1 1 0 1 0 0 0 1|0 0 1 0 0 1 0 1 1 1 1 1 0 0|1 1 0 0 1 1 1 1 1 1 1 1 1 0|0 0 0 0 0 0 1 1 1 1 0 1 1 0|1 0 1 0 0 0 0 1 0 1 0 1 0 1|0 1 1 0 0 0 0 1 1 1 1 1 0 0|1 0 1 1 0 0 0 1 1 1 0 1 1 1|1 1 1 1 1 1 1 0 1 1 1 1 1 1|0 1 1 1 0 1 1 1 0 1 1 1 1 0|1 1 1 1 1 1 1 1 1 0 1 1 1 1|0 1 1 0 0 1 0 1 1 1 0 1 0 0|0 1 1 1 1 1 1 1 1 1 1 0 1 1|0 0 1 1 0 0 1 1 1 1 0 1 0 0|1 0 0 0 1 0 1 1 0 1 0 1 0 0"
265,"ID27-14.71.5:",14,5,19499,"1, 2, 3, 6, 7, 8, 10, 12, 13, 14","1->12, 2->8, 3->10, 4->4, 5->5, 6->3, 7->1, 8->14, 9->9, 10->13, 11->11, 12->7, 13->6, 14->2","1-7, 1-10, 1-14, 2-6, 2-8, 2-11, 2-12, 3-6, 3-8, 3-12, 3-13, 4-7, 4-9, 4-10, 4-13, 5-10, 5-12, 5-14, 6-8, 6-11, 6-12, 7-9, 7-10, 7-12, 7-14, 8-10, 8-11, 8-12, 8-13, 9-12, 9-13, 10-12, 10-13, 10-14, 12-13, 12-14","1-2, 1-4, 1-7, 1-9, 1-12, 1-13, 2-5, 2-7, 2-12, 2-13, 3-7, 3-8, 3-10, 3-11, 3-14, 4-6, 4-9, 4-13, 5-7, 5-13, 6-7, 6-9, 6-10, 6-13, 6-14, 7-8, 7-9, 7-10, 7-13, 7-14, 8-11, 8-14, 10-14, 11-14, 12-13, 13-14","1-2, 1-4, 1-7, 1-9, 1-10, 1-12, 1-13, 1-14, 2-5, 2-6, 2-7, 2-8, 2-11, 2-12, 2-13, 3-6, 3-7, 3-8, 3-10, 3-11, 3-12, 3-13, 3-14, 4-6, 4-7, 4-9, 4-10, 4-13, 5-7, 5-10, 5-12, 5-13, 5-14, 6-7, 6-8, 6-9, 6-10, 6-11, 6-12, 6-13, 6-14, 7-8, 7-9, 7-10, 7-12, 7-13, 7-14, 8-10, 8-11, 8-12, 8-13, 8-14, 9-12, 9-13, 10-12, 10-13, 10-14, 11-14, 12-13, 12-14, 13-14",4,4,8,"0 0 0 0 0 0 1 0 0 1 0 0 0 1|0 0 0 0 0 1 0 1 0 0 1 1 0 0|0 0 0 0 0 1 0 1 0 0 0 1 1 0|0 0 0 0 0 0 1 0 1 1 0 0 1 0|0 0 0 0 0 0 0 0 0 1 0 1 0 1|0 1 1 0 0 0 0 1 0 0 1 1 0 0|1 0 0 1 0 0 0 0 1 1 0 1 0 1|0 1 1 0 0 1 0 0 0 1 1 1 1 0|0 0 0 1 0 0 1 0 0 0 0 1 1 0|1 0 0 1 1 0 1 1 0 0 0 1 1 1|0 1 0 0 0 1 0 1 0 0 0 0 0 0|0 1 1 0 1 1 1 1 1 1 0 0 1 1|0 0 1 1 0 0 0 1 1 1 0 1 0 0|1 0 0 0 1 0 1 0 0 1 0 1 0 0","0 1 0 1 0 0 1 0 1 0 0 1 1 0|1 0 0 0 1 0 1 0 0 0 0 1 1 0|0 0 0 0 0 0 1 1 0 1 1 0 0 1|1 0 0 0 0 1 0 0 1 0 0 0 1 0|0 1 0 0 0 0 1 0 0 0 0 0 1 0|0 0 0 1 0 0 1 0 1 1 0 0 1 1|1 1 1 0 1 1 0 1 1 1 0 0 1 1|0 0 1 0 0 0 1 0 0 0 1 0 0 1|1 0 0 1 0 1 1 0 0 0 0 0 0 0|0 0 1 0 0 1 1 0 0 0 0 0 0 1|0 0 1 0 0 0 0 1 0 0 0 0 0 1|1 1 0 0 0 0 0 0 0 0 0 0 1 0|1 1 0 1 1 1 1 0 0 0 0 1 0 1|0 0 1 0 0 1 1 1 0 1 1 0 1 0","0 1 0 1 0 0 1 0 1 1 0 1 1 1|1 0 0 0 1 1 1 1 0 0 1 1 1 0|0 0 0 0 0 1 1 1 0 1 1 1 1 1|1 0 0 0 0 1 1 0 1 1 0 0 1 0|0 1 0 0 0 0 1 0 0 1 0 1 1 1|0 1 1 1 0 0 1 1 1 1 1 1 1 1|1 1 1 1 1 1 0 1 1 1 0 1 1 1|0 1 1 0 0 1 1 0 0 1 1 1 1 1|1 0 0 1 0 1 1 0 0 0 0 1 1 0|1 0 1 1 1 1 1 1 0 0 0 1 1 1|0 1 1 0 0 1 0 1 0 0 0 0 0 1|1 1 1 0 1 1 1 1 1 1 0 0 1 1|1 1 1 1 1 1 1 1 1 1 0 1 0 1|1 0 1 0 1 1 1 1 0 1 1 1 1 0"
266,"ID27-14.71.5:",14,6,20164,"1, 2, 3, 6, 8, 9, 10, 11, 12, 13","1->13, 2->1, 3->2, 4->4, 5->5, 6->11, 7->7, 8->10, 9->8, 10->6, 11->3, 12->9, 13->12, 14->14","1-7, 1-10, 1-14, 2-6, 2-8, 2-11, 2-12, 3-6, 3-8, 3-12, 3-13, 4-7, 4-9, 4-10, 4-13, 5-10, 5-12, 5-14, 6-8, 6-11, 6-12, 7-9, 7-10, 7-12, 7-14, 8-10, 8-11, 8-12, 8-13, 9-12, 9-13, 10-12, 10-13, 10-14, 12-13, 12-14","1-3, 1-9, 1-10, 1-11, 2-9, 2-10, 2-11, 2-12, 3-10, 3-11, 4-6, 4-7, 4-8, 4-12, 5-6, 5-9, 5-14, 6-7, 6-9, 6-10, 6-12, 6-13, 6-14, 7-8, 7-9, 7-13, 7-14, 8-9, 8-12, 9-10, 9-11, 9-12, 9-14, 10-11, 10-12, 13-14","1-3, 1-7, 1-9, 1-10, 1-11, 1-14, 2-6, 2-8, 2-9, 2-10, 2-11, 2-12, 3-6, 3-8, 3-10, 3-11, 3-12, 3-13, 4-6, 4-7, 4-8, 4-9, 4-10, 4-12, 4-13, 5-6, 5-9, 5-10, 5-12, 5-14, 6-7, 6-8, 6-9, 6-10, 6-11, 6-12, 6-13, 6-14, 7-8, 7-9, 7-10, 7-12, 7-13, 7-14, 8-9, 8-10, 8-11, 8-12, 8-13, 9-10, 9-11, 9-12, 9-13, 9-14, 10-11, 10-12, 10-13, 10-14, 12-13, 12-14, 13-14",4,4,8,"0 0 0 0 0 0 1 0 0 1 0 0 0 1|0 0 0 0 0 1 0 1 0 0 1 1 0 0|0 0 0 0 0 1 0 1 0 0 0 1 1 0|0 0 0 0 0 0 1 0 1 1 0 0 1 0|0 0 0 0 0 0 0 0 0 1 0 1 0 1|0 1 1 0 0 0 0 1 0 0 1 1 0 0|1 0 0 1 0 0 0 0 1 1 0 1 0 1|0 1 1 0 0 1 0 0 0 1 1 1 1 0|0 0 0 1 0 0 1 0 0 0 0 1 1 0|1 0 0 1 1 0 1 1 0 0 0 1 1 1|0 1 0 0 0 1 0 1 0 0 0 0 0 0|0 1 1 0 1 1 1 1 1 1 0 0 1 1|0 0 1 1 0 0 0 1 1 1 0 1 0 0|1 0 0 0 1 0 1 0 0 1 0 1 0 0","0 0 1 0 0 0 0 0 1 1 1 0 0 0|0 0 0 0 0 0 0 0 1 1 1 1 0 0|1 0 0 0 0 0 0 0 0 1 1 0 0 0|0 0 0 0 0 1 1 1 0 0 0 1 0 0|0 0 0 0 0 1 0 0 1 0 0 0 0 1|0 0 0 1 1 0 1 0 1 1 0 1 1 1|0 0 0 1 0 1 0 1 1 0 0 0 1 1|0 0 0 1 0 0 1 0 1 0 0 1 0 0|1 1 0 0 1 1 1 1 0 1 1 1 0 1|1 1 1 0 0 1 0 0 1 0 1 1 0 0|1 1 1 0 0 0 0 0 1 1 0 0 0 0|0 1 0 1 0 1 0 1 1 1 0 0 0 0|0 0 0 0 0 1 1 0 0 0 0 0 0 1|0 0 0 0 1 1 1 0 1 0 0 0 1 0","0 0 1 0 0 0 1 0 1 1 1 0 0 1|0 0 0 0 0 1 0 1 1 1 1 1 0 0|1 0 0 0 0 1 0 1 0 1 1 1 1 0|0 0 0 0 0 1 1 1 1 1 0 1 1 0|0 0 0 0 0 1 0 0 1 1 0 1 0 1|0 1 1 1 1 0 1 1 1 1 1 1 1 1|1 0 0 1 0 1 0 1 1 1 0 1 1 1|0 1 1 1 0 1 1 0 1 1 1 1 1 0|1 1 0 1 1 1 1 1 0 1 1 1 1 1|1 1 1 1 1 1 1 1 1 0 1 1 1 1|1 1 1 0 0 1 0 1 1 1 0 0 0 0|0 1 1 1 1 1 1 1 1 1 0 0 1 1|0 0 1 1 0 1 1 1 1 1 0 1 0 1|1 0 0 0 1 1 1 0 1 1 0 1 1 0"
267,"ID27-14.71.5:",14,7,20841,"2, 3, 4, 8, 9, 10, 11, 12, 13, 14","1->1, 2->8, 3->10, 4->11, 5->5, 6->6, 7->7, 8->9, 9->12, 10->14, 11->2, 12->3, 13->4, 14->13","1-7, 1-10, 1-14, 2-6, 2-8, 2-11, 2-12, 3-6, 3-8, 3-12, 3-13, 4-7, 4-9, 4-10, 4-13, 5-10, 5-12, 5-14, 6-8, 6-11, 6-12, 7-9, 7-10, 7-12, 7-14, 8-10, 8-11, 8-12, 8-13, 9-12, 9-13, 10-12, 10-13, 10-14, 12-13, 12-14","1-7, 1-13, 1-14, 2-6, 2-8, 2-9, 3-4, 3-5, 3-6, 3-7, 3-8, 3-9, 3-10, 3-12, 3-13, 3-14, 4-9, 4-10, 4-11, 4-12, 4-14, 5-13, 5-14, 6-8, 6-9, 6-10, 7-11, 7-12, 7-13, 7-14, 8-9, 9-10, 9-14, 11-12, 11-14, 13-14","1-7, 1-10, 1-13, 1-14, 2-6, 2-8, 2-9, 2-11, 2-12, 3-4, 3-5, 3-6, 3-7, 3-8, 3-9, 3-10, 3-12, 3-13, 3-14, 4-7, 4-9, 4-10, 4-11, 4-12, 4-13, 4-14, 5-10, 5-12, 5-13, 5-14, 6-8, 6-9, 6-10, 6-11, 6-12, 7-9, 7-10, 7-11, 7-12, 7-13, 7-14, 8-9, 8-10, 8-11, 8-12, 8-13, 9-10, 9-12, 9-13, 9-14, 10-12, 10-13, 10-14, 11-12, 11-14, 12-13, 12-14, 13-14",4,4,8,"0 0 0 0 0 0 1 0 0 1 0 0 0 1|0 0 0 0 0 1 0 1 0 0 1 1 0 0|0 0 0 0 0 1 0 1 0 0 0 1 1 0|0 0 0 0 0 0 1 0 1 1 0 0 1 0|0 0 0 0 0 0 0 0 0 1 0 1 0 1|0 1 1 0 0 0 0 1 0 0 1 1 0 0|1 0 0 1 0 0 0 0 1 1 0 1 0 1|0 1 1 0 0 1 0 0 0 1 1 1 1 0|0 0 0 1 0 0 1 0 0 0 0 1 1 0|1 0 0 1 1 0 1 1 0 0 0 1 1 1|0 1 0 0 0 1 0 1 0 0 0 0 0 0|0 1 1 0 1 1 1 1 1 1 0 0 1 1|0 0 1 1 0 0 0 1 1 1 0 1 0 0|1 0 0 0 1 0 1 0 0 1 0 1 0 0","0 0 0 0 0 0 1 0 0 0 0 0 1 1|0 0 0 0 0 1 0 1 1 0 0 0 0 0|0 0 0 1 1 1 1 1 1 1 0 1 1 1|0 0 1 0 0 0 0 0 1 1 1 1 0 1|0 0 1 0 0 0 0 0 0 0 0 0 1 1|0 1 1 0 0 0 0 1 1 1 0 0 0 0|1 0 1 0 0 0 0 0 0 0 1 1 1 1|0 1 1 0 0 1 0 0 1 0 0 0 0 0|0 1 1 1 0 1 0 1 0 1 0 0 0 1|0 0 1 1 0 1 0 0 1 0 0 0 0 0|0 0 0 1 0 0 1 0 0 0 0 1 0 1|0 0 1 1 0 0 1 0 0 0 1 0 0 0|1 0 1 0 1 0 1 0 0 0 0 0 0 1|1 0 1 1 1 0 1 0 1 0 1 0 1 0","0 0 0 0 0 0 1 0 0 1 0 0 1 1|0 0 0 0 0 1 0 1 1 0 1 1 0 0|0 0 0 1 1 1 1 1 1 1 0 1 1 1|0 0 1 0 0 0 1 0 1 1 1 1 1 1|0 0 1 0 0 0 0 0 0 1 0 1 1 1|0 1 1 0 0 0 0 1 1 1 1 1 0 0|1 0 1 1 0 0 0 0 1 1 1 1 1 1|0 1 1 0 0 1 0 0 1 1 1 1 1 0|0 1 1 1 0 1 1 1 0 1 0 1 1 1|1 0 1 1 1 1 1 1 1 0 0 1 1 1|0 1 0 1 0 1 1 1 0 0 0 1 0 1|0 1 1 1 1 1 1 1 1 1 1 0 1 1|1 0 1 1 1 0 1 1 1 1 0 1 0 1|1 0 1 1 1 0 1 0 1 1 1 1 1 0"
268,"ID27-14.71.5:",14,8,26798,"1, 2, 3, 5, 7, 8, 10, 11, 12, 13","1->7, 2->12, 3->13, 4->4, 5->10, 6->6, 7->1, 8->5, 9->9, 10->3, 11->8, 12->11, 13->2, 14->14","1-7, 1-10, 1-14, 2-6, 2-8, 2-11, 2-12, 3-6, 3-8, 3-12, 3-13, 4-7, 4-9, 4-10, 4-13, 5-10, 5-12, 5-14, 6-8, 6-11, 6-12, 7-9, 7-10, 7-12, 7-14, 8-10, 8-11, 8-12, 8-13, 9-12, 9-13, 10-12, 10-13, 10-14, 12-13, 12-14","1-3, 1-4, 1-7, 1-9, 1-11, 1-14, 2-3, 2-4, 2-5, 2-9, 2-11, 2-13, 3-4, 3-5, 3-7, 3-10, 3-11, 3-14, 4-9, 5-6, 5-8, 5-11, 5-12, 5-13, 6-8, 6-11, 6-12, 6-13, 7-14, 8-12, 9-11, 10-11, 10-14, 11-12, 11-13, 11-14","1-3, 1-4, 1-7, 1-9, 1-10, 1-11, 1-14, 2-3, 2-4, 2-5, 2-6, 2-8, 2-9, 2-11, 2-12, 2-13, 3-4, 3-5, 3-6, 3-7, 3-8, 3-10, 3-11, 3-12, 3-13, 3-14, 4-7, 4-9, 4-10, 4-13, 5-6, 5-8, 5-10, 5-11, 5-12, 5-13, 5-14, 6-8, 6-11, 6-12, 6-13, 7-9, 7-10, 7-12, 7-14, 8-10, 8-11, 8-12, 8-13, 9-11, 9-12, 9-13, 10-11, 10-12, 10-13, 10-14, 11-12, 11-13, 11-14, 12-13, 12-14",4,4,8,"0 0 0 0 0 0 1 0 0 1 0 0 0 1|0 0 0 0 0 1 0 1 0 0 1 1 0 0|0 0 0 0 0 1 0 1 0 0 0 1 1 0|0 0 0 0 0 0 1 0 1 1 0 0 1 0|0 0 0 0 0 0 0 0 0 1 0 1 0 1|0 1 1 0 0 0 0 1 0 0 1 1 0 0|1 0 0 1 0 0 0 0 1 1 0 1 0 1|0 1 1 0 0 1 0 0 0 1 1 1 1 0|0 0 0 1 0 0 1 0 0 0 0 1 1 0|1 0 0 1 1 0 1 1 0 0 0 1 1 1|0 1 0 0 0 1 0 1 0 0 0 0 0 0|0 1 1 0 1 1 1 1 1 1 0 0 1 1|0 0 1 1 0 0 0 1 1 1 0 1 0 0|1 0 0 0 1 0 1 0 0 1 0 1 0 0","0 0 1 1 0 0 1 0 1 0 1 0 0 1|0 0 1 1 1 0 0 0 1 0 1 0 1 0|1 1 0 1 1 0 1 0 0 1 1 0 0 1|1 1 1 0 0 0 0 0 1 0 0 0 0 0|0 1 1 0 0 1 0 1 0 0 1 1 1 0|0 0 0 0 1 0 0 1 0 0 1 1 1 0|1 0 1 0 0 0 0 0 0 0 0 0 0 1|0 0 0 0 1 1 0 0 0 0 0 1 0 0|1 1 0 1 0 0 0 0 0 0 1 0 0 0|0 0 1 0 0 0 0 0 0 0 1 0 0 1|1 1 1 0 1 1 0 0 1 1 0 1 1 1|0 0 0 0 1 1 0 1 0 0 1 0 0 0|0 1 0 0 1 1 0 0 0 0 1 0 0 0|1 0 1 0 0 0 1 0 0 1 1 0 0 0","0 0 1 1 0 0 1 0 1 1 1 0 0 1|0 0 1 1 1 1 0 1 1 0 1 1 1 0|1 1 0 1 1 1 1 1 0 1 1 1 1 1|1 1 1 0 0 0 1 0 1 1 0 0 1 0|0 1 1 0 0 1 0 1 0 1 1 1 1 1|0 1 1 0 1 0 0 1 0 0 1 1 1 0|1 0 1 1 0 0 0 0 1 1 0 1 0 1|0 1 1 0 1 1 0 0 0 1 1 1 1 0|1 1 0 1 0 0 1 0 0 0 1 1 1 0|1 0 1 1 1 0 1 1 0 0 1 1 1 1|1 1 1 0 1 1 0 1 1 1 0 1 1 1|0 1 1 0 1 1 1 1 1 1 1 0 1 1|0 1 1 1 1 1 0 1 1 1 1 1 0 0|1 0 1 0 1 0 1 0 0 1 1 1 0 0"
269,"ID27-14.71.5:",14,9,29073,"1, 2, 4, 6, 7, 8, 9, 10, 12, 14","1->6, 2->4, 3->3, 4->10, 5->5, 6->12, 7->2, 8->14, 9->7, 10->9, 11->11, 12->1, 13->13, 14->8","1-7, 1-10, 1-14, 2-6, 2-8, 2-11, 2-12, 3-6, 3-8, 3-12, 3-13, 4-7, 4-9, 4-10, 4-13, 5-10, 5-12, 5-14, 6-8, 6-11, 6-12, 7-9, 7-10, 7-12, 7-14, 8-10, 8-11, 8-12, 8-13, 9-12, 9-13, 10-12, 10-13, 10-14, 12-13, 12-14","1-2, 1-3, 1-4, 1-5, 1-7, 1-8, 1-9, 1-12, 1-13, 1-14, 2-6, 2-7, 2-8, 2-9, 2-10, 3-12, 3-13, 3-14, 4-11, 4-12, 4-14, 5-8, 5-9, 6-8, 6-9, 7-10, 7-13, 8-9, 9-10, 9-13, 9-14, 10-13, 11-12, 11-14, 12-14, 13-14","1-2, 1-3, 1-4, 1-5, 1-7, 1-8, 1-9, 1-10, 1-12, 1-13, 1-14, 2-6, 2-7, 2-8, 2-9, 2-10, 2-11, 2-12, 3-6, 3-8, 3-12, 3-13, 3-14, 4-7, 4-9, 4-10, 4-11, 4-12, 4-13, 4-14, 5-8, 5-9, 5-10, 5-12, 5-14, 6-8, 6-9, 6-11, 6-12, 7-9, 7-10, 7-12, 7-13, 7-14, 8-9, 8-10, 8-11, 8-12, 8-13, 9-10, 9-12, 9-13, 9-14, 10-12, 10-13, 10-14, 11-12, 11-14, 12-13, 12-14, 13-14",4,4,8,"0 0 0 0 0 0 1 0 0 1 0 0 0 1|0 0 0 0 0 1 0 1 0 0 1 1 0 0|0 0 0 0 0 1 0 1 0 0 0 1 1 0|0 0 0 0 0 0 1 0 1 1 0 0 1 0|0 0 0 0 0 0 0 0 0 1 0 1 0 1|0 1 1 0 0 0 0 1 0 0 1 1 0 0|1 0 0 1 0 0 0 0 1 1 0 1 0 1|0 1 1 0 0 1 0 0 0 1 1 1 1 0|0 0 0 1 0 0 1 0 0 0 0 1 1 0|1 0 0 1 1 0 1 1 0 0 0 1 1 1|0 1 0 0 0 1 0 1 0 0 0 0 0 0|0 1 1 0 1 1 1 1 1 1 0 0 1 1|0 0 1 1 0 0 0 1 1 1 0 1 0 0|1 0 0 0 1 0 1 0 0 1 0 1 0 0","0 1 1 1 1 0 1 1 1 0 0 1 1 1|1 0 0 0 0 1 1 1 1 1 0 0 0 0|1 0 0 0 0 0 0 0 0 0 0 1 1 1|1 0 0 0 0 0 0 0 0 0 1 1 0 1|1 0 0 0 0 0 0 1 1 0 0 0 0 0|0 1 0 0 0 0 0 1 1 0 0 0 0 0|1 1 0 0 0 0 0 0 0 1 0 0 1 0|1 1 0 0 1 1 0 0 1 0 0 0 0 0|1 1 0 0 1 1 0 1 0 1 0 0 1 1|0 1 0 0 0 0 1 0 1 0 0 0 1 0|0 0 0 1 0 0 0 0 0 0 0 1 0 1|1 0 1 1 0 0 0 0 0 0 1 0 0 1|1 0 1 0 0 0 1 0 1 1 0 0 0 1|1 0 1 1 0 0 0 0 1 0 1 1 1 0","0 1 1 1 1 0 1 1 1 1 0 1 1 1|1 0 0 0 0 1 1 1 1 1 1 1 0 0|1 0 0 0 0 1 0 1 0 0 0 1 1 1|1 0 0 0 0 0 1 0 1 1 1 1 1 1|1 0 0 0 0 0 0 1 1 1 0 1 0 1|0 1 1 0 0 0 0 1 1 0 1 1 0 0|1 1 0 1 0 0 0 0 1 1 0 1 1 1|1 1 1 0 1 1 0 0 1 1 1 1 1 0|1 1 0 1 1 1 1 1 0 1 0 1 1 1|1 1 0 1 1 0 1 1 1 0 0 1 1 1|0 1 0 1 0 1 0 1 0 0 0 1 0 1|1 1 1 1 1 1 1 1 1 1 1 0 1 1|1 0 1 1 0 0 1 1 1 1 0 1 0 1|1 0 1 1 1 0 1 0 1 1 1 1 1 0"
270,"ID27-14.71.5:",14,10,31644,"1, 2, 3, 4, 8, 9, 10, 12, 13, 14","1->3, 2->14, 3->4, 4->13, 5->5, 6->6, 7->7, 8->12, 9->8, 10->2, 11->11, 12->9, 13->1, 14->10","1-7, 1-10, 1-14, 2-6, 2-8, 2-11, 2-12, 3-6, 3-8, 3-12, 3-13, 4-7, 4-9, 4-10, 4-13, 5-10, 5-12, 5-14, 6-8, 6-11, 6-12, 7-9, 7-10, 7-12, 7-14, 8-10, 8-11, 8-12, 8-13, 9-12, 9-13, 10-12, 10-13, 10-14, 12-13, 12-14","1-2, 1-4, 1-8, 1-9, 1-12, 1-13, 2-3, 2-5, 2-7, 2-9, 2-10, 2-12, 2-13, 3-7, 3-10, 4-6, 4-9, 4-12, 5-9, 5-10, 6-9, 6-11, 6-12, 6-14, 7-8, 7-9, 7-10, 7-13, 8-9, 8-13, 9-10, 9-12, 9-14, 11-12, 11-14, 12-14","1-2, 1-4, 1-7, 1-8, 1-9, 1-10, 1-12, 1-13, 1-14, 2-3, 2-5, 2-6, 2-7, 2-8, 2-9, 2-10, 2-11, 2-12, 2-13, 3-6, 3-7, 3-8, 3-10, 3-12, 3-13, 4-6, 4-7, 4-9, 4-10, 4-12, 4-13, 5-9, 5-10, 5-12, 5-14, 6-8, 6-9, 6-11, 6-12, 6-14, 7-8, 7-9, 7-10, 7-12, 7-13, 7-14, 8-9, 8-10, 8-11, 8-12, 8-13, 9-10, 9-12, 9-13, 9-14, 10-12, 10-13, 10-14, 11-12, 11-14, 12-13, 12-14",4,4,8,"0 0 0 0 0 0 1 0 0 1 0 0 0 1|0 0 0 0 0 1 0 1 0 0 1 1 0 0|0 0 0 0 0 1 0 1 0 0 0 1 1 0|0 0 0 0 0 0 1 0 1 1 0 0 1 0|0 0 0 0 0 0 0 0 0 1 0 1 0 1|0 1 1 0 0 0 0 1 0 0 1 1 0 0|1 0 0 1 0 0 0 0 1 1 0 1 0 1|0 1 1 0 0 1 0 0 0 1 1 1 1 0|0 0 0 1 0 0 1 0 0 0 0 1 1 0|1 0 0 1 1 0 1 1 0 0 0 1 1 1|0 1 0 0 0 1 0 1 0 0 0 0 0 0|0 1 1 0 1 1 1 1 1 1 0 0 1 1|0 0 1 1 0 0 0 1 1 1 0 1 0 0|1 0 0 0 1 0 1 0 0 1 0 1 0 0","0 1 0 1 0 0 0 1 1 0 0 1 1 0|1 0 1 0 1 0 1 0 1 1 0 1 1 0|0 1 0 0 0 0 1 0 0 1 0 0 0 0|1 0 0 0 0 1 0 0 1 0 0 1 0 0|0 1 0 0 0 0 0 0 1 1 0 0 0 0|0 0 0 1 0 0 0 0 1 0 1 1 0 1|0 1 1 0 0 0 0 1 1 1 0 0 1 0|1 0 0 0 0 0 1 0 1 0 0 0 1 0|1 1 0 1 1 1 1 1 0 1 0 1 0 1|0 1 1 0 1 0 1 0 1 0 0 0 0 0|0 0 0 0 0 1 0 0 0 0 0 1 0 1|1 1 0 1 0 1 0 0 1 0 1 0 0 1|1 1 0 0 0 0 1 1 0 0 0 0 0 0|0 0 0 0 0 1 0 0 1 0 1 1 0 0","0 1 0 1 0 0 1 1 1 1 0 1 1 1|1 0 1 0 1 1 1 1 1 1 1 1 1 0|0 1 0 0 0 1 1 1 0 1 0 1 1 0|1 0 0 0 0 1 1 0 1 1 0 1 1 0|0 1 0 0 0 0 0 0 1 1 0 1 0 1|0 1 1 1 0 0 0 1 1 0 1 1 0 1|1 1 1 1 0 0 0 1 1 1 0 1 1 1|1 1 1 0 0 1 1 0 1 1 1 1 1 0|1 1 0 1 1 1 1 1 0 1 0 1 1 1|1 1 1 1 1 0 1 1 1 0 0 1 1 1|0 1 0 0 0 1 0 1 0 0 0 1 0 1|1 1 1 1 1 1 1 1 1 1 1 0 1 1|1 1 1 1 0 0 1 1 1 1 0 1 0 0|1 0 0 0 1 1 1 0 1 1 1 1 0 0"
271,"ID28-14.72.1:",14,1,480,"3, 4, 5, 6, 8, 9, 10, 11, 12, 13","1->1, 2->2, 3->13, 4->11, 5->3, 6->10, 7->7, 8->5, 9->8, 10->12, 11->6, 12->4, 13->9, 14->14","1-5, 1-10, 1-11, 2-7, 2-8, 2-13, 3-7, 3-11, 3-13, 3-14, 4-6, 4-9, 4-10, 4-11, 5-8, 5-10, 5-11, 5-12, 5-13, 6-9, 6-10, 6-13, 7-8, 7-11, 7-13, 7-14, 8-11, 8-13, 9-11, 9-13, 10-11, 10-12, 10-13, 11-13, 11-14, 12-13","1-3, 1-6, 1-12, 2-5, 2-7, 2-9, 3-4, 3-5, 3-6, 3-9, 3-12, 4-9, 4-12, 5-6, 5-7, 5-9, 6-7, 6-8, 6-9, 6-11, 6-12, 6-13, 6-14, 7-9, 7-13, 7-14, 8-9, 8-10, 8-11, 9-10, 9-12, 9-13, 10-11, 10-12, 11-12, 13-14","1-3, 1-5, 1-6, 1-10, 1-11, 1-12, 2-5, 2-7, 2-8, 2-9, 2-13, 3-4, 3-5, 3-6, 3-7, 3-9, 3-11, 3-12, 3-13, 3-14, 4-6, 4-9, 4-10, 4-11, 4-12, 5-6, 5-7, 5-8, 5-9, 5-10, 5-11, 5-12, 5-13, 6-7, 6-8, 6-9, 6-10, 6-11, 6-12, 6-13, 6-14, 7-8, 7-9, 7-11, 7-13, 7-14, 8-9, 8-10, 8-11, 8-13, 9-10, 9-11, 9-12, 9-13, 10-11, 10-12, 10-13, 11-12, 11-13, 11-14, 12-13, 13-14",4,4,8,"0 0 0 0 1 0 0 0 0 1 1 0 0 0|0 0 0 0 0 0 1 1 0 0 0 0 1 0|0 0 0 0 0 0 1 0 0 0 1 0 1 1|0 0 0 0 0 1 0 0 1 1 1 0 0 0|1 0 0 0 0 0 0 1 0 1 1 1 1 0|0 0 0 1 0 0 0 0 1 1 0 0 1 0|0 1 1 0 0 0 0 1 0 0 1 0 1 1|0 1 0 0 1 0 1 0 0 0 1 0 1 0|0 0 0 1 0 1 0 0 0 0 1 0 1 0|1 0 0 1 1 1 0 0 0 0 1 1 1 0|1 0 1 1 1 0 1 1 1 1 0 0 1 1|0 0 0 0 1 0 0 0 0 1 0 0 1 0|0 1 1 0 1 1 1 1 1 1 1 1 0 0|0 0 1 0 0 0 1 0 0 0 1 0 0 0","0 0 1 0 0 1 0 0 0 0 0 1 0 0|0 0 0 0 1 0 1 0 1 0 0 0 0 0|1 0 0 1 1 1 0 0 1 0 0 1 0 0|0 0 1 0 0 0 0 0 1 0 0 1 0 0|0 1 1 0 0 1 1 0 1 0 0 0 0 0|1 0 1 0 1 0 1 1 1 0 1 1 1 1|0 1 0 0 1 1 0 0 1 0 0 0 1 1|0 0 0 0 0 1 0 0 1 1 1 0 0 0|0 1 1 1 1 1 1 1 0 1 0 1 1 0|0 0 0 0 0 0 0 1 1 0 1 1 0 0|0 0 0 0 0 1 0 1 0 1 0 1 0 0|1 0 1 1 0 1 0 0 1 1 1 0 0 0|0 0 0 0 0 1 1 0 1 0 0 0 0 1|0 0 0 0 0 1 1 0 0 0 0 0 1 0","0 0 1 0 1 1 0 0 0 1 1 1 0 0|0 0 0 0 1 0 1 1 1 0 0 0 1 0|1 0 0 1 1 1 1 0 1 0 1 1 1 1|0 0 1 0 0 1 0 0 1 1 1 1 0 0|1 1 1 0 0 1 1 1 1 1 1 1 1 0|1 0 1 1 1 0 1 1 1 1 1 1 1 1|0 1 1 0 1 1 0 1 1 0 1 0 1 1|0 1 0 0 1 1 1 0 1 1 1 0 1 0|0 1 1 1 1 1 1 1 0 1 1 1 1 0|1 0 0 1 1 1 0 1 1 0 1 1 1 0|1 0 1 1 1 1 1 1 1 1 0 1 1 1|1 0 1 1 1 1 0 0 1 1 1 0 1 0|0 1 1 0 1 1 1 1 1 1 1 1 0 1|0 0 1 0 0 1 1 0 0 0 1 0 1 0"
272,"ID28-14.72.1:",14,2,2095,"1, 3, 4, 5, 6, 7, 10, 11, 12, 13","1->6, 2->2, 3->13, 4->1, 5->10, 6->5, 7->11, 8->8, 9->9, 10->7, 11->12, 12->4, 13->3, 14->14","1-5, 1-10, 1-11, 2-7, 2-8, 2-13, 3-7, 3-11, 3-13, 3-14, 4-6, 4-9, 4-10, 4-11, 5-8, 5-10, 5-11, 5-12, 5-13, 6-9, 6-10, 6-13, 7-8, 7-11, 7-13, 7-14, 8-11, 8-13, 9-11, 9-13, 10-11, 10-12, 10-13, 11-13, 11-14, 12-13","1-5, 1-7, 1-9, 1-12, 2-3, 2-8, 2-11, 3-4, 3-5, 3-7, 3-8, 3-9, 3-10, 3-11, 3-12, 3-13, 4-7, 4-10, 5-7, 5-9, 6-7, 6-10, 6-12, 7-10, 7-12, 8-10, 8-11, 8-12, 9-12, 10-12, 11-12, 11-13, 11-14, 12-13, 12-14, 13-14","1-5, 1-7, 1-9, 1-10, 1-11, 1-12, 2-3, 2-7, 2-8, 2-11, 2-13, 3-4, 3-5, 3-7, 3-8, 3-9, 3-10, 3-11, 3-12, 3-13, 3-14, 4-6, 4-7, 4-9, 4-10, 4-11, 5-7, 5-8, 5-9, 5-10, 5-11, 5-12, 5-13, 6-7, 6-9, 6-10, 6-12, 6-13, 7-8, 7-10, 7-11, 7-12, 7-13, 7-14, 8-10, 8-11, 8-12, 8-13, 9-11, 9-12, 9-13, 10-11, 10-12, 10-13, 11-12, 11-13, 11-14, 12-13, 12-14, 13-14",4,4,8,"0 0 0 0 1 0 0 0 0 1 1 0 0 0|0 0 0 0 0 0 1 1 0 0 0 0 1 0|0 0 0 0 0 0 1 0 0 0 1 0 1 1|0 0 0 0 0 1 0 0 1 1 1 0 0 0|1 0 0 0 0 0 0 1 0 1 1 1 1 0|0 0 0 1 0 0 0 0 1 1 0 0 1 0|0 1 1 0 0 0 0 1 0 0 1 0 1 1|0 1 0 0 1 0 1 0 0 0 1 0 1 0|0 0 0 1 0 1 0 0 0 0 1 0 1 0|1 0 0 1 1 1 0 0 0 0 1 1 1 0|1 0 1 1 1 0 1 1 1 1 0 0 1 1|0 0 0 0 1 0 0 0 0 1 0 0 1 0|0 1 1 0 1 1 1 1 1 1 1 1 0 0|0 0 1 0 0 0 1 0 0 0 1 0 0 0","0 0 0 0 1 0 1 0 1 0 0 1 0 0|0 0 1 0 0 0 0 1 0 0 1 0 0 0|0 1 0 1 1 0 1 1 1 1 1 1 1 0|0 0 1 0 0 0 1 0 0 1 0 0 0 0|1 0 1 0 0 0 1 0 1 0 0 0 0 0|0 0 0 0 0 0 1 0 0 1 0 1 0 0|1 0 1 1 1 1 0 0 0 1 0 1 0 0|0 1 1 0 0 0 0 0 0 1 1 1 0 0|1 0 1 0 1 0 0 0 0 0 0 1 0 0|0 0 1 1 0 1 1 1 0 0 0 1 0 0|0 1 1 0 0 0 0 1 0 0 0 1 1 1|1 0 1 0 0 1 1 1 1 1 1 0 1 1|0 0 1 0 0 0 0 0 0 0 1 1 0 1|0 0 0 0 0 0 0 0 0 0 1 1 1 0","0 0 0 0 1 0 1 0 1 1 1 1 0 0|0 0 1 0 0 0 1 1 0 0 1 0 1 0|0 1 0 1 1 0 1 1 1 1 1 1 1 1|0 0 1 0 0 1 1 0 1 1 1 0 0 0|1 0 1 0 0 0 1 1 1 1 1 1 1 0|0 0 0 1 0 0 1 0 1 1 0 1 1 0|1 1 1 1 1 1 0 1 0 1 1 1 1 1|0 1 1 0 1 0 1 0 0 1 1 1 1 0|1 0 1 1 1 1 0 0 0 0 1 1 1 0|1 0 1 1 1 1 1 1 0 0 1 1 1 0|1 1 1 1 1 0 1 1 1 1 0 1 1 1|1 0 1 0 1 1 1 1 1 1 1 0 1 1|0 1 1 0 1 1 1 1 1 1 1 1 0 1|0 0 1 0 0 0 1 0 0 0 1 1 1 0"
273,"ID28-14.72.1:",14,3,2539,"1, 3, 6, 7, 8, 9, 10, 11, 13, 14","1->13, 2->2, 3->7, 4->4, 5->5, 6->11, 7->10, 8->9, 9->3, 10->6, 11->14, 12->12, 13->8, 14->1","1-5, 1-10, 1-11, 2-7, 2-8, 2-13, 3-7, 3-11, 3-13, 3-14, 4-6, 4-9, 4-10, 4-11, 5-8, 5-10, 5-11, 5-12, 5-13, 6-9, 6-10, 6-13, 7-8, 7-11, 7-13, 7-14, 8-11, 8-13, 9-11, 9-13, 10-11, 10-12, 10-13, 11-13, 11-14, 12-13","1-7, 1-10, 1-14, 2-8, 2-9, 2-10, 3-4, 3-8, 3-11, 3-14, 4-6, 4-11, 4-14, 5-6, 5-8, 5-9, 5-12, 5-13, 5-14, 6-8, 6-11, 6-12, 6-13, 6-14, 7-8, 7-10, 7-14, 8-9, 8-10, 8-11, 8-12, 8-14, 9-10, 9-14, 10-14, 13-14","1-5, 1-7, 1-10, 1-11, 1-14, 2-7, 2-8, 2-9, 2-10, 2-13, 3-4, 3-7, 3-8, 3-11, 3-13, 3-14, 4-6, 4-9, 4-10, 4-11, 4-14, 5-6, 5-8, 5-9, 5-10, 5-11, 5-12, 5-13, 5-14, 6-8, 6-9, 6-10, 6-11, 6-12, 6-13, 6-14, 7-8, 7-10, 7-11, 7-13, 7-14, 8-9, 8-10, 8-11, 8-12, 8-13, 8-14, 9-10, 9-11, 9-13, 9-14, 10-11, 10-12, 10-13, 10-14, 11-13, 11-14, 12-13, 13-14",4,4,8,"0 0 0 0 1 0 0 0 0 1 1 0 0 0|0 0 0 0 0 0 1 1 0 0 0 0 1 0|0 0 0 0 0 0 1 0 0 0 1 0 1 1|0 0 0 0 0 1 0 0 1 1 1 0 0 0|1 0 0 0 0 0 0 1 0 1 1 1 1 0|0 0 0 1 0 0 0 0 1 1 0 0 1 0|0 1 1 0 0 0 0 1 0 0 1 0 1 1|0 1 0 0 1 0 1 0 0 0 1 0 1 0|0 0 0 1 0 1 0 0 0 0 1 0 1 0|1 0 0 1 1 1 0 0 0 0 1 1 1 0|1 0 1 1 1 0 1 1 1 1 0 0 1 1|0 0 0 0 1 0 0 0 0 1 0 0 1 0|0 1 1 0 1 1 1 1 1 1 1 1 0 0|0 0 1 0 0 0 1 0 0 0 1 0 0 0","0 0 0 0 0 0 1 0 0 1 0 0 0 1|0 0 0 0 0 0 0 1 1 1 0 0 0 0|0 0 0 1 0 0 0 1 0 0 1 0 0 1|0 0 1 0 0 1 0 0 0 0 1 0 0 1|0 0 0 0 0 1 0 1 1 0 0 1 1 1|0 0 0 1 1 0 0 1 0 0 1 1 1 1|1 0 0 0 0 0 0 1 0 1 0 0 0 1|0 1 1 0 1 1 1 0 1 1 1 1 0 1|0 1 0 0 1 0 0 1 0 1 0 0 0 1|1 1 0 0 0 0 1 1 1 0 0 0 0 1|0 0 1 1 0 1 0 1 0 0 0 0 0 0|0 0 0 0 1 1 0 1 0 0 0 0 0 0|0 0 0 0 1 1 0 0 0 0 0 0 0 1|1 0 1 1 1 1 1 1 1 1 0 0 1 0","0 0 0 0 1 0 1 0 0 1 1 0 0 1|0 0 0 0 0 0 1 1 1 1 0 0 1 0|0 0 0 1 0 0 1 1 0 0 1 0 1 1|0 0 1 0 0 1 0 0 1 1 1 0 0 1|1 0 0 0 0 1 0 1 1 1 1 1 1 1|0 0 0 1 1 0 0 1 1 1 1 1 1 1|1 1 1 0 0 0 0 1 0 1 1 0 1 1|0 1 1 0 1 1 1 0 1 1 1 1 1 1|0 1 0 1 1 1 0 1 0 1 1 0 1 1|1 1 0 1 1 1 1 1 1 0 1 1 1 1|1 0 1 1 1 1 1 1 1 1 0 0 1 1|0 0 0 0 1 1 0 1 0 1 0 0 1 0|0 1 1 0 1 1 1 1 1 1 1 1 0 1|1 0 1 1 1 1 1 1 1 1 1 0 1 0"
274,"ID28-14.72.1:",14,4,2799,"1, 3, 4, 5, 6, 7, 10, 11, 13, 14","1->11, 2->2, 3->5, 4->14, 5->1, 6->7, 7->10, 8->8, 9->9, 10->13, 11->6, 12->12, 13->3, 14->4","1-5, 1-10, 1-11, 2-7, 2-8, 2-13, 3-7, 3-11, 3-13, 3-14, 4-6, 4-9, 4-10, 4-11, 5-8, 5-10, 5-11, 5-12, 5-13, 6-9, 6-10, 6-13, 7-8, 7-11, 7-13, 7-14, 8-11, 8-13, 9-11, 9-13, 10-11, 10-12, 10-13, 11-13, 11-14, 12-13","1-3, 1-6, 1-8, 1-11, 1-12, 1-13, 2-3, 2-8, 2-10, 3-5, 3-6, 3-7, 3-8, 3-9, 3-10, 3-12, 3-13, 4-5, 4-6, 4-10, 5-6, 5-10, 6-8, 6-9, 6-10, 6-11, 6-13, 6-14, 7-9, 7-13, 7-14, 8-10, 9-14, 11-13, 12-13, 13-14","1-3, 1-5, 1-6, 1-8, 1-10, 1-11, 1-12, 1-13, 2-3, 2-7, 2-8, 2-10, 2-13, 3-5, 3-6, 3-7, 3-8, 3-9, 3-10, 3-11, 3-12, 3-13, 3-14, 4-5, 4-6, 4-9, 4-10, 4-11, 5-6, 5-8, 5-10, 5-11, 5-12, 5-13, 6-8, 6-9, 6-10, 6-11, 6-13, 6-14, 7-8, 7-9, 7-11, 7-13, 7-14, 8-10, 8-11, 8-13, 9-11, 9-13, 9-14, 10-11, 10-12, 10-13, 11-13, 11-14, 12-13, 13-14",4,4,8,"0 0 0 0 1 0 0 0 0 1 1 0 0 0|0 0 0 0 0 0 1 1 0 0 0 0 1 0|0 0 0 0 0 0 1 0 0 0 1 0 1 1|0 0 0 0 0 1 0 0 1 1 1 0 0 0|1 0 0 0 0 0 0 1 0 1 1 1 1 0|0 0 0 1 0 0 0 0 1 1 0 0 1 0|0 1 1 0 0 0 0 1 0 0 1 0 1 1|0 1 0 0 1 0 1 0 0 0 1 0 1 0|0 0 0 1 0 1 0 0 0 0 1 0 1 0|1 0 0 1 1 1 0 0 0 0 1 1 1 0|1 0 1 1 1 0 1 1 1 1 0 0 1 1|0 0 0 0 1 0 0 0 0 1 0 0 1 0|0 1 1 0 1 1 1 1 1 1 1 1 0 0|0 0 1 0 0 0 1 0 0 0 1 0 0 0","0 0 1 0 0 1 0 1 0 0 1 1 1 0|0 0 1 0 0 0 0 1 0 1 0 0 0 0|1 1 0 0 1 1 1 1 1 1 0 1 1 0|0 0 0 0 1 1 0 0 0 1 0 0 0 0|0 0 1 1 0 1 0 0 0 1 0 0 0 0|1 0 1 1 1 0 0 1 1 1 1 0 1 1|0 0 1 0 0 0 0 0 1 0 0 0 1 1|1 1 1 0 0 1 0 0 0 1 0 0 0 0|0 0 1 0 0 1 1 0 0 0 0 0 0 1|0 1 1 1 1 1 0 1 0 0 0 0 0 0|1 0 0 0 0 1 0 0 0 0 0 0 1 0|1 0 1 0 0 0 0 0 0 0 0 0 1 0|1 0 1 0 0 1 1 0 0 0 1 1 0 1|0 0 0 0 0 1 1 0 1 0 0 0 1 0","0 0 1 0 1 1 0 1 0 1 1 1 1 0|0 0 1 0 0 0 1 1 0 1 0 0 1 0|1 1 0 0 1 1 1 1 1 1 1 1 1 1|0 0 0 0 1 1 0 0 1 1 1 0 0 0|1 0 1 1 0 1 0 1 0 1 1 1 1 0|1 0 1 1 1 0 0 1 1 1 1 0 1 1|0 1 1 0 0 0 0 1 1 0 1 0 1 1|1 1 1 0 1 1 1 0 0 1 1 0 1 0|0 0 1 1 0 1 1 0 0 0 1 0 1 1|1 1 1 1 1 1 0 1 0 0 1 1 1 0|1 0 1 1 1 1 1 1 1 1 0 0 1 1|1 0 1 0 1 0 0 0 0 1 0 0 1 0|1 1 1 0 1 1 1 1 1 1 1 1 0 1|0 0 1 0 0 1 1 0 1 0 1 0 1 0"
275,"ID28-14.72.1:",14,5,2951,"2, 4, 7, 8, 9, 10, 11, 12, 13, 14","1->1, 2->10, 3->3, 4->2, 5->5, 6->6, 7->8, 8->7, 9->13, 10->9, 11->12, 12->14, 13->4, 14->11","1-5, 1-10, 1-11, 2-7, 2-8, 2-13, 3-7, 3-11, 3-13, 3-14, 4-6, 4-9, 4-10, 4-11, 5-8, 5-10, 5-11, 5-12, 5-13, 6-9, 6-10, 6-13, 7-8, 7-11, 7-13, 7-14, 8-11, 8-13, 9-11, 9-13, 10-11, 10-12, 10-13, 11-13, 11-14, 12-13","1-5, 1-9, 1-12, 2-6, 2-9, 2-12, 2-13, 3-4, 3-8, 3-11, 3-12, 4-5, 4-6, 4-7, 4-8, 4-9, 4-10, 4-12, 4-13, 4-14, 5-7, 5-9, 5-12, 5-14, 6-9, 6-13, 7-8, 7-10, 7-12, 8-10, 8-11, 8-12, 9-12, 9-14, 11-12, 12-13","1-5, 1-9, 1-10, 1-11, 1-12, 2-6, 2-7, 2-8, 2-9, 2-12, 2-13, 3-4, 3-7, 3-8, 3-11, 3-12, 3-13, 3-14, 4-5, 4-6, 4-7, 4-8, 4-9, 4-10, 4-11, 4-12, 4-13, 4-14, 5-7, 5-8, 5-9, 5-10, 5-11, 5-12, 5-13, 5-14, 6-9, 6-10, 6-13, 7-8, 7-10, 7-11, 7-12, 7-13, 7-14, 8-10, 8-11, 8-12, 8-13, 9-11, 9-12, 9-13, 9-14, 10-11, 10-12, 10-13, 11-12, 11-13, 11-14, 12-13",4,4,8,"0 0 0 0 1 0 0 0 0 1 1 0 0 0|0 0 0 0 0 0 1 1 0 0 0 0 1 0|0 0 0 0 0 0 1 0 0 0 1 0 1 1|0 0 0 0 0 1 0 0 1 1 1 0 0 0|1 0 0 0 0 0 0 1 0 1 1 1 1 0|0 0 0 1 0 0 0 0 1 1 0 0 1 0|0 1 1 0 0 0 0 1 0 0 1 0 1 1|0 1 0 0 1 0 1 0 0 0 1 0 1 0|0 0 0 1 0 1 0 0 0 0 1 0 1 0|1 0 0 1 1 1 0 0 0 0 1 1 1 0|1 0 1 1 1 0 1 1 1 1 0 0 1 1|0 0 0 0 1 0 0 0 0 1 0 0 1 0|0 1 1 0 1 1 1 1 1 1 1 1 0 0|0 0 1 0 0 0 1 0 0 0 1 0 0 0","0 0 0 0 1 0 0 0 1 0 0 1 0 0|0 0 0 0 0 1 0 0 1 0 0 1 1 0|0 0 0 1 0 0 0 1 0 0 1 1 0 0|0 0 1 0 1 1 1 1 1 1 0 1 1 1|1 0 0 1 0 0 1 0 1 0 0 1 0 1|0 1 0 1 0 0 0 0 1 0 0 0 1 0|0 0 0 1 1 0 0 1 0 1 0 1 0 0|0 0 1 1 0 0 1 0 0 1 1 1 0 0|1 1 0 1 1 1 0 0 0 0 0 1 0 1|0 0 0 1 0 0 1 1 0 0 0 0 0 0|0 0 1 0 0 0 0 1 0 0 0 1 0 0|1 1 1 1 1 0 1 1 1 0 1 0 1 0|0 1 0 1 0 1 0 0 0 0 0 1 0 0|0 0 0 1 1 0 0 0 1 0 0 0 0 0","0 0 0 0 1 0 0 0 1 1 1 1 0 0|0 0 0 0 0 1 1 1 1 0 0 1 1 0|0 0 0 1 0 0 1 1 0 0 1 1 1 1|0 0 1 0 1 1 1 1 1 1 1 1 1 1|1 0 0 1 0 0 1 1 1 1 1 1 1 1|0 1 0 1 0 0 0 0 1 1 0 0 1 0|0 1 1 1 1 0 0 1 0 1 1 1 1 1|0 1 1 1 1 0 1 0 0 1 1 1 1 0|1 1 0 1 1 1 0 0 0 0 1 1 1 1|1 0 0 1 1 1 1 1 0 0 1 1 1 0|1 0 1 1 1 0 1 1 1 1 0 1 1 1|1 1 1 1 1 0 1 1 1 1 1 0 1 0|0 1 1 1 1 1 1 1 1 1 1 1 0 0|0 0 1 1 1 0 1 0 1 0 1 0 0 0"
276,"ID28-14.72.1:",14,6,3313,"2, 3, 4, 7, 8, 9, 10, 11, 12, 13","1->1, 2->10, 3->9, 4->7, 5->5, 6->6, 7->8, 8->3, 9->13, 10->12, 11->4, 12->11, 13->2, 14->14","1-5, 1-10, 1-11, 2-7, 2-8, 2-13, 3-7, 3-11, 3-13, 3-14, 4-6, 4-9, 4-10, 4-11, 5-8, 5-10, 5-11, 5-12, 5-13, 6-9, 6-10, 6-13, 7-8, 7-11, 7-13, 7-14, 8-11, 8-13, 9-11, 9-13, 10-11, 10-12, 10-13, 11-13, 11-14, 12-13","1-4, 1-5, 1-12, 2-3, 2-4, 2-5, 2-6, 2-8, 2-9, 2-10, 2-11, 2-12, 2-13, 3-4, 3-5, 3-8, 3-10, 4-5, 4-7, 4-8, 4-9, 4-12, 4-13, 4-14, 5-11, 5-12, 6-7, 6-12, 6-13, 7-12, 7-13, 8-9, 8-10, 8-14, 9-14, 11-12","1-4, 1-5, 1-10, 1-11, 1-12, 2-3, 2-4, 2-5, 2-6, 2-7, 2-8, 2-9, 2-10, 2-11, 2-12, 2-13, 3-4, 3-5, 3-7, 3-8, 3-10, 3-11, 3-13, 3-14, 4-5, 4-6, 4-7, 4-8, 4-9, 4-10, 4-11, 4-12, 4-13, 4-14, 5-8, 5-10, 5-11, 5-12, 5-13, 6-7, 6-9, 6-10, 6-12, 6-13, 7-8, 7-11, 7-12, 7-13, 7-14, 8-9, 8-10, 8-11, 8-13, 8-14, 9-11, 9-13, 9-14, 10-11, 10-12, 10-13, 11-12, 11-13, 11-14, 12-13",4,4,8,"0 0 0 0 1 0 0 0 0 1 1 0 0 0|0 0 0 0 0 0 1 1 0 0 0 0 1 0|0 0 0 0 0 0 1 0 0 0 1 0 1 1|0 0 0 0 0 1 0 0 1 1 1 0 0 0|1 0 0 0 0 0 0 1 0 1 1 1 1 0|0 0 0 1 0 0 0 0 1 1 0 0 1 0|0 1 1 0 0 0 0 1 0 0 1 0 1 1|0 1 0 0 1 0 1 0 0 0 1 0 1 0|0 0 0 1 0 1 0 0 0 0 1 0 1 0|1 0 0 1 1 1 0 0 0 0 1 1 1 0|1 0 1 1 1 0 1 1 1 1 0 0 1 1|0 0 0 0 1 0 0 0 0 1 0 0 1 0|0 1 1 0 1 1 1 1 1 1 1 1 0 0|0 0 1 0 0 0 1 0 0 0 1 0 0 0","0 0 0 1 1 0 0 0 0 0 0 1 0 0|0 0 1 1 1 1 0 1 1 1 1 1 1 0|0 1 0 1 1 0 0 1 0 1 0 0 0 0|1 1 1 0 1 0 1 1 1 0 0 1 1 1|1 1 1 1 0 0 0 0 0 0 1 1 0 0|0 1 0 0 0 0 1 0 0 0 0 1 1 0|0 0 0 1 0 1 0 0 0 0 0 1 1 0|0 1 1 1 0 0 0 0 1 1 0 0 0 1|0 1 0 1 0 0 0 1 0 0 0 0 0 1|0 1 1 0 0 0 0 1 0 0 0 0 0 0|0 1 0 0 1 0 0 0 0 0 0 1 0 0|1 1 0 1 1 1 1 0 0 0 1 0 0 0|0 1 0 1 0 1 1 0 0 0 0 0 0 0|0 0 0 1 0 0 0 1 1 0 0 0 0 0","0 0 0 1 1 0 0 0 0 1 1 1 0 0|0 0 1 1 1 1 1 1 1 1 1 1 1 0|0 1 0 1 1 0 1 1 0 1 1 0 1 1|1 1 1 0 1 1 1 1 1 1 1 1 1 1|1 1 1 1 0 0 0 1 0 1 1 1 1 0|0 1 0 1 0 0 1 0 1 1 0 1 1 0|0 1 1 1 0 1 0 1 0 0 1 1 1 1|0 1 1 1 1 0 1 0 1 1 1 0 1 1|0 1 0 1 0 1 0 1 0 0 1 0 1 1|1 1 1 1 1 1 0 1 0 0 1 1 1 0|1 1 1 1 1 0 1 1 1 1 0 1 1 1|1 1 0 1 1 1 1 0 0 1 1 0 1 0|0 1 1 1 1 1 1 1 1 1 1 1 0 0|0 0 1 1 0 0 1 1 1 0 1 0 0 0"
277,"ID28-14.72.1:",14,7,4100,"1, 2, 5, 7, 8, 9, 10, 11, 13, 14","1->5, 2->13, 3->3, 4->4, 5->10, 6->6, 7->8, 8->14, 9->7, 10->11, 11->2, 12->12, 13->9, 14->1","1-5, 1-10, 1-11, 2-7, 2-8, 2-13, 3-7, 3-11, 3-13, 3-14, 4-6, 4-9, 4-10, 4-11, 5-8, 5-10, 5-11, 5-12, 5-13, 6-9, 6-10, 6-13, 7-8, 7-11, 7-13, 7-14, 8-11, 8-13, 9-11, 9-13, 10-11, 10-12, 10-13, 11-13, 11-14, 12-13","1-2, 1-3, 1-8, 2-3, 2-4, 2-5, 2-7, 2-8, 2-9, 2-10, 2-11, 2-14, 3-8, 3-9, 4-6, 4-7, 4-11, 5-10, 5-11, 6-7, 6-9, 6-11, 7-9, 8-9, 8-13, 8-14, 9-10, 9-11, 9-12, 9-13, 9-14, 10-11, 10-12, 10-14, 11-12, 13-14","1-2, 1-3, 1-5, 1-8, 1-10, 1-11, 2-3, 2-4, 2-5, 2-7, 2-8, 2-9, 2-10, 2-11, 2-13, 2-14, 3-7, 3-8, 3-9, 3-11, 3-13, 3-14, 4-6, 4-7, 4-9, 4-10, 4-11, 5-8, 5-10, 5-11, 5-12, 5-13, 6-7, 6-9, 6-10, 6-11, 6-13, 7-8, 7-9, 7-11, 7-13, 7-14, 8-9, 8-11, 8-13, 8-14, 9-10, 9-11, 9-12, 9-13, 9-14, 10-11, 10-12, 10-13, 10-14, 11-12, 11-13, 11-14, 12-13, 13-14",4,4,8,"0 0 0 0 1 0 0 0 0 1 1 0 0 0|0 0 0 0 0 0 1 1 0 0 0 0 1 0|0 0 0 0 0 0 1 0 0 0 1 0 1 1|0 0 0 0 0 1 0 0 1 1 1 0 0 0|1 0 0 0 0 0 0 1 0 1 1 1 1 0|0 0 0 1 0 0 0 0 1 1 0 0 1 0|0 1 1 0 0 0 0 1 0 0 1 0 1 1|0 1 0 0 1 0 1 0 0 0 1 0 1 0|0 0 0 1 0 1 0 0 0 0 1 0 1 0|1 0 0 1 1 1 0 0 0 0 1 1 1 0|1 0 1 1 1 0 1 1 1 1 0 0 1 1|0 0 0 0 1 0 0 0 0 1 0 0 1 0|0 1 1 0 1 1 1 1 1 1 1 1 0 0|0 0 1 0 0 0 1 0 0 0 1 0 0 0","0 1 1 0 0 0 0 1 0 0 0 0 0 0|1 0 1 1 1 0 1 1 1 1 1 0 0 1|1 1 0 0 0 0 0 1 1 0 0 0 0 0|0 1 0 0 0 1 1 0 0 0 1 0 0 0|0 1 0 0 0 0 0 0 0 1 1 0 0 0|0 0 0 1 0 0 1 0 1 0 1 0 0 0|0 1 0 1 0 1 0 0 1 0 0 0 0 0|1 1 1 0 0 0 0 0 1 0 0 0 1 1|0 1 1 0 0 1 1 1 0 1 1 1 1 1|0 1 0 0 1 0 0 0 1 0 1 1 0 1|0 1 0 1 1 1 0 0 1 1 0 1 0 0|0 0 0 0 0 0 0 0 1 1 1 0 0 0|0 0 0 0 0 0 0 1 1 0 0 0 0 1|0 1 0 0 0 0 0 1 1 1 0 0 1 0","0 1 1 0 1 0 0 1 0 1 1 0 0 0|1 0 1 1 1 0 1 1 1 1 1 0 1 1|1 1 0 0 0 0 1 1 1 0 1 0 1 1|0 1 0 0 0 1 1 0 1 1 1 0 0 0|1 1 0 0 0 0 0 1 0 1 1 1 1 0|0 0 0 1 0 0 1 0 1 1 1 0 1 0|0 1 1 1 0 1 0 1 1 0 1 0 1 1|1 1 1 0 1 0 1 0 1 0 1 0 1 1|0 1 1 1 0 1 1 1 0 1 1 1 1 1|1 1 0 1 1 1 0 0 1 0 1 1 1 1|1 1 1 1 1 1 1 1 1 1 0 1 1 1|0 0 0 0 1 0 0 0 1 1 1 0 1 0|0 1 1 0 1 1 1 1 1 1 1 1 0 1|0 1 1 0 0 0 1 1 1 1 1 0 1 0"
278,"ID28-14.72.1:",14,8,4334,"2, 3, 5, 7, 9, 10, 11, 12, 13, 14","1->1, 2->9, 3->13, 4->4, 5->3, 6->6, 7->14, 8->8, 9->12, 10->7, 11->10, 12->11, 13->2, 14->5","1-5, 1-10, 1-11, 2-7, 2-8, 2-13, 3-7, 3-11, 3-13, 3-14, 4-6, 4-9, 4-10, 4-11, 5-8, 5-10, 5-11, 5-12, 5-13, 6-9, 6-10, 6-13, 7-8, 7-11, 7-13, 7-14, 8-11, 8-13, 9-11, 9-13, 10-11, 10-12, 10-13, 11-13, 11-14, 12-13","1-3, 1-7, 1-10, 2-3, 2-6, 2-7, 2-8, 2-9, 2-10, 2-11, 2-12, 2-13, 2-14, 3-7, 3-8, 3-10, 3-11, 4-6, 4-7, 4-10, 4-12, 5-10, 5-13, 5-14, 6-7, 6-12, 7-10, 7-11, 8-9, 8-10, 8-14, 9-14, 10-12, 10-13, 10-14, 13-14","1-3, 1-5, 1-7, 1-10, 1-11, 2-3, 2-6, 2-7, 2-8, 2-9, 2-10, 2-11, 2-12, 2-13, 2-14, 3-7, 3-8, 3-10, 3-11, 3-13, 3-14, 4-6, 4-7, 4-9, 4-10, 4-11, 4-12, 5-8, 5-10, 5-11, 5-12, 5-13, 5-14, 6-7, 6-9, 6-10, 6-12, 6-13, 7-8, 7-10, 7-11, 7-13, 7-14, 8-9, 8-10, 8-11, 8-13, 8-14, 9-11, 9-13, 9-14, 10-11, 10-12, 10-13, 10-14, 11-13, 11-14, 12-13, 13-14",4,4,8,"0 0 0 0 1 0 0 0 0 1 1 0 0 0|0 0 0 0 0 0 1 1 0 0 0 0 1 0|0 0 0 0 0 0 1 0 0 0 1 0 1 1|0 0 0 0 0 1 0 0 1 1 1 0 0 0|1 0 0 0 0 0 0 1 0 1 1 1 1 0|0 0 0 1 0 0 0 0 1 1 0 0 1 0|0 1 1 0 0 0 0 1 0 0 1 0 1 1|0 1 0 0 1 0 1 0 0 0 1 0 1 0|0 0 0 1 0 1 0 0 0 0 1 0 1 0|1 0 0 1 1 1 0 0 0 0 1 1 1 0|1 0 1 1 1 0 1 1 1 1 0 0 1 1|0 0 0 0 1 0 0 0 0 1 0 0 1 0|0 1 1 0 1 1 1 1 1 1 1 1 0 0|0 0 1 0 0 0 1 0 0 0 1 0 0 0","0 0 1 0 0 0 1 0 0 1 0 0 0 0|0 0 1 0 0 1 1 1 1 1 1 1 1 1|1 1 0 0 0 0 1 1 0 1 1 0 0 0|0 0 0 0 0 1 1 0 0 1 0 1 0 0|0 0 0 0 0 0 0 0 0 1 0 0 1 1|0 1 0 1 0 0 1 0 0 0 0 1 0 0|1 1 1 1 0 1 0 0 0 1 1 0 0 0|0 1 1 0 0 0 0 0 1 1 0 0 0 1|0 1 0 0 0 0 0 1 0 0 0 0 0 1|1 1 1 1 1 0 1 1 0 0 0 1 1 1|0 1 1 0 0 0 1 0 0 0 0 0 0 0|0 1 0 1 0 1 0 0 0 1 0 0 0 0|0 1 0 0 1 0 0 0 0 1 0 0 0 1|0 1 0 0 1 0 0 1 1 1 0 0 1 0","0 0 1 0 1 0 1 0 0 1 1 0 0 0|0 0 1 0 0 1 1 1 1 1 1 1 1 1|1 1 0 0 0 0 1 1 0 1 1 0 1 1|0 0 0 0 0 1 1 0 1 1 1 1 0 0|1 0 0 0 0 0 0 1 0 1 1 1 1 1|0 1 0 1 0 0 1 0 1 1 0 1 1 0|1 1 1 1 0 1 0 1 0 1 1 0 1 1|0 1 1 0 1 0 1 0 1 1 1 0 1 1|0 1 0 1 0 1 0 1 0 0 1 0 1 1|1 1 1 1 1 1 1 1 0 0 1 1 1 1|1 1 1 1 1 0 1 1 1 1 0 0 1 1|0 1 0 1 1 1 0 0 0 1 0 0 1 0|0 1 1 0 1 1 1 1 1 1 1 1 0 1|0 1 1 0 1 0 1 1 1 1 1 0 1 0"
279,"ID28-14.72.1:",14,9,4572,"3, 5, 6, 8, 9, 10, 11, 12, 13, 14","1->1, 2->2, 3->8, 4->4, 5->6, 6->14, 7->7, 8->10, 9->13, 10->12, 11->5, 12->11, 13->9, 14->3","1-5, 1-10, 1-11, 2-7, 2-8, 2-13, 3-7, 3-11, 3-13, 3-14, 4-6, 4-9, 4-10, 4-11, 5-8, 5-10, 5-11, 5-12, 5-13, 6-9, 6-10, 6-13, 7-8, 7-11, 7-13, 7-14, 8-11, 8-13, 9-11, 9-13, 10-11, 10-12, 10-13, 11-13, 11-14, 12-13","1-5, 1-6, 1-12, 2-7, 2-9, 2-10, 3-5, 3-7, 3-8, 4-5, 4-12, 4-13, 4-14, 5-6, 5-7, 5-8, 5-9, 5-10, 5-12, 5-13, 6-9, 6-10, 6-11, 6-12, 7-8, 7-9, 7-10, 8-9, 9-10, 9-11, 9-12, 9-13, 9-14, 11-12, 12-14, 13-14","1-5, 1-6, 1-10, 1-11, 1-12, 2-7, 2-8, 2-9, 2-10, 2-13, 3-5, 3-7, 3-8, 3-11, 3-13, 3-14, 4-5, 4-6, 4-9, 4-10, 4-11, 4-12, 4-13, 4-14, 5-6, 5-7, 5-8, 5-9, 5-10, 5-11, 5-12, 5-13, 6-9, 6-10, 6-11, 6-12, 6-13, 7-8, 7-9, 7-10, 7-11, 7-13, 7-14, 8-9, 8-11, 8-13, 9-10, 9-11, 9-12, 9-13, 9-14, 10-11, 10-12, 10-13, 11-12, 11-13, 11-14, 12-13, 12-14, 13-14",4,4,8,"0 0 0 0 1 0 0 0 0 1 1 0 0 0|0 0 0 0 0 0 1 1 0 0 0 0 1 0|0 0 0 0 0 0 1 0 0 0 1 0 1 1|0 0 0 0 0 1 0 0 1 1 1 0 0 0|1 0 0 0 0 0 0 1 0 1 1 1 1 0|0 0 0 1 0 0 0 0 1 1 0 0 1 0|0 1 1 0 0 0 0 1 0 0 1 0 1 1|0 1 0 0 1 0 1 0 0 0 1 0 1 0|0 0 0 1 0 1 0 0 0 0 1 0 1 0|1 0 0 1 1 1 0 0 0 0 1 1 1 0|1 0 1 1 1 0 1 1 1 1 0 0 1 1|0 0 0 0 1 0 0 0 0 1 0 0 1 0|0 1 1 0 1 1 1 1 1 1 1 1 0 0|0 0 1 0 0 0 1 0 0 0 1 0 0 0","0 0 0 0 1 1 0 0 0 0 0 1 0 0|0 0 0 0 0 0 1 0 1 1 0 0 0 0|0 0 0 0 1 0 1 1 0 0 0 0 0 0|0 0 0 0 1 0 0 0 0 0 0 1 1 1|1 0 1 1 0 1 1 1 1 1 0 1 1 0|1 0 0 0 1 0 0 0 1 1 1 1 0 0|0 1 1 0 1 0 0 1 1 1 0 0 0 0|0 0 1 0 1 0 1 0 1 0 0 0 0 0|0 1 0 0 1 1 1 1 0 1 1 1 1 1|0 1 0 0 1 1 1 0 1 0 0 0 0 0|0 0 0 0 0 1 0 0 1 0 0 1 0 0|1 0 0 1 1 1 0 0 1 0 1 0 0 1|0 0 0 1 1 0 0 0 1 0 0 0 0 1|0 0 0 1 0 0 0 0 1 0 0 1 1 0","0 0 0 0 1 1 0 0 0 1 1 1 0 0|0 0 0 0 0 0 1 1 1 1 0 0 1 0|0 0 0 0 1 0 1 1 0 0 1 0 1 1|0 0 0 0 1 1 0 0 1 1 1 1 1 1|1 0 1 1 0 1 1 1 1 1 1 1 1 0|1 0 0 1 1 0 0 0 1 1 1 1 1 0|0 1 1 0 1 0 0 1 1 1 1 0 1 1|0 1 1 0 1 0 1 0 1 0 1 0 1 0|0 1 0 1 1 1 1 1 0 1 1 1 1 1|1 1 0 1 1 1 1 0 1 0 1 1 1 0|1 0 1 1 1 1 1 1 1 1 0 1 1 1|1 0 0 1 1 1 0 0 1 1 1 0 1 1|0 1 1 1 1 1 1 1 1 1 1 1 0 1|0 0 1 1 0 0 1 0 1 0 1 1 1 0"
280,"ID28-14.72.1:",14,10,4621,"1, 2, 3, 4, 7, 9, 10, 11, 13, 14","1->2, 2->10, 3->13, 4->14, 5->5, 6->6, 7->1, 8->8, 9->3, 10->11, 11->4, 12->12, 13->7, 14->9","1-5, 1-10, 1-11, 2-7, 2-8, 2-13, 3-7, 3-11, 3-13, 3-14, 4-6, 4-9, 4-10, 4-11, 5-8, 5-10, 5-11, 5-12, 5-13, 6-9, 6-10, 6-13, 7-8, 7-11, 7-13, 7-14, 8-11, 8-13, 9-11, 9-13, 10-11, 10-12, 10-13, 11-13, 11-14, 12-13","1-4, 1-7, 1-8, 1-9, 1-10, 1-13, 2-4, 2-5, 2-11, 3-4, 3-6, 3-7, 3-14, 4-5, 4-7, 4-8, 4-9, 4-11, 4-13, 4-14, 5-7, 5-8, 5-11, 5-12, 6-7, 6-11, 6-14, 7-8, 7-10, 7-11, 7-12, 7-13, 8-10, 9-13, 11-12, 11-14","1-4, 1-5, 1-7, 1-8, 1-9, 1-10, 1-11, 1-13, 2-4, 2-5, 2-7, 2-8, 2-11, 2-13, 3-4, 3-6, 3-7, 3-11, 3-13, 3-14, 4-5, 4-6, 4-7, 4-8, 4-9, 4-10, 4-11, 4-13, 4-14, 5-7, 5-8, 5-10, 5-11, 5-12, 5-13, 6-7, 6-9, 6-10, 6-11, 6-13, 6-14, 7-8, 7-10, 7-11, 7-12, 7-13, 7-14, 8-10, 8-11, 8-13, 9-11, 9-13, 10-11, 10-12, 10-13, 11-12, 11-13, 11-14, 12-13",4,4,8,"0 0 0 0 1 0 0 0 0 1 1 0 0 0|0 0 0 0 0 0 1 1 0 0 0 0 1 0|0 0 0 0 0 0 1 0 0 0 1 0 1 1|0 0 0 0 0 1 0 0 1 1 1 0 0 0|1 0 0 0 0 0 0 1 0 1 1 1 1 0|0 0 0 1 0 0 0 0 1 1 0 0 1 0|0 1 1 0 0 0 0 1 0 0 1 0 1 1|0 1 0 0 1 0 1 0 0 0 1 0 1 0|0 0 0 1 0 1 0 0 0 0 1 0 1 0|1 0 0 1 1 1 0 0 0 0 1 1 1 0|1 0 1 1 1 0 1 1 1 1 0 0 1 1|0 0 0 0 1 0 0 0 0 1 0 0 1 0|0 1 1 0 1 1 1 1 1 1 1 1 0 0|0 0 1 0 0 0 1 0 0 0 1 0 0 0","0 0 0 1 0 0 1 1 1 1 0 0 1 0|0 0 0 1 1 0 0 0 0 0 1 0 0 0|0 0 0 1 0 1 1 0 0 0 0 0 0 1|1 1 1 0 1 0 1 1 1 0 1 0 1 1|0 1 0 1 0 0 1 1 0 0 1 1 0 0|0 0 1 0 0 0 1 0 0 0 1 0 0 1|1 0 1 1 1 1 0 1 0 1 1 1 1 0|1 0 0 1 1 0 1 0 0 1 0 0 0 0|1 0 0 1 0 0 0 0 0 0 0 0 1 0|1 0 0 0 0 0 1 1 0 0 0 0 0 0|0 1 0 1 1 1 1 0 0 0 0 1 0 1|0 0 0 0 1 0 1 0 0 0 1 0 0 0|1 0 0 1 0 0 1 0 1 0 0 0 0 0|0 0 1 1 0 1 0 0 0 0 1 0 0 0","0 0 0 1 1 0 1 1 1 1 1 0 1 0|0 0 0 1 1 0 1 1 0 0 1 0 1 0|0 0 0 1 0 1 1 0 0 0 1 0 1 1|1 1 1 0 1 1 1 1 1 1 1 0 1 1|1 1 0 1 0 0 1 1 0 1 1 1 1 0|0 0 1 1 0 0 1 0 1 1 1 0 1 1|1 1 1 1 1 1 0 1 0 1 1 1 1 1|1 1 0 1 1 0 1 0 0 1 1 0 1 0|1 0 0 1 0 1 0 0 0 0 1 0 1 0|1 0 0 1 1 1 1 1 0 0 1 1 1 0|1 1 1 1 1 1 1 1 1 1 0 1 1 1|0 0 0 0 1 0 1 0 0 1 1 0 1 0|1 1 1 1 1 1 1 1 1 1 1 1 0 0|0 0 1 1 0 1 1 0 0 0 1 0 0 0"
281,"ID29-.14.72.2:",14,1,653174,"1, 3, 4, 5, 6, 7, 8, 10, 11, 12","1->3, 2->2, 3->8, 4->7, 5->11, 6->5, 7->4, 8->10, 9->9, 10->1, 11->12, 12->6, 13->13, 14->14","1-3, 1-6, 1-10, 1-12, 2-5, 2-7, 2-9, 2-11, 2-13, 2-14, 3-5, 3-8, 3-10, 3-11, 3-12, 4-6, 4-7, 4-9, 4-10, 4-14, 5-8, 5-10, 5-11, 5-13, 6-9, 6-10, 6-11, 6-12, 7-10, 7-13, 7-14, 8-11, 9-11, 9-14, 10-13, 11-12","1-3, 1-4, 1-5, 1-7, 1-8, 1-11, 1-13, 2-4, 2-9, 2-11, 2-12, 2-13, 2-14, 3-5, 3-6, 3-8, 4-7, 4-13, 4-14, 5-6, 5-7, 5-9, 5-12, 6-8, 6-12, 7-9, 7-14, 8-10, 8-11, 8-12, 9-12, 9-14, 10-11, 10-12, 11-12, 11-13","1-3, 1-4, 1-5, 1-6, 1-7, 1-8, 1-10, 1-11, 1-12, 1-13, 2-4, 2-5, 2-7, 2-9, 2-11, 2-12, 2-13, 2-14, 3-5, 3-6, 3-8, 3-10, 3-11, 3-12, 4-6, 4-7, 4-9, 4-10, 4-13, 4-14, 5-6, 5-7, 5-8, 5-9, 5-10, 5-11, 5-12, 5-13, 6-8, 6-9, 6-10, 6-11, 6-12, 7-9, 7-10, 7-13, 7-14, 8-10, 8-11, 8-12, 9-11, 9-12, 9-14, 10-11, 10-12, 10-13, 11-12, 11-13",4,4,8,"0 0 1 0 0 1 0 0 0 1 0 1 0 0|0 0 0 0 1 0 1 0 1 0 1 0 1 1|1 0 0 0 1 0 0 1 0 1 1 1 0 0|0 0 0 0 0 1 1 0 1 1 0 0 0 1|0 1 1 0 0 0 0 1 0 1 1 0 1 0|1 0 0 1 0 0 0 0 1 1 1 1 0 0|0 1 0 1 0 0 0 0 0 1 0 0 1 1|0 0 1 0 1 0 0 0 0 0 1 0 0 0|0 1 0 1 0 1 0 0 0 0 1 0 0 1|1 0 1 1 1 1 1 0 0 0 0 0 1 0|0 1 1 0 1 1 0 1 1 0 0 1 0 0|1 0 1 0 0 1 0 0 0 0 1 0 0 0|0 1 0 0 1 0 1 0 0 1 0 0 0 0|0 1 0 1 0 0 1 0 1 0 0 0 0 0","0 0 1 1 1 0 1 1 0 0 1 0 1 0|0 0 0 1 0 0 0 0 1 0 1 1 1 1|1 0 0 0 1 1 0 1 0 0 0 0 0 0|1 1 0 0 0 0 1 0 0 0 0 0 1 1|1 0 1 0 0 1 1 0 1 0 0 1 0 0|0 0 1 0 1 0 0 1 0 0 0 1 0 0|1 0 0 1 1 0 0 0 1 0 0 0 0 1|1 0 1 0 0 1 0 0 0 1 1 1 0 0|0 1 0 0 1 0 1 0 0 0 0 1 0 1|0 0 0 0 0 0 0 1 0 0 1 1 0 0|1 1 0 0 0 0 0 1 0 1 0 1 1 0|0 1 0 0 1 1 0 1 1 1 1 0 0 0|1 1 0 1 0 0 0 0 0 0 1 0 0 0|0 1 0 1 0 0 1 0 1 0 0 0 0 0","0 0 1 1 1 1 1 1 0 1 1 1 1 0|0 0 0 1 1 0 1 0 1 0 1 1 1 1|1 0 0 0 1 1 0 1 0 1 1 1 0 0|1 1 0 0 0 1 1 0 1 1 0 0 1 1|1 1 1 0 0 1 1 1 1 1 1 1 1 0|1 0 1 1 1 0 0 1 1 1 1 1 0 0|1 1 0 1 1 0 0 0 1 1 0 0 1 1|1 0 1 0 1 1 0 0 0 1 1 1 0 0|0 1 0 1 1 1 1 0 0 0 1 1 0 1|1 0 1 1 1 1 1 1 0 0 1 1 1 0|1 1 1 0 1 1 0 1 1 1 0 1 1 0|1 1 1 0 1 1 0 1 1 1 1 0 0 0|1 1 0 1 1 0 1 0 0 1 1 0 0 0|0 1 0 1 0 0 1 0 1 0 0 0 0 0"
282,"ID30-15.77.1:",15,1,181,"2, 3, 4, 5, 7, 8, 9, 10, 14, 15","1->1, 2->8, 3->5, 4->15, 5->3, 6->6, 7->2, 8->10, 9->7, 10->14, 11->11, 12->12, 13->13, 14->4, 15->9","1-11, 1-13, 1-15, 2-8, 2-9, 2-10, 2-11, 2-12, 3-6, 3-8, 3-10, 3-11, 3-15, 4-7, 4-8, 4-12, 4-13, 4-14, 5-7, 5-12, 5-13, 5-14, 6-10, 6-11, 7-13, 7-14, 8-10, 8-12, 8-13, 8-15, 9-11, 9-12, 10-11, 11-12, 11-13, 11-15, 12-13, 12-14, 13-15","1-9, 1-11, 1-13, 2-3, 2-4, 2-13, 2-15, 3-4, 3-12, 3-13, 4-12, 4-15, 5-6, 5-9, 5-10, 5-11, 5-14, 6-11, 6-14, 7-8, 7-11, 7-12, 8-10, 8-11, 8-12, 8-14, 9-10, 9-11, 9-13, 10-12, 10-13, 10-14, 10-15, 11-12, 11-13, 11-14, 12-13, 12-15, 13-15","1-9, 1-11, 1-13, 1-15, 2-3, 2-4, 2-8, 2-9, 2-10, 2-11, 2-12, 2-13, 2-15, 3-4, 3-6, 3-8, 3-10, 3-11, 3-12, 3-13, 3-15, 4-7, 4-8, 4-12, 4-13, 4-14, 4-15, 5-6, 5-7, 5-9, 5-10, 5-11, 5-12, 5-13, 5-14, 6-10, 6-11, 6-14, 7-8, 7-11, 7-12, 7-13, 7-14, 8-10, 8-11, 8-12, 8-13, 8-14, 8-15, 9-10, 9-11, 9-12, 9-13, 10-11, 10-12, 10-13, 10-14, 10-15, 11-12, 11-13, 11-14, 11-15, 12-13, 12-14, 12-15, 13-15",4,4,8,"0 0 0 0 0 0 0 0 0 0 1 0 1 0 1|0 0 0 0 0 0 0 1 1 1 1 1 0 0 0|0 0 0 0 0 1 0 1 0 1 1 0 0 0 1|0 0 0 0 0 0 1 1 0 0 0 1 1 1 0|0 0 0 0 0 0 1 0 0 0 0 1 1 1 0|0 0 1 0 0 0 0 0 0 1 1 0 0 0 0|0 0 0 1 1 0 0 0 0 0 0 0 1 1 0|0 1 1 1 0 0 0 0 0 1 0 1 1 0 1|0 1 0 0 0 0 0 0 0 0 1 1 0 0 0|0 1 1 0 0 1 0 1 0 0 1 0 0 0 0|1 1 1 0 0 1 0 0 1 1 0 1 1 0 1|0 1 0 1 1 0 0 1 1 0 1 0 1 1 0|1 0 0 1 1 0 1 1 0 0 1 1 0 0 1|0 0 0 1 1 0 1 0 0 0 0 1 0 0 0|1 0 1 0 0 0 0 1 0 0 1 0 1 0 0","0 0 0 0 0 0 0 0 1 0 1 0 1 0 0|0 0 1 1 0 0 0 0 0 0 0 0 1 0 1|0 1 0 1 0 0 0 0 0 0 0 1 1 0 0|0 1 1 0 0 0 0 0 0 0 0 1 0 0 1|0 0 0 0 0 1 0 0 1 1 1 0 0 1 0|0 0 0 0 1 0 0 0 0 0 1 0 0 1 0|0 0 0 0 0 0 0 1 0 0 1 1 0 0 0|0 0 0 0 0 0 1 0 0 1 1 1 0 1 0|1 0 0 0 1 0 0 0 0 1 1 0 1 0 0|0 0 0 0 1 0 0 1 1 0 0 1 1 1 1|1 0 0 0 1 1 1 1 1 0 0 1 1 1 0|0 0 1 1 0 0 1 1 0 1 1 0 1 0 1|1 1 1 0 0 0 0 0 1 1 1 1 0 0 1|0 0 0 0 1 1 0 1 0 1 1 0 0 0 0|0 1 0 1 0 0 0 0 0 1 0 1 1 0 0","0 0 0 0 0 0 0 0 1 0 1 0 1 0 1|0 0 1 1 0 0 0 1 1 1 1 1 1 0 1|0 1 0 1 0 1 0 1 0 1 1 1 1 0 1|0 1 1 0 0 0 1 1 0 0 0 1 1 1 1|0 0 0 0 0 1 1 0 1 1 1 1 1 1 0|0 0 1 0 1 0 0 0 0 1 1 0 0 1 0|0 0 0 1 1 0 0 1 0 0 1 1 1 1 0|0 1 1 1 0 0 1 0 0 1 1 1 1 1 1|1 1 0 0 1 0 0 0 0 1 1 1 1 0 0|0 1 1 0 1 1 0 1 1 0 1 1 1 1 1|1 1 1 0 1 1 1 1 1 1 0 1 1 1 1|0 1 1 1 1 0 1 1 1 1 1 0 1 1 1|1 1 1 1 1 0 1 1 1 1 1 1 0 0 1|0 0 0 1 1 1 1 1 0 1 1 1 0 0 0|1 1 1 1 0 0 0 1 0 1 1 1 1 0 0"
283,"ID30-15.77.1:",15,2,362,"1, 2, 3, 4, 5, 6, 7, 8, 10, 15","1->8, 2->5, 3->4, 4->15, 5->3, 6->1, 7->2, 8->10, 9->9, 10->7, 11->11, 12->12, 13->13, 14->14, 15->6","1-11, 1-13, 1-15, 2-8, 2-9, 2-10, 2-11, 2-12, 3-6, 3-8, 3-10, 3-11, 3-15, 4-7, 4-8, 4-12, 4-13, 4-14, 5-7, 5-12, 5-13, 5-14, 6-10, 6-11, 7-13, 7-14, 8-10, 8-12, 8-13, 8-15, 9-11, 9-12, 10-11, 11-12, 11-13, 11-15, 12-13, 12-14, 13-15","1-4, 1-7, 1-11, 2-3, 2-13, 2-14, 2-15, 3-12, 3-13, 3-14, 4-6, 4-7, 4-10, 4-11, 5-7, 5-9, 5-10, 5-11, 5-12, 6-8, 6-10, 6-11, 6-13, 7-10, 7-11, 8-11, 8-13, 9-11, 9-12, 10-12, 10-13, 10-15, 11-12, 11-13, 12-13, 12-14, 12-15, 13-15, 14-15","1-4, 1-7, 1-11, 1-13, 1-15, 2-3, 2-8, 2-9, 2-10, 2-11, 2-12, 2-13, 2-14, 2-15, 3-6, 3-8, 3-10, 3-11, 3-12, 3-13, 3-14, 3-15, 4-6, 4-7, 4-8, 4-10, 4-11, 4-12, 4-13, 4-14, 5-7, 5-9, 5-10, 5-11, 5-12, 5-13, 5-14, 6-8, 6-10, 6-11, 6-13, 7-10, 7-11, 7-13, 7-14, 8-10, 8-11, 8-12, 8-13, 8-15, 9-11, 9-12, 10-11, 10-12, 10-13, 10-15, 11-12, 11-13, 11-15, 12-13, 12-14, 12-15, 13-15, 14-15",4,4,8,"0 0 0 0 0 0 0 0 0 0 1 0 1 0 1|0 0 0 0 0 0 0 1 1 1 1 1 0 0 0|0 0 0 0 0 1 0 1 0 1 1 0 0 0 1|0 0 0 0 0 0 1 1 0 0 0 1 1 1 0|0 0 0 0 0 0 1 0 0 0 0 1 1 1 0|0 0 1 0 0 0 0 0 0 1 1 0 0 0 0|0 0 0 1 1 0 0 0 0 0 0 0 1 1 0|0 1 1 1 0 0 0 0 0 1 0 1 1 0 1|0 1 0 0 0 0 0 0 0 0 1 1 0 0 0|0 1 1 0 0 1 0 1 0 0 1 0 0 0 0|1 1 1 0 0 1 0 0 1 1 0 1 1 0 1|0 1 0 1 1 0 0 1 1 0 1 0 1 1 0|1 0 0 1 1 0 1 1 0 0 1 1 0 0 1|0 0 0 1 1 0 1 0 0 0 0 1 0 0 0|1 0 1 0 0 0 0 1 0 0 1 0 1 0 0","0 0 0 1 0 0 1 0 0 0 1 0 0 0 0|0 0 1 0 0 0 0 0 0 0 0 0 1 1 1|0 1 0 0 0 0 0 0 0 0 0 1 1 1 0|1 0 0 0 0 1 1 0 0 1 1 0 0 0 0|0 0 0 0 0 0 1 0 1 1 1 1 0 0 0|0 0 0 1 0 0 0 1 0 1 1 0 1 0 0|1 0 0 1 1 0 0 0 0 1 1 0 0 0 0|0 0 0 0 0 1 0 0 0 0 1 0 1 0 0|0 0 0 0 1 0 0 0 0 0 1 1 0 0 0|0 0 0 1 1 1 1 0 0 0 0 1 1 0 1|1 0 0 1 1 1 1 1 1 0 0 1 1 0 0|0 0 1 0 1 0 0 0 1 1 1 0 1 1 1|0 1 1 0 0 1 0 1 0 1 1 1 0 0 1|0 1 1 0 0 0 0 0 0 0 0 1 0 0 1|0 1 0 0 0 0 0 0 0 1 0 1 1 1 0","0 0 0 1 0 0 1 0 0 0 1 0 1 0 1|0 0 1 0 0 0 0 1 1 1 1 1 1 1 1|0 1 0 0 0 1 0 1 0 1 1 1 1 1 1|1 0 0 0 0 1 1 1 0 1 1 1 1 1 0|0 0 0 0 0 0 1 0 1 1 1 1 1 1 0|0 0 1 1 0 0 0 1 0 1 1 0 1 0 0|1 0 0 1 1 0 0 0 0 1 1 0 1 1 0|0 1 1 1 0 1 0 0 0 1 1 1 1 0 1|0 1 0 0 1 0 0 0 0 0 1 1 0 0 0|0 1 1 1 1 1 1 1 0 0 1 1 1 0 1|1 1 1 1 1 1 1 1 1 1 0 1 1 0 1|0 1 1 1 1 0 0 1 1 1 1 0 1 1 1|1 1 1 1 1 1 1 1 0 1 1 1 0 0 1|0 1 1 1 1 0 1 0 0 0 0 1 0 0 1|1 1 1 0 0 0 0 1 0 1 1 1 1 1 0"
284,"ID30-15.77.1:",15,3,1118,"1, 2, 6, 8, 9, 11, 12, 13, 14, 15","1->8, 2->6, 3->3, 4->4, 5->5, 6->13, 7->7, 8->12, 9->2, 10->10, 11->14, 12->15, 13->11, 14->9, 15->1","1-11, 1-13, 1-15, 2-8, 2-9, 2-10, 2-11, 2-12, 3-6, 3-8, 3-10, 3-11, 3-15, 4-7, 4-8, 4-12, 4-13, 4-14, 5-7, 5-12, 5-13, 5-14, 6-10, 6-11, 7-13, 7-14, 8-10, 8-12, 8-13, 8-15, 9-11, 9-12, 10-11, 11-12, 11-13, 11-15, 12-13, 12-14, 13-15","1-3, 1-8, 1-11, 1-12, 1-14, 2-6, 2-14, 2-15, 3-10, 3-12, 3-13, 3-14, 4-7, 4-9, 4-11, 4-12, 4-15, 5-7, 5-9, 5-11, 5-15, 6-10, 6-12, 6-14, 6-15, 7-9, 7-11, 8-11, 8-14, 9-15, 10-12, 10-13, 10-14, 11-12, 11-14, 11-15, 12-15, 13-14, 14-15","1-3, 1-8, 1-11, 1-12, 1-13, 1-14, 1-15, 2-6, 2-8, 2-9, 2-10, 2-11, 2-12, 2-14, 2-15, 3-6, 3-8, 3-10, 3-11, 3-12, 3-13, 3-14, 3-15, 4-7, 4-8, 4-9, 4-11, 4-12, 4-13, 4-14, 4-15, 5-7, 5-9, 5-11, 5-12, 5-13, 5-14, 5-15, 6-10, 6-11, 6-12, 6-14, 6-15, 7-9, 7-11, 7-13, 7-14, 8-10, 8-11, 8-12, 8-13, 8-14, 8-15, 9-11, 9-12, 9-15, 10-11, 10-12, 10-13, 10-14, 11-12, 11-13, 11-14, 11-15, 12-13, 12-14, 12-15, 13-14, 13-15, 14-15",4,4,8,"0 0 0 0 0 0 0 0 0 0 1 0 1 0 1|0 0 0 0 0 0 0 1 1 1 1 1 0 0 0|0 0 0 0 0 1 0 1 0 1 1 0 0 0 1|0 0 0 0 0 0 1 1 0 0 0 1 1 1 0|0 0 0 0 0 0 1 0 0 0 0 1 1 1 0|0 0 1 0 0 0 0 0 0 1 1 0 0 0 0|0 0 0 1 1 0 0 0 0 0 0 0 1 1 0|0 1 1 1 0 0 0 0 0 1 0 1 1 0 1|0 1 0 0 0 0 0 0 0 0 1 1 0 0 0|0 1 1 0 0 1 0 1 0 0 1 0 0 0 0|1 1 1 0 0 1 0 0 1 1 0 1 1 0 1|0 1 0 1 1 0 0 1 1 0 1 0 1 1 0|1 0 0 1 1 0 1 1 0 0 1 1 0 0 1|0 0 0 1 1 0 1 0 0 0 0 1 0 0 0|1 0 1 0 0 0 0 1 0 0 1 0 1 0 0","0 0 1 0 0 0 0 1 0 0 1 1 0 1 0|0 0 0 0 0 1 0 0 0 0 0 0 0 1 1|1 0 0 0 0 0 0 0 0 1 0 1 1 1 0|0 0 0 0 0 0 1 0 1 0 1 1 0 0 1|0 0 0 0 0 0 1 0 1 0 1 0 0 0 1|0 1 0 0 0 0 0 0 0 1 0 1 0 1 1|0 0 0 1 1 0 0 0 1 0 1 0 0 0 0|1 0 0 0 0 0 0 0 0 0 1 0 0 1 0|0 0 0 1 1 0 1 0 0 0 0 0 0 0 1|0 0 1 0 0 1 0 0 0 0 0 1 1 1 0|1 0 0 1 1 0 1 1 0 0 0 1 0 1 1|1 0 1 1 0 1 0 0 0 1 1 0 0 0 1|0 0 1 0 0 0 0 0 0 1 0 0 0 1 0|1 1 1 0 0 1 0 1 0 1 1 0 1 0 1|0 1 0 1 1 1 0 0 1 0 1 1 0 1 0","0 0 1 0 0 0 0 1 0 0 1 1 1 1 1|0 0 0 0 0 1 0 1 1 1 1 1 0 1 1|1 0 0 0 0 1 0 1 0 1 1 1 1 1 1|0 0 0 0 0 0 1 1 1 0 1 1 1 1 1|0 0 0 0 0 0 1 0 1 0 1 1 1 1 1|0 1 1 0 0 0 0 0 0 1 1 1 0 1 1|0 0 0 1 1 0 0 0 1 0 1 0 1 1 0|1 1 1 1 0 0 0 0 0 1 1 1 1 1 1|0 1 0 1 1 0 1 0 0 0 1 1 0 0 1|0 1 1 0 0 1 0 1 0 0 1 1 1 1 0|1 1 1 1 1 1 1 1 1 1 0 1 1 1 1|1 1 1 1 1 1 0 1 1 1 1 0 1 1 1|1 0 1 1 1 0 1 1 0 1 1 1 0 1 1|1 1 1 1 1 1 1 1 0 1 1 1 1 0 1|1 1 1 1 1 1 0 1 1 0 1 1 1 1 0"
285,"ID30-15.77.1:",15,4,2450,"2, 4, 5, 7, 8, 10, 11, 12, 13, 15","1->1, 2->10, 3->3, 4->13, 5->15, 6->6, 7->5, 8->4, 9->9, 10->12, 11->7, 12->11, 13->8, 14->14, 15->2","1-11, 1-13, 1-15, 2-8, 2-9, 2-10, 2-11, 2-12, 3-6, 3-8, 3-10, 3-11, 3-15, 4-7, 4-8, 4-12, 4-13, 4-14, 5-7, 5-12, 5-13, 5-14, 6-10, 6-11, 7-13, 7-14, 8-10, 8-12, 8-13, 8-15, 9-11, 9-12, 10-11, 11-12, 11-13, 11-15, 12-13, 12-14, 13-15","1-2, 1-7, 1-8, 2-3, 2-4, 2-7, 2-8, 3-4, 3-6, 3-7, 3-12, 4-8, 4-10, 4-11, 4-12, 4-13, 5-8, 5-13, 5-14, 5-15, 6-7, 6-12, 7-8, 7-9, 7-10, 7-11, 7-12, 8-11, 8-13, 8-15, 9-10, 9-11, 10-11, 10-12, 11-13, 11-14, 11-15, 13-14, 14-15","1-2, 1-7, 1-8, 1-11, 1-13, 1-15, 2-3, 2-4, 2-7, 2-8, 2-9, 2-10, 2-11, 2-12, 3-4, 3-6, 3-7, 3-8, 3-10, 3-11, 3-12, 3-15, 4-7, 4-8, 4-10, 4-11, 4-12, 4-13, 4-14, 5-7, 5-8, 5-12, 5-13, 5-14, 5-15, 6-7, 6-10, 6-11, 6-12, 7-8, 7-9, 7-10, 7-11, 7-12, 7-13, 7-14, 8-10, 8-11, 8-12, 8-13, 8-15, 9-10, 9-11, 9-12, 10-11, 10-12, 11-12, 11-13, 11-14, 11-15, 12-13, 12-14, 13-14, 13-15, 14-15",4,4,8,"0 0 0 0 0 0 0 0 0 0 1 0 1 0 1|0 0 0 0 0 0 0 1 1 1 1 1 0 0 0|0 0 0 0 0 1 0 1 0 1 1 0 0 0 1|0 0 0 0 0 0 1 1 0 0 0 1 1 1 0|0 0 0 0 0 0 1 0 0 0 0 1 1 1 0|0 0 1 0 0 0 0 0 0 1 1 0 0 0 0|0 0 0 1 1 0 0 0 0 0 0 0 1 1 0|0 1 1 1 0 0 0 0 0 1 0 1 1 0 1|0 1 0 0 0 0 0 0 0 0 1 1 0 0 0|0 1 1 0 0 1 0 1 0 0 1 0 0 0 0|1 1 1 0 0 1 0 0 1 1 0 1 1 0 1|0 1 0 1 1 0 0 1 1 0 1 0 1 1 0|1 0 0 1 1 0 1 1 0 0 1 1 0 0 1|0 0 0 1 1 0 1 0 0 0 0 1 0 0 0|1 0 1 0 0 0 0 1 0 0 1 0 1 0 0","0 1 0 0 0 0 1 1 0 0 0 0 0 0 0|1 0 1 1 0 0 1 1 0 0 0 0 0 0 0|0 1 0 1 0 1 1 0 0 0 0 1 0 0 0|0 1 1 0 0 0 0 1 0 1 1 1 1 0 0|0 0 0 0 0 0 0 1 0 0 0 0 1 1 1|0 0 1 0 0 0 1 0 0 0 0 1 0 0 0|1 1 1 0 0 1 0 1 1 1 1 1 0 0 0|1 1 0 1 1 0 1 0 0 0 1 0 1 0 1|0 0 0 0 0 0 1 0 0 1 1 0 0 0 0|0 0 0 1 0 0 1 0 1 0 1 1 0 0 0|0 0 0 1 0 0 1 1 1 1 0 0 1 1 1|0 0 1 1 0 1 1 0 0 1 0 0 0 0 0|0 0 0 1 1 0 0 1 0 0 1 0 0 1 0|0 0 0 0 1 0 0 0 0 0 1 0 1 0 1|0 0 0 0 1 0 0 1 0 0 1 0 0 1 0","0 1 0 0 0 0 1 1 0 0 1 0 1 0 1|1 0 1 1 0 0 1 1 1 1 1 1 0 0 0|0 1 0 1 0 1 1 1 0 1 1 1 0 0 1|0 1 1 0 0 0 1 1 0 1 1 1 1 1 0|0 0 0 0 0 0 1 1 0 0 0 1 1 1 1|0 0 1 0 0 0 1 0 0 1 1 1 0 0 0|1 1 1 1 1 1 0 1 1 1 1 1 1 1 0|1 1 1 1 1 0 1 0 0 1 1 1 1 0 1|0 1 0 0 0 0 1 0 0 1 1 1 0 0 0|0 1 1 1 0 1 1 1 1 0 1 1 0 0 0|1 1 1 1 0 1 1 1 1 1 0 1 1 1 1|0 1 1 1 1 1 1 1 1 1 1 0 1 1 0|1 0 0 1 1 0 1 1 0 0 1 1 0 1 1|0 0 0 1 1 0 1 0 0 0 1 1 1 0 1|1 0 1 0 1 0 0 1 0 0 1 0 1 1 0"
286,"ID30-15.77.1:",15,5,9950,"1, 3, 4, 5, 7, 8, 11, 12, 13, 15","1->11, 2->2, 3->13, 4->12, 5->7, 6->6, 7->15, 8->3, 9->9, 10->10, 11->8, 12->1, 13->5, 14->14, 15->4","1-11, 1-13, 1-15, 2-8, 2-9, 2-10, 2-11, 2-12, 3-6, 3-8, 3-10, 3-11, 3-15, 4-7, 4-8, 4-12, 4-13, 4-14, 5-7, 5-12, 5-13, 5-14, 6-10, 6-11, 7-13, 7-14, 8-10, 8-12, 8-13, 8-15, 9-11, 9-12, 10-11, 11-12, 11-13, 11-15, 12-13, 12-14, 13-15","1-2, 1-3, 1-5, 1-7, 1-8, 1-9, 1-12, 1-14, 2-3, 2-8, 2-9, 2-10, 3-4, 3-5, 3-10, 3-12, 3-13, 4-5, 4-8, 4-11, 4-13, 5-7, 5-8, 5-11, 5-12, 5-15, 6-8, 6-10, 6-13, 7-14, 7-15, 8-9, 8-10, 8-11, 8-13, 10-13, 12-14, 12-15, 14-15","1-2, 1-3, 1-5, 1-7, 1-8, 1-9, 1-11, 1-12, 1-13, 1-14, 1-15, 2-3, 2-8, 2-9, 2-10, 2-11, 2-12, 3-4, 3-5, 3-6, 3-8, 3-10, 3-11, 3-12, 3-13, 3-15, 4-5, 4-7, 4-8, 4-11, 4-12, 4-13, 4-14, 5-7, 5-8, 5-11, 5-12, 5-13, 5-14, 5-15, 6-8, 6-10, 6-11, 6-13, 7-13, 7-14, 7-15, 8-9, 8-10, 8-11, 8-12, 8-13, 8-15, 9-11, 9-12, 10-11, 10-13, 11-12, 11-13, 11-15, 12-13, 12-14, 12-15, 13-15, 14-15",4,4,8,"0 0 0 0 0 0 0 0 0 0 1 0 1 0 1|0 0 0 0 0 0 0 1 1 1 1 1 0 0 0|0 0 0 0 0 1 0 1 0 1 1 0 0 0 1|0 0 0 0 0 0 1 1 0 0 0 1 1 1 0|0 0 0 0 0 0 1 0 0 0 0 1 1 1 0|0 0 1 0 0 0 0 0 0 1 1 0 0 0 0|0 0 0 1 1 0 0 0 0 0 0 0 1 1 0|0 1 1 1 0 0 0 0 0 1 0 1 1 0 1|0 1 0 0 0 0 0 0 0 0 1 1 0 0 0|0 1 1 0 0 1 0 1 0 0 1 0 0 0 0|1 1 1 0 0 1 0 0 1 1 0 1 1 0 1|0 1 0 1 1 0 0 1 1 0 1 0 1 1 0|1 0 0 1 1 0 1 1 0 0 1 1 0 0 1|0 0 0 1 1 0 1 0 0 0 0 1 0 0 0|1 0 1 0 0 0 0 1 0 0 1 0 1 0 0","0 1 1 0 1 0 1 1 1 0 0 1 0 1 0|1 0 1 0 0 0 0 1 1 1 0 0 0 0 0|1 1 0 1 1 0 0 0 0 1 0 1 1 0 0|0 0 1 0 1 0 0 1 0 0 1 0 1 0 0|1 0 1 1 0 0 1 1 0 0 1 1 0 0 1|0 0 0 0 0 0 0 1 0 1 0 0 1 0 0|1 0 0 0 1 0 0 0 0 0 0 0 0 1 1|1 1 0 1 1 1 0 0 1 1 1 0 1 0 0|1 1 0 0 0 0 0 1 0 0 0 0 0 0 0|0 1 1 0 0 1 0 1 0 0 0 0 1 0 0|0 0 0 1 1 0 0 1 0 0 0 0 0 0 0|1 0 1 0 1 0 0 0 0 0 0 0 0 1 1|0 0 1 1 0 1 0 1 0 1 0 0 0 0 0|1 0 0 0 0 0 1 0 0 0 0 1 0 0 1|0 0 0 0 1 0 1 0 0 0 0 1 0 1 0","0 1 1 0 1 0 1 1 1 0 1 1 1 1 1|1 0 1 0 0 0 0 1 1 1 1 1 0 0 0|1 1 0 1 1 1 0 1 0 1 1 1 1 0 1|0 0 1 0 1 0 1 1 0 0 1 1 1 1 0|1 0 1 1 0 0 1 1 0 0 1 1 1 1 1|0 0 1 0 0 0 0 1 0 1 1 0 1 0 0|1 0 0 1 1 0 0 0 0 0 0 0 1 1 1|1 1 1 1 1 1 0 0 1 1 1 1 1 0 1|1 1 0 0 0 0 0 1 0 0 1 1 0 0 0|0 1 1 0 0 1 0 1 0 0 1 0 1 0 0|1 1 1 1 1 1 0 1 1 1 0 1 1 0 1|1 1 1 1 1 0 0 1 1 0 1 0 1 1 1|1 0 1 1 1 1 1 1 0 1 1 1 0 0 1|1 0 0 1 1 0 1 0 0 0 0 1 0 0 1|1 0 1 0 1 0 1 1 0 0 1 1 1 1 0"
287,"ID30-15.77.1:",15,6,16256,"1, 4, 6, 7, 8, 10, 12, 13, 14, 15","1->13, 2->2, 3->3, 4->12, 5->5, 6->10, 7->6, 8->15, 9->9, 10->4, 11->11, 12->7, 13->8, 14->1, 15->14","1-11, 1-13, 1-15, 2-8, 2-9, 2-10, 2-11, 2-12, 3-6, 3-8, 3-10, 3-11, 3-15, 4-7, 4-8, 4-12, 4-13, 4-14, 5-7, 5-12, 5-13, 5-14, 6-10, 6-11, 7-13, 7-14, 8-10, 8-12, 8-13, 8-15, 9-11, 9-12, 10-11, 11-12, 11-13, 11-15, 12-13, 12-14, 13-15","1-5, 1-6, 1-7, 1-12, 2-4, 2-7, 2-9, 2-11, 2-15, 3-4, 3-10, 3-11, 3-14, 3-15, 4-10, 4-11, 4-15, 5-6, 5-7, 5-8, 6-8, 6-12, 7-8, 7-9, 7-11, 7-12, 7-15, 8-11, 8-12, 8-13, 8-14, 8-15, 9-11, 10-11, 11-13, 11-14, 12-15, 13-14, 14-15","1-5, 1-6, 1-7, 1-11, 1-12, 1-13, 1-15, 2-4, 2-7, 2-8, 2-9, 2-10, 2-11, 2-12, 2-15, 3-4, 3-6, 3-8, 3-10, 3-11, 3-14, 3-15, 4-7, 4-8, 4-10, 4-11, 4-12, 4-13, 4-14, 4-15, 5-6, 5-7, 5-8, 5-12, 5-13, 5-14, 6-8, 6-10, 6-11, 6-12, 7-8, 7-9, 7-11, 7-12, 7-13, 7-14, 7-15, 8-10, 8-11, 8-12, 8-13, 8-14, 8-15, 9-11, 9-12, 10-11, 11-12, 11-13, 11-14, 11-15, 12-13, 12-14, 12-15, 13-14, 13-15, 14-15",4,4,8,"0 0 0 0 0 0 0 0 0 0 1 0 1 0 1|0 0 0 0 0 0 0 1 1 1 1 1 0 0 0|0 0 0 0 0 1 0 1 0 1 1 0 0 0 1|0 0 0 0 0 0 1 1 0 0 0 1 1 1 0|0 0 0 0 0 0 1 0 0 0 0 1 1 1 0|0 0 1 0 0 0 0 0 0 1 1 0 0 0 0|0 0 0 1 1 0 0 0 0 0 0 0 1 1 0|0 1 1 1 0 0 0 0 0 1 0 1 1 0 1|0 1 0 0 0 0 0 0 0 0 1 1 0 0 0|0 1 1 0 0 1 0 1 0 0 1 0 0 0 0|1 1 1 0 0 1 0 0 1 1 0 1 1 0 1|0 1 0 1 1 0 0 1 1 0 1 0 1 1 0|1 0 0 1 1 0 1 1 0 0 1 1 0 0 1|0 0 0 1 1 0 1 0 0 0 0 1 0 0 0|1 0 1 0 0 0 0 1 0 0 1 0 1 0 0","0 0 0 0 1 1 1 0 0 0 0 1 0 0 0|0 0 0 1 0 0 1 0 1 0 1 0 0 0 1|0 0 0 1 0 0 0 0 0 1 1 0 0 1 1|0 1 1 0 0 0 0 0 0 1 1 0 0 0 1|1 0 0 0 0 1 1 1 0 0 0 0 0 0 0|1 0 0 0 1 0 0 1 0 0 0 1 0 0 0|1 1 0 0 1 0 0 1 1 0 1 1 0 0 1|0 0 0 0 1 1 1 0 0 0 1 1 1 1 1|0 1 0 0 0 0 1 0 0 0 1 0 0 0 0|0 0 1 1 0 0 0 0 0 0 1 0 0 0 0|0 1 1 1 0 0 1 1 1 1 0 0 1 1 0|1 0 0 0 0 1 1 1 0 0 0 0 0 0 1|0 0 0 0 0 0 0 1 0 0 1 0 0 1 0|0 0 1 0 0 0 0 1 0 0 1 0 1 0 1|0 1 1 1 0 0 1 1 0 0 0 1 0 1 0","0 0 0 0 1 1 1 0 0 0 1 1 1 0 1|0 0 0 1 0 0 1 1 1 1 1 1 0 0 1|0 0 0 1 0 1 0 1 0 1 1 0 0 1 1|0 1 1 0 0 0 1 1 0 1 1 1 1 1 1|1 0 0 0 0 1 1 1 0 0 0 1 1 1 0|1 0 1 0 1 0 0 1 0 1 1 1 0 0 0|1 1 0 1 1 0 0 1 1 0 1 1 1 1 1|0 1 1 1 1 1 1 0 0 1 1 1 1 1 1|0 1 0 0 0 0 1 0 0 0 1 1 0 0 0|0 1 1 1 0 1 0 1 0 0 1 0 0 0 0|1 1 1 1 0 1 1 1 1 1 0 1 1 1 1|1 1 0 1 1 1 1 1 1 0 1 0 1 1 1|1 0 0 1 1 0 1 1 0 0 1 1 0 1 1|0 0 1 1 1 0 1 1 0 0 1 1 1 0 1|1 1 1 1 0 0 1 1 0 0 1 1 1 1 0"
288,"ID30-15.77.1:",15,7,17201,"1, 2, 5, 7, 8, 10, 11, 12, 13, 15","1->5, 2->10, 3->3, 4->4, 5->8, 6->6, 7->11, 8->12, 9->9, 10->13, 11->2, 12->15, 13->7, 14->14, 15->1","1-11, 1-13, 1-15, 2-8, 2-9, 2-10, 2-11, 2-12, 3-6, 3-8, 3-10, 3-11, 3-15, 4-7, 4-8, 4-12, 4-13, 4-14, 5-7, 5-12, 5-13, 5-14, 6-10, 6-11, 7-13, 7-14, 8-10, 8-12, 8-13, 8-15, 9-11, 9-12, 10-11, 11-12, 11-13, 11-15, 12-13, 12-14, 13-15","1-2, 1-3, 1-5, 1-7, 1-12, 2-3, 2-5, 2-6, 2-7, 2-9, 2-10, 2-13, 2-15, 3-6, 3-12, 3-13, 4-7, 4-11, 4-12, 4-14, 4-15, 5-7, 6-13, 7-8, 7-11, 7-12, 7-15, 8-11, 8-14, 8-15, 9-10, 9-15, 10-12, 10-13, 10-15, 11-14, 12-13, 12-15, 14-15","1-2, 1-3, 1-5, 1-7, 1-11, 1-12, 1-13, 1-15, 2-3, 2-5, 2-6, 2-7, 2-8, 2-9, 2-10, 2-11, 2-12, 2-13, 2-15, 3-6, 3-8, 3-10, 3-11, 3-12, 3-13, 3-15, 4-7, 4-8, 4-11, 4-12, 4-13, 4-14, 4-15, 5-7, 5-12, 5-13, 5-14, 6-10, 6-11, 6-13, 7-8, 7-11, 7-12, 7-13, 7-14, 7-15, 8-10, 8-11, 8-12, 8-13, 8-14, 8-15, 9-10, 9-11, 9-12, 9-15, 10-11, 10-12, 10-13, 10-15, 11-12, 11-13, 11-14, 11-15, 12-13, 12-14, 12-15, 13-15, 14-15",4,4,8,"0 0 0 0 0 0 0 0 0 0 1 0 1 0 1|0 0 0 0 0 0 0 1 1 1 1 1 0 0 0|0 0 0 0 0 1 0 1 0 1 1 0 0 0 1|0 0 0 0 0 0 1 1 0 0 0 1 1 1 0|0 0 0 0 0 0 1 0 0 0 0 1 1 1 0|0 0 1 0 0 0 0 0 0 1 1 0 0 0 0|0 0 0 1 1 0 0 0 0 0 0 0 1 1 0|0 1 1 1 0 0 0 0 0 1 0 1 1 0 1|0 1 0 0 0 0 0 0 0 0 1 1 0 0 0|0 1 1 0 0 1 0 1 0 0 1 0 0 0 0|1 1 1 0 0 1 0 0 1 1 0 1 1 0 1|0 1 0 1 1 0 0 1 1 0 1 0 1 1 0|1 0 0 1 1 0 1 1 0 0 1 1 0 0 1|0 0 0 1 1 0 1 0 0 0 0 1 0 0 0|1 0 1 0 0 0 0 1 0 0 1 0 1 0 0","0 1 1 0 1 0 1 0 0 0 0 1 0 0 0|1 0 1 0 1 1 1 0 1 1 0 0 1 0 1|1 1 0 0 0 1 0 0 0 0 0 1 1 0 0|0 0 0 0 0 0 1 0 0 0 1 1 0 1 1|1 1 0 0 0 0 1 0 0 0 0 0 0 0 0|0 1 1 0 0 0 0 0 0 0 0 0 1 0 0|1 1 0 1 1 0 0 1 0 0 1 1 0 0 1|0 0 0 0 0 0 1 0 0 0 1 0 0 1 1|0 1 0 0 0 0 0 0 0 1 0 0 0 0 1|0 1 0 0 0 0 0 0 1 0 0 1 1 0 1|0 0 0 1 0 0 1 1 0 0 0 0 0 1 0|1 0 1 1 0 0 1 0 0 1 0 0 1 0 1|0 1 1 0 0 1 0 0 0 1 0 1 0 0 0|0 0 0 1 0 0 0 1 0 0 1 0 0 0 1|0 1 0 1 0 0 1 1 1 1 0 1 0 1 0","0 1 1 0 1 0 1 0 0 0 1 1 1 0 1|1 0 1 0 1 1 1 1 1 1 1 1 1 0 1|1 1 0 0 0 1 0 1 0 1 1 1 1 0 1|0 0 0 0 0 0 1 1 0 0 1 1 1 1 1|1 1 0 0 0 0 1 0 0 0 0 1 1 1 0|0 1 1 0 0 0 0 0 0 1 1 0 1 0 0|1 1 0 1 1 0 0 1 0 0 1 1 1 1 1|0 1 1 1 0 0 1 0 0 1 1 1 1 1 1|0 1 0 0 0 0 0 0 0 1 1 1 0 0 1|0 1 1 0 0 1 0 1 1 0 1 1 1 0 1|1 1 1 1 0 1 1 1 1 1 0 1 1 1 1|1 1 1 1 1 0 1 1 1 1 1 0 1 1 1|1 1 1 1 1 1 1 1 0 1 1 1 0 0 1|0 0 0 1 1 0 1 1 0 0 1 1 0 0 1|1 1 1 1 0 0 1 1 1 1 1 1 1 1 0"
289,"ID30-15.77.1:",15,8,19398,"1, 2, 4, 6, 8, 11, 12, 13, 14, 15","1->11, 2->15, 3->3, 4->2, 5->5, 6->13, 7->7, 8->12, 9->9, 10->10, 11->4, 12->14, 13->6, 14->1, 15->8","1-11, 1-13, 1-15, 2-8, 2-9, 2-10, 2-11, 2-12, 3-6, 3-8, 3-10, 3-11, 3-15, 4-7, 4-8, 4-12, 4-13, 4-14, 5-7, 5-12, 5-13, 5-14, 6-10, 6-11, 7-13, 7-14, 8-10, 8-12, 8-13, 8-15, 9-11, 9-12, 10-11, 11-12, 11-13, 11-15, 12-13, 12-14, 13-15","1-2, 1-5, 1-7, 1-14, 2-6, 2-7, 2-12, 2-14, 3-4, 3-8, 3-10, 3-12, 3-13, 4-6, 4-8, 4-9, 4-10, 4-11, 4-13, 4-14, 4-15, 5-6, 5-7, 5-14, 6-7, 6-8, 6-11, 6-12, 6-14, 8-11, 8-12, 9-14, 9-15, 10-12, 10-13, 10-15, 12-14, 12-15, 14-15","1-2, 1-5, 1-7, 1-11, 1-13, 1-14, 1-15, 2-6, 2-7, 2-8, 2-9, 2-10, 2-11, 2-12, 2-14, 3-4, 3-6, 3-8, 3-10, 3-11, 3-12, 3-13, 3-15, 4-6, 4-7, 4-8, 4-9, 4-10, 4-11, 4-12, 4-13, 4-14, 4-15, 5-6, 5-7, 5-12, 5-13, 5-14, 6-7, 6-8, 6-10, 6-11, 6-12, 6-14, 7-13, 7-14, 8-10, 8-11, 8-12, 8-13, 8-15, 9-11, 9-12, 9-14, 9-15, 10-11, 10-12, 10-13, 10-15, 11-12, 11-13, 11-15, 12-13, 12-14, 12-15, 13-15, 14-15",4,4,8,"0 0 0 0 0 0 0 0 0 0 1 0 1 0 1|0 0 0 0 0 0 0 1 1 1 1 1 0 0 0|0 0 0 0 0 1 0 1 0 1 1 0 0 0 1|0 0 0 0 0 0 1 1 0 0 0 1 1 1 0|0 0 0 0 0 0 1 0 0 0 0 1 1 1 0|0 0 1 0 0 0 0 0 0 1 1 0 0 0 0|0 0 0 1 1 0 0 0 0 0 0 0 1 1 0|0 1 1 1 0 0 0 0 0 1 0 1 1 0 1|0 1 0 0 0 0 0 0 0 0 1 1 0 0 0|0 1 1 0 0 1 0 1 0 0 1 0 0 0 0|1 1 1 0 0 1 0 0 1 1 0 1 1 0 1|0 1 0 1 1 0 0 1 1 0 1 0 1 1 0|1 0 0 1 1 0 1 1 0 0 1 1 0 0 1|0 0 0 1 1 0 1 0 0 0 0 1 0 0 0|1 0 1 0 0 0 0 1 0 0 1 0 1 0 0","0 1 0 0 1 0 1 0 0 0 0 0 0 1 0|1 0 0 0 0 1 1 0 0 0 0 1 0 1 0|0 0 0 1 0 0 0 1 0 1 0 1 1 0 0|0 0 1 0 0 1 0 1 1 1 1 0 1 1 1|1 0 0 0 0 1 1 0 0 0 0 0 0 1 0|0 1 0 1 1 0 1 1 0 0 1 1 0 1 0|1 1 0 0 1 1 0 0 0 0 0 0 0 0 0|0 0 1 1 0 1 0 0 0 0 1 1 0 0 0|0 0 0 1 0 0 0 0 0 0 0 0 0 1 1|0 0 1 1 0 0 0 0 0 0 0 1 1 0 1|0 0 0 1 0 1 0 1 0 0 0 0 0 0 0|0 1 1 0 0 1 0 1 0 1 0 0 0 1 1|0 0 1 1 0 0 0 0 0 1 0 0 0 0 0|1 1 0 1 1 1 0 0 1 0 0 1 0 0 1|0 0 0 1 0 0 0 0 1 1 0 1 0 1 0","0 1 0 0 1 0 1 0 0 0 1 0 1 1 1|1 0 0 0 0 1 1 1 1 1 1 1 0 1 0|0 0 0 1 0 1 0 1 0 1 1 1 1 0 1|0 0 1 0 0 1 1 1 1 1 1 1 1 1 1|1 0 0 0 0 1 1 0 0 0 0 1 1 1 0|0 1 1 1 1 0 1 1 0 1 1 1 0 1 0|1 1 0 1 1 1 0 0 0 0 0 0 1 1 0|0 1 1 1 0 1 0 0 0 1 1 1 1 0 1|0 1 0 1 0 0 0 0 0 0 1 1 0 1 1|0 1 1 1 0 1 0 1 0 0 1 1 1 0 1|1 1 1 1 0 1 0 1 1 1 0 1 1 0 1|0 1 1 1 1 1 0 1 1 1 1 0 1 1 1|1 0 1 1 1 0 1 1 0 1 1 1 0 0 1|1 1 0 1 1 1 1 0 1 0 0 1 0 0 1|1 0 1 1 0 0 0 1 1 1 1 1 1 1 0"
290,"ID30-15.77.1:",15,9,24515,"2, 5, 6, 7, 8, 9, 11, 12, 13, 14","1->1, 2->6, 3->3, 4->4, 5->14, 6->12, 7->2, 8->5, 9->8, 10->10, 11->7, 12->9, 13->11, 14->13, 15->15","1-11, 1-13, 1-15, 2-8, 2-9, 2-10, 2-11, 2-12, 3-6, 3-8, 3-10, 3-11, 3-15, 4-7, 4-8, 4-12, 4-13, 4-14, 5-7, 5-12, 5-13, 5-14, 6-10, 6-11, 7-13, 7-14, 8-10, 8-12, 8-13, 8-15, 9-11, 9-12, 10-11, 11-12, 11-13, 11-15, 12-13, 12-14, 13-15","1-7, 1-11, 1-15, 2-4, 2-11, 2-13, 2-14, 3-5, 3-7, 3-10, 3-12, 3-15, 4-5, 4-9, 4-11, 4-13, 5-6, 5-9, 5-10, 5-11, 5-15, 6-7, 6-8, 6-9, 6-10, 7-8, 7-9, 7-10, 7-11, 7-12, 7-15, 8-9, 9-11, 9-13, 9-14, 10-12, 11-14, 11-15, 13-14","1-7, 1-11, 1-13, 1-15, 2-4, 2-8, 2-9, 2-10, 2-11, 2-12, 2-13, 2-14, 3-5, 3-6, 3-7, 3-8, 3-10, 3-11, 3-12, 3-15, 4-5, 4-7, 4-8, 4-9, 4-11, 4-12, 4-13, 4-14, 5-6, 5-7, 5-9, 5-10, 5-11, 5-12, 5-13, 5-14, 5-15, 6-7, 6-8, 6-9, 6-10, 6-11, 7-8, 7-9, 7-10, 7-11, 7-12, 7-13, 7-14, 7-15, 8-9, 8-10, 8-12, 8-13, 8-15, 9-11, 9-12, 9-13, 9-14, 10-11, 10-12, 11-12, 11-13, 11-14, 11-15, 12-13, 12-14, 13-14, 13-15",4,4,8,"0 0 0 0 0 0 0 0 0 0 1 0 1 0 1|0 0 0 0 0 0 0 1 1 1 1 1 0 0 0|0 0 0 0 0 1 0 1 0 1 1 0 0 0 1|0 0 0 0 0 0 1 1 0 0 0 1 1 1 0|0 0 0 0 0 0 1 0 0 0 0 1 1 1 0|0 0 1 0 0 0 0 0 0 1 1 0 0 0 0|0 0 0 1 1 0 0 0 0 0 0 0 1 1 0|0 1 1 1 0 0 0 0 0 1 0 1 1 0 1|0 1 0 0 0 0 0 0 0 0 1 1 0 0 0|0 1 1 0 0 1 0 1 0 0 1 0 0 0 0|1 1 1 0 0 1 0 0 1 1 0 1 1 0 1|0 1 0 1 1 0 0 1 1 0 1 0 1 1 0|1 0 0 1 1 0 1 1 0 0 1 1 0 0 1|0 0 0 1 1 0 1 0 0 0 0 1 0 0 0|1 0 1 0 0 0 0 1 0 0 1 0 1 0 0","0 0 0 0 0 0 1 0 0 0 1 0 0 0 1|0 0 0 1 0 0 0 0 0 0 1 0 1 1 0|0 0 0 0 1 0 1 0 0 1 0 1 0 0 1|0 1 0 0 1 0 0 0 1 0 1 0 1 0 0|0 0 1 1 0 1 0 0 1 1 1 0 0 0 1|0 0 0 0 1 0 1 1 1 1 0 0 0 0 0|1 0 1 0 0 1 0 1 1 1 1 1 0 0 1|0 0 0 0 0 1 1 0 1 0 0 0 0 0 0|0 0 0 1 1 1 1 1 0 0 1 0 1 1 0|0 0 1 0 1 1 1 0 0 0 0 1 0 0 0|1 1 0 1 1 0 1 0 1 0 0 0 0 1 1|0 0 1 0 0 0 1 0 0 1 0 0 0 0 0|0 1 0 1 0 0 0 0 1 0 0 0 0 1 0|0 1 0 0 0 0 0 0 1 0 1 0 1 0 0|1 0 1 0 1 0 1 0 0 0 1 0 0 0 0","0 0 0 0 0 0 1 0 0 0 1 0 1 0 1|0 0 0 1 0 0 0 1 1 1 1 1 1 1 0|0 0 0 0 1 1 1 1 0 1 1 1 0 0 1|0 1 0 0 1 0 1 1 1 0 1 1 1 1 0|0 0 1 1 0 1 1 0 1 1 1 1 1 1 1|0 0 1 0 1 0 1 1 1 1 1 0 0 0 0|1 0 1 1 1 1 0 1 1 1 1 1 1 1 1|0 1 1 1 0 1 1 0 1 1 0 1 1 0 1|0 1 0 1 1 1 1 1 0 0 1 1 1 1 0|0 1 1 0 1 1 1 1 0 0 1 1 0 0 0|1 1 1 1 1 1 1 0 1 1 0 1 1 1 1|0 1 1 1 1 0 1 1 1 1 1 0 1 1 0|1 1 0 1 1 0 1 1 1 0 1 1 0 1 1|0 1 0 1 1 0 1 0 1 0 1 1 1 0 0|1 0 1 0 1 0 1 1 0 0 1 0 1 0 0"
291,"ID30-15.77.1:",15,10,25515,"1, 2, 3, 4, 7, 8, 9, 11, 13, 15","1->2, 2->15, 3->9, 4->3, 5->5, 6->6, 7->13, 8->4, 9->7, 10->10, 11->8, 12->12, 13->1, 14->14, 15->11","1-11, 1-13, 1-15, 2-8, 2-9, 2-10, 2-11, 2-12, 3-6, 3-8, 3-10, 3-11, 3-15, 4-7, 4-8, 4-12, 4-13, 4-14, 5-7, 5-12, 5-13, 5-14, 6-10, 6-11, 7-13, 7-14, 8-10, 8-12, 8-13, 8-15, 9-11, 9-12, 10-11, 11-12, 11-13, 11-15, 12-13, 12-14, 13-15","1-2, 1-3, 1-4, 1-5, 1-8, 1-11, 1-12, 1-13, 2-8, 2-11, 3-4, 3-12, 3-13, 3-14, 4-9, 4-10, 4-11, 4-12, 4-15, 5-12, 5-13, 5-14, 6-8, 6-9, 6-10, 7-8, 7-12, 7-15, 8-9, 8-10, 8-11, 8-12, 8-15, 9-10, 9-11, 10-15, 12-14, 12-15, 13-14","1-2, 1-3, 1-4, 1-5, 1-8, 1-11, 1-12, 1-13, 1-15, 2-8, 2-9, 2-10, 2-11, 2-12, 3-4, 3-6, 3-8, 3-10, 3-11, 3-12, 3-13, 3-14, 3-15, 4-7, 4-8, 4-9, 4-10, 4-11, 4-12, 4-13, 4-14, 4-15, 5-7, 5-12, 5-13, 5-14, 6-8, 6-9, 6-10, 6-11, 7-8, 7-12, 7-13, 7-14, 7-15, 8-9, 8-10, 8-11, 8-12, 8-13, 8-15, 9-10, 9-11, 9-12, 10-11, 10-15, 11-12, 11-13, 11-15, 12-13, 12-14, 12-15, 13-14, 13-15",4,4,8,"0 0 0 0 0 0 0 0 0 0 1 0 1 0 1|0 0 0 0 0 0 0 1 1 1 1 1 0 0 0|0 0 0 0 0 1 0 1 0 1 1 0 0 0 1|0 0 0 0 0 0 1 1 0 0 0 1 1 1 0|0 0 0 0 0 0 1 0 0 0 0 1 1 1 0|0 0 1 0 0 0 0 0 0 1 1 0 0 0 0|0 0 0 1 1 0 0 0 0 0 0 0 1 1 0|0 1 1 1 0 0 0 0 0 1 0 1 1 0 1|0 1 0 0 0 0 0 0 0 0 1 1 0 0 0|0 1 1 0 0 1 0 1 0 0 1 0 0 0 0|1 1 1 0 0 1 0 0 1 1 0 1 1 0 1|0 1 0 1 1 0 0 1 1 0 1 0 1 1 0|1 0 0 1 1 0 1 1 0 0 1 1 0 0 1|0 0 0 1 1 0 1 0 0 0 0 1 0 0 0|1 0 1 0 0 0 0 1 0 0 1 0 1 0 0","0 1 1 1 1 0 0 1 0 0 1 1 1 0 0|1 0 0 0 0 0 0 1 0 0 1 0 0 0 0|1 0 0 1 0 0 0 0 0 0 0 1 1 1 0|1 0 1 0 0 0 0 0 1 1 1 1 0 0 1|1 0 0 0 0 0 0 0 0 0 0 1 1 1 0|0 0 0 0 0 0 0 1 1 1 0 0 0 0 0|0 0 0 0 0 0 0 1 0 0 0 1 0 0 1|1 1 0 0 0 1 1 0 1 1 1 1 0 0 1|0 0 0 1 0 1 0 1 0 1 1 0 0 0 0|0 0 0 1 0 1 0 1 1 0 0 0 0 0 1|1 1 0 1 0 0 0 1 1 0 0 0 0 0 0|1 0 1 1 1 0 1 1 0 0 0 0 0 1 1|1 0 1 0 1 0 0 0 0 0 0 0 0 1 0|0 0 1 0 1 0 0 0 0 0 0 1 1 0 0|0 0 0 1 0 0 1 1 0 1 0 1 0 0 0","0 1 1 1 1 0 0 1 0 0 1 1 1 0 1|1 0 0 0 0 0 0 1 1 1 1 1 0 0 0|1 0 0 1 0 1 0 1 0 1 1 1 1 1 1|1 0 1 0 0 0 1 1 1 1 1 1 1 1 1|1 0 0 0 0 0 1 0 0 0 0 1 1 1 0|0 0 1 0 0 0 0 1 1 1 1 0 0 0 0|0 0 0 1 1 0 0 1 0 0 0 1 1 1 1|1 1 1 1 0 1 1 0 1 1 1 1 1 0 1|0 1 0 1 0 1 0 1 0 1 1 1 0 0 0|0 1 1 1 0 1 0 1 1 0 1 0 0 0 1|1 1 1 1 0 1 0 1 1 1 0 1 1 0 1|1 1 1 1 1 0 1 1 1 0 1 0 1 1 1|1 0 1 1 1 0 1 1 0 0 1 1 0 1 1|0 0 1 1 1 0 1 0 0 0 0 1 1 0 0|1 0 1 1 0 0 1 1 0 1 1 1 1 0 0"
292,"ID31-15.77.2:",15,1,4141,"2, 6, 7, 8, 9, 10, 11, 12, 13, 15","1->1, 2->9, 3->3, 4->4, 5->5, 6->13, 7->2, 8->10, 9->11, 10->12, 11->7, 12->15, 13->8, 14->14, 15->6","1-6, 1-7, 1-9, 1-12, 2-7, 2-10, 2-13, 2-15, 3-8, 3-10, 3-14, 3-15, 4-8, 4-10, 4-13, 4-14, 4-15, 5-9, 5-11, 5-13, 6-7, 6-12, 6-15, 7-9, 7-13, 7-15, 8-14, 8-15, 9-11, 9-12, 9-13, 9-15, 10-13, 10-14, 10-15, 11-13, 11-15, 12-15, 13-15","1-2, 1-11, 1-13, 1-15, 2-6, 2-8, 2-9, 2-11, 2-13, 3-6, 3-10, 3-12, 3-14, 4-6, 4-8, 4-10, 4-12, 4-14, 5-7, 5-8, 5-11, 6-7, 6-8, 6-9, 6-10, 6-11, 6-12, 6-13, 6-15, 7-8, 7-11, 8-9, 8-11, 8-12, 9-12, 10-14, 11-15, 12-14, 13-15","1-2, 1-6, 1-7, 1-9, 1-11, 1-12, 1-13, 1-15, 2-6, 2-7, 2-8, 2-9, 2-10, 2-11, 2-13, 2-15, 3-6, 3-8, 3-10, 3-12, 3-14, 3-15, 4-6, 4-8, 4-10, 4-12, 4-13, 4-14, 4-15, 5-7, 5-8, 5-9, 5-11, 5-13, 6-7, 6-8, 6-9, 6-10, 6-11, 6-12, 6-13, 6-15, 7-8, 7-9, 7-11, 7-13, 7-15, 8-9, 8-11, 8-12, 8-14, 8-15, 9-11, 9-12, 9-13, 9-15, 10-13, 10-14, 10-15, 11-13, 11-15, 12-14, 12-15, 13-15",4,4,8,"0 0 0 0 0 1 1 0 1 0 0 1 0 0 0|0 0 0 0 0 0 1 0 0 1 0 0 1 0 1|0 0 0 0 0 0 0 1 0 1 0 0 0 1 1|0 0 0 0 0 0 0 1 0 1 0 0 1 1 1|0 0 0 0 0 0 0 0 1 0 1 0 1 0 0|1 0 0 0 0 0 1 0 0 0 0 1 0 0 1|1 1 0 0 0 1 0 0 1 0 0 0 1 0 1|0 0 1 1 0 0 0 0 0 0 0 0 0 1 1|1 0 0 0 1 0 1 0 0 0 1 1 1 0 1|0 1 1 1 0 0 0 0 0 0 0 0 1 1 1|0 0 0 0 1 0 0 0 1 0 0 0 1 0 1|1 0 0 0 0 1 0 0 1 0 0 0 0 0 1|0 1 0 1 1 0 1 0 1 1 1 0 0 0 1|0 0 1 1 0 0 0 1 0 1 0 0 0 0 0|0 1 1 1 0 1 1 1 1 1 1 1 1 0 0","0 1 0 0 0 0 0 0 0 0 1 0 1 0 1|1 0 0 0 0 1 0 1 1 0 1 0 1 0 0|0 0 0 0 0 1 0 0 0 1 0 1 0 1 0|0 0 0 0 0 1 0 1 0 1 0 1 0 1 0|0 0 0 0 0 0 1 1 0 0 1 0 0 0 0|0 1 1 1 0 0 1 1 1 1 1 1 1 0 1|0 0 0 0 1 1 0 1 0 0 1 0 0 0 0|0 1 0 1 1 1 1 0 1 0 1 1 0 0 0|0 1 0 0 0 1 0 1 0 0 0 1 0 0 0|0 0 1 1 0 1 0 0 0 0 0 0 0 1 0|1 1 0 0 1 1 1 1 0 0 0 0 0 0 1|0 0 1 1 0 1 0 1 1 0 0 0 0 1 0|1 1 0 0 0 1 0 0 0 0 0 0 0 0 1|0 0 1 1 0 0 0 0 0 1 0 1 0 0 0|1 0 0 0 0 1 0 0 0 0 1 0 1 0 0","0 1 0 0 0 1 1 0 1 0 1 1 1 0 1|1 0 0 0 0 1 1 1 1 1 1 0 1 0 1|0 0 0 0 0 1 0 1 0 1 0 1 0 1 1|0 0 0 0 0 1 0 1 0 1 0 1 1 1 1|0 0 0 0 0 0 1 1 1 0 1 0 1 0 0|1 1 1 1 0 0 1 1 1 1 1 1 1 0 1|1 1 0 0 1 1 0 1 1 0 1 0 1 0 1|0 1 1 1 1 1 1 0 1 0 1 1 0 1 1|1 1 0 0 1 1 1 1 0 0 1 1 1 0 1|0 1 1 1 0 1 0 0 0 0 0 0 1 1 1|1 1 0 0 1 1 1 1 1 0 0 0 1 0 1|1 0 1 1 0 1 0 1 1 0 0 0 0 1 1|1 1 0 1 1 1 1 0 1 1 1 0 0 0 1|0 0 1 1 0 0 0 1 0 1 0 1 0 0 0|1 1 1 1 0 1 1 1 1 1 1 1 1 0 0"
293,"ID31-15.77.2:",15,2,5724,"1, 2, 4, 6, 7, 9, 10, 11, 13, 15","1->13, 2->10, 3->3, 4->2, 5->5, 6->7, 7->1, 8->8, 9->6, 10->11, 11->9, 12->12, 13->15, 14->14, 15->4","1-6, 1-7, 1-9, 1-12, 2-7, 2-10, 2-13, 2-15, 3-8, 3-10, 3-14, 3-15, 4-8, 4-10, 4-13, 4-14, 4-15, 5-9, 5-11, 5-13, 6-7, 6-12, 6-15, 7-9, 7-13, 7-15, 8-14, 8-15, 9-11, 9-12, 9-13, 9-15, 10-13, 10-14, 10-15, 11-13, 11-15, 12-15, 13-15","1-4, 1-6, 1-7, 1-10, 1-13, 1-15, 2-4, 2-8, 2-11, 2-14, 2-15, 3-4, 3-8, 3-11, 3-14, 4-6, 4-7, 4-8, 4-9, 4-10, 4-11, 4-12, 4-15, 5-6, 5-9, 5-15, 6-9, 6-12, 6-13, 6-15, 7-12, 7-13, 8-14, 9-15, 10-11, 10-15, 11-14, 11-15, 12-13","1-4, 1-6, 1-7, 1-9, 1-10, 1-12, 1-13, 1-15, 2-4, 2-7, 2-8, 2-10, 2-11, 2-13, 2-14, 2-15, 3-4, 3-8, 3-10, 3-11, 3-14, 3-15, 4-6, 4-7, 4-8, 4-9, 4-10, 4-11, 4-12, 4-13, 4-14, 4-15, 5-6, 5-9, 5-11, 5-13, 5-15, 6-7, 6-9, 6-12, 6-13, 6-15, 7-9, 7-12, 7-13, 7-15, 8-14, 8-15, 9-11, 9-12, 9-13, 9-15, 10-11, 10-13, 10-14, 10-15, 11-13, 11-14, 11-15, 12-13, 12-15, 13-15",4,4,8,"0 0 0 0 0 1 1 0 1 0 0 1 0 0 0|0 0 0 0 0 0 1 0 0 1 0 0 1 0 1|0 0 0 0 0 0 0 1 0 1 0 0 0 1 1|0 0 0 0 0 0 0 1 0 1 0 0 1 1 1|0 0 0 0 0 0 0 0 1 0 1 0 1 0 0|1 0 0 0 0 0 1 0 0 0 0 1 0 0 1|1 1 0 0 0 1 0 0 1 0 0 0 1 0 1|0 0 1 1 0 0 0 0 0 0 0 0 0 1 1|1 0 0 0 1 0 1 0 0 0 1 1 1 0 1|0 1 1 1 0 0 0 0 0 0 0 0 1 1 1|0 0 0 0 1 0 0 0 1 0 0 0 1 0 1|1 0 0 0 0 1 0 0 1 0 0 0 0 0 1|0 1 0 1 1 0 1 0 1 1 1 0 0 0 1|0 0 1 1 0 0 0 1 0 1 0 0 0 0 0|0 1 1 1 0 1 1 1 1 1 1 1 1 0 0","0 0 0 1 0 1 1 0 0 1 0 0 1 0 1|0 0 0 1 0 0 0 1 0 0 1 0 0 1 1|0 0 0 1 0 0 0 1 0 0 1 0 0 1 0|1 1 1 0 0 1 1 1 1 1 1 1 0 0 1|0 0 0 0 0 1 0 0 1 0 0 0 0 0 1|1 0 0 1 1 0 0 0 1 0 0 1 1 0 1|1 0 0 1 0 0 0 0 0 0 0 1 1 0 0|0 1 1 1 0 0 0 0 0 0 0 0 0 1 0|0 0 0 1 1 1 0 0 0 0 0 0 0 0 1|1 0 0 1 0 0 0 0 0 0 1 0 0 0 1|0 1 1 1 0 0 0 0 0 1 0 0 0 1 1|0 0 0 1 0 1 1 0 0 0 0 0 1 0 0|1 0 0 0 0 1 1 0 0 0 0 1 0 0 0|0 1 1 0 0 0 0 1 0 0 1 0 0 0 0|1 1 0 1 1 1 0 0 1 1 1 0 0 0 0","0 0 0 1 0 1 1 0 1 1 0 1 1 0 1|0 0 0 1 0 0 1 1 0 1 1 0 1 1 1|0 0 0 1 0 0 0 1 0 1 1 0 0 1 1|1 1 1 0 0 1 1 1 1 1 1 1 1 1 1|0 0 0 0 0 1 0 0 1 0 1 0 1 0 1|1 0 0 1 1 0 1 0 1 0 0 1 1 0 1|1 1 0 1 0 1 0 0 1 0 0 1 1 0 1|0 1 1 1 0 0 0 0 0 0 0 0 0 1 1|1 0 0 1 1 1 1 0 0 0 1 1 1 0 1|1 1 1 1 0 0 0 0 0 0 1 0 1 1 1|0 1 1 1 1 0 0 0 1 1 0 0 1 1 1|1 0 0 1 0 1 1 0 1 0 0 0 1 0 1|1 1 0 1 1 1 1 0 1 1 1 1 0 0 1|0 1 1 1 0 0 0 1 0 1 1 0 0 0 0|1 1 1 1 1 1 1 1 1 1 1 1 1 0 0"
294,"ID31-15.77.2:",15,3,8163,"1, 2, 4, 5, 6, 7, 9, 11, 12, 15","1->5, 2->6, 3->3, 4->9, 5->7, 6->15, 7->1, 8->8, 9->11, 10->10, 11->12, 12->4, 13->13, 14->14, 15->2","1-6, 1-7, 1-9, 1-12, 2-7, 2-10, 2-13, 2-15, 3-8, 3-10, 3-14, 3-15, 4-8, 4-10, 4-13, 4-14, 4-15, 5-9, 5-11, 5-13, 6-7, 6-12, 6-15, 7-9, 7-13, 7-15, 8-14, 8-15, 9-11, 9-12, 9-13, 9-15, 10-13, 10-14, 10-15, 11-13, 11-15, 12-15, 13-15","1-2, 1-5, 1-6, 1-11, 1-13, 1-15, 2-3, 2-4, 2-6, 2-8, 2-9, 2-10, 2-11, 2-12, 2-13, 2-15, 3-8, 3-10, 3-14, 4-5, 4-11, 4-15, 5-11, 5-15, 6-10, 6-13, 7-11, 7-12, 7-13, 8-9, 8-14, 9-10, 9-13, 9-14, 10-13, 10-14, 11-12, 11-13, 12-13","1-2, 1-5, 1-6, 1-7, 1-9, 1-11, 1-12, 1-13, 1-15, 2-3, 2-4, 2-6, 2-7, 2-8, 2-9, 2-10, 2-11, 2-12, 2-13, 2-15, 3-8, 3-10, 3-14, 3-15, 4-5, 4-8, 4-10, 4-11, 4-13, 4-14, 4-15, 5-9, 5-11, 5-13, 5-15, 6-7, 6-10, 6-12, 6-13, 6-15, 7-9, 7-11, 7-12, 7-13, 7-15, 8-9, 8-14, 8-15, 9-10, 9-11, 9-12, 9-13, 9-14, 9-15, 10-13, 10-14, 10-15, 11-12, 11-13, 11-15, 12-13, 12-15, 13-15",4,4,8,"0 0 0 0 0 1 1 0 1 0 0 1 0 0 0|0 0 0 0 0 0 1 0 0 1 0 0 1 0 1|0 0 0 0 0 0 0 1 0 1 0 0 0 1 1|0 0 0 0 0 0 0 1 0 1 0 0 1 1 1|0 0 0 0 0 0 0 0 1 0 1 0 1 0 0|1 0 0 0 0 0 1 0 0 0 0 1 0 0 1|1 1 0 0 0 1 0 0 1 0 0 0 1 0 1|0 0 1 1 0 0 0 0 0 0 0 0 0 1 1|1 0 0 0 1 0 1 0 0 0 1 1 1 0 1|0 1 1 1 0 0 0 0 0 0 0 0 1 1 1|0 0 0 0 1 0 0 0 1 0 0 0 1 0 1|1 0 0 0 0 1 0 0 1 0 0 0 0 0 1|0 1 0 1 1 0 1 0 1 1 1 0 0 0 1|0 0 1 1 0 0 0 1 0 1 0 0 0 0 0|0 1 1 1 0 1 1 1 1 1 1 1 1 0 0","0 1 0 0 1 1 0 0 0 0 1 0 1 0 1|1 0 1 1 0 1 0 1 1 1 1 1 1 0 1|0 1 0 0 0 0 0 1 0 1 0 0 0 1 0|0 1 0 0 1 0 0 0 0 0 1 0 0 0 1|1 0 0 1 0 0 0 0 0 0 1 0 0 0 1|1 1 0 0 0 0 0 0 0 1 0 0 1 0 0|0 0 0 0 0 0 0 0 0 0 1 1 1 0 0|0 1 1 0 0 0 0 0 1 0 0 0 0 1 0|0 1 0 0 0 0 0 1 0 1 0 0 1 1 0|0 1 1 0 0 1 0 0 1 0 0 0 1 1 0|1 1 0 1 1 0 1 0 0 0 0 1 1 0 0|0 1 0 0 0 0 1 0 0 0 1 0 1 0 0|1 1 0 0 0 1 1 0 1 1 1 1 0 0 0|0 0 1 0 0 0 0 1 1 1 0 0 0 0 0|1 1 0 1 1 0 0 0 0 0 0 0 0 0 0","0 1 0 0 1 1 1 0 1 0 1 1 1 0 1|1 0 1 1 0 1 1 1 1 1 1 1 1 0 1|0 1 0 0 0 0 0 1 0 1 0 0 0 1 1|0 1 0 0 1 0 0 1 0 1 1 0 1 1 1|1 0 0 1 0 0 0 0 1 0 1 0 1 0 1|1 1 0 0 0 0 1 0 0 1 0 1 1 0 1|1 1 0 0 0 1 0 0 1 0 1 1 1 0 1|0 1 1 1 0 0 0 0 1 0 0 0 0 1 1|1 1 0 0 1 0 1 1 0 1 1 1 1 1 1|0 1 1 1 0 1 0 0 1 0 0 0 1 1 1|1 1 0 1 1 0 1 0 1 0 0 1 1 0 1|1 1 0 0 0 1 1 0 1 0 1 0 1 0 1|1 1 0 1 1 1 1 0 1 1 1 1 0 0 1|0 0 1 1 0 0 0 1 1 1 0 0 0 0 0|1 1 1 1 1 1 1 1 1 1 1 1 1 0 0"
295,"ID31-15.77.2:",15,4,10038,"1, 2, 4, 5, 7, 8, 9, 10, 13, 15","1->15, 2->10, 3->3, 4->5, 5->13, 6->6, 7->9, 8->1, 9->2, 10->7, 11->11, 12->12, 13->8, 14->14, 15->4","1-6, 1-7, 1-9, 1-12, 2-7, 2-10, 2-13, 2-15, 3-8, 3-10, 3-14, 3-15, 4-8, 4-10, 4-13, 4-14, 4-15, 5-9, 5-11, 5-13, 6-7, 6-12, 6-15, 7-9, 7-13, 7-15, 8-14, 8-15, 9-11, 9-12, 9-13, 9-15, 10-13, 10-14, 10-15, 11-13, 11-15, 12-15, 13-15","1-3, 1-4, 1-5, 1-14, 2-4, 2-8, 2-9, 2-11, 2-12, 2-13, 2-15, 3-4, 3-7, 3-14, 4-5, 4-6, 4-7, 4-8, 4-9, 4-10, 4-11, 4-12, 5-7, 5-8, 5-14, 6-9, 6-12, 6-15, 7-8, 7-10, 7-14, 8-9, 8-10, 8-11, 8-13, 9-10, 9-15, 11-13, 12-15","1-3, 1-4, 1-5, 1-6, 1-7, 1-9, 1-12, 1-14, 2-4, 2-7, 2-8, 2-9, 2-10, 2-11, 2-12, 2-13, 2-15, 3-4, 3-7, 3-8, 3-10, 3-14, 3-15, 4-5, 4-6, 4-7, 4-8, 4-9, 4-10, 4-11, 4-12, 4-13, 4-14, 4-15, 5-7, 5-8, 5-9, 5-11, 5-13, 5-14, 6-7, 6-9, 6-12, 6-15, 7-8, 7-9, 7-10, 7-13, 7-14, 7-15, 8-9, 8-10, 8-11, 8-13, 8-14, 8-15, 9-10, 9-11, 9-12, 9-13, 9-15, 10-13, 10-14, 10-15, 11-13, 11-15, 12-15, 13-15",4,4,8,"0 0 0 0 0 1 1 0 1 0 0 1 0 0 0|0 0 0 0 0 0 1 0 0 1 0 0 1 0 1|0 0 0 0 0 0 0 1 0 1 0 0 0 1 1|0 0 0 0 0 0 0 1 0 1 0 0 1 1 1|0 0 0 0 0 0 0 0 1 0 1 0 1 0 0|1 0 0 0 0 0 1 0 0 0 0 1 0 0 1|1 1 0 0 0 1 0 0 1 0 0 0 1 0 1|0 0 1 1 0 0 0 0 0 0 0 0 0 1 1|1 0 0 0 1 0 1 0 0 0 1 1 1 0 1|0 1 1 1 0 0 0 0 0 0 0 0 1 1 1|0 0 0 0 1 0 0 0 1 0 0 0 1 0 1|1 0 0 0 0 1 0 0 1 0 0 0 0 0 1|0 1 0 1 1 0 1 0 1 1 1 0 0 0 1|0 0 1 1 0 0 0 1 0 1 0 0 0 0 0|0 1 1 1 0 1 1 1 1 1 1 1 1 0 0","0 0 1 1 1 0 0 0 0 0 0 0 0 1 0|0 0 0 1 0 0 0 1 1 0 1 1 1 0 1|1 0 0 1 0 0 1 0 0 0 0 0 0 1 0|1 1 1 0 1 1 1 1 1 1 1 1 0 0 0|1 0 0 1 0 0 1 1 0 0 0 0 0 1 0|0 0 0 1 0 0 0 0 1 0 0 1 0 0 1|0 0 1 1 1 0 0 1 0 1 0 0 0 1 0|0 1 0 1 1 0 1 0 1 1 1 0 1 0 0|0 1 0 1 0 1 0 1 0 1 0 0 0 0 1|0 0 0 1 0 0 1 1 1 0 0 0 0 0 0|0 1 0 1 0 0 0 1 0 0 0 0 1 0 0|0 1 0 1 0 1 0 0 0 0 0 0 0 0 1|0 1 0 0 0 0 0 1 0 0 1 0 0 0 0|1 0 1 0 1 0 1 0 0 0 0 0 0 0 0|0 1 0 0 0 1 0 0 1 0 0 1 0 0 0","0 0 1 1 1 1 1 0 1 0 0 1 0 1 0|0 0 0 1 0 0 1 1 1 1 1 1 1 0 1|1 0 0 1 0 0 1 1 0 1 0 0 0 1 1|1 1 1 0 1 1 1 1 1 1 1 1 1 1 1|1 0 0 1 0 0 1 1 1 0 1 0 1 1 0|1 0 0 1 0 0 1 0 1 0 0 1 0 0 1|1 1 1 1 1 1 0 1 1 1 0 0 1 1 1|0 1 1 1 1 0 1 0 1 1 1 0 1 1 1|1 1 0 1 1 1 1 1 0 1 1 1 1 0 1|0 1 1 1 0 0 1 1 1 0 0 0 1 1 1|0 1 0 1 1 0 0 1 1 0 0 0 1 0 1|1 1 0 1 0 1 0 0 1 0 0 0 0 0 1|0 1 0 1 1 0 1 1 1 1 1 0 0 0 1|1 0 1 1 1 0 1 1 0 1 0 0 0 0 0|0 1 1 1 0 1 1 1 1 1 1 1 1 0 0"
296,"ID31-15.77.2:",15,5,10292,"2, 4, 5, 6, 9, 10, 11, 13, 14, 15","1->1, 2->11, 3->3, 4->6, 5->10, 6->13, 7->7, 8->8, 9->5, 10->9, 11->15, 12->12, 13->4, 14->2, 15->14","1-6, 1-7, 1-9, 1-12, 2-7, 2-10, 2-13, 2-15, 3-8, 3-10, 3-14, 3-15, 4-8, 4-10, 4-13, 4-14, 4-15, 5-9, 5-11, 5-13, 6-7, 6-12, 6-15, 7-9, 7-13, 7-15, 8-14, 8-15, 9-11, 9-12, 9-13, 9-15, 10-13, 10-14, 10-15, 11-13, 11-15, 12-15, 13-15","1-5, 1-7, 1-12, 1-13, 2-3, 2-6, 2-8, 2-9, 3-8, 3-9, 3-14, 4-5, 4-6, 4-7, 4-9, 4-10, 4-11, 4-14, 4-15, 5-7, 5-10, 5-12, 5-14, 5-15, 6-8, 6-9, 6-14, 7-11, 7-13, 7-14, 8-14, 9-11, 9-14, 10-15, 11-14, 12-13, 12-14, 13-14, 14-15","1-5, 1-6, 1-7, 1-9, 1-12, 1-13, 2-3, 2-6, 2-7, 2-8, 2-9, 2-10, 2-13, 2-15, 3-8, 3-9, 3-10, 3-14, 3-15, 4-5, 4-6, 4-7, 4-8, 4-9, 4-10, 4-11, 4-13, 4-14, 4-15, 5-7, 5-9, 5-10, 5-11, 5-12, 5-13, 5-14, 5-15, 6-7, 6-8, 6-9, 6-12, 6-14, 6-15, 7-9, 7-11, 7-13, 7-14, 7-15, 8-14, 8-15, 9-11, 9-12, 9-13, 9-14, 9-15, 10-13, 10-14, 10-15, 11-13, 11-14, 11-15, 12-13, 12-14, 12-15, 13-14, 13-15, 14-15",4,4,8,"0 0 0 0 0 1 1 0 1 0 0 1 0 0 0|0 0 0 0 0 0 1 0 0 1 0 0 1 0 1|0 0 0 0 0 0 0 1 0 1 0 0 0 1 1|0 0 0 0 0 0 0 1 0 1 0 0 1 1 1|0 0 0 0 0 0 0 0 1 0 1 0 1 0 0|1 0 0 0 0 0 1 0 0 0 0 1 0 0 1|1 1 0 0 0 1 0 0 1 0 0 0 1 0 1|0 0 1 1 0 0 0 0 0 0 0 0 0 1 1|1 0 0 0 1 0 1 0 0 0 1 1 1 0 1|0 1 1 1 0 0 0 0 0 0 0 0 1 1 1|0 0 0 0 1 0 0 0 1 0 0 0 1 0 1|1 0 0 0 0 1 0 0 1 0 0 0 0 0 1|0 1 0 1 1 0 1 0 1 1 1 0 0 0 1|0 0 1 1 0 0 0 1 0 1 0 0 0 0 0|0 1 1 1 0 1 1 1 1 1 1 1 1 0 0","0 0 0 0 1 0 1 0 0 0 0 1 1 0 0|0 0 1 0 0 1 0 1 1 0 0 0 0 0 0|0 1 0 0 0 0 0 1 1 0 0 0 0 1 0|0 0 0 0 1 1 1 0 1 1 1 0 0 1 1|1 0 0 1 0 0 1 0 0 1 0 1 0 1 1|0 1 0 1 0 0 0 1 1 0 0 0 0 1 0|1 0 0 1 1 0 0 0 0 0 1 0 1 1 0|0 1 1 0 0 1 0 0 0 0 0 0 0 1 0|0 1 1 1 0 1 0 0 0 0 1 0 0 1 0|0 0 0 1 1 0 0 0 0 0 0 0 0 0 1|0 0 0 1 0 0 1 0 1 0 0 0 0 1 0|1 0 0 0 1 0 0 0 0 0 0 0 1 1 0|1 0 0 0 0 0 1 0 0 0 0 1 0 1 0|0 0 1 1 1 1 1 1 1 0 1 1 1 0 1|0 0 0 1 1 0 0 0 0 1 0 0 0 1 0","0 0 0 0 1 1 1 0 1 0 0 1 1 0 0|0 0 1 0 0 1 1 1 1 1 0 0 1 0 1|0 1 0 0 0 0 0 1 1 1 0 0 0 1 1|0 0 0 0 1 1 1 1 1 1 1 0 1 1 1|1 0 0 1 0 0 1 0 1 1 1 1 1 1 1|1 1 0 1 0 0 1 1 1 0 0 1 0 1 1|1 1 0 1 1 1 0 0 1 0 1 0 1 1 1|0 1 1 1 0 1 0 0 0 0 0 0 0 1 1|1 1 1 1 1 1 1 0 0 0 1 1 1 1 1|0 1 1 1 1 0 0 0 0 0 0 0 1 1 1|0 0 0 1 1 0 1 0 1 0 0 0 1 1 1|1 0 0 0 1 1 0 0 1 0 0 0 1 1 1|1 1 0 1 1 0 1 0 1 1 1 1 0 1 1|0 0 1 1 1 1 1 1 1 1 1 1 1 0 1|0 1 1 1 1 1 1 1 1 1 1 1 1 1 0"
297,"ID31-15.77.2:",15,6,13098,"1, 2, 3, 4, 7, 8, 9, 11, 13, 15","1->3, 2->15, 3->9, 4->11, 5->5, 6->6, 7->4, 8->2, 9->8, 10->10, 11->13, 12->12, 13->7, 14->14, 15->1","1-6, 1-7, 1-9, 1-12, 2-7, 2-10, 2-13, 2-15, 3-8, 3-10, 3-14, 3-15, 4-8, 4-10, 4-13, 4-14, 4-15, 5-9, 5-11, 5-13, 6-7, 6-12, 6-15, 7-9, 7-13, 7-15, 8-14, 8-15, 9-11, 9-12, 9-13, 9-15, 10-13, 10-14, 10-15, 11-13, 11-15, 12-15, 13-15","1-2, 1-4, 1-6, 1-7, 1-8, 1-9, 1-10, 1-11, 1-12, 1-13, 1-15, 2-9, 2-11, 2-14, 3-4, 3-6, 3-8, 3-12, 4-6, 4-7, 4-8, 4-15, 5-7, 5-8, 5-13, 6-12, 7-8, 7-10, 7-11, 7-13, 7-15, 8-12, 8-13, 9-10, 9-14, 10-11, 10-14, 10-15, 11-14","1-2, 1-4, 1-6, 1-7, 1-8, 1-9, 1-10, 1-11, 1-12, 1-13, 1-15, 2-7, 2-9, 2-10, 2-11, 2-13, 2-14, 2-15, 3-4, 3-6, 3-8, 3-10, 3-12, 3-14, 3-15, 4-6, 4-7, 4-8, 4-10, 4-13, 4-14, 4-15, 5-7, 5-8, 5-9, 5-11, 5-13, 6-7, 6-12, 6-15, 7-8, 7-9, 7-10, 7-11, 7-13, 7-15, 8-12, 8-13, 8-14, 8-15, 9-10, 9-11, 9-12, 9-13, 9-14, 9-15, 10-11, 10-13, 10-14, 10-15, 11-13, 11-14, 11-15, 12-15, 13-15",4,4,8,"0 0 0 0 0 1 1 0 1 0 0 1 0 0 0|0 0 0 0 0 0 1 0 0 1 0 0 1 0 1|0 0 0 0 0 0 0 1 0 1 0 0 0 1 1|0 0 0 0 0 0 0 1 0 1 0 0 1 1 1|0 0 0 0 0 0 0 0 1 0 1 0 1 0 0|1 0 0 0 0 0 1 0 0 0 0 1 0 0 1|1 1 0 0 0 1 0 0 1 0 0 0 1 0 1|0 0 1 1 0 0 0 0 0 0 0 0 0 1 1|1 0 0 0 1 0 1 0 0 0 1 1 1 0 1|0 1 1 1 0 0 0 0 0 0 0 0 1 1 1|0 0 0 0 1 0 0 0 1 0 0 0 1 0 1|1 0 0 0 0 1 0 0 1 0 0 0 0 0 1|0 1 0 1 1 0 1 0 1 1 1 0 0 0 1|0 0 1 1 0 0 0 1 0 1 0 0 0 0 0|0 1 1 1 0 1 1 1 1 1 1 1 1 0 0","0 1 0 1 0 1 1 1 1 1 1 1 1 0 1|1 0 0 0 0 0 0 0 1 0 1 0 0 1 0|0 0 0 1 0 1 0 1 0 0 0 1 0 0 0|1 0 1 0 0 1 1 1 0 0 0 0 0 0 1|0 0 0 0 0 0 1 1 0 0 0 0 1 0 0|1 0 1 1 0 0 0 0 0 0 0 1 0 0 0|1 0 0 1 1 0 0 1 0 1 1 0 1 0 1|1 0 1 1 1 0 1 0 0 0 0 1 1 0 0|1 1 0 0 0 0 0 0 0 1 0 0 0 1 0|1 0 0 0 0 0 1 0 1 0 1 0 0 1 1|1 1 0 0 0 0 1 0 0 1 0 0 0 1 0|1 0 1 0 0 1 0 1 0 0 0 0 0 0 0|1 0 0 0 1 0 1 1 0 0 0 0 0 0 0|0 1 0 0 0 0 0 0 1 1 1 0 0 0 0|1 0 0 1 0 0 1 0 0 1 0 0 0 0 0","0 1 0 1 0 1 1 1 1 1 1 1 1 0 1|1 0 0 0 0 0 1 0 1 1 1 0 1 1 1|0 0 0 1 0 1 0 1 0 1 0 1 0 1 1|1 0 1 0 0 1 1 1 0 1 0 0 1 1 1|0 0 0 0 0 0 1 1 1 0 1 0 1 0 0|1 0 1 1 0 0 1 0 0 0 0 1 0 0 1|1 1 0 1 1 1 0 1 1 1 1 0 1 0 1|1 0 1 1 1 0 1 0 0 0 0 1 1 1 1|1 1 0 0 1 0 1 0 0 1 1 1 1 1 1|1 1 1 1 0 0 1 0 1 0 1 0 1 1 1|1 1 0 0 1 0 1 0 1 1 0 0 1 1 1|1 0 1 0 0 1 0 1 1 0 0 0 0 0 1|1 1 0 1 1 0 1 1 1 1 1 0 0 0 1|0 1 1 1 0 0 0 1 1 1 1 0 0 0 0|1 1 1 1 0 1 1 1 1 1 1 1 1 0 0"
298,"ID31-15.77.2:",15,7,14495,"2, 3, 4, 5, 7, 8, 9, 11, 13, 15","1->1, 2->9, 3->15, 4->7, 5->13, 6->6, 7->2, 8->5, 9->4, 10->10, 11->3, 12->12, 13->8, 14->14, 15->11","1-6, 1-7, 1-9, 1-12, 2-7, 2-10, 2-13, 2-15, 3-8, 3-10, 3-14, 3-15, 4-8, 4-10, 4-13, 4-14, 4-15, 5-9, 5-11, 5-13, 6-7, 6-12, 6-15, 7-9, 7-13, 7-15, 8-14, 8-15, 9-11, 9-12, 9-13, 9-15, 10-13, 10-14, 10-15, 11-13, 11-15, 12-15, 13-15","1-2, 1-4, 1-6, 1-12, 2-4, 2-6, 2-8, 2-9, 2-11, 3-4, 3-8, 3-11, 3-13, 4-8, 4-11, 4-12, 4-13, 5-7, 5-11, 5-14, 5-15, 6-11, 6-12, 7-8, 7-10, 7-11, 7-14, 8-9, 8-10, 8-11, 8-13, 9-10, 9-11, 10-11, 10-14, 10-15, 11-12, 11-15, 14-15","1-2, 1-4, 1-6, 1-7, 1-9, 1-12, 2-4, 2-6, 2-7, 2-8, 2-9, 2-10, 2-11, 2-13, 2-15, 3-4, 3-8, 3-10, 3-11, 3-13, 3-14, 3-15, 4-8, 4-10, 4-11, 4-12, 4-13, 4-14, 4-15, 5-7, 5-9, 5-11, 5-13, 5-14, 5-15, 6-7, 6-11, 6-12, 6-15, 7-8, 7-9, 7-10, 7-11, 7-13, 7-14, 7-15, 8-9, 8-10, 8-11, 8-13, 8-14, 8-15, 9-10, 9-11, 9-12, 9-13, 9-15, 10-11, 10-13, 10-14, 10-15, 11-12, 11-13, 11-15, 12-15, 13-15, 14-15",4,4,8,"0 0 0 0 0 1 1 0 1 0 0 1 0 0 0|0 0 0 0 0 0 1 0 0 1 0 0 1 0 1|0 0 0 0 0 0 0 1 0 1 0 0 0 1 1|0 0 0 0 0 0 0 1 0 1 0 0 1 1 1|0 0 0 0 0 0 0 0 1 0 1 0 1 0 0|1 0 0 0 0 0 1 0 0 0 0 1 0 0 1|1 1 0 0 0 1 0 0 1 0 0 0 1 0 1|0 0 1 1 0 0 0 0 0 0 0 0 0 1 1|1 0 0 0 1 0 1 0 0 0 1 1 1 0 1|0 1 1 1 0 0 0 0 0 0 0 0 1 1 1|0 0 0 0 1 0 0 0 1 0 0 0 1 0 1|1 0 0 0 0 1 0 0 1 0 0 0 0 0 1|0 1 0 1 1 0 1 0 1 1 1 0 0 0 1|0 0 1 1 0 0 0 1 0 1 0 0 0 0 0|0 1 1 1 0 1 1 1 1 1 1 1 1 0 0","0 1 0 1 0 1 0 0 0 0 0 1 0 0 0|1 0 0 1 0 1 0 1 1 0 1 0 0 0 0|0 0 0 1 0 0 0 1 0 0 1 0 1 0 0|1 1 1 0 0 0 0 1 0 0 1 1 1 0 0|0 0 0 0 0 0 1 0 0 0 1 0 0 1 1|1 1 0 0 0 0 0 0 0 0 1 1 0 0 0|0 0 0 0 1 0 0 1 0 1 1 0 0 1 0|0 1 1 1 0 0 1 0 1 1 1 0 1 0 0|0 1 0 0 0 0 0 1 0 1 1 0 0 0 0|0 0 0 0 0 0 1 1 1 0 1 0 0 1 1|0 1 1 1 1 1 1 1 1 1 0 1 0 0 1|1 0 0 1 0 1 0 0 0 0 1 0 0 0 0|0 0 1 1 0 0 0 1 0 0 0 0 0 0 0|0 0 0 0 1 0 1 0 0 1 0 0 0 0 1|0 0 0 0 1 0 0 0 0 1 1 0 0 1 0","0 1 0 1 0 1 1 0 1 0 0 1 0 0 0|1 0 0 1 0 1 1 1 1 1 1 0 1 0 1|0 0 0 1 0 0 0 1 0 1 1 0 1 1 1|1 1 1 0 0 0 0 1 0 1 1 1 1 1 1|0 0 0 0 0 0 1 0 1 0 1 0 1 1 1|1 1 0 0 0 0 1 0 0 0 1 1 0 0 1|1 1 0 0 1 1 0 1 1 1 1 0 1 1 1|0 1 1 1 0 0 1 0 1 1 1 0 1 1 1|1 1 0 0 1 0 1 1 0 1 1 1 1 0 1|0 1 1 1 0 0 1 1 1 0 1 0 1 1 1|0 1 1 1 1 1 1 1 1 1 0 1 1 0 1|1 0 0 1 0 1 0 0 1 0 1 0 0 0 1|0 1 1 1 1 0 1 1 1 1 1 0 0 0 1|0 0 1 1 1 0 1 1 0 1 0 0 0 0 1|0 1 1 1 1 1 1 1 1 1 1 1 1 1 0"
299,"ID31-15.77.2:",15,8,15648,"2, 3, 6, 7, 8, 9, 10, 11, 13, 15","1->1, 2->13, 3->7, 4->4, 5->5, 6->2, 7->8, 8->15, 9->10, 10->3, 11->6, 12->12, 13->11, 14->14, 15->9","1-6, 1-7, 1-9, 1-12, 2-7, 2-10, 2-13, 2-15, 3-8, 3-10, 3-14, 3-15, 4-8, 4-10, 4-13, 4-14, 4-15, 5-9, 5-11, 5-13, 6-7, 6-12, 6-15, 7-9, 7-13, 7-15, 8-14, 8-15, 9-11, 9-12, 9-13, 9-15, 10-13, 10-14, 10-15, 11-13, 11-15, 12-15, 13-15","1-2, 1-8, 1-10, 1-12, 2-8, 2-9, 2-12, 3-4, 3-7, 3-9, 3-11, 3-13, 3-14, 4-9, 4-11, 4-14, 4-15, 5-6, 5-10, 5-11, 6-9, 6-10, 6-11, 7-9, 7-14, 7-15, 8-9, 8-10, 8-11, 8-13, 9-10, 9-11, 9-12, 9-13, 9-15, 10-11, 10-12, 11-13, 14-15","1-2, 1-6, 1-7, 1-8, 1-9, 1-10, 1-12, 2-7, 2-8, 2-9, 2-10, 2-12, 2-13, 2-15, 3-4, 3-7, 3-8, 3-9, 3-10, 3-11, 3-13, 3-14, 3-15, 4-8, 4-9, 4-10, 4-11, 4-13, 4-14, 4-15, 5-6, 5-9, 5-10, 5-11, 5-13, 6-7, 6-9, 6-10, 6-11, 6-12, 6-15, 7-9, 7-13, 7-14, 7-15, 8-9, 8-10, 8-11, 8-13, 8-14, 8-15, 9-10, 9-11, 9-12, 9-13, 9-15, 10-11, 10-12, 10-13, 10-14, 10-15, 11-13, 11-15, 12-15, 13-15, 14-15",4,4,8,"0 0 0 0 0 1 1 0 1 0 0 1 0 0 0|0 0 0 0 0 0 1 0 0 1 0 0 1 0 1|0 0 0 0 0 0 0 1 0 1 0 0 0 1 1|0 0 0 0 0 0 0 1 0 1 0 0 1 1 1|0 0 0 0 0 0 0 0 1 0 1 0 1 0 0|1 0 0 0 0 0 1 0 0 0 0 1 0 0 1|1 1 0 0 0 1 0 0 1 0 0 0 1 0 1|0 0 1 1 0 0 0 0 0 0 0 0 0 1 1|1 0 0 0 1 0 1 0 0 0 1 1 1 0 1|0 1 1 1 0 0 0 0 0 0 0 0 1 1 1|0 0 0 0 1 0 0 0 1 0 0 0 1 0 1|1 0 0 0 0 1 0 0 1 0 0 0 0 0 1|0 1 0 1 1 0 1 0 1 1 1 0 0 0 1|0 0 1 1 0 0 0 1 0 1 0 0 0 0 0|0 1 1 1 0 1 1 1 1 1 1 1 1 0 0","0 1 0 0 0 0 0 1 0 1 0 1 0 0 0|1 0 0 0 0 0 0 1 1 0 0 1 0 0 0|0 0 0 1 0 0 1 0 1 0 1 0 1 1 0|0 0 1 0 0 0 0 0 1 0 1 0 0 1 1|0 0 0 0 0 1 0 0 0 1 1 0 0 0 0|0 0 0 0 1 0 0 0 1 1 1 0 0 0 0|0 0 1 0 0 0 0 0 1 0 0 0 0 1 1|1 1 0 0 0 0 0 0 1 1 1 0 1 0 0|0 1 1 1 0 1 1 1 0 1 1 1 1 0 1|1 0 0 0 1 1 0 1 1 0 1 1 0 0 0|0 0 1 1 1 1 0 1 1 1 0 0 1 0 0|1 1 0 0 0 0 0 0 1 1 0 0 0 0 0|0 0 1 0 0 0 0 1 1 0 1 0 0 0 0|0 0 1 1 0 0 1 0 0 0 0 0 0 0 1|0 0 0 1 0 0 1 0 1 0 0 0 0 1 0","0 1 0 0 0 1 1 1 1 1 0 1 0 0 0|1 0 0 0 0 0 1 1 1 1 0 1 1 0 1|0 0 0 1 0 0 1 1 1 1 1 0 1 1 1|0 0 1 0 0 0 0 1 1 1 1 0 1 1 1|0 0 0 0 0 1 0 0 1 1 1 0 1 0 0|1 0 0 0 1 0 1 0 1 1 1 1 0 0 1|1 1 1 0 0 1 0 0 1 0 0 0 1 1 1|1 1 1 1 0 0 0 0 1 1 1 0 1 1 1|1 1 1 1 1 1 1 1 0 1 1 1 1 0 1|1 1 1 1 1 1 0 1 1 0 1 1 1 1 1|0 0 1 1 1 1 0 1 1 1 0 0 1 0 1|1 1 0 0 0 1 0 0 1 1 0 0 0 0 1|0 1 1 1 1 0 1 1 1 1 1 0 0 0 1|0 0 1 1 0 0 1 1 0 1 0 0 0 0 1|0 1 1 1 0 1 1 1 1 1 1 1 1 1 0"
300,"ID31-15.77.2:",15,9,18252,"1, 2, 4, 5, 6, 10, 11, 12, 14, 15","1->10, 2->12, 3->3, 4->15, 5->6, 6->11, 7->7, 8->8, 9->9, 10->14, 11->5, 12->2, 13->13, 14->1, 15->4","1-6, 1-7, 1-9, 1-12, 2-7, 2-10, 2-13, 2-15, 3-8, 3-10, 3-14, 3-15, 4-8, 4-10, 4-13, 4-14, 4-15, 5-9, 5-11, 5-13, 6-7, 6-12, 6-15, 7-9, 7-13, 7-15, 8-14, 8-15, 9-11, 9-12, 9-13, 9-15, 10-13, 10-14, 10-15, 11-13, 11-15, 12-15, 13-15","1-3, 1-8, 1-14, 1-15, 2-4, 2-9, 2-10, 2-11, 3-4, 3-8, 3-14, 4-5, 4-7, 4-8, 4-9, 4-11, 4-12, 4-13, 4-14, 4-15, 5-6, 5-9, 5-13, 6-9, 6-13, 7-9, 7-10, 7-11, 7-12, 7-13, 8-15, 9-10, 9-13, 10-11, 12-13, 12-14, 13-14, 13-15, 14-15","1-3, 1-6, 1-7, 1-8, 1-9, 1-12, 1-14, 1-15, 2-4, 2-7, 2-9, 2-10, 2-11, 2-13, 2-15, 3-4, 3-8, 3-10, 3-14, 3-15, 4-5, 4-7, 4-8, 4-9, 4-10, 4-11, 4-12, 4-13, 4-14, 4-15, 5-6, 5-9, 5-11, 5-13, 6-7, 6-9, 6-12, 6-13, 6-15, 7-9, 7-10, 7-11, 7-12, 7-13, 7-15, 8-14, 8-15, 9-10, 9-11, 9-12, 9-13, 9-15, 10-11, 10-13, 10-14, 10-15, 11-13, 11-15, 12-13, 12-14, 12-15, 13-14, 13-15, 14-15",4,4,8,"0 0 0 0 0 1 1 0 1 0 0 1 0 0 0|0 0 0 0 0 0 1 0 0 1 0 0 1 0 1|0 0 0 0 0 0 0 1 0 1 0 0 0 1 1|0 0 0 0 0 0 0 1 0 1 0 0 1 1 1|0 0 0 0 0 0 0 0 1 0 1 0 1 0 0|1 0 0 0 0 0 1 0 0 0 0 1 0 0 1|1 1 0 0 0 1 0 0 1 0 0 0 1 0 1|0 0 1 1 0 0 0 0 0 0 0 0 0 1 1|1 0 0 0 1 0 1 0 0 0 1 1 1 0 1|0 1 1 1 0 0 0 0 0 0 0 0 1 1 1|0 0 0 0 1 0 0 0 1 0 0 0 1 0 1|1 0 0 0 0 1 0 0 1 0 0 0 0 0 1|0 1 0 1 1 0 1 0 1 1 1 0 0 0 1|0 0 1 1 0 0 0 1 0 1 0 0 0 0 0|0 1 1 1 0 1 1 1 1 1 1 1 1 0 0","0 0 1 0 0 0 0 1 0 0 0 0 0 1 1|0 0 0 1 0 0 0 0 1 1 1 0 0 0 0|1 0 0 1 0 0 0 1 0 0 0 0 0 1 0|0 1 1 0 1 0 1 1 1 0 1 1 1 1 1|0 0 0 1 0 1 0 0 1 0 0 0 1 0 0|0 0 0 0 1 0 0 0 1 0 0 0 1 0 0|0 0 0 1 0 0 0 0 1 1 1 1 1 0 0|1 0 1 1 0 0 0 0 0 0 0 0 0 0 1|0 1 0 1 1 1 1 0 0 1 0 0 1 0 0|0 1 0 0 0 0 1 0 1 0 1 0 0 0 0|0 1 0 1 0 0 1 0 0 1 0 0 0 0 0|0 0 0 1 0 0 1 0 0 0 0 0 1 1 0|0 0 0 1 1 1 1 0 1 0 0 1 0 1 1|1 0 1 1 0 0 0 0 0 0 0 1 1 0 1|1 0 0 1 0 0 0 1 0 0 0 0 1 1 0","0 0 1 0 0 1 1 1 1 0 0 1 0 1 1|0 0 0 1 0 0 1 0 1 1 1 0 1 0 1|1 0 0 1 0 0 0 1 0 1 0 0 0 1 1|0 1 1 0 1 0 1 1 1 1 1 1 1 1 1|0 0 0 1 0 1 0 0 1 0 1 0 1 0 0|1 0 0 0 1 0 1 0 1 0 0 1 1 0 1|1 1 0 1 0 1 0 0 1 1 1 1 1 0 1|1 0 1 1 0 0 0 0 0 0 0 0 0 1 1|1 1 0 1 1 1 1 0 0 1 1 1 1 0 1|0 1 1 1 0 0 1 0 1 0 1 0 1 1 1|0 1 0 1 1 0 1 0 1 1 0 0 1 0 1|1 0 0 1 0 1 1 0 1 0 0 0 1 1 1|0 1 0 1 1 1 1 0 1 1 1 1 0 1 1|1 0 1 1 0 0 0 1 0 1 0 1 1 0 1|1 1 1 1 0 1 1 1 1 1 1 1 1 1 0"
301,"ID31-15.77.2:",15,10,21145,"1, 3, 4, 7, 8, 9, 11, 12, 14, 15","1->15, 2->2, 3->12, 4->8, 5->5, 6->6, 7->14, 8->1, 9->4, 10->10, 11->3, 12->11, 13->13, 14->7, 15->9","1-6, 1-7, 1-9, 1-12, 2-7, 2-10, 2-13, 2-15, 3-8, 3-10, 3-14, 3-15, 4-8, 4-10, 4-13, 4-14, 4-15, 5-9, 5-11, 5-13, 6-7, 6-12, 6-15, 7-9, 7-13, 7-15, 8-14, 8-15, 9-11, 9-12, 9-13, 9-15, 10-13, 10-14, 10-15, 11-13, 11-15, 12-15, 13-15","1-7, 1-8, 1-9, 1-12, 2-9, 2-10, 2-13, 2-14, 3-4, 3-5, 3-9, 3-13, 4-5, 4-9, 4-11, 4-13, 4-14, 4-15, 5-13, 6-9, 6-11, 6-14, 6-15, 7-8, 7-10, 7-12, 8-9, 8-10, 8-13, 9-10, 9-11, 9-12, 9-13, 9-14, 10-12, 10-13, 11-15, 13-14, 14-15","1-6, 1-7, 1-8, 1-9, 1-12, 2-7, 2-9, 2-10, 2-13, 2-14, 2-15, 3-4, 3-5, 3-8, 3-9, 3-10, 3-13, 3-14, 3-15, 4-5, 4-8, 4-9, 4-10, 4-11, 4-13, 4-14, 4-15, 5-9, 5-11, 5-13, 6-7, 6-9, 6-11, 6-12, 6-14, 6-15, 7-8, 7-9, 7-10, 7-12, 7-13, 7-15, 8-9, 8-10, 8-13, 8-14, 8-15, 9-10, 9-11, 9-12, 9-13, 9-14, 9-15, 10-12, 10-13, 10-14, 10-15, 11-13, 11-15, 12-15, 13-14, 13-15, 14-15",4,4,8,"0 0 0 0 0 1 1 0 1 0 0 1 0 0 0|0 0 0 0 0 0 1 0 0 1 0 0 1 0 1|0 0 0 0 0 0 0 1 0 1 0 0 0 1 1|0 0 0 0 0 0 0 1 0 1 0 0 1 1 1|0 0 0 0 0 0 0 0 1 0 1 0 1 0 0|1 0 0 0 0 0 1 0 0 0 0 1 0 0 1|1 1 0 0 0 1 0 0 1 0 0 0 1 0 1|0 0 1 1 0 0 0 0 0 0 0 0 0 1 1|1 0 0 0 1 0 1 0 0 0 1 1 1 0 1|0 1 1 1 0 0 0 0 0 0 0 0 1 1 1|0 0 0 0 1 0 0 0 1 0 0 0 1 0 1|1 0 0 0 0 1 0 0 1 0 0 0 0 0 1|0 1 0 1 1 0 1 0 1 1 1 0 0 0 1|0 0 1 1 0 0 0 1 0 1 0 0 0 0 0|0 1 1 1 0 1 1 1 1 1 1 1 1 0 0","0 0 0 0 0 0 1 1 1 0 0 1 0 0 0|0 0 0 0 0 0 0 0 1 1 0 0 1 1 0|0 0 0 1 1 0 0 0 1 0 0 0 1 0 0|0 0 1 0 1 0 0 0 1 0 1 0 1 1 1|0 0 1 1 0 0 0 0 0 0 0 0 1 0 0|0 0 0 0 0 0 0 0 1 0 1 0 0 1 1|1 0 0 0 0 0 0 1 0 1 0 1 0 0 0|1 0 0 0 0 0 1 0 1 1 0 0 1 0 0|1 1 1 1 0 1 0 1 0 1 1 1 1 1 0|0 1 0 0 0 0 1 1 1 0 0 1 1 0 0|0 0 0 1 0 1 0 0 1 0 0 0 0 0 1|1 0 0 0 0 0 1 0 1 1 0 0 0 0 0|0 1 1 1 1 0 0 1 1 1 0 0 0 1 0|0 1 0 1 0 1 0 0 1 0 0 0 1 0 1|0 0 0 1 0 1 0 0 0 0 1 0 0 1 0","0 0 0 0 0 1 1 1 1 0 0 1 0 0 0|0 0 0 0 0 0 1 0 1 1 0 0 1 1 1|0 0 0 1 1 0 0 1 1 1 0 0 1 1 1|0 0 1 0 1 0 0 1 1 1 1 0 1 1 1|0 0 1 1 0 0 0 0 1 0 1 0 1 0 0|1 0 0 0 0 0 1 0 1 0 1 1 0 1 1|1 1 0 0 0 1 0 1 1 1 0 1 1 0 1|1 0 1 1 0 0 1 0 1 1 0 0 1 1 1|1 1 1 1 1 1 1 1 0 1 1 1 1 1 1|0 1 1 1 0 0 1 1 1 0 0 1 1 1 1|0 0 0 1 1 1 0 0 1 0 0 0 1 0 1|1 0 0 0 0 1 1 0 1 1 0 0 0 0 1|0 1 1 1 1 0 1 1 1 1 1 0 0 1 1|0 1 1 1 0 1 0 1 1 1 0 0 1 0 1|0 1 1 1 0 1 1 1 1 1 1 1 1 1 0"
302,"ID32-15.78.1:",15,1,2746,"1, 3, 5, 7, 8, 10, 11, 13, 14, 15","1->10, 2->2, 3->8, 4->4, 5->1, 6->6, 7->13, 8->14, 9->9, 10->11, 11->15, 12->12, 13->5, 14->7, 15->3","1-6, 1-14, 1-15, 2-6, 2-9, 2-14, 3-8, 3-13, 3-14, 3-15, 4-7, 4-10, 4-13, 4-14, 4-15, 5-9, 5-10, 5-11, 5-15, 6-9, 6-12, 6-14, 6-15, 7-10, 7-15, 8-13, 8-14, 9-11, 9-12, 9-14, 9-15, 10-11, 10-14, 10-15, 11-14, 12-15, 13-14, 13-15, 14-15","1-3, 1-9, 1-11, 1-15, 2-6, 2-7, 2-9, 3-4, 3-5, 3-6, 3-7, 3-8, 3-9, 3-10, 3-11, 3-12, 3-13, 4-5, 4-7, 4-11, 4-13, 5-7, 5-8, 5-14, 6-7, 6-9, 6-10, 6-12, 7-8, 7-9, 7-10, 7-11, 7-14, 7-15, 8-14, 9-12, 9-15, 11-13, 11-15","1-3, 1-6, 1-9, 1-11, 1-14, 1-15, 2-6, 2-7, 2-9, 2-14, 3-4, 3-5, 3-6, 3-7, 3-8, 3-9, 3-10, 3-11, 3-12, 3-13, 3-14, 3-15, 4-5, 4-7, 4-10, 4-11, 4-13, 4-14, 4-15, 5-7, 5-8, 5-9, 5-10, 5-11, 5-14, 5-15, 6-7, 6-9, 6-10, 6-12, 6-14, 6-15, 7-8, 7-9, 7-10, 7-11, 7-14, 7-15, 8-13, 8-14, 9-11, 9-12, 9-14, 9-15, 10-11, 10-14, 10-15, 11-13, 11-14, 11-15, 12-15, 13-14, 13-15, 14-15",4,4,8,"0 0 0 0 0 1 0 0 0 0 0 0 0 1 1|0 0 0 0 0 1 0 0 1 0 0 0 0 1 0|0 0 0 0 0 0 0 1 0 0 0 0 1 1 1|0 0 0 0 0 0 1 0 0 1 0 0 1 1 1|0 0 0 0 0 0 0 0 1 1 1 0 0 0 1|1 1 0 0 0 0 0 0 1 0 0 1 0 1 1|0 0 0 1 0 0 0 0 0 1 0 0 0 0 1|0 0 1 0 0 0 0 0 0 0 0 0 1 1 0|0 1 0 0 1 1 0 0 0 0 1 1 0 1 1|0 0 0 1 1 0 1 0 0 0 1 0 0 1 1|0 0 0 0 1 0 0 0 1 1 0 0 0 1 0|0 0 0 0 0 1 0 0 1 0 0 0 0 0 1|0 0 1 1 0 0 0 1 0 0 0 0 0 1 1|1 1 1 1 0 1 0 1 1 1 1 0 1 0 1|1 0 1 1 1 1 1 0 1 1 0 1 1 1 0","0 0 1 0 0 0 0 0 1 0 1 0 0 0 1|0 0 0 0 0 1 1 0 1 0 0 0 0 0 0|1 0 0 1 1 1 1 1 1 1 1 1 1 0 0|0 0 1 0 1 0 1 0 0 0 1 0 1 0 0|0 0 1 1 0 0 1 1 0 0 0 0 0 1 0|0 1 1 0 0 0 1 0 1 1 0 1 0 0 0|0 1 1 1 1 1 0 1 1 1 1 0 0 1 1|0 0 1 0 1 0 1 0 0 0 0 0 0 1 0|1 1 1 0 0 1 1 0 0 0 0 1 0 0 1|0 0 1 0 0 1 1 0 0 0 0 0 0 0 0|1 0 1 1 0 0 1 0 0 0 0 0 1 0 1|0 0 1 0 0 1 0 0 1 0 0 0 0 0 0|0 0 1 1 0 0 0 0 0 0 1 0 0 0 0|0 0 0 0 1 0 1 1 0 0 0 0 0 0 0|1 0 0 0 0 0 1 0 1 0 1 0 0 0 0","0 0 1 0 0 1 0 0 1 0 1 0 0 1 1|0 0 0 0 0 1 1 0 1 0 0 0 0 1 0|1 0 0 1 1 1 1 1 1 1 1 1 1 1 1|0 0 1 0 1 0 1 0 0 1 1 0 1 1 1|0 0 1 1 0 0 1 1 1 1 1 0 0 1 1|1 1 1 0 0 0 1 0 1 1 0 1 0 1 1|0 1 1 1 1 1 0 1 1 1 1 0 0 1 1|0 0 1 0 1 0 1 0 0 0 0 0 1 1 0|1 1 1 0 1 1 1 0 0 0 1 1 0 1 1|0 0 1 1 1 1 1 0 0 0 1 0 0 1 1|1 0 1 1 1 0 1 0 1 1 0 0 1 1 1|0 0 1 0 0 1 0 0 1 0 0 0 0 0 1|0 0 1 1 0 0 0 1 0 0 1 0 0 1 1|1 1 1 1 1 1 1 1 1 1 1 0 1 0 1|1 0 1 1 1 1 1 0 1 1 1 1 1 1 0"
303,"ID32-15.78.1:",15,2,3361,"1, 2, 3, 5, 6, 7, 9, 12, 14, 15","1->14, 2->15, 3->5, 4->4, 5->9, 6->2, 7->1, 8->8, 9->3, 10->10, 11->11, 12->6, 13->13, 14->12, 15->7","1-6, 1-14, 1-15, 2-6, 2-9, 2-14, 3-8, 3-13, 3-14, 3-15, 4-7, 4-10, 4-13, 4-14, 4-15, 5-9, 5-10, 5-11, 5-15, 6-9, 6-12, 6-14, 6-15, 7-10, 7-15, 8-13, 8-14, 9-11, 9-12, 9-14, 9-15, 10-11, 10-14, 10-15, 11-14, 12-15, 13-14, 13-15, 14-15","1-4, 1-7, 1-10, 2-3, 2-6, 2-7, 2-12, 2-14, 2-15, 3-6, 3-7, 3-9, 3-11, 3-12, 3-15, 4-7, 4-10, 4-12, 4-13, 5-7, 5-8, 5-12, 5-13, 6-7, 7-9, 7-10, 7-12, 7-13, 7-14, 8-12, 8-13, 9-10, 9-11, 10-11, 10-12, 11-12, 12-13, 12-14, 12-15","1-4, 1-6, 1-7, 1-10, 1-14, 1-15, 2-3, 2-6, 2-7, 2-9, 2-12, 2-14, 2-15, 3-6, 3-7, 3-8, 3-9, 3-11, 3-12, 3-13, 3-14, 3-15, 4-7, 4-10, 4-12, 4-13, 4-14, 4-15, 5-7, 5-8, 5-9, 5-10, 5-11, 5-12, 5-13, 5-15, 6-7, 6-9, 6-12, 6-14, 6-15, 7-9, 7-10, 7-12, 7-13, 7-14, 7-15, 8-12, 8-13, 8-14, 9-10, 9-11, 9-12, 9-14, 9-15, 10-11, 10-12, 10-14, 10-15, 11-12, 11-14, 12-13, 12-14, 12-15, 13-14, 13-15, 14-15",4,4,8,"0 0 0 0 0 1 0 0 0 0 0 0 0 1 1|0 0 0 0 0 1 0 0 1 0 0 0 0 1 0|0 0 0 0 0 0 0 1 0 0 0 0 1 1 1|0 0 0 0 0 0 1 0 0 1 0 0 1 1 1|0 0 0 0 0 0 0 0 1 1 1 0 0 0 1|1 1 0 0 0 0 0 0 1 0 0 1 0 1 1|0 0 0 1 0 0 0 0 0 1 0 0 0 0 1|0 0 1 0 0 0 0 0 0 0 0 0 1 1 0|0 1 0 0 1 1 0 0 0 0 1 1 0 1 1|0 0 0 1 1 0 1 0 0 0 1 0 0 1 1|0 0 0 0 1 0 0 0 1 1 0 0 0 1 0|0 0 0 0 0 1 0 0 1 0 0 0 0 0 1|0 0 1 1 0 0 0 1 0 0 0 0 0 1 1|1 1 1 1 0 1 0 1 1 1 1 0 1 0 1|1 0 1 1 1 1 1 0 1 1 0 1 1 1 0","0 0 0 1 0 0 1 0 0 1 0 0 0 0 0|0 0 1 0 0 1 1 0 0 0 0 1 0 1 1|0 1 0 0 0 1 1 0 1 0 1 1 0 0 1|1 0 0 0 0 0 1 0 0 1 0 1 1 0 0|0 0 0 0 0 0 1 1 0 0 0 1 1 0 0|0 1 1 0 0 0 1 0 0 0 0 0 0 0 0|1 1 1 1 1 1 0 0 1 1 0 1 1 1 0|0 0 0 0 1 0 0 0 0 0 0 1 1 0 0|0 0 1 0 0 0 1 0 0 1 1 0 0 0 0|1 0 0 1 0 0 1 0 1 0 1 1 0 0 0|0 0 1 0 0 0 0 0 1 1 0 1 0 0 0|0 1 1 1 1 0 1 1 0 1 1 0 1 1 1|0 0 0 1 1 0 1 1 0 0 0 1 0 0 0|0 1 0 0 0 0 1 0 0 0 0 1 0 0 0|0 1 1 0 0 0 0 0 0 0 0 1 0 0 0","0 0 0 1 0 1 1 0 0 1 0 0 0 1 1|0 0 1 0 0 1 1 0 1 0 0 1 0 1 1|0 1 0 0 0 1 1 1 1 0 1 1 1 1 1|1 0 0 0 0 0 1 0 0 1 0 1 1 1 1|0 0 0 0 0 0 1 1 1 1 1 1 1 0 1|1 1 1 0 0 0 1 0 1 0 0 1 0 1 1|1 1 1 1 1 1 0 0 1 1 0 1 1 1 1|0 0 1 0 1 0 0 0 0 0 0 1 1 1 0|0 1 1 0 1 1 1 0 0 1 1 1 0 1 1|1 0 0 1 1 0 1 0 1 0 1 1 0 1 1|0 0 1 0 1 0 0 0 1 1 0 1 0 1 0|0 1 1 1 1 1 1 1 1 1 1 0 1 1 1|0 0 1 1 1 0 1 1 0 0 0 1 0 1 1|1 1 1 1 0 1 1 1 1 1 1 1 1 0 1|1 1 1 1 1 1 1 0 1 1 0 1 1 1 0"
304,"ID32-15.78.1:",15,3,3590,"3, 4, 5, 6, 7, 8, 12, 13, 14, 15","1->1, 2->2, 3->15, 4->13, 5->12, 6->4, 7->3, 8->14, 9->9, 10->10, 11->11, 12->5, 13->7, 14->8, 15->6","1-6, 1-14, 1-15, 2-6, 2-9, 2-14, 3-8, 3-13, 3-14, 3-15, 4-7, 4-10, 4-13, 4-14, 4-15, 5-9, 5-10, 5-11, 5-15, 6-9, 6-12, 6-14, 6-15, 7-10, 7-15, 8-13, 8-14, 9-11, 9-12, 9-14, 9-15, 10-11, 10-14, 10-15, 11-14, 12-15, 13-14, 13-15, 14-15","1-4, 1-6, 1-8, 2-4, 2-8, 2-9, 3-6, 3-10, 3-13, 4-5, 4-6, 4-8, 4-9, 5-6, 5-9, 6-7, 6-8, 6-9, 6-10, 6-12, 6-13, 6-15, 7-8, 7-13, 7-14, 7-15, 8-9, 8-10, 8-11, 8-13, 8-14, 8-15, 9-11, 9-12, 10-11, 10-12, 10-13, 11-12, 14-15","1-4, 1-6, 1-8, 1-14, 1-15, 2-4, 2-6, 2-8, 2-9, 2-14, 3-6, 3-8, 3-10, 3-13, 3-14, 3-15, 4-5, 4-6, 4-7, 4-8, 4-9, 4-10, 4-13, 4-14, 4-15, 5-6, 5-9, 5-10, 5-11, 5-15, 6-7, 6-8, 6-9, 6-10, 6-12, 6-13, 6-14, 6-15, 7-8, 7-10, 7-13, 7-14, 7-15, 8-9, 8-10, 8-11, 8-13, 8-14, 8-15, 9-11, 9-12, 9-14, 9-15, 10-11, 10-12, 10-13, 10-14, 10-15, 11-12, 11-14, 12-15, 13-14, 13-15, 14-15",4,4,8,"0 0 0 0 0 1 0 0 0 0 0 0 0 1 1|0 0 0 0 0 1 0 0 1 0 0 0 0 1 0|0 0 0 0 0 0 0 1 0 0 0 0 1 1 1|0 0 0 0 0 0 1 0 0 1 0 0 1 1 1|0 0 0 0 0 0 0 0 1 1 1 0 0 0 1|1 1 0 0 0 0 0 0 1 0 0 1 0 1 1|0 0 0 1 0 0 0 0 0 1 0 0 0 0 1|0 0 1 0 0 0 0 0 0 0 0 0 1 1 0|0 1 0 0 1 1 0 0 0 0 1 1 0 1 1|0 0 0 1 1 0 1 0 0 0 1 0 0 1 1|0 0 0 0 1 0 0 0 1 1 0 0 0 1 0|0 0 0 0 0 1 0 0 1 0 0 0 0 0 1|0 0 1 1 0 0 0 1 0 0 0 0 0 1 1|1 1 1 1 0 1 0 1 1 1 1 0 1 0 1|1 0 1 1 1 1 1 0 1 1 0 1 1 1 0","0 0 0 1 0 1 0 1 0 0 0 0 0 0 0|0 0 0 1 0 0 0 1 1 0 0 0 0 0 0|0 0 0 0 0 1 0 0 0 1 0 0 1 0 0|1 1 0 0 1 1 0 1 1 0 0 0 0 0 0|0 0 0 1 0 1 0 0 1 0 0 0 0 0 0|1 0 1 1 1 0 1 1 1 1 0 1 1 0 1|0 0 0 0 0 1 0 1 0 0 0 0 1 1 1|1 1 0 1 0 1 1 0 1 1 1 0 1 1 1|0 1 0 1 1 1 0 1 0 0 1 1 0 0 0|0 0 1 0 0 1 0 1 0 0 1 1 1 0 0|0 0 0 0 0 0 0 1 1 1 0 1 0 0 0|0 0 0 0 0 1 0 0 1 1 1 0 0 0 0|0 0 1 0 0 1 1 1 0 1 0 0 0 0 0|0 0 0 0 0 0 1 1 0 0 0 0 0 0 1|0 0 0 0 0 1 1 1 0 0 0 0 0 1 0","0 0 0 1 0 1 0 1 0 0 0 0 0 1 1|0 0 0 1 0 1 0 1 1 0 0 0 0 1 0|0 0 0 0 0 1 0 1 0 1 0 0 1 1 1|1 1 0 0 1 1 1 1 1 1 0 0 1 1 1|0 0 0 1 0 1 0 0 1 1 1 0 0 0 1|1 1 1 1 1 0 1 1 1 1 0 1 1 1 1|0 0 0 1 0 1 0 1 0 1 0 0 1 1 1|1 1 1 1 0 1 1 0 1 1 1 0 1 1 1|0 1 0 1 1 1 0 1 0 0 1 1 0 1 1|0 0 1 1 1 1 1 1 0 0 1 1 1 1 1|0 0 0 0 1 0 0 1 1 1 0 1 0 1 0|0 0 0 0 0 1 0 0 1 1 1 0 0 0 1|0 0 1 1 0 1 1 1 0 1 0 0 0 1 1|1 1 1 1 0 1 1 1 1 1 1 0 1 0 1|1 0 1 1 1 1 1 1 1 1 0 1 1 1 0"
305,"ID32-15.78.1:",15,4,4461,"2, 4, 5, 6, 8, 9, 10, 11, 14, 15","1->1, 2->11, 3->3, 4->8, 5->9, 6->15, 7->7, 8->6, 9->4, 10->14, 11->10, 12->12, 13->13, 14->2, 15->5","1-6, 1-14, 1-15, 2-6, 2-9, 2-14, 3-8, 3-13, 3-14, 3-15, 4-7, 4-10, 4-13, 4-14, 4-15, 5-9, 5-10, 5-11, 5-15, 6-9, 6-12, 6-14, 6-15, 7-10, 7-15, 8-13, 8-14, 9-11, 9-12, 9-14, 9-15, 10-11, 10-14, 10-15, 11-14, 12-15, 13-14, 13-15, 14-15","1-2, 1-5, 1-15, 2-3, 2-4, 2-5, 2-6, 2-8, 2-10, 2-11, 2-13, 2-14, 2-15, 3-5, 3-6, 3-13, 4-5, 4-9, 4-10, 4-11, 4-12, 4-15, 5-7, 5-8, 5-9, 5-12, 5-13, 5-14, 5-15, 6-13, 7-8, 7-14, 8-13, 8-14, 9-10, 9-14, 10-14, 11-15, 12-15","1-2, 1-5, 1-6, 1-14, 1-15, 2-3, 2-4, 2-5, 2-6, 2-8, 2-9, 2-10, 2-11, 2-13, 2-14, 2-15, 3-5, 3-6, 3-8, 3-13, 3-14, 3-15, 4-5, 4-7, 4-9, 4-10, 4-11, 4-12, 4-13, 4-14, 4-15, 5-7, 5-8, 5-9, 5-10, 5-11, 5-12, 5-13, 5-14, 5-15, 6-9, 6-12, 6-13, 6-14, 6-15, 7-8, 7-10, 7-14, 7-15, 8-13, 8-14, 9-10, 9-11, 9-12, 9-14, 9-15, 10-11, 10-14, 10-15, 11-14, 11-15, 12-15, 13-14, 13-15, 14-15",4,4,8,"0 0 0 0 0 1 0 0 0 0 0 0 0 1 1|0 0 0 0 0 1 0 0 1 0 0 0 0 1 0|0 0 0 0 0 0 0 1 0 0 0 0 1 1 1|0 0 0 0 0 0 1 0 0 1 0 0 1 1 1|0 0 0 0 0 0 0 0 1 1 1 0 0 0 1|1 1 0 0 0 0 0 0 1 0 0 1 0 1 1|0 0 0 1 0 0 0 0 0 1 0 0 0 0 1|0 0 1 0 0 0 0 0 0 0 0 0 1 1 0|0 1 0 0 1 1 0 0 0 0 1 1 0 1 1|0 0 0 1 1 0 1 0 0 0 1 0 0 1 1|0 0 0 0 1 0 0 0 1 1 0 0 0 1 0|0 0 0 0 0 1 0 0 1 0 0 0 0 0 1|0 0 1 1 0 0 0 1 0 0 0 0 0 1 1|1 1 1 1 0 1 0 1 1 1 1 0 1 0 1|1 0 1 1 1 1 1 0 1 1 0 1 1 1 0","0 1 0 0 1 0 0 0 0 0 0 0 0 0 1|1 0 1 1 1 1 0 1 0 1 1 0 1 1 1|0 1 0 0 1 1 0 0 0 0 0 0 1 0 0|0 1 0 0 1 0 0 0 1 1 1 1 0 0 1|1 1 1 1 0 0 1 1 1 0 0 1 1 1 1|0 1 1 0 0 0 0 0 0 0 0 0 1 0 0|0 0 0 0 1 0 0 1 0 0 0 0 0 1 0|0 1 0 0 1 0 1 0 0 0 0 0 1 1 0|0 0 0 1 1 0 0 0 0 1 0 0 0 1 0|0 1 0 1 0 0 0 0 1 0 0 0 0 1 0|0 1 0 1 0 0 0 0 0 0 0 0 0 0 1|0 0 0 1 1 0 0 0 0 0 0 0 0 0 1|0 1 1 0 1 1 0 1 0 0 0 0 0 0 0|0 1 0 0 1 0 1 1 1 1 0 0 0 0 0|1 1 0 1 1 0 0 0 0 0 1 1 0 0 0","0 1 0 0 1 1 0 0 0 0 0 0 0 1 1|1 0 1 1 1 1 0 1 1 1 1 0 1 1 1|0 1 0 0 1 1 0 1 0 0 0 0 1 1 1|0 1 0 0 1 0 1 0 1 1 1 1 1 1 1|1 1 1 1 0 0 1 1 1 1 1 1 1 1 1|1 1 1 0 0 0 0 0 1 0 0 1 1 1 1|0 0 0 1 1 0 0 1 0 1 0 0 0 1 1|0 1 1 0 1 0 1 0 0 0 0 0 1 1 0|0 1 0 1 1 1 0 0 0 1 1 1 0 1 1|0 1 0 1 1 0 1 0 1 0 1 0 0 1 1|0 1 0 1 1 0 0 0 1 1 0 0 0 1 1|0 0 0 1 1 1 0 0 1 0 0 0 0 0 1|0 1 1 1 1 1 0 1 0 0 0 0 0 1 1|1 1 1 1 1 1 1 1 1 1 1 0 1 0 1|1 1 1 1 1 1 1 0 1 1 1 1 1 1 0"
306,"ID32-15.78.1:",15,5,4635,"2, 3, 4, 5, 8, 9, 10, 13, 14, 15","1->1, 2->8, 3->14, 4->9, 5->13, 6->6, 7->7, 8->2, 9->15, 10->4, 11->11, 12->12, 13->10, 14->3, 15->5","1-6, 1-14, 1-15, 2-6, 2-9, 2-14, 3-8, 3-13, 3-14, 3-15, 4-7, 4-10, 4-13, 4-14, 4-15, 5-9, 5-10, 5-11, 5-15, 6-9, 6-12, 6-14, 6-15, 7-10, 7-15, 8-13, 8-14, 9-11, 9-12, 9-14, 9-15, 10-11, 10-14, 10-15, 11-14, 12-15, 13-14, 13-15, 14-15","1-3, 1-5, 1-6, 2-3, 2-10, 2-14, 3-4, 3-5, 3-6, 3-8, 3-9, 3-10, 3-11, 3-14, 3-15, 4-5, 4-7, 4-9, 4-11, 4-13, 5-6, 5-7, 5-9, 5-10, 5-12, 5-13, 5-14, 5-15, 6-8, 6-12, 6-15, 7-9, 8-15, 9-10, 10-14, 11-13, 11-15, 12-15, 13-15","1-3, 1-5, 1-6, 1-14, 1-15, 2-3, 2-6, 2-9, 2-10, 2-14, 3-4, 3-5, 3-6, 3-8, 3-9, 3-10, 3-11, 3-13, 3-14, 3-15, 4-5, 4-7, 4-9, 4-10, 4-11, 4-13, 4-14, 4-15, 5-6, 5-7, 5-9, 5-10, 5-11, 5-12, 5-13, 5-14, 5-15, 6-8, 6-9, 6-12, 6-14, 6-15, 7-9, 7-10, 7-15, 8-13, 8-14, 8-15, 9-10, 9-11, 9-12, 9-14, 9-15, 10-11, 10-14, 10-15, 11-13, 11-14, 11-15, 12-15, 13-14, 13-15, 14-15",4,4,8,"0 0 0 0 0 1 0 0 0 0 0 0 0 1 1|0 0 0 0 0 1 0 0 1 0 0 0 0 1 0|0 0 0 0 0 0 0 1 0 0 0 0 1 1 1|0 0 0 0 0 0 1 0 0 1 0 0 1 1 1|0 0 0 0 0 0 0 0 1 1 1 0 0 0 1|1 1 0 0 0 0 0 0 1 0 0 1 0 1 1|0 0 0 1 0 0 0 0 0 1 0 0 0 0 1|0 0 1 0 0 0 0 0 0 0 0 0 1 1 0|0 1 0 0 1 1 0 0 0 0 1 1 0 1 1|0 0 0 1 1 0 1 0 0 0 1 0 0 1 1|0 0 0 0 1 0 0 0 1 1 0 0 0 1 0|0 0 0 0 0 1 0 0 1 0 0 0 0 0 1|0 0 1 1 0 0 0 1 0 0 0 0 0 1 1|1 1 1 1 0 1 0 1 1 1 1 0 1 0 1|1 0 1 1 1 1 1 0 1 1 0 1 1 1 0","0 0 1 0 1 1 0 0 0 0 0 0 0 0 0|0 0 1 0 0 0 0 0 0 1 0 0 0 1 0|1 1 0 1 1 1 0 1 1 1 1 0 0 1 1|0 0 1 0 1 0 1 0 1 0 1 0 1 0 0|1 0 1 1 0 1 1 0 1 1 0 1 1 1 1|1 0 1 0 1 0 0 1 0 0 0 1 0 0 1|0 0 0 1 1 0 0 0 1 0 0 0 0 0 0|0 0 1 0 0 1 0 0 0 0 0 0 0 0 1|0 0 1 1 1 0 1 0 0 1 0 0 0 0 0|0 1 1 0 1 0 0 0 1 0 0 0 0 1 0|0 0 1 1 0 0 0 0 0 0 0 0 1 0 1|0 0 0 0 1 1 0 0 0 0 0 0 0 0 1|0 0 0 1 1 0 0 0 0 0 1 0 0 0 1|0 1 1 0 1 0 0 0 0 1 0 0 0 0 0|0 0 1 0 1 1 0 1 0 0 1 1 1 0 0","0 0 1 0 1 1 0 0 0 0 0 0 0 1 1|0 0 1 0 0 1 0 0 1 1 0 0 0 1 0|1 1 0 1 1 1 0 1 1 1 1 0 1 1 1|0 0 1 0 1 0 1 0 1 1 1 0 1 1 1|1 0 1 1 0 1 1 0 1 1 1 1 1 1 1|1 1 1 0 1 0 0 1 1 0 0 1 0 1 1|0 0 0 1 1 0 0 0 1 1 0 0 0 0 1|0 0 1 0 0 1 0 0 0 0 0 0 1 1 1|0 1 1 1 1 1 1 0 0 1 1 1 0 1 1|0 1 1 1 1 0 1 0 1 0 1 0 0 1 1|0 0 1 1 1 0 0 0 1 1 0 0 1 1 1|0 0 0 0 1 1 0 0 1 0 0 0 0 0 1|0 0 1 1 1 0 0 1 0 0 1 0 0 1 1|1 1 1 1 1 1 0 1 1 1 1 0 1 0 1|1 0 1 1 1 1 1 1 1 1 1 1 1 1 0"
307,"ID32-15.78.1:",15,6,5776,"1, 2, 3, 7, 8, 9, 11, 13, 14, 15","1->13, 2->14, 3->7, 4->4, 5->5, 6->6, 7->9, 8->15, 9->1, 10->10, 11->8, 12->12, 13->11, 14->2, 15->3","1-6, 1-14, 1-15, 2-6, 2-9, 2-14, 3-8, 3-13, 3-14, 3-15, 4-7, 4-10, 4-13, 4-14, 4-15, 5-9, 5-10, 5-11, 5-15, 6-9, 6-12, 6-14, 6-15, 7-10, 7-15, 8-13, 8-14, 9-11, 9-12, 9-14, 9-15, 10-11, 10-14, 10-15, 11-14, 12-15, 13-14, 13-15, 14-15","1-2, 1-3, 1-5, 1-6, 1-8, 1-12, 1-14, 2-3, 2-4, 2-6, 2-7, 2-8, 2-10, 2-11, 2-13, 2-14, 2-15, 3-4, 3-5, 3-6, 3-7, 3-9, 3-10, 3-11, 3-12, 3-13, 4-9, 4-10, 4-11, 5-8, 5-10, 6-12, 6-13, 6-14, 7-11, 7-15, 8-10, 9-10, 11-15","1-2, 1-3, 1-5, 1-6, 1-8, 1-12, 1-14, 1-15, 2-3, 2-4, 2-6, 2-7, 2-8, 2-9, 2-10, 2-11, 2-13, 2-14, 2-15, 3-4, 3-5, 3-6, 3-7, 3-8, 3-9, 3-10, 3-11, 3-12, 3-13, 3-14, 3-15, 4-7, 4-9, 4-10, 4-11, 4-13, 4-14, 4-15, 5-8, 5-9, 5-10, 5-11, 5-15, 6-9, 6-12, 6-13, 6-14, 6-15, 7-10, 7-11, 7-15, 8-10, 8-13, 8-14, 9-10, 9-11, 9-12, 9-14, 9-15, 10-11, 10-14, 10-15, 11-14, 11-15, 12-15, 13-14, 13-15, 14-15",4,4,8,"0 0 0 0 0 1 0 0 0 0 0 0 0 1 1|0 0 0 0 0 1 0 0 1 0 0 0 0 1 0|0 0 0 0 0 0 0 1 0 0 0 0 1 1 1|0 0 0 0 0 0 1 0 0 1 0 0 1 1 1|0 0 0 0 0 0 0 0 1 1 1 0 0 0 1|1 1 0 0 0 0 0 0 1 0 0 1 0 1 1|0 0 0 1 0 0 0 0 0 1 0 0 0 0 1|0 0 1 0 0 0 0 0 0 0 0 0 1 1 0|0 1 0 0 1 1 0 0 0 0 1 1 0 1 1|0 0 0 1 1 0 1 0 0 0 1 0 0 1 1|0 0 0 0 1 0 0 0 1 1 0 0 0 1 0|0 0 0 0 0 1 0 0 1 0 0 0 0 0 1|0 0 1 1 0 0 0 1 0 0 0 0 0 1 1|1 1 1 1 0 1 0 1 1 1 1 0 1 0 1|1 0 1 1 1 1 1 0 1 1 0 1 1 1 0","0 1 1 0 1 1 0 1 0 0 0 1 0 1 0|1 0 1 1 0 1 1 1 0 1 1 0 1 1 1|1 1 0 1 1 1 1 0 1 1 1 1 1 0 0|0 1 1 0 0 0 0 0 1 1 1 0 0 0 0|1 0 1 0 0 0 0 1 0 1 0 0 0 0 0|1 1 1 0 0 0 0 0 0 0 0 1 1 1 0|0 1 1 0 0 0 0 0 0 0 1 0 0 0 1|1 1 0 0 1 0 0 0 0 1 0 0 0 0 0|0 0 1 1 0 0 0 0 0 1 0 0 0 0 0|0 1 1 1 1 0 0 1 1 0 0 0 0 0 0|0 1 1 1 0 0 1 0 0 0 0 0 0 0 1|1 0 1 0 0 1 0 0 0 0 0 0 0 0 0|0 1 1 0 0 1 0 0 0 0 0 0 0 0 0|1 1 0 0 0 1 0 0 0 0 0 0 0 0 0|0 1 0 0 0 0 1 0 0 0 1 0 0 0 0","0 1 1 0 1 1 0 1 0 0 0 1 0 1 1|1 0 1 1 0 1 1 1 1 1 1 0 1 1 1|1 1 0 1 1 1 1 1 1 1 1 1 1 1 1|0 1 1 0 0 0 1 0 1 1 1 0 1 1 1|1 0 1 0 0 0 0 1 1 1 1 0 0 0 1|1 1 1 0 0 0 0 0 1 0 0 1 1 1 1|0 1 1 1 0 0 0 0 0 1 1 0 0 0 1|1 1 1 0 1 0 0 0 0 1 0 0 1 1 0|0 1 1 1 1 1 0 0 0 1 1 1 0 1 1|0 1 1 1 1 0 1 1 1 0 1 0 0 1 1|0 1 1 1 1 0 1 0 1 1 0 0 0 1 1|1 0 1 0 0 1 0 0 1 0 0 0 0 0 1|0 1 1 1 0 1 0 1 0 0 0 0 0 1 1|1 1 1 1 0 1 0 1 1 1 1 0 1 0 1|1 1 1 1 1 1 1 0 1 1 1 1 1 1 0"
308,"ID32-15.78.1:",15,7,7439,"1, 4, 5, 6, 8, 10, 11, 13, 14, 15","1->13, 2->2, 3->3, 4->8, 5->10, 6->1, 7->7, 8->15, 9->9, 10->5, 11->14, 12->12, 13->11, 14->4, 15->6","1-6, 1-14, 1-15, 2-6, 2-9, 2-14, 3-8, 3-13, 3-14, 3-15, 4-7, 4-10, 4-13, 4-14, 4-15, 5-9, 5-10, 5-11, 5-15, 6-9, 6-12, 6-14, 6-15, 7-10, 7-15, 8-13, 8-14, 9-11, 9-12, 9-14, 9-15, 10-11, 10-14, 10-15, 11-14, 12-15, 13-14, 13-15, 14-15","1-2, 1-4, 1-6, 1-9, 1-12, 1-13, 2-4, 2-9, 3-4, 3-6, 3-11, 3-15, 4-5, 4-6, 4-8, 4-9, 4-11, 4-13, 4-14, 4-15, 5-6, 5-7, 5-8, 5-10, 5-14, 6-7, 6-8, 6-9, 6-10, 6-11, 6-12, 6-13, 7-8, 8-11, 9-10, 9-12, 9-14, 10-14, 11-15","1-2, 1-4, 1-6, 1-9, 1-12, 1-13, 1-14, 1-15, 2-4, 2-6, 2-9, 2-14, 3-4, 3-6, 3-8, 3-11, 3-13, 3-14, 3-15, 4-5, 4-6, 4-7, 4-8, 4-9, 4-10, 4-11, 4-13, 4-14, 4-15, 5-6, 5-7, 5-8, 5-9, 5-10, 5-11, 5-14, 5-15, 6-7, 6-8, 6-9, 6-10, 6-11, 6-12, 6-13, 6-14, 6-15, 7-8, 7-10, 7-15, 8-11, 8-13, 8-14, 9-10, 9-11, 9-12, 9-14, 9-15, 10-11, 10-14, 10-15, 11-14, 11-15, 12-15, 13-14, 13-15, 14-15",4,4,8,"0 0 0 0 0 1 0 0 0 0 0 0 0 1 1|0 0 0 0 0 1 0 0 1 0 0 0 0 1 0|0 0 0 0 0 0 0 1 0 0 0 0 1 1 1|0 0 0 0 0 0 1 0 0 1 0 0 1 1 1|0 0 0 0 0 0 0 0 1 1 1 0 0 0 1|1 1 0 0 0 0 0 0 1 0 0 1 0 1 1|0 0 0 1 0 0 0 0 0 1 0 0 0 0 1|0 0 1 0 0 0 0 0 0 0 0 0 1 1 0|0 1 0 0 1 1 0 0 0 0 1 1 0 1 1|0 0 0 1 1 0 1 0 0 0 1 0 0 1 1|0 0 0 0 1 0 0 0 1 1 0 0 0 1 0|0 0 0 0 0 1 0 0 1 0 0 0 0 0 1|0 0 1 1 0 0 0 1 0 0 0 0 0 1 1|1 1 1 1 0 1 0 1 1 1 1 0 1 0 1|1 0 1 1 1 1 1 0 1 1 0 1 1 1 0","0 1 0 1 0 1 0 0 1 0 0 1 1 0 0|1 0 0 1 0 0 0 0 1 0 0 0 0 0 0|0 0 0 1 0 1 0 0 0 0 1 0 0 0 1|1 1 1 0 1 1 0 1 1 0 1 0 1 1 1|0 0 0 1 0 1 1 1 0 1 0 0 0 1 0|1 0 1 1 1 0 1 1 1 1 1 1 1 0 0|0 0 0 0 1 1 0 1 0 0 0 0 0 0 0|0 0 0 1 1 1 1 0 0 0 1 0 0 0 0|1 1 0 1 0 1 0 0 0 1 0 1 0 1 0|0 0 0 0 1 1 0 0 1 0 0 0 0 1 0|0 0 1 1 0 1 0 1 0 0 0 0 0 0 1|1 0 0 0 0 1 0 0 1 0 0 0 0 0 0|1 0 0 1 0 1 0 0 0 0 0 0 0 0 0|0 0 0 1 1 0 0 0 1 1 0 0 0 0 0|0 0 1 1 0 0 0 0 0 0 1 0 0 0 0","0 1 0 1 0 1 0 0 1 0 0 1 1 1 1|1 0 0 1 0 1 0 0 1 0 0 0 0 1 0|0 0 0 1 0 1 0 1 0 0 1 0 1 1 1|1 1 1 0 1 1 1 1 1 1 1 0 1 1 1|0 0 0 1 0 1 1 1 1 1 1 0 0 1 1|1 1 1 1 1 0 1 1 1 1 1 1 1 1 1|0 0 0 1 1 1 0 1 0 1 0 0 0 0 1|0 0 1 1 1 1 1 0 0 0 1 0 1 1 0|1 1 0 1 1 1 0 0 0 1 1 1 0 1 1|0 0 0 1 1 1 1 0 1 0 1 0 0 1 1|0 0 1 1 1 1 0 1 1 1 0 0 0 1 1|1 0 0 0 0 1 0 0 1 0 0 0 0 0 1|1 0 1 1 0 1 0 1 0 0 0 0 0 1 1|1 1 1 1 1 1 0 1 1 1 1 0 1 0 1|1 0 1 1 1 1 1 0 1 1 1 1 1 1 0"
309,"ID32-15.78.1:",15,8,8154,"1, 3, 5, 6, 9, 11, 12, 13, 14, 15","1->15, 2->2, 3->9, 4->4, 5->11, 6->12, 7->7, 8->8, 9->5, 10->10, 11->6, 12->14, 13->3, 14->13, 15->1","1-6, 1-14, 1-15, 2-6, 2-9, 2-14, 3-8, 3-13, 3-14, 3-15, 4-7, 4-10, 4-13, 4-14, 4-15, 5-9, 5-10, 5-11, 5-15, 6-9, 6-12, 6-14, 6-15, 7-10, 7-15, 8-13, 8-14, 9-11, 9-12, 9-14, 9-15, 10-11, 10-14, 10-15, 11-14, 12-15, 13-14, 13-15, 14-15","1-3, 1-4, 1-5, 1-7, 1-9, 1-10, 1-11, 1-12, 1-13, 1-14, 1-15, 2-5, 2-12, 2-13, 3-4, 3-8, 3-9, 3-13, 4-7, 4-10, 4-13, 5-6, 5-11, 5-12, 5-13, 5-14, 6-10, 6-11, 6-13, 7-10, 8-9, 8-13, 9-13, 10-11, 10-13, 12-13, 12-14, 12-15, 13-15","1-3, 1-4, 1-5, 1-6, 1-7, 1-9, 1-10, 1-11, 1-12, 1-13, 1-14, 1-15, 2-5, 2-6, 2-9, 2-12, 2-13, 2-14, 3-4, 3-8, 3-9, 3-13, 3-14, 3-15, 4-7, 4-10, 4-13, 4-14, 4-15, 5-6, 5-9, 5-10, 5-11, 5-12, 5-13, 5-14, 5-15, 6-9, 6-10, 6-11, 6-12, 6-13, 6-14, 6-15, 7-10, 7-15, 8-9, 8-13, 8-14, 9-11, 9-12, 9-13, 9-14, 9-15, 10-11, 10-13, 10-14, 10-15, 11-14, 12-13, 12-14, 12-15, 13-14, 13-15, 14-15",4,4,8,"0 0 0 0 0 1 0 0 0 0 0 0 0 1 1|0 0 0 0 0 1 0 0 1 0 0 0 0 1 0|0 0 0 0 0 0 0 1 0 0 0 0 1 1 1|0 0 0 0 0 0 1 0 0 1 0 0 1 1 1|0 0 0 0 0 0 0 0 1 1 1 0 0 0 1|1 1 0 0 0 0 0 0 1 0 0 1 0 1 1|0 0 0 1 0 0 0 0 0 1 0 0 0 0 1|0 0 1 0 0 0 0 0 0 0 0 0 1 1 0|0 1 0 0 1 1 0 0 0 0 1 1 0 1 1|0 0 0 1 1 0 1 0 0 0 1 0 0 1 1|0 0 0 0 1 0 0 0 1 1 0 0 0 1 0|0 0 0 0 0 1 0 0 1 0 0 0 0 0 1|0 0 1 1 0 0 0 1 0 0 0 0 0 1 1|1 1 1 1 0 1 0 1 1 1 1 0 1 0 1|1 0 1 1 1 1 1 0 1 1 0 1 1 1 0","0 0 1 1 1 0 1 0 1 1 1 1 1 1 1|0 0 0 0 1 0 0 0 0 0 0 1 1 0 0|1 0 0 1 0 0 0 1 1 0 0 0 1 0 0|1 0 1 0 0 0 1 0 0 1 0 0 1 0 0|1 1 0 0 0 1 0 0 0 0 1 1 1 1 0|0 0 0 0 1 0 0 0 0 1 1 0 1 0 0|1 0 0 1 0 0 0 0 0 1 0 0 0 0 0|0 0 1 0 0 0 0 0 1 0 0 0 1 0 0|1 0 1 0 0 0 0 1 0 0 0 0 1 0 0|1 0 0 1 0 1 1 0 0 0 1 0 1 0 0|1 0 0 0 1 1 0 0 0 1 0 0 0 0 0|1 1 0 0 1 0 0 0 0 0 0 0 1 1 1|1 1 1 1 1 1 0 1 1 1 0 1 0 0 1|1 0 0 0 1 0 0 0 0 0 0 1 0 0 0|1 0 0 0 0 0 0 0 0 0 0 1 1 0 0","0 0 1 1 1 1 1 0 1 1 1 1 1 1 1|0 0 0 0 1 1 0 0 1 0 0 1 1 1 0|1 0 0 1 0 0 0 1 1 0 0 0 1 1 1|1 0 1 0 0 0 1 0 0 1 0 0 1 1 1|1 1 0 0 0 1 0 0 1 1 1 1 1 1 1|1 1 0 0 1 0 0 0 1 1 1 1 1 1 1|1 0 0 1 0 0 0 0 0 1 0 0 0 0 1|0 0 1 0 0 0 0 0 1 0 0 0 1 1 0|1 1 1 0 1 1 0 1 0 0 1 1 1 1 1|1 0 0 1 1 1 1 0 0 0 1 0 1 1 1|1 0 0 0 1 1 0 0 1 1 0 0 0 1 0|1 1 0 0 1 1 0 0 1 0 0 0 1 1 1|1 1 1 1 1 1 0 1 1 1 0 1 0 1 1|1 1 1 1 1 1 0 1 1 1 1 1 1 0 1|1 0 1 1 1 1 1 0 1 1 0 1 1 1 0"
310,"ID32-15.78.1:",15,9,13728,"3, 5, 6, 7, 8, 10, 11, 13, 14, 15","1->1, 2->2, 3->11, 4->4, 5->14, 6->10, 7->6, 8->15, 9->9, 10->5, 11->3, 12->12, 13->7, 14->8, 15->13","1-6, 1-14, 1-15, 2-6, 2-9, 2-14, 3-8, 3-13, 3-14, 3-15, 4-7, 4-10, 4-13, 4-14, 4-15, 5-9, 5-10, 5-11, 5-15, 6-9, 6-12, 6-14, 6-15, 7-10, 7-15, 8-13, 8-14, 9-11, 9-12, 9-14, 9-15, 10-11, 10-14, 10-15, 11-14, 12-15, 13-14, 13-15, 14-15","1-8, 1-10, 1-13, 2-8, 2-9, 2-10, 3-5, 3-8, 3-9, 3-14, 4-5, 4-6, 4-7, 4-8, 4-13, 5-6, 5-8, 5-13, 5-14, 6-13, 7-8, 7-11, 7-13, 7-15, 8-9, 8-10, 8-11, 8-13, 8-15, 9-10, 9-12, 9-13, 9-14, 10-12, 10-13, 11-13, 11-15, 12-13, 13-14","1-6, 1-8, 1-10, 1-13, 1-14, 1-15, 2-6, 2-8, 2-9, 2-10, 2-14, 3-5, 3-8, 3-9, 3-13, 3-14, 3-15, 4-5, 4-6, 4-7, 4-8, 4-10, 4-13, 4-14, 4-15, 5-6, 5-8, 5-9, 5-10, 5-11, 5-13, 5-14, 5-15, 6-9, 6-12, 6-13, 6-14, 6-15, 7-8, 7-10, 7-11, 7-13, 7-15, 8-9, 8-10, 8-11, 8-13, 8-14, 8-15, 9-10, 9-11, 9-12, 9-13, 9-14, 9-15, 10-11, 10-12, 10-13, 10-14, 10-15, 11-13, 11-14, 11-15, 12-13, 12-15, 13-14, 13-15, 14-15",4,4,8,"0 0 0 0 0 1 0 0 0 0 0 0 0 1 1|0 0 0 0 0 1 0 0 1 0 0 0 0 1 0|0 0 0 0 0 0 0 1 0 0 0 0 1 1 1|0 0 0 0 0 0 1 0 0 1 0 0 1 1 1|0 0 0 0 0 0 0 0 1 1 1 0 0 0 1|1 1 0 0 0 0 0 0 1 0 0 1 0 1 1|0 0 0 1 0 0 0 0 0 1 0 0 0 0 1|0 0 1 0 0 0 0 0 0 0 0 0 1 1 0|0 1 0 0 1 1 0 0 0 0 1 1 0 1 1|0 0 0 1 1 0 1 0 0 0 1 0 0 1 1|0 0 0 0 1 0 0 0 1 1 0 0 0 1 0|0 0 0 0 0 1 0 0 1 0 0 0 0 0 1|0 0 1 1 0 0 0 1 0 0 0 0 0 1 1|1 1 1 1 0 1 0 1 1 1 1 0 1 0 1|1 0 1 1 1 1 1 0 1 1 0 1 1 1 0","0 0 0 0 0 0 0 1 0 1 0 0 1 0 0|0 0 0 0 0 0 0 1 1 1 0 0 0 0 0|0 0 0 0 1 0 0 1 1 0 0 0 0 1 0|0 0 0 0 1 1 1 1 0 0 0 0 1 0 0|0 0 1 1 0 1 0 1 0 0 0 0 1 1 0|0 0 0 1 1 0 0 0 0 0 0 0 1 0 0|0 0 0 1 0 0 0 1 0 0 1 0 1 0 1|1 1 1 1 1 0 1 0 1 1 1 0 1 0 1|0 1 1 0 0 0 0 1 0 1 0 1 1 1 0|1 1 0 0 0 0 0 1 1 0 0 1 1 0 0|0 0 0 0 0 0 1 1 0 0 0 0 1 0 1|0 0 0 0 0 0 0 0 1 1 0 0 1 0 0|1 0 0 1 1 1 1 1 1 1 1 1 0 1 0|0 0 1 0 1 0 0 0 1 0 0 0 1 0 0|0 0 0 0 0 0 1 1 0 0 1 0 0 0 0","0 0 0 0 0 1 0 1 0 1 0 0 1 1 1|0 0 0 0 0 1 0 1 1 1 0 0 0 1 0|0 0 0 0 1 0 0 1 1 0 0 0 1 1 1|0 0 0 0 1 1 1 1 0 1 0 0 1 1 1|0 0 1 1 0 1 0 1 1 1 1 0 1 1 1|1 1 0 1 1 0 0 0 1 0 0 1 1 1 1|0 0 0 1 0 0 0 1 0 1 1 0 1 0 1|1 1 1 1 1 0 1 0 1 1 1 0 1 1 1|0 1 1 0 1 1 0 1 0 1 1 1 1 1 1|1 1 0 1 1 0 1 1 1 0 1 1 1 1 1|0 0 0 0 1 0 1 1 1 1 0 0 1 1 1|0 0 0 0 0 1 0 0 1 1 0 0 1 0 1|1 0 1 1 1 1 1 1 1 1 1 1 0 1 1|1 1 1 1 1 1 0 1 1 1 1 0 1 0 1|1 0 1 1 1 1 1 1 1 1 1 1 1 1 0"
311,"ID32-15.78.1:",15,10,14020,"3, 5, 6, 7, 9, 10, 11, 13, 14, 15","1->1, 2->2, 3->15, 4->4, 5->3, 6->13, 7->10, 8->8, 9->14, 10->9, 11->7, 12->12, 13->11, 14->5, 15->6","1-6, 1-14, 1-15, 2-6, 2-9, 2-14, 3-8, 3-13, 3-14, 3-15, 4-7, 4-10, 4-13, 4-14, 4-15, 5-9, 5-10, 5-11, 5-15, 6-9, 6-12, 6-14, 6-15, 7-10, 7-15, 8-13, 8-14, 9-11, 9-12, 9-14, 9-15, 10-11, 10-14, 10-15, 11-14, 12-15, 13-14, 13-15, 14-15","1-5, 1-6, 1-13, 2-5, 2-13, 2-14, 3-6, 3-7, 3-9, 3-14, 4-5, 4-6, 4-9, 4-10, 4-11, 5-6, 5-7, 5-8, 5-9, 5-11, 5-13, 5-14, 5-15, 6-9, 6-10, 6-11, 6-12, 6-13, 6-14, 6-15, 7-9, 7-14, 8-11, 8-15, 9-10, 11-15, 12-13, 12-14, 13-14","1-5, 1-6, 1-13, 1-14, 1-15, 2-5, 2-6, 2-9, 2-13, 2-14, 3-6, 3-7, 3-8, 3-9, 3-13, 3-14, 3-15, 4-5, 4-6, 4-7, 4-9, 4-10, 4-11, 4-13, 4-14, 4-15, 5-6, 5-7, 5-8, 5-9, 5-10, 5-11, 5-13, 5-14, 5-15, 6-9, 6-10, 6-11, 6-12, 6-13, 6-14, 6-15, 7-9, 7-10, 7-14, 7-15, 8-11, 8-13, 8-14, 8-15, 9-10, 9-11, 9-12, 9-14, 9-15, 10-11, 10-14, 10-15, 11-14, 11-15, 12-13, 12-14, 12-15, 13-14, 13-15, 14-15",4,4,8,"0 0 0 0 0 1 0 0 0 0 0 0 0 1 1|0 0 0 0 0 1 0 0 1 0 0 0 0 1 0|0 0 0 0 0 0 0 1 0 0 0 0 1 1 1|0 0 0 0 0 0 1 0 0 1 0 0 1 1 1|0 0 0 0 0 0 0 0 1 1 1 0 0 0 1|1 1 0 0 0 0 0 0 1 0 0 1 0 1 1|0 0 0 1 0 0 0 0 0 1 0 0 0 0 1|0 0 1 0 0 0 0 0 0 0 0 0 1 1 0|0 1 0 0 1 1 0 0 0 0 1 1 0 1 1|0 0 0 1 1 0 1 0 0 0 1 0 0 1 1|0 0 0 0 1 0 0 0 1 1 0 0 0 1 0|0 0 0 0 0 1 0 0 1 0 0 0 0 0 1|0 0 1 1 0 0 0 1 0 0 0 0 0 1 1|1 1 1 1 0 1 0 1 1 1 1 0 1 0 1|1 0 1 1 1 1 1 0 1 1 0 1 1 1 0","0 0 0 0 1 1 0 0 0 0 0 0 1 0 0|0 0 0 0 1 0 0 0 0 0 0 0 1 1 0|0 0 0 0 0 1 1 0 1 0 0 0 0 1 0|0 0 0 0 1 1 0 0 1 1 1 0 0 0 0|1 1 0 1 0 1 1 1 1 0 1 0 1 1 1|1 0 1 1 1 0 0 0 1 1 1 1 1 1 1|0 0 1 0 1 0 0 0 1 0 0 0 0 1 0|0 0 0 0 1 0 0 0 0 0 1 0 0 0 1|0 0 1 1 1 1 1 0 0 1 0 0 0 0 0|0 0 0 1 0 1 0 0 1 0 0 0 0 0 0|0 0 0 1 1 1 0 1 0 0 0 0 0 0 1|0 0 0 0 0 1 0 0 0 0 0 0 1 1 0|1 1 0 0 1 1 0 0 0 0 0 1 0 1 0|0 1 1 0 1 1 1 0 0 0 0 1 1 0 0|0 0 0 0 1 1 0 1 0 0 1 0 0 0 0","0 0 0 0 1 1 0 0 0 0 0 0 1 1 1|0 0 0 0 1 1 0 0 1 0 0 0 1 1 0|0 0 0 0 0 1 1 1 1 0 0 0 1 1 1|0 0 0 0 1 1 1 0 1 1 1 0 1 1 1|1 1 0 1 0 1 1 1 1 1 1 0 1 1 1|1 1 1 1 1 0 0 0 1 1 1 1 1 1 1|0 0 1 1 1 0 0 0 1 1 0 0 0 1 1|0 0 1 0 1 0 0 0 0 0 1 0 1 1 1|0 1 1 1 1 1 1 0 0 1 1 1 0 1 1|0 0 0 1 1 1 1 0 1 0 1 0 0 1 1|0 0 0 1 1 1 0 1 1 1 0 0 0 1 1|0 0 0 0 0 1 0 0 1 0 0 0 1 1 1|1 1 1 1 1 1 0 1 0 0 0 1 0 1 1|1 1 1 1 1 1 1 1 1 1 1 1 1 0 1|1 0 1 1 1 1 1 1 1 1 1 1 1 1 0"
312,"ID33-15.78.2:",15,1,2288,"2, 4, 5, 6, 7, 9, 10, 11, 13, 14","1->1, 2->5, 3->3, 4->10, 5->9, 6->14, 7->11, 8->8, 9->4, 10->6, 11->2, 12->12, 13->7, 14->13, 15->15","1-8, 1-9, 1-11, 1-12, 1-13, 1-14, 2-6, 2-7, 2-10, 2-11, 2-14, 3-8, 3-9, 3-12, 3-14, 4-10, 4-12, 4-14, 4-15, 5-10, 5-11, 5-12, 6-11, 6-14, 7-10, 7-14, 8-9, 8-14, 9-12, 10-11, 10-12, 10-14, 10-15, 11-12, 11-13, 11-14, 12-14, 12-15, 13-14","1-2, 1-4, 1-7, 1-8, 1-12, 1-13, 2-5, 2-6, 2-7, 2-9, 2-12, 2-13, 2-14, 3-4, 3-8, 3-12, 3-13, 4-8, 4-12, 5-6, 5-11, 5-13, 5-14, 6-9, 6-10, 6-11, 6-12, 6-13, 6-15, 7-13, 8-13, 9-12, 10-12, 10-13, 10-15, 11-13, 12-13, 12-15, 13-14","1-2, 1-4, 1-7, 1-8, 1-9, 1-11, 1-12, 1-13, 1-14, 2-5, 2-6, 2-7, 2-9, 2-10, 2-11, 2-12, 2-13, 2-14, 3-4, 3-8, 3-9, 3-12, 3-13, 3-14, 4-8, 4-10, 4-12, 4-14, 4-15, 5-6, 5-10, 5-11, 5-12, 5-13, 5-14, 6-9, 6-10, 6-11, 6-12, 6-13, 6-14, 6-15, 7-10, 7-13, 7-14, 8-9, 8-13, 8-14, 9-12, 10-11, 10-12, 10-13, 10-14, 10-15, 11-12, 11-13, 11-14, 12-13, 12-14, 12-15, 13-14",4,4,8,"0 0 0 0 0 0 0 1 1 0 1 1 1 1 0|0 0 0 0 0 1 1 0 0 1 1 0 0 1 0|0 0 0 0 0 0 0 1 1 0 0 1 0 1 0|0 0 0 0 0 0 0 0 0 1 0 1 0 1 1|0 0 0 0 0 0 0 0 0 1 1 1 0 0 0|0 1 0 0 0 0 0 0 0 0 1 0 0 1 0|0 1 0 0 0 0 0 0 0 1 0 0 0 1 0|1 0 1 0 0 0 0 0 1 0 0 0 0 1 0|1 0 1 0 0 0 0 1 0 0 0 1 0 0 0|0 1 0 1 1 0 1 0 0 0 1 1 0 1 1|1 1 0 0 1 1 0 0 0 1 0 1 1 1 0|1 0 1 1 1 0 0 0 1 1 1 0 0 1 1|1 0 0 0 0 0 0 0 0 0 1 0 0 1 0|1 1 1 1 0 1 1 1 0 1 1 1 1 0 0|0 0 0 1 0 0 0 0 0 1 0 1 0 0 0","0 1 0 1 0 0 1 1 0 0 0 1 1 0 0|1 0 0 0 1 1 1 0 1 0 0 1 1 1 0|0 0 0 1 0 0 0 1 0 0 0 1 1 0 0|1 0 1 0 0 0 0 1 0 0 0 1 0 0 0|0 1 0 0 0 1 0 0 0 0 1 0 1 1 0|0 1 0 0 1 0 0 0 1 1 1 1 1 0 1|1 1 0 0 0 0 0 0 0 0 0 0 1 0 0|1 0 1 1 0 0 0 0 0 0 0 0 1 0 0|0 1 0 0 0 1 0 0 0 0 0 1 0 0 0|0 0 0 0 0 1 0 0 0 0 0 1 1 0 1|0 0 0 0 1 1 0 0 0 0 0 0 1 0 0|1 1 1 1 0 1 0 0 1 1 0 0 1 0 1|1 1 1 0 1 1 1 1 0 1 1 1 0 1 0|0 1 0 0 1 0 0 0 0 0 0 0 1 0 0|0 0 0 0 0 1 0 0 0 1 0 1 0 0 0","0 1 0 1 0 0 1 1 1 0 1 1 1 1 0|1 0 0 0 1 1 1 0 1 1 1 1 1 1 0|0 0 0 1 0 0 0 1 1 0 0 1 1 1 0|1 0 1 0 0 0 0 1 0 1 0 1 0 1 1|0 1 0 0 0 1 0 0 0 1 1 1 1 1 0|0 1 0 0 1 0 0 0 1 1 1 1 1 1 1|1 1 0 0 0 0 0 0 0 1 0 0 1 1 0|1 0 1 1 0 0 0 0 1 0 0 0 1 1 0|1 1 1 0 0 1 0 1 0 0 0 1 0 0 0|0 1 0 1 1 1 1 0 0 0 1 1 1 1 1|1 1 0 0 1 1 0 0 0 1 0 1 1 1 0|1 1 1 1 1 1 0 0 1 1 1 0 1 1 1|1 1 1 0 1 1 1 1 0 1 1 1 0 1 0|1 1 1 1 1 1 1 1 0 1 1 1 1 0 0|0 0 0 1 0 1 0 0 0 1 0 1 0 0 0"
313,"ID33-15.78.2:",15,2,2875,"1, 4, 6, 7, 8, 10, 11, 12, 14, 15","1->10, 2->2, 3->3, 4->11, 5->5, 6->7, 7->12, 8->14, 9->9, 10->4, 11->1, 12->6, 13->13, 14->15, 15->8","1-8, 1-9, 1-11, 1-12, 1-13, 1-14, 2-6, 2-7, 2-10, 2-11, 2-14, 3-8, 3-9, 3-12, 3-14, 4-10, 4-12, 4-14, 4-15, 5-10, 5-11, 5-12, 6-11, 6-14, 7-10, 7-14, 8-9, 8-14, 9-12, 10-11, 10-12, 10-14, 10-15, 11-12, 11-13, 11-14, 12-14, 12-15, 13-14","1-2, 1-4, 1-5, 1-6, 1-7, 1-10, 1-13, 1-15, 2-4, 2-7, 2-12, 2-15, 3-6, 3-9, 3-14, 3-15, 4-5, 4-6, 4-8, 4-11, 4-12, 4-15, 5-6, 6-8, 6-9, 6-10, 6-11, 6-15, 7-15, 8-11, 9-10, 9-14, 10-13, 10-14, 10-15, 11-15, 12-15, 13-15, 14-15","1-2, 1-4, 1-5, 1-6, 1-7, 1-8, 1-9, 1-10, 1-11, 1-12, 1-13, 1-14, 1-15, 2-4, 2-6, 2-7, 2-10, 2-11, 2-12, 2-14, 2-15, 3-6, 3-8, 3-9, 3-12, 3-14, 3-15, 4-5, 4-6, 4-8, 4-10, 4-11, 4-12, 4-14, 4-15, 5-6, 5-10, 5-11, 5-12, 6-8, 6-9, 6-10, 6-11, 6-14, 6-15, 7-10, 7-14, 7-15, 8-9, 8-11, 8-14, 9-10, 9-12, 9-14, 10-11, 10-12, 10-13, 10-14, 10-15, 11-12, 11-13, 11-14, 11-15, 12-14, 12-15, 13-14, 13-15, 14-15",4,4,8,"0 0 0 0 0 0 0 1 1 0 1 1 1 1 0|0 0 0 0 0 1 1 0 0 1 1 0 0 1 0|0 0 0 0 0 0 0 1 1 0 0 1 0 1 0|0 0 0 0 0 0 0 0 0 1 0 1 0 1 1|0 0 0 0 0 0 0 0 0 1 1 1 0 0 0|0 1 0 0 0 0 0 0 0 0 1 0 0 1 0|0 1 0 0 0 0 0 0 0 1 0 0 0 1 0|1 0 1 0 0 0 0 0 1 0 0 0 0 1 0|1 0 1 0 0 0 0 1 0 0 0 1 0 0 0|0 1 0 1 1 0 1 0 0 0 1 1 0 1 1|1 1 0 0 1 1 0 0 0 1 0 1 1 1 0|1 0 1 1 1 0 0 0 1 1 1 0 0 1 1|1 0 0 0 0 0 0 0 0 0 1 0 0 1 0|1 1 1 1 0 1 1 1 0 1 1 1 1 0 0|0 0 0 1 0 0 0 0 0 1 0 1 0 0 0","0 1 0 1 1 1 1 0 0 1 0 0 1 0 1|1 0 0 1 0 0 1 0 0 0 0 1 0 0 1|0 0 0 0 0 1 0 0 1 0 0 0 0 1 1|1 1 0 0 1 1 0 1 0 0 1 1 0 0 1|1 0 0 1 0 1 0 0 0 0 0 0 0 0 0|1 0 1 1 1 0 0 1 1 1 1 0 0 0 1|1 1 0 0 0 0 0 0 0 0 0 0 0 0 1|0 0 0 1 0 1 0 0 0 0 1 0 0 0 0|0 0 1 0 0 1 0 0 0 1 0 0 0 1 0|1 0 0 0 0 1 0 0 1 0 0 0 1 1 1|0 0 0 1 0 1 0 1 0 0 0 0 0 0 1|0 1 0 1 0 0 0 0 0 0 0 0 0 0 1|1 0 0 0 0 0 0 0 0 1 0 0 0 0 1|0 0 1 0 0 0 0 0 1 1 0 0 0 0 1|1 1 1 1 0 1 1 0 0 1 1 1 1 1 0","0 1 0 1 1 1 1 1 1 1 1 1 1 1 1|1 0 0 1 0 1 1 0 0 1 1 1 0 1 1|0 0 0 0 0 1 0 1 1 0 0 1 0 1 1|1 1 0 0 1 1 0 1 0 1 1 1 0 1 1|1 0 0 1 0 1 0 0 0 1 1 1 0 0 0|1 1 1 1 1 0 0 1 1 1 1 0 0 1 1|1 1 0 0 0 0 0 0 0 1 0 0 0 1 1|1 0 1 1 0 1 0 0 1 0 1 0 0 1 0|1 0 1 0 0 1 0 1 0 1 0 1 0 1 0|1 1 0 1 1 1 1 0 1 0 1 1 1 1 1|1 1 0 1 1 1 0 1 0 1 0 1 1 1 1|1 1 1 1 1 0 0 0 1 1 1 0 0 1 1|1 0 0 0 0 0 0 0 0 1 1 0 0 1 1|1 1 1 1 0 1 1 1 1 1 1 1 1 0 1|1 1 1 1 0 1 1 0 0 1 1 1 1 1 0"
314,"ID33-15.78.2:",15,3,3105,"1, 2, 3, 4, 8, 11, 12, 13, 14, 15","1->11, 2->15, 3->4, 4->2, 5->5, 6->6, 7->7, 8->14, 9->9, 10->10, 11->13, 12->3, 13->12, 14->8, 15->1","1-8, 1-9, 1-11, 1-12, 1-13, 1-14, 2-6, 2-7, 2-10, 2-11, 2-14, 3-8, 3-9, 3-12, 3-14, 4-10, 4-12, 4-14, 4-15, 5-10, 5-11, 5-12, 6-11, 6-14, 7-10, 7-14, 8-9, 8-14, 9-12, 10-11, 10-12, 10-14, 10-15, 11-12, 11-13, 11-14, 12-14, 12-15, 13-14","1-2, 1-3, 1-10, 2-3, 2-8, 2-10, 3-4, 3-5, 3-8, 3-9, 3-10, 3-11, 3-13, 4-8, 4-9, 4-14, 5-10, 5-13, 6-8, 6-13, 6-15, 7-8, 7-10, 7-15, 8-10, 8-11, 8-12, 8-13, 8-14, 8-15, 9-11, 9-14, 10-13, 10-15, 11-12, 11-13, 11-14, 12-13, 13-15","1-2, 1-3, 1-8, 1-9, 1-10, 1-11, 1-12, 1-13, 1-14, 2-3, 2-6, 2-7, 2-8, 2-10, 2-11, 2-14, 3-4, 3-5, 3-8, 3-9, 3-10, 3-11, 3-12, 3-13, 3-14, 4-8, 4-9, 4-10, 4-12, 4-14, 4-15, 5-10, 5-11, 5-12, 5-13, 6-8, 6-11, 6-13, 6-14, 6-15, 7-8, 7-10, 7-14, 7-15, 8-9, 8-10, 8-11, 8-12, 8-13, 8-14, 8-15, 9-11, 9-12, 9-14, 10-11, 10-12, 10-13, 10-14, 10-15, 11-12, 11-13, 11-14, 12-13, 12-14, 12-15, 13-14, 13-15",4,4,8,"0 0 0 0 0 0 0 1 1 0 1 1 1 1 0|0 0 0 0 0 1 1 0 0 1 1 0 0 1 0|0 0 0 0 0 0 0 1 1 0 0 1 0 1 0|0 0 0 0 0 0 0 0 0 1 0 1 0 1 1|0 0 0 0 0 0 0 0 0 1 1 1 0 0 0|0 1 0 0 0 0 0 0 0 0 1 0 0 1 0|0 1 0 0 0 0 0 0 0 1 0 0 0 1 0|1 0 1 0 0 0 0 0 1 0 0 0 0 1 0|1 0 1 0 0 0 0 1 0 0 0 1 0 0 0|0 1 0 1 1 0 1 0 0 0 1 1 0 1 1|1 1 0 0 1 1 0 0 0 1 0 1 1 1 0|1 0 1 1 1 0 0 0 1 1 1 0 0 1 1|1 0 0 0 0 0 0 0 0 0 1 0 0 1 0|1 1 1 1 0 1 1 1 0 1 1 1 1 0 0|0 0 0 1 0 0 0 0 0 1 0 1 0 0 0","0 1 1 0 0 0 0 0 0 1 0 0 0 0 0|1 0 1 0 0 0 0 1 0 1 0 0 0 0 0|1 1 0 1 1 0 0 1 1 1 1 0 1 0 0|0 0 1 0 0 0 0 1 1 0 0 0 0 1 0|0 0 1 0 0 0 0 0 0 1 0 0 1 0 0|0 0 0 0 0 0 0 1 0 0 0 0 1 0 1|0 0 0 0 0 0 0 1 0 1 0 0 0 0 1|0 1 1 1 0 1 1 0 0 1 1 1 1 1 1|0 0 1 1 0 0 0 0 0 0 1 0 0 1 0|1 1 1 0 1 0 1 1 0 0 0 0 1 0 1|0 0 1 0 0 0 0 1 1 0 0 1 1 1 0|0 0 0 0 0 0 0 1 0 0 1 0 1 0 0|0 0 1 0 1 1 0 1 0 1 1 1 0 0 1|0 0 0 1 0 0 0 1 1 0 1 0 0 0 0|0 0 0 0 0 1 1 1 0 1 0 0 1 0 0","0 1 1 0 0 0 0 1 1 1 1 1 1 1 0|1 0 1 0 0 1 1 1 0 1 1 0 0 1 0|1 1 0 1 1 0 0 1 1 1 1 1 1 1 0|0 0 1 0 0 0 0 1 1 1 0 1 0 1 1|0 0 1 0 0 0 0 0 0 1 1 1 1 0 0|0 1 0 0 0 0 0 1 0 0 1 0 1 1 1|0 1 0 0 0 0 0 1 0 1 0 0 0 1 1|1 1 1 1 0 1 1 0 1 1 1 1 1 1 1|1 0 1 1 0 0 0 1 0 0 1 1 0 1 0|1 1 1 1 1 0 1 1 0 0 1 1 1 1 1|1 1 1 0 1 1 0 1 1 1 0 1 1 1 0|1 0 1 1 1 0 0 1 1 1 1 0 1 1 1|1 0 1 0 1 1 0 1 0 1 1 1 0 1 1|1 1 1 1 0 1 1 1 1 1 1 1 1 0 0|0 0 0 1 0 1 1 1 0 1 0 1 1 0 0"
315,"ID33-15.78.2:",15,4,4667,"1, 2, 3, 4, 5, 9, 11, 12, 13, 14","1->5, 2->9, 3->13, 4->11, 5->12, 6->6, 7->7, 8->8, 9->14, 10->10, 11->1, 12->2, 13->3, 14->4, 15->15","1-8, 1-9, 1-11, 1-12, 1-13, 1-14, 2-6, 2-7, 2-10, 2-11, 2-14, 3-8, 3-9, 3-12, 3-14, 4-10, 4-12, 4-14, 4-15, 5-10, 5-11, 5-12, 6-11, 6-14, 7-10, 7-14, 8-9, 8-14, 9-12, 10-11, 10-12, 10-14, 10-15, 11-12, 11-13, 11-14, 12-14, 12-15, 13-14","1-2, 1-3, 1-4, 1-5, 1-6, 1-9, 1-10, 1-12, 2-4, 2-5, 2-10, 2-11, 2-12, 2-13, 2-14, 2-15, 3-4, 3-5, 4-5, 4-6, 4-7, 4-8, 4-9, 4-10, 4-11, 4-13, 5-8, 5-14, 6-9, 7-9, 7-10, 8-13, 8-14, 9-10, 10-11, 10-12, 10-15, 11-15, 13-14","1-2, 1-3, 1-4, 1-5, 1-6, 1-8, 1-9, 1-10, 1-11, 1-12, 1-13, 1-14, 2-4, 2-5, 2-6, 2-7, 2-10, 2-11, 2-12, 2-13, 2-14, 2-15, 3-4, 3-5, 3-8, 3-9, 3-12, 3-14, 4-5, 4-6, 4-7, 4-8, 4-9, 4-10, 4-11, 4-12, 4-13, 4-14, 4-15, 5-8, 5-10, 5-11, 5-12, 5-14, 6-9, 6-11, 6-14, 7-9, 7-10, 7-14, 8-9, 8-13, 8-14, 9-10, 9-12, 10-11, 10-12, 10-14, 10-15, 11-12, 11-13, 11-14, 11-15, 12-14, 12-15, 13-14",4,4,8,"0 0 0 0 0 0 0 1 1 0 1 1 1 1 0|0 0 0 0 0 1 1 0 0 1 1 0 0 1 0|0 0 0 0 0 0 0 1 1 0 0 1 0 1 0|0 0 0 0 0 0 0 0 0 1 0 1 0 1 1|0 0 0 0 0 0 0 0 0 1 1 1 0 0 0|0 1 0 0 0 0 0 0 0 0 1 0 0 1 0|0 1 0 0 0 0 0 0 0 1 0 0 0 1 0|1 0 1 0 0 0 0 0 1 0 0 0 0 1 0|1 0 1 0 0 0 0 1 0 0 0 1 0 0 0|0 1 0 1 1 0 1 0 0 0 1 1 0 1 1|1 1 0 0 1 1 0 0 0 1 0 1 1 1 0|1 0 1 1 1 0 0 0 1 1 1 0 0 1 1|1 0 0 0 0 0 0 0 0 0 1 0 0 1 0|1 1 1 1 0 1 1 1 0 1 1 1 1 0 0|0 0 0 1 0 0 0 0 0 1 0 1 0 0 0","0 1 1 1 1 1 0 0 1 1 0 1 0 0 0|1 0 0 1 1 0 0 0 0 1 1 1 1 1 1|1 0 0 1 1 0 0 0 0 0 0 0 0 0 0|1 1 1 0 1 1 1 1 1 1 1 0 1 0 0|1 1 1 1 0 0 0 1 0 0 0 0 0 1 0|1 0 0 1 0 0 0 0 1 0 0 0 0 0 0|0 0 0 1 0 0 0 0 1 1 0 0 0 0 0|0 0 0 1 1 0 0 0 0 0 0 0 1 1 0|1 0 0 1 0 1 1 0 0 1 0 0 0 0 0|1 1 0 1 0 0 1 0 1 0 1 1 0 0 1|0 1 0 1 0 0 0 0 0 1 0 0 0 0 1|1 1 0 0 0 0 0 0 0 1 0 0 0 0 0|0 1 0 1 0 0 0 1 0 0 0 0 0 1 0|0 1 0 0 1 0 0 1 0 0 0 0 1 0 0|0 1 0 0 0 0 0 0 0 1 1 0 0 0 0","0 1 1 1 1 1 0 1 1 1 1 1 1 1 0|1 0 0 1 1 1 1 0 0 1 1 1 1 1 1|1 0 0 1 1 0 0 1 1 0 0 1 0 1 0|1 1 1 0 1 1 1 1 1 1 1 1 1 1 1|1 1 1 1 0 0 0 1 0 1 1 1 0 1 0|1 1 0 1 0 0 0 0 1 0 1 0 0 1 0|0 1 0 1 0 0 0 0 1 1 0 0 0 1 0|1 0 1 1 1 0 0 0 1 0 0 0 1 1 0|1 0 1 1 0 1 1 1 0 1 0 1 0 0 0|1 1 0 1 1 0 1 0 1 0 1 1 0 1 1|1 1 0 1 1 1 0 0 0 1 0 1 1 1 1|1 1 1 1 1 0 0 0 1 1 1 0 0 1 1|1 1 0 1 0 0 0 1 0 0 1 0 0 1 0|1 1 1 1 1 1 1 1 0 1 1 1 1 0 0|0 1 0 1 0 0 0 0 0 1 1 1 0 0 0"
316,"ID33-15.78.2:",15,5,5518,"3, 4, 5, 6, 10, 11, 12, 13, 14, 15","1->1, 2->2, 3->15, 4->14, 5->3, 6->12, 7->7, 8->8, 9->9, 10->11, 11->6, 12->4, 13->10, 14->13, 15->5","1-8, 1-9, 1-11, 1-12, 1-13, 1-14, 2-6, 2-7, 2-10, 2-11, 2-14, 3-8, 3-9, 3-12, 3-14, 4-10, 4-12, 4-14, 4-15, 5-10, 5-11, 5-12, 6-11, 6-14, 7-10, 7-14, 8-9, 8-14, 9-12, 10-11, 10-12, 10-14, 10-15, 11-12, 11-13, 11-14, 12-14, 12-15, 13-14","1-4, 1-6, 1-8, 1-9, 1-10, 1-13, 2-6, 2-7, 2-11, 2-12, 2-13, 3-4, 3-6, 3-11, 4-5, 4-6, 4-9, 4-11, 4-13, 4-14, 4-15, 5-11, 5-14, 6-10, 6-11, 6-12, 6-13, 7-11, 7-13, 8-9, 8-13, 8-15, 9-15, 10-13, 11-13, 11-14, 12-13, 13-14, 13-15","1-4, 1-6, 1-8, 1-9, 1-10, 1-11, 1-12, 1-13, 1-14, 2-6, 2-7, 2-10, 2-11, 2-12, 2-13, 2-14, 3-4, 3-6, 3-8, 3-9, 3-11, 3-12, 3-14, 4-5, 4-6, 4-9, 4-10, 4-11, 4-12, 4-13, 4-14, 4-15, 5-10, 5-11, 5-12, 5-14, 6-10, 6-11, 6-12, 6-13, 6-14, 7-10, 7-11, 7-13, 7-14, 8-9, 8-13, 8-14, 8-15, 9-12, 9-15, 10-11, 10-12, 10-13, 10-14, 10-15, 11-12, 11-13, 11-14, 12-13, 12-14, 12-15, 13-14, 13-15",4,4,8,"0 0 0 0 0 0 0 1 1 0 1 1 1 1 0|0 0 0 0 0 1 1 0 0 1 1 0 0 1 0|0 0 0 0 0 0 0 1 1 0 0 1 0 1 0|0 0 0 0 0 0 0 0 0 1 0 1 0 1 1|0 0 0 0 0 0 0 0 0 1 1 1 0 0 0|0 1 0 0 0 0 0 0 0 0 1 0 0 1 0|0 1 0 0 0 0 0 0 0 1 0 0 0 1 0|1 0 1 0 0 0 0 0 1 0 0 0 0 1 0|1 0 1 0 0 0 0 1 0 0 0 1 0 0 0|0 1 0 1 1 0 1 0 0 0 1 1 0 1 1|1 1 0 0 1 1 0 0 0 1 0 1 1 1 0|1 0 1 1 1 0 0 0 1 1 1 0 0 1 1|1 0 0 0 0 0 0 0 0 0 1 0 0 1 0|1 1 1 1 0 1 1 1 0 1 1 1 1 0 0|0 0 0 1 0 0 0 0 0 1 0 1 0 0 0","0 0 0 1 0 1 0 1 1 1 0 0 1 0 0|0 0 0 0 0 1 1 0 0 0 1 1 1 0 0|0 0 0 1 0 1 0 0 0 0 1 0 0 0 0|1 0 1 0 1 1 0 0 1 0 1 0 1 1 1|0 0 0 1 0 0 0 0 0 0 1 0 0 1 0|1 1 1 1 0 0 0 0 0 1 1 1 1 0 0|0 1 0 0 0 0 0 0 0 0 1 0 1 0 0|1 0 0 0 0 0 0 0 1 0 0 0 1 0 1|1 0 0 1 0 0 0 1 0 0 0 0 0 0 1|1 0 0 0 0 1 0 0 0 0 0 0 1 0 0|0 1 1 1 1 1 1 0 0 0 0 0 1 1 0|0 1 0 0 0 1 0 0 0 0 0 0 1 0 0|1 1 0 1 0 1 1 1 0 1 1 1 0 1 1|0 0 0 1 1 0 0 0 0 0 1 0 1 0 0|0 0 0 1 0 0 0 1 1 0 0 0 1 0 0","0 0 0 1 0 1 0 1 1 1 1 1 1 1 0|0 0 0 0 0 1 1 0 0 1 1 1 1 1 0|0 0 0 1 0 1 0 1 1 0 1 1 0 1 0|1 0 1 0 1 1 0 0 1 1 1 1 1 1 1|0 0 0 1 0 0 0 0 0 1 1 1 0 1 0|1 1 1 1 0 0 0 0 0 1 1 1 1 1 0|0 1 0 0 0 0 0 0 0 1 1 0 1 1 0|1 0 1 0 0 0 0 0 1 0 0 0 1 1 1|1 0 1 1 0 0 0 1 0 0 0 1 0 0 1|1 1 0 1 1 1 1 0 0 0 1 1 1 1 1|1 1 1 1 1 1 1 0 0 1 0 1 1 1 0|1 1 1 1 1 1 0 0 1 1 1 0 1 1 1|1 1 0 1 0 1 1 1 0 1 1 1 0 1 1|1 1 1 1 1 1 1 1 0 1 1 1 1 0 0|0 0 0 1 0 0 0 1 1 1 0 1 1 0 0"
317,"ID33-15.78.2:",15,6,6274,"1, 5, 6, 7, 10, 11, 12, 13, 14, 15","1->5, 2->2, 3->3, 4->4, 5->10, 6->1, 7->14, 8->8, 9->9, 10->12, 11->13, 12->6, 13->11, 14->15, 15->7","1-8, 1-9, 1-11, 1-12, 1-13, 1-14, 2-6, 2-7, 2-10, 2-11, 2-14, 3-8, 3-9, 3-12, 3-14, 4-10, 4-12, 4-14, 4-15, 5-10, 5-11, 5-12, 6-11, 6-14, 7-10, 7-14, 8-9, 8-14, 9-12, 10-11, 10-12, 10-14, 10-15, 11-12, 11-13, 11-14, 12-14, 12-15, 13-14","1-2, 1-13, 1-15, 2-12, 2-13, 2-14, 2-15, 3-6, 3-8, 3-9, 3-15, 4-6, 4-7, 4-12, 4-15, 5-6, 5-8, 5-9, 5-11, 5-13, 5-15, 6-7, 6-9, 6-10, 6-12, 6-13, 6-15, 7-12, 8-9, 8-15, 10-12, 10-13, 11-13, 11-15, 12-13, 12-14, 12-15, 13-15, 14-15","1-2, 1-8, 1-9, 1-11, 1-12, 1-13, 1-14, 1-15, 2-6, 2-7, 2-10, 2-11, 2-12, 2-13, 2-14, 2-15, 3-6, 3-8, 3-9, 3-12, 3-14, 3-15, 4-6, 4-7, 4-10, 4-12, 4-14, 4-15, 5-6, 5-8, 5-9, 5-10, 5-11, 5-12, 5-13, 5-15, 6-7, 6-9, 6-10, 6-11, 6-12, 6-13, 6-14, 6-15, 7-10, 7-12, 7-14, 8-9, 8-14, 8-15, 9-12, 10-11, 10-12, 10-13, 10-14, 10-15, 11-12, 11-13, 11-14, 11-15, 12-13, 12-14, 12-15, 13-14, 13-15, 14-15",4,4,8,"0 0 0 0 0 0 0 1 1 0 1 1 1 1 0|0 0 0 0 0 1 1 0 0 1 1 0 0 1 0|0 0 0 0 0 0 0 1 1 0 0 1 0 1 0|0 0 0 0 0 0 0 0 0 1 0 1 0 1 1|0 0 0 0 0 0 0 0 0 1 1 1 0 0 0|0 1 0 0 0 0 0 0 0 0 1 0 0 1 0|0 1 0 0 0 0 0 0 0 1 0 0 0 1 0|1 0 1 0 0 0 0 0 1 0 0 0 0 1 0|1 0 1 0 0 0 0 1 0 0 0 1 0 0 0|0 1 0 1 1 0 1 0 0 0 1 1 0 1 1|1 1 0 0 1 1 0 0 0 1 0 1 1 1 0|1 0 1 1 1 0 0 0 1 1 1 0 0 1 1|1 0 0 0 0 0 0 0 0 0 1 0 0 1 0|1 1 1 1 0 1 1 1 0 1 1 1 1 0 0|0 0 0 1 0 0 0 0 0 1 0 1 0 0 0","0 1 0 0 0 0 0 0 0 0 0 0 1 0 1|1 0 0 0 0 0 0 0 0 0 0 1 1 1 1|0 0 0 0 0 1 0 1 1 0 0 0 0 0 1|0 0 0 0 0 1 1 0 0 0 0 1 0 0 1|0 0 0 0 0 1 0 1 1 0 1 0 1 0 1|0 0 1 1 1 0 1 0 1 1 0 1 1 0 1|0 0 0 1 0 1 0 0 0 0 0 1 0 0 0|0 0 1 0 1 0 0 0 1 0 0 0 0 0 1|0 0 1 0 1 1 0 1 0 0 0 0 0 0 0|0 0 0 0 0 1 0 0 0 0 0 1 1 0 0|0 0 0 0 1 0 0 0 0 0 0 0 1 0 1|0 1 0 1 0 1 1 0 0 1 0 0 1 1 1|1 1 0 0 1 1 0 0 0 1 1 1 0 0 1|0 1 0 0 0 0 0 0 0 0 0 1 0 0 1|1 1 1 1 1 1 0 1 0 0 1 1 1 1 0","0 1 0 0 0 0 0 1 1 0 1 1 1 1 1|1 0 0 0 0 1 1 0 0 1 1 1 1 1 1|0 0 0 0 0 1 0 1 1 0 0 1 0 1 1|0 0 0 0 0 1 1 0 0 1 0 1 0 1 1|0 0 0 0 0 1 0 1 1 1 1 1 1 0 1|0 1 1 1 1 0 1 0 1 1 1 1 1 1 1|0 1 0 1 0 1 0 0 0 1 0 1 0 1 0|1 0 1 0 1 0 0 0 1 0 0 0 0 1 1|1 0 1 0 1 1 0 1 0 0 0 1 0 0 0|0 1 0 1 1 1 1 0 0 0 1 1 1 1 1|1 1 0 0 1 1 0 0 0 1 0 1 1 1 1|1 1 1 1 1 1 1 0 1 1 1 0 1 1 1|1 1 0 0 1 1 0 0 0 1 1 1 0 1 1|1 1 1 1 0 1 1 1 0 1 1 1 1 0 1|1 1 1 1 1 1 0 1 0 1 1 1 1 1 0"
318,"ID33-15.78.2:",15,7,6282,"3, 4, 6, 7, 9, 10, 12, 13, 14, 15","1->1, 2->2, 3->7, 4->14, 5->5, 6->4, 7->12, 8->8, 9->3, 10->15, 11->11, 12->9, 13->10, 14->13, 15->6","1-8, 1-9, 1-11, 1-12, 1-13, 1-14, 2-6, 2-7, 2-10, 2-11, 2-14, 3-8, 3-9, 3-12, 3-14, 4-10, 4-12, 4-14, 4-15, 5-10, 5-11, 5-12, 6-11, 6-14, 7-10, 7-14, 8-9, 8-14, 9-12, 10-11, 10-12, 10-14, 10-15, 11-12, 11-13, 11-14, 12-14, 12-15, 13-14","1-3, 1-8, 1-9, 1-10, 1-11, 1-13, 2-4, 2-11, 2-12, 2-13, 2-15, 3-7, 3-8, 3-9, 4-11, 4-13, 5-9, 5-11, 5-15, 6-9, 6-14, 6-15, 7-8, 7-9, 7-13, 8-13, 9-11, 9-13, 9-14, 9-15, 10-11, 10-13, 11-13, 11-15, 12-13, 12-15, 13-14, 13-15, 14-15","1-3, 1-8, 1-9, 1-10, 1-11, 1-12, 1-13, 1-14, 2-4, 2-6, 2-7, 2-10, 2-11, 2-12, 2-13, 2-14, 2-15, 3-7, 3-8, 3-9, 3-12, 3-14, 4-10, 4-11, 4-12, 4-13, 4-14, 4-15, 5-9, 5-10, 5-11, 5-12, 5-15, 6-9, 6-11, 6-14, 6-15, 7-8, 7-9, 7-10, 7-13, 7-14, 8-9, 8-13, 8-14, 9-11, 9-12, 9-13, 9-14, 9-15, 10-11, 10-12, 10-13, 10-14, 10-15, 11-12, 11-13, 11-14, 11-15, 12-13, 12-14, 12-15, 13-14, 13-15, 14-15",4,4,8,"0 0 0 0 0 0 0 1 1 0 1 1 1 1 0|0 0 0 0 0 1 1 0 0 1 1 0 0 1 0|0 0 0 0 0 0 0 1 1 0 0 1 0 1 0|0 0 0 0 0 0 0 0 0 1 0 1 0 1 1|0 0 0 0 0 0 0 0 0 1 1 1 0 0 0|0 1 0 0 0 0 0 0 0 0 1 0 0 1 0|0 1 0 0 0 0 0 0 0 1 0 0 0 1 0|1 0 1 0 0 0 0 0 1 0 0 0 0 1 0|1 0 1 0 0 0 0 1 0 0 0 1 0 0 0|0 1 0 1 1 0 1 0 0 0 1 1 0 1 1|1 1 0 0 1 1 0 0 0 1 0 1 1 1 0|1 0 1 1 1 0 0 0 1 1 1 0 0 1 1|1 0 0 0 0 0 0 0 0 0 1 0 0 1 0|1 1 1 1 0 1 1 1 0 1 1 1 1 0 0|0 0 0 1 0 0 0 0 0 1 0 1 0 0 0","0 0 1 0 0 0 0 1 1 1 1 0 1 0 0|0 0 0 1 0 0 0 0 0 0 1 1 1 0 1|1 0 0 0 0 0 1 1 1 0 0 0 0 0 0|0 1 0 0 0 0 0 0 0 0 1 0 1 0 0|0 0 0 0 0 0 0 0 1 0 1 0 0 0 1|0 0 0 0 0 0 0 0 1 0 0 0 0 1 1|0 0 1 0 0 0 0 1 1 0 0 0 1 0 0|1 0 1 0 0 0 1 0 0 0 0 0 1 0 0|1 0 1 0 1 1 1 0 0 0 1 0 1 1 1|1 0 0 0 0 0 0 0 0 0 1 0 1 0 0|1 1 0 1 1 0 0 0 1 1 0 0 1 0 1|0 1 0 0 0 0 0 0 0 0 0 0 1 0 1|1 1 0 1 0 0 1 1 1 1 1 1 0 1 1|0 0 0 0 0 1 0 0 1 0 0 0 1 0 1|0 1 0 0 1 1 0 0 1 0 1 1 1 1 0","0 0 1 0 0 0 0 1 1 1 1 1 1 1 0|0 0 0 1 0 1 1 0 0 1 1 1 1 1 1|1 0 0 0 0 0 1 1 1 0 0 1 0 1 0|0 1 0 0 0 0 0 0 0 1 1 1 1 1 1|0 0 0 0 0 0 0 0 1 1 1 1 0 0 1|0 1 0 0 0 0 0 0 1 0 1 0 0 1 1|0 1 1 0 0 0 0 1 1 1 0 0 1 1 0|1 0 1 0 0 0 1 0 1 0 0 0 1 1 0|1 0 1 0 1 1 1 1 0 0 1 1 1 1 1|1 1 0 1 1 0 1 0 0 0 1 1 1 1 1|1 1 0 1 1 1 0 0 1 1 0 1 1 1 1|1 1 1 1 1 0 0 0 1 1 1 0 1 1 1|1 1 0 1 0 0 1 1 1 1 1 1 0 1 1|1 1 1 1 0 1 1 1 1 1 1 1 1 0 1|0 1 0 1 1 1 0 0 1 1 1 1 1 1 0"
319,"ID33-15.78.2:",15,8,6321,"1, 2, 4, 5, 6, 7, 10, 11, 13, 14","1->13, 2->5, 3->3, 4->1, 5->2, 6->14, 7->11, 8->8, 9->9, 10->7, 11->6, 12->12, 13->10, 14->4, 15->15","1-8, 1-9, 1-11, 1-12, 1-13, 1-14, 2-6, 2-7, 2-10, 2-11, 2-14, 3-8, 3-9, 3-12, 3-14, 4-10, 4-12, 4-14, 4-15, 5-10, 5-11, 5-12, 6-11, 6-14, 7-10, 7-14, 8-9, 8-14, 9-12, 10-11, 10-12, 10-14, 10-15, 11-12, 11-13, 11-14, 12-14, 12-15, 13-14","1-4, 1-7, 1-12, 1-15, 2-6, 2-7, 2-12, 3-4, 3-8, 3-9, 3-12, 4-5, 4-6, 4-7, 4-8, 4-10, 4-11, 4-12, 4-13, 4-14, 5-6, 5-7, 5-11, 5-14, 6-7, 6-10, 6-12, 6-13, 6-14, 7-11, 7-12, 7-15, 8-9, 8-13, 9-12, 9-13, 10-13, 12-13, 12-15","1-4, 1-7, 1-8, 1-9, 1-11, 1-12, 1-13, 1-14, 1-15, 2-6, 2-7, 2-10, 2-11, 2-12, 2-14, 3-4, 3-8, 3-9, 3-12, 3-14, 4-5, 4-6, 4-7, 4-8, 4-10, 4-11, 4-12, 4-13, 4-14, 4-15, 5-6, 5-7, 5-10, 5-11, 5-12, 5-14, 6-7, 6-10, 6-11, 6-12, 6-13, 6-14, 7-10, 7-11, 7-12, 7-14, 7-15, 8-9, 8-13, 8-14, 9-12, 9-13, 10-11, 10-12, 10-13, 10-14, 10-15, 11-12, 11-13, 11-14, 12-13, 12-14, 12-15, 13-14",4,4,8,"0 0 0 0 0 0 0 1 1 0 1 1 1 1 0|0 0 0 0 0 1 1 0 0 1 1 0 0 1 0|0 0 0 0 0 0 0 1 1 0 0 1 0 1 0|0 0 0 0 0 0 0 0 0 1 0 1 0 1 1|0 0 0 0 0 0 0 0 0 1 1 1 0 0 0|0 1 0 0 0 0 0 0 0 0 1 0 0 1 0|0 1 0 0 0 0 0 0 0 1 0 0 0 1 0|1 0 1 0 0 0 0 0 1 0 0 0 0 1 0|1 0 1 0 0 0 0 1 0 0 0 1 0 0 0|0 1 0 1 1 0 1 0 0 0 1 1 0 1 1|1 1 0 0 1 1 0 0 0 1 0 1 1 1 0|1 0 1 1 1 0 0 0 1 1 1 0 0 1 1|1 0 0 0 0 0 0 0 0 0 1 0 0 1 0|1 1 1 1 0 1 1 1 0 1 1 1 1 0 0|0 0 0 1 0 0 0 0 0 1 0 1 0 0 0","0 0 0 1 0 0 1 0 0 0 0 1 0 0 1|0 0 0 0 0 1 1 0 0 0 0 1 0 0 0|0 0 0 1 0 0 0 1 1 0 0 1 0 0 0|1 0 1 0 1 1 1 1 0 1 1 1 1 1 0|0 0 0 1 0 1 1 0 0 0 1 0 0 1 0|0 1 0 1 1 0 1 0 0 1 0 1 1 1 0|1 1 0 1 1 1 0 0 0 0 1 1 0 0 1|0 0 1 1 0 0 0 0 1 0 0 0 1 0 0|0 0 1 0 0 0 0 1 0 0 0 1 1 0 0|0 0 0 1 0 1 0 0 0 0 0 0 1 0 0|0 0 0 1 1 0 1 0 0 0 0 0 0 0 0|1 1 1 1 0 1 1 0 1 0 0 0 1 0 1|0 0 0 1 0 1 0 1 1 1 0 1 0 0 0|0 0 0 1 1 1 0 0 0 0 0 0 0 0 0|1 0 0 0 0 0 1 0 0 0 0 1 0 0 0","0 0 0 1 0 0 1 1 1 0 1 1 1 1 1|0 0 0 0 0 1 1 0 0 1 1 1 0 1 0|0 0 0 1 0 0 0 1 1 0 0 1 0 1 0|1 0 1 0 1 1 1 1 0 1 1 1 1 1 1|0 0 0 1 0 1 1 0 0 1 1 1 0 1 0|0 1 0 1 1 0 1 0 0 1 1 1 1 1 0|1 1 0 1 1 1 0 0 0 1 1 1 0 1 1|1 0 1 1 0 0 0 0 1 0 0 0 1 1 0|1 0 1 0 0 0 0 1 0 0 0 1 1 0 0|0 1 0 1 1 1 1 0 0 0 1 1 1 1 1|1 1 0 1 1 1 1 0 0 1 0 1 1 1 0|1 1 1 1 1 1 1 0 1 1 1 0 1 1 1|1 0 0 1 0 1 0 1 1 1 1 1 0 1 0|1 1 1 1 1 1 1 1 0 1 1 1 1 0 0|1 0 0 1 0 0 1 0 0 1 0 1 0 0 0"
320,"ID33-15.78.2:",15,9,6688,"2, 4, 8, 9, 10, 11, 12, 13, 14, 15","1->1, 2->13, 3->3, 4->2, 5->5, 6->6, 7->7, 8->9, 9->10, 10->11, 11->15, 12->8, 13->14, 14->4, 15->12","1-8, 1-9, 1-11, 1-12, 1-13, 1-14, 2-6, 2-7, 2-10, 2-11, 2-14, 3-8, 3-9, 3-12, 3-14, 4-10, 4-12, 4-14, 4-15, 5-10, 5-11, 5-12, 6-11, 6-14, 7-10, 7-14, 8-9, 8-14, 9-12, 10-11, 10-12, 10-14, 10-15, 11-12, 11-13, 11-14, 12-14, 12-15, 13-14","1-4, 1-8, 1-9, 1-10, 1-14, 1-15, 2-4, 2-8, 2-11, 2-12, 3-4, 3-8, 3-9, 3-10, 4-6, 4-7, 4-8, 4-9, 4-11, 4-13, 4-14, 4-15, 5-8, 5-11, 5-15, 6-13, 6-15, 7-11, 7-13, 8-10, 8-11, 8-12, 8-15, 9-10, 11-12, 11-13, 11-15, 13-15, 14-15","1-4, 1-8, 1-9, 1-10, 1-11, 1-12, 1-13, 1-14, 1-15, 2-4, 2-6, 2-7, 2-8, 2-10, 2-11, 2-12, 2-14, 3-4, 3-8, 3-9, 3-10, 3-12, 3-14, 4-6, 4-7, 4-8, 4-9, 4-10, 4-11, 4-12, 4-13, 4-14, 4-15, 5-8, 5-10, 5-11, 5-12, 5-15, 6-11, 6-13, 6-14, 6-15, 7-10, 7-11, 7-13, 7-14, 8-9, 8-10, 8-11, 8-12, 8-14, 8-15, 9-10, 9-12, 10-11, 10-12, 10-14, 10-15, 11-12, 11-13, 11-14, 11-15, 12-14, 12-15, 13-14, 13-15, 14-15",4,4,8,"0 0 0 0 0 0 0 1 1 0 1 1 1 1 0|0 0 0 0 0 1 1 0 0 1 1 0 0 1 0|0 0 0 0 0 0 0 1 1 0 0 1 0 1 0|0 0 0 0 0 0 0 0 0 1 0 1 0 1 1|0 0 0 0 0 0 0 0 0 1 1 1 0 0 0|0 1 0 0 0 0 0 0 0 0 1 0 0 1 0|0 1 0 0 0 0 0 0 0 1 0 0 0 1 0|1 0 1 0 0 0 0 0 1 0 0 0 0 1 0|1 0 1 0 0 0 0 1 0 0 0 1 0 0 0|0 1 0 1 1 0 1 0 0 0 1 1 0 1 1|1 1 0 0 1 1 0 0 0 1 0 1 1 1 0|1 0 1 1 1 0 0 0 1 1 1 0 0 1 1|1 0 0 0 0 0 0 0 0 0 1 0 0 1 0|1 1 1 1 0 1 1 1 0 1 1 1 1 0 0|0 0 0 1 0 0 0 0 0 1 0 1 0 0 0","0 0 0 1 0 0 0 1 1 1 0 0 0 1 1|0 0 0 1 0 0 0 1 0 0 1 1 0 0 0|0 0 0 1 0 0 0 1 1 1 0 0 0 0 0|1 1 1 0 0 1 1 1 1 0 1 0 1 1 1|0 0 0 0 0 0 0 1 0 0 1 0 0 0 1|0 0 0 1 0 0 0 0 0 0 0 0 1 0 1|0 0 0 1 0 0 0 0 0 0 1 0 1 0 0|1 1 1 1 1 0 0 0 0 1 1 1 0 0 1|1 0 1 1 0 0 0 0 0 1 0 0 0 0 0|1 0 1 0 0 0 0 1 1 0 0 0 0 0 0|0 1 0 1 1 0 1 1 0 0 0 1 1 0 1|0 1 0 0 0 0 0 1 0 0 1 0 0 0 0|0 0 0 1 0 1 1 0 0 0 1 0 0 0 1|1 0 0 1 0 0 0 0 0 0 0 0 0 0 1|1 0 0 1 1 1 0 1 0 0 1 0 1 1 0","0 0 0 1 0 0 0 1 1 1 1 1 1 1 1|0 0 0 1 0 1 1 1 0 1 1 1 0 1 0|0 0 0 1 0 0 0 1 1 1 0 1 0 1 0|1 1 1 0 0 1 1 1 1 1 1 1 1 1 1|0 0 0 0 0 0 0 1 0 1 1 1 0 0 1|0 1 0 1 0 0 0 0 0 0 1 0 1 1 1|0 1 0 1 0 0 0 0 0 1 1 0 1 1 0|1 1 1 1 1 0 0 0 1 1 1 1 0 1 1|1 0 1 1 0 0 0 1 0 1 0 1 0 0 0|1 1 1 1 1 0 1 1 1 0 1 1 0 1 1|1 1 0 1 1 1 1 1 0 1 0 1 1 1 1|1 1 1 1 1 0 0 1 1 1 1 0 0 1 1|1 0 0 1 0 1 1 0 0 0 1 0 0 1 1|1 1 1 1 0 1 1 1 0 1 1 1 1 0 1|1 0 0 1 1 1 0 1 0 1 1 1 1 1 0"
321,"ID33-15.78.2:",15,10,6715,"1, 2, 3, 4, 7, 8, 9, 10, 12, 14","1->3, 2->10, 3->2, 4->14, 5->5, 6->6, 7->12, 8->1, 9->7, 10->8, 11->11, 12->9, 13->13, 14->4, 15->15","1-8, 1-9, 1-11, 1-12, 1-13, 1-14, 2-6, 2-7, 2-10, 2-11, 2-14, 3-8, 3-9, 3-12, 3-14, 4-10, 4-12, 4-14, 4-15, 5-10, 5-11, 5-12, 6-11, 6-14, 7-10, 7-14, 8-9, 8-14, 9-12, 10-11, 10-12, 10-14, 10-15, 11-12, 11-13, 11-14, 12-14, 12-15, 13-14","1-2, 1-3, 1-4, 1-7, 2-4, 2-7, 2-9, 3-4, 3-7, 3-9, 3-11, 3-13, 4-6, 4-8, 4-9, 4-10, 4-11, 4-12, 4-13, 4-14, 5-8, 5-9, 5-11, 6-10, 6-11, 7-9, 8-9, 8-10, 8-11, 8-12, 8-14, 8-15, 9-11, 9-14, 9-15, 10-11, 10-12, 11-13, 14-15","1-2, 1-3, 1-4, 1-7, 1-8, 1-9, 1-11, 1-12, 1-13, 1-14, 2-4, 2-6, 2-7, 2-9, 2-10, 2-11, 2-14, 3-4, 3-7, 3-8, 3-9, 3-11, 3-12, 3-13, 3-14, 4-6, 4-8, 4-9, 4-10, 4-11, 4-12, 4-13, 4-14, 4-15, 5-8, 5-9, 5-10, 5-11, 5-12, 6-10, 6-11, 6-14, 7-9, 7-10, 7-14, 8-9, 8-10, 8-11, 8-12, 8-14, 8-15, 9-11, 9-12, 9-14, 9-15, 10-11, 10-12, 10-14, 10-15, 11-12, 11-13, 11-14, 12-14, 12-15, 13-14, 14-15",4,4,8,"0 0 0 0 0 0 0 1 1 0 1 1 1 1 0|0 0 0 0 0 1 1 0 0 1 1 0 0 1 0|0 0 0 0 0 0 0 1 1 0 0 1 0 1 0|0 0 0 0 0 0 0 0 0 1 0 1 0 1 1|0 0 0 0 0 0 0 0 0 1 1 1 0 0 0|0 1 0 0 0 0 0 0 0 0 1 0 0 1 0|0 1 0 0 0 0 0 0 0 1 0 0 0 1 0|1 0 1 0 0 0 0 0 1 0 0 0 0 1 0|1 0 1 0 0 0 0 1 0 0 0 1 0 0 0|0 1 0 1 1 0 1 0 0 0 1 1 0 1 1|1 1 0 0 1 1 0 0 0 1 0 1 1 1 0|1 0 1 1 1 0 0 0 1 1 1 0 0 1 1|1 0 0 0 0 0 0 0 0 0 1 0 0 1 0|1 1 1 1 0 1 1 1 0 1 1 1 1 0 0|0 0 0 1 0 0 0 0 0 1 0 1 0 0 0","0 1 1 1 0 0 1 0 0 0 0 0 0 0 0|1 0 0 1 0 0 1 0 1 0 0 0 0 0 0|1 0 0 1 0 0 1 0 1 0 1 0 1 0 0|1 1 1 0 0 1 0 1 1 1 1 1 1 1 0|0 0 0 0 0 0 0 1 1 0 1 0 0 0 0|0 0 0 1 0 0 0 0 0 1 1 0 0 0 0|1 1 1 0 0 0 0 0 1 0 0 0 0 0 0|0 0 0 1 1 0 0 0 1 1 1 1 0 1 1|0 1 1 1 1 0 1 1 0 0 1 0 0 1 1|0 0 0 1 0 1 0 1 0 0 1 1 0 0 0|0 0 1 1 1 1 0 1 1 1 0 0 1 0 0|0 0 0 1 0 0 0 1 0 1 0 0 0 0 0|0 0 1 1 0 0 0 0 0 0 1 0 0 0 0|0 0 0 1 0 0 0 1 1 0 0 0 0 0 1|0 0 0 0 0 0 0 1 1 0 0 0 0 1 0","0 1 1 1 0 0 1 1 1 0 1 1 1 1 0|1 0 0 1 0 1 1 0 1 1 1 0 0 1 0|1 0 0 1 0 0 1 1 1 0 1 1 1 1 0|1 1 1 0 0 1 0 1 1 1 1 1 1 1 1|0 0 0 0 0 0 0 1 1 1 1 1 0 0 0|0 1 0 1 0 0 0 0 0 1 1 0 0 1 0|1 1 1 0 0 0 0 0 1 1 0 0 0 1 0|1 0 1 1 1 0 0 0 1 1 1 1 0 1 1|1 1 1 1 1 0 1 1 0 0 1 1 0 1 1|0 1 0 1 1 1 1 1 0 0 1 1 0 1 1|1 1 1 1 1 1 0 1 1 1 0 1 1 1 0|1 0 1 1 1 0 0 1 1 1 1 0 0 1 1|1 0 1 1 0 0 0 0 0 0 1 0 0 1 0|1 1 1 1 0 1 1 1 1 1 1 1 1 0 1|0 0 0 1 0 0 0 1 1 1 0 1 0 1 0"
322,"ID34-16.83.1:",16,1,312,"1, 2, 3, 7, 8, 9, 12, 13, 14, 16","1->16, 2->12, 3->13, 4->4, 5->5, 6->6, 7->2, 8->1, 9->14, 10->10, 11->11, 12->3, 13->9, 14->8, 15->15, 16->7","1-5, 1-11, 1-13, 1-14, 2-6, 2-8, 2-9, 2-14, 2-16, 3-7, 3-11, 3-13, 3-15, 3-16, 4-10, 4-11, 4-14, 4-16, 5-12, 5-13, 5-14, 6-14, 6-16, 7-10, 7-11, 7-15, 7-16, 8-9, 8-13, 8-14, 9-13, 9-16, 10-11, 10-16, 11-13, 11-14, 12-13, 12-14, 13-14, 13-16, 14-16, 15-16","1-8, 1-9, 1-12, 1-14, 2-7, 2-10, 2-11, 2-13, 2-15, 3-5, 3-8, 3-9, 4-7, 4-8, 4-10, 4-11, 5-8, 5-9, 5-16, 6-7, 6-8, 6-12, 7-8, 7-9, 7-10, 7-12, 7-13, 7-14, 7-15, 8-9, 8-11, 8-12, 8-16, 9-11, 9-13, 9-14, 9-16, 10-11, 11-13, 11-16, 12-14, 13-15","1-5, 1-8, 1-9, 1-11, 1-12, 1-13, 1-14, 2-6, 2-7, 2-8, 2-9, 2-10, 2-11, 2-13, 2-14, 2-15, 2-16, 3-5, 3-7, 3-8, 3-9, 3-11, 3-13, 3-15, 3-16, 4-7, 4-8, 4-10, 4-11, 4-14, 4-16, 5-8, 5-9, 5-12, 5-13, 5-14, 5-16, 6-7, 6-8, 6-12, 6-14, 6-16, 7-8, 7-9, 7-10, 7-11, 7-12, 7-13, 7-14, 7-15, 7-16, 8-9, 8-11, 8-12, 8-13, 8-14, 8-16, 9-11, 9-13, 9-14, 9-16, 10-11, 10-16, 11-13, 11-14, 11-16, 12-13, 12-14, 13-14, 13-15, 13-16, 14-16, 15-16",4,4,8,"0 0 0 0 1 0 0 0 0 0 1 0 1 1 0 0|0 0 0 0 0 1 0 1 1 0 0 0 0 1 0 1|0 0 0 0 0 0 1 0 0 0 1 0 1 0 1 1|0 0 0 0 0 0 0 0 0 1 1 0 0 1 0 1|1 0 0 0 0 0 0 0 0 0 0 1 1 1 0 0|0 1 0 0 0 0 0 0 0 0 0 0 0 1 0 1|0 0 1 0 0 0 0 0 0 1 1 0 0 0 1 1|0 1 0 0 0 0 0 0 1 0 0 0 1 1 0 0|0 1 0 0 0 0 0 1 0 0 0 0 1 0 0 1|0 0 0 1 0 0 1 0 0 0 1 0 0 0 0 1|1 0 1 1 0 0 1 0 0 1 0 0 1 1 0 0|0 0 0 0 1 0 0 0 0 0 0 0 1 1 0 0|1 0 1 0 1 0 0 1 1 0 1 1 0 1 0 1|1 1 0 1 1 1 0 1 0 0 1 1 1 0 0 1|0 0 1 0 0 0 1 0 0 0 0 0 0 0 0 1|0 1 1 1 0 1 1 0 1 1 0 0 1 1 1 0","0 0 0 0 0 0 0 1 1 0 0 1 0 1 0 0|0 0 0 0 0 0 1 0 0 1 1 0 1 0 1 0|0 0 0 0 1 0 0 1 1 0 0 0 0 0 0 0|0 0 0 0 0 0 1 1 0 1 1 0 0 0 0 0|0 0 1 0 0 0 0 1 1 0 0 0 0 0 0 1|0 0 0 0 0 0 1 1 0 0 0 1 0 0 0 0|0 1 0 1 0 1 0 1 1 1 0 1 1 1 1 0|1 0 1 1 1 1 1 0 1 0 1 1 0 0 0 1|1 0 1 0 1 0 1 1 0 0 1 0 1 1 0 1|0 1 0 1 0 0 1 0 0 0 1 0 0 0 0 0|0 1 0 1 0 0 0 1 1 1 0 0 1 0 0 1|1 0 0 0 0 1 1 1 0 0 0 0 0 1 0 0|0 1 0 0 0 0 1 0 1 0 1 0 0 0 1 0|1 0 0 0 0 0 1 0 1 0 0 1 0 0 0 0|0 1 0 0 0 0 1 0 0 0 0 0 1 0 0 0|0 0 0 0 1 0 0 1 1 0 1 0 0 0 0 0","0 0 0 0 1 0 0 1 1 0 1 1 1 1 0 0|0 0 0 0 0 1 1 1 1 1 1 0 1 1 1 1|0 0 0 0 1 0 1 1 1 0 1 0 1 0 1 1|0 0 0 0 0 0 1 1 0 1 1 0 0 1 0 1|1 0 1 0 0 0 0 1 1 0 0 1 1 1 0 1|0 1 0 0 0 0 1 1 0 0 0 1 0 1 0 1|0 1 1 1 0 1 0 1 1 1 1 1 1 1 1 1|1 1 1 1 1 1 1 0 1 0 1 1 1 1 0 1|1 1 1 0 1 0 1 1 0 0 1 0 1 1 0 1|0 1 0 1 0 0 1 0 0 0 1 0 0 0 0 1|1 1 1 1 0 0 1 1 1 1 0 0 1 1 0 1|1 0 0 0 1 1 1 1 0 0 0 0 1 1 0 0|1 1 1 0 1 0 1 1 1 0 1 1 0 1 1 1|1 1 0 1 1 1 1 1 1 0 1 1 1 0 0 1|0 1 1 0 0 0 1 0 0 0 0 0 1 0 0 1|0 1 1 1 1 1 1 1 1 1 1 0 1 1 1 0"
323,"ID34-16.83.1:",16,2,6424,"1, 2, 3, 7, 8, 9, 10, 11, 14, 16","1->9, 2->16, 3->10, 4->4, 5->5, 6->6, 7->3, 8->11, 9->8, 10->2, 11->14, 12->12, 13->13, 14->7, 15->15, 16->1","1-5, 1-11, 1-13, 1-14, 2-6, 2-8, 2-9, 2-14, 2-16, 3-7, 3-11, 3-13, 3-15, 3-16, 4-10, 4-11, 4-14, 4-16, 5-12, 5-13, 5-14, 6-14, 6-16, 7-10, 7-11, 7-15, 7-16, 8-9, 8-13, 8-14, 9-13, 9-16, 10-11, 10-16, 11-13, 11-14, 12-13, 12-14, 13-14, 13-16, 14-16, 15-16","1-2, 1-3, 1-4, 1-6, 1-7, 1-8, 1-10, 1-13, 1-15, 1-16, 2-3, 2-4, 2-14, 3-10, 3-14, 3-15, 4-7, 4-14, 5-7, 5-9, 5-12, 5-13, 6-7, 6-16, 7-9, 7-11, 7-12, 7-13, 7-14, 7-16, 8-11, 8-13, 8-16, 9-13, 9-14, 10-13, 10-14, 10-15, 11-13, 11-16, 12-13, 13-14","1-2, 1-3, 1-4, 1-5, 1-6, 1-7, 1-8, 1-10, 1-11, 1-13, 1-14, 1-15, 1-16, 2-3, 2-4, 2-6, 2-8, 2-9, 2-14, 2-16, 3-7, 3-10, 3-11, 3-13, 3-14, 3-15, 3-16, 4-7, 4-10, 4-11, 4-14, 4-16, 5-7, 5-9, 5-12, 5-13, 5-14, 6-7, 6-14, 6-16, 7-9, 7-10, 7-11, 7-12, 7-13, 7-14, 7-15, 7-16, 8-9, 8-11, 8-13, 8-14, 8-16, 9-13, 9-14, 9-16, 10-11, 10-13, 10-14, 10-15, 10-16, 11-13, 11-14, 11-16, 12-13, 12-14, 13-14, 13-16, 14-16, 15-16",4,4,8,"0 0 0 0 1 0 0 0 0 0 1 0 1 1 0 0|0 0 0 0 0 1 0 1 1 0 0 0 0 1 0 1|0 0 0 0 0 0 1 0 0 0 1 0 1 0 1 1|0 0 0 0 0 0 0 0 0 1 1 0 0 1 0 1|1 0 0 0 0 0 0 0 0 0 0 1 1 1 0 0|0 1 0 0 0 0 0 0 0 0 0 0 0 1 0 1|0 0 1 0 0 0 0 0 0 1 1 0 0 0 1 1|0 1 0 0 0 0 0 0 1 0 0 0 1 1 0 0|0 1 0 0 0 0 0 1 0 0 0 0 1 0 0 1|0 0 0 1 0 0 1 0 0 0 1 0 0 0 0 1|1 0 1 1 0 0 1 0 0 1 0 0 1 1 0 0|0 0 0 0 1 0 0 0 0 0 0 0 1 1 0 0|1 0 1 0 1 0 0 1 1 0 1 1 0 1 0 1|1 1 0 1 1 1 0 1 0 0 1 1 1 0 0 1|0 0 1 0 0 0 1 0 0 0 0 0 0 0 0 1|0 1 1 1 0 1 1 0 1 1 0 0 1 1 1 0","0 1 1 1 0 1 1 1 0 1 0 0 1 0 1 1|1 0 1 1 0 0 0 0 0 0 0 0 0 1 0 0|1 1 0 0 0 0 0 0 0 1 0 0 0 1 1 0|1 1 0 0 0 0 1 0 0 0 0 0 0 1 0 0|0 0 0 0 0 0 1 0 1 0 0 1 1 0 0 0|1 0 0 0 0 0 1 0 0 0 0 0 0 0 0 1|1 0 0 1 1 1 0 0 1 0 1 1 1 1 0 1|1 0 0 0 0 0 0 0 0 0 1 0 1 0 0 1|0 0 0 0 1 0 1 0 0 0 0 0 1 1 0 0|1 0 1 0 0 0 0 0 0 0 0 0 1 1 1 0|0 0 0 0 0 0 1 1 0 0 0 0 1 0 0 1|0 0 0 0 1 0 1 0 0 0 0 0 1 0 0 0|1 0 0 0 1 0 1 1 1 1 1 1 0 1 0 0|0 1 1 1 0 0 1 0 1 1 0 0 1 0 0 0|1 0 1 0 0 0 0 0 0 1 0 0 0 0 0 0|1 0 0 0 0 1 1 1 0 0 1 0 0 0 0 0","0 1 1 1 1 1 1 1 0 1 1 0 1 1 1 1|1 0 1 1 0 1 0 1 1 0 0 0 0 1 0 1|1 1 0 0 0 0 1 0 0 1 1 0 1 1 1 1|1 1 0 0 0 0 1 0 0 1 1 0 0 1 0 1|1 0 0 0 0 0 1 0 1 0 0 1 1 1 0 0|1 1 0 0 0 0 1 0 0 0 0 0 0 1 0 1|1 0 1 1 1 1 0 0 1 1 1 1 1 1 1 1|1 1 0 0 0 0 0 0 1 0 1 0 1 1 0 1|0 1 0 0 1 0 1 1 0 0 0 0 1 1 0 1|1 0 1 1 0 0 1 0 0 0 1 0 1 1 1 1|1 0 1 1 0 0 1 1 0 1 0 0 1 1 0 1|0 0 0 0 1 0 1 0 0 0 0 0 1 1 0 0|1 0 1 0 1 0 1 1 1 1 1 1 0 1 0 1|1 1 1 1 1 1 1 1 1 1 1 1 1 0 0 1|1 0 1 0 0 0 1 0 0 1 0 0 0 0 0 1|1 1 1 1 0 1 1 1 1 1 1 0 1 1 1 0"
324,"ID34-16.83.1:",16,3,7905,"1, 3, 4, 5, 6, 10, 11, 12, 13, 14","1->13, 2->2, 3->11, 4->14, 5->4, 6->5, 7->7, 8->8, 9->9, 10->12, 11->10, 12->6, 13->1, 14->3, 15->15, 16->16","1-5, 1-11, 1-13, 1-14, 2-6, 2-8, 2-9, 2-14, 2-16, 3-7, 3-11, 3-13, 3-15, 3-16, 4-10, 4-11, 4-14, 4-16, 5-12, 5-13, 5-14, 6-14, 6-16, 7-10, 7-11, 7-15, 7-16, 8-9, 8-13, 8-14, 9-13, 9-16, 10-11, 10-16, 11-13, 11-14, 12-13, 12-14, 13-14, 13-16, 14-16, 15-16","1-3, 1-4, 1-6, 1-8, 1-9, 1-10, 1-11, 1-13, 1-16, 2-3, 2-5, 2-8, 2-9, 2-16, 3-4, 3-5, 3-6, 3-8, 3-10, 3-13, 3-14, 3-16, 4-6, 4-13, 5-16, 7-10, 7-11, 7-12, 7-15, 7-16, 8-9, 9-16, 10-11, 10-12, 10-13, 10-14, 11-15, 11-16, 12-14, 12-16, 14-16, 15-16","1-3, 1-4, 1-5, 1-6, 1-8, 1-9, 1-10, 1-11, 1-13, 1-14, 1-16, 2-3, 2-5, 2-6, 2-8, 2-9, 2-14, 2-16, 3-4, 3-5, 3-6, 3-7, 3-8, 3-10, 3-11, 3-13, 3-14, 3-15, 3-16, 4-6, 4-10, 4-11, 4-13, 4-14, 4-16, 5-12, 5-13, 5-14, 5-16, 6-14, 6-16, 7-10, 7-11, 7-12, 7-15, 7-16, 8-9, 8-13, 8-14, 9-13, 9-16, 10-11, 10-12, 10-13, 10-14, 10-16, 11-13, 11-14, 11-15, 11-16, 12-13, 12-14, 12-16, 13-14, 13-16, 14-16, 15-16",4,4,8,"0 0 0 0 1 0 0 0 0 0 1 0 1 1 0 0|0 0 0 0 0 1 0 1 1 0 0 0 0 1 0 1|0 0 0 0 0 0 1 0 0 0 1 0 1 0 1 1|0 0 0 0 0 0 0 0 0 1 1 0 0 1 0 1|1 0 0 0 0 0 0 0 0 0 0 1 1 1 0 0|0 1 0 0 0 0 0 0 0 0 0 0 0 1 0 1|0 0 1 0 0 0 0 0 0 1 1 0 0 0 1 1|0 1 0 0 0 0 0 0 1 0 0 0 1 1 0 0|0 1 0 0 0 0 0 1 0 0 0 0 1 0 0 1|0 0 0 1 0 0 1 0 0 0 1 0 0 0 0 1|1 0 1 1 0 0 1 0 0 1 0 0 1 1 0 0|0 0 0 0 1 0 0 0 0 0 0 0 1 1 0 0|1 0 1 0 1 0 0 1 1 0 1 1 0 1 0 1|1 1 0 1 1 1 0 1 0 0 1 1 1 0 0 1|0 0 1 0 0 0 1 0 0 0 0 0 0 0 0 1|0 1 1 1 0 1 1 0 1 1 0 0 1 1 1 0","0 0 1 1 0 1 0 1 1 1 1 0 1 0 0 1|0 0 1 0 1 0 0 1 1 0 0 0 0 0 0 1|1 1 0 1 1 1 0 1 0 1 0 0 1 1 0 1|1 0 1 0 0 1 0 0 0 0 0 0 1 0 0 0|0 1 1 0 0 0 0 0 0 0 0 0 0 0 0 1|1 0 1 1 0 0 0 0 0 0 0 0 0 0 0 0|0 0 0 0 0 0 0 0 0 1 1 1 0 0 1 1|1 1 1 0 0 0 0 0 1 0 0 0 0 0 0 0|1 1 0 0 0 0 0 1 0 0 0 0 0 0 0 1|1 0 1 0 0 0 1 0 0 0 1 1 1 1 0 0|1 0 0 0 0 0 1 0 0 1 0 0 0 0 1 1|0 0 0 0 0 0 1 0 0 1 0 0 0 1 0 1|1 0 1 1 0 0 0 0 0 1 0 0 0 0 0 0|0 0 1 0 0 0 0 0 0 1 0 1 0 0 0 1|0 0 0 0 0 0 1 0 0 0 1 0 0 0 0 1|1 1 1 0 1 0 1 0 1 0 1 1 0 1 1 0","0 0 1 1 1 1 0 1 1 1 1 0 1 1 0 1|0 0 1 0 1 1 0 1 1 0 0 0 0 1 0 1|1 1 0 1 1 1 1 1 0 1 1 0 1 1 1 1|1 0 1 0 0 1 0 0 0 1 1 0 1 1 0 1|1 1 1 0 0 0 0 0 0 0 0 1 1 1 0 1|1 1 1 1 0 0 0 0 0 0 0 0 0 1 0 1|0 0 1 0 0 0 0 0 0 1 1 1 0 0 1 1|1 1 1 0 0 0 0 0 1 0 0 0 1 1 0 0|1 1 0 0 0 0 0 1 0 0 0 0 1 0 0 1|1 0 1 1 0 0 1 0 0 0 1 1 1 1 0 1|1 0 1 1 0 0 1 0 0 1 0 0 1 1 1 1|0 0 0 0 1 0 1 0 0 1 0 0 1 1 0 1|1 0 1 1 1 0 0 1 1 1 1 1 0 1 0 1|1 1 1 1 1 1 0 1 0 1 1 1 1 0 0 1|0 0 1 0 0 0 1 0 0 0 1 0 0 0 0 1|1 1 1 1 1 1 1 0 1 1 1 1 1 1 1 0"
325,"ID34-16.83.1:",16,4,9048,"1, 4, 6, 8, 9, 11, 12, 13, 14, 16","1->12, 2->2, 3->3, 4->14, 5->5, 6->13, 7->7, 8->1, 9->16, 10->10, 11->4, 12->9, 13->8, 14->6, 15->15, 16->11","1-5, 1-11, 1-13, 1-14, 2-6, 2-8, 2-9, 2-14, 2-16, 3-7, 3-11, 3-13, 3-15, 3-16, 4-10, 4-11, 4-14, 4-16, 5-12, 5-13, 5-14, 6-14, 6-16, 7-10, 7-11, 7-15, 7-16, 8-9, 8-13, 8-14, 9-13, 9-16, 10-11, 10-16, 11-13, 11-14, 12-13, 12-14, 13-14, 13-16, 14-16, 15-16","1-2, 1-6, 1-8, 1-16, 2-6, 2-11, 2-13, 2-16, 3-4, 3-7, 3-8, 3-11, 3-15, 4-6, 4-7, 4-8, 4-10, 4-12, 4-14, 5-6, 5-8, 5-9, 5-12, 6-8, 6-9, 6-11, 6-12, 6-13, 6-14, 7-10, 7-11, 7-15, 8-9, 8-11, 8-12, 8-16, 10-11, 10-14, 11-13, 11-14, 11-15, 11-16","1-2, 1-5, 1-6, 1-8, 1-11, 1-13, 1-14, 1-16, 2-6, 2-8, 2-9, 2-11, 2-13, 2-14, 2-16, 3-4, 3-7, 3-8, 3-11, 3-13, 3-15, 3-16, 4-6, 4-7, 4-8, 4-10, 4-11, 4-12, 4-14, 4-16, 5-6, 5-8, 5-9, 5-12, 5-13, 5-14, 6-8, 6-9, 6-11, 6-12, 6-13, 6-14, 6-16, 7-10, 7-11, 7-15, 7-16, 8-9, 8-11, 8-12, 8-13, 8-14, 8-16, 9-13, 9-16, 10-11, 10-14, 10-16, 11-13, 11-14, 11-15, 11-16, 12-13, 12-14, 13-14, 13-16, 14-16, 15-16",4,4,8,"0 0 0 0 1 0 0 0 0 0 1 0 1 1 0 0|0 0 0 0 0 1 0 1 1 0 0 0 0 1 0 1|0 0 0 0 0 0 1 0 0 0 1 0 1 0 1 1|0 0 0 0 0 0 0 0 0 1 1 0 0 1 0 1|1 0 0 0 0 0 0 0 0 0 0 1 1 1 0 0|0 1 0 0 0 0 0 0 0 0 0 0 0 1 0 1|0 0 1 0 0 0 0 0 0 1 1 0 0 0 1 1|0 1 0 0 0 0 0 0 1 0 0 0 1 1 0 0|0 1 0 0 0 0 0 1 0 0 0 0 1 0 0 1|0 0 0 1 0 0 1 0 0 0 1 0 0 0 0 1|1 0 1 1 0 0 1 0 0 1 0 0 1 1 0 0|0 0 0 0 1 0 0 0 0 0 0 0 1 1 0 0|1 0 1 0 1 0 0 1 1 0 1 1 0 1 0 1|1 1 0 1 1 1 0 1 0 0 1 1 1 0 0 1|0 0 1 0 0 0 1 0 0 0 0 0 0 0 0 1|0 1 1 1 0 1 1 0 1 1 0 0 1 1 1 0","0 1 0 0 0 1 0 1 0 0 0 0 0 0 0 1|1 0 0 0 0 1 0 0 0 0 1 0 1 0 0 1|0 0 0 1 0 0 1 1 0 0 1 0 0 0 1 0|0 0 1 0 0 1 1 1 0 1 0 1 0 1 0 0|0 0 0 0 0 1 0 1 1 0 0 1 0 0 0 0|1 1 0 1 1 0 0 1 1 0 1 1 1 1 0 0|0 0 1 1 0 0 0 0 0 1 1 0 0 0 1 0|1 0 1 1 1 1 0 0 1 0 1 1 0 0 0 1|0 0 0 0 1 1 0 1 0 0 0 0 0 0 0 0|0 0 0 1 0 0 1 0 0 0 1 0 0 1 0 0|0 1 1 0 0 1 1 1 0 1 0 0 1 1 1 1|0 0 0 1 1 1 0 1 0 0 0 0 0 0 0 0|0 1 0 0 0 1 0 0 0 0 1 0 0 0 0 0|0 0 0 1 0 1 0 0 0 1 1 0 0 0 0 0|0 0 1 0 0 0 1 0 0 0 1 0 0 0 0 0|1 1 0 0 0 0 0 1 0 0 1 0 0 0 0 0","0 1 0 0 1 1 0 1 0 0 1 0 1 1 0 1|1 0 0 0 0 1 0 1 1 0 1 0 1 1 0 1|0 0 0 1 0 0 1 1 0 0 1 0 1 0 1 1|0 0 1 0 0 1 1 1 0 1 1 1 0 1 0 1|1 0 0 0 0 1 0 1 1 0 0 1 1 1 0 0|1 1 0 1 1 0 0 1 1 0 1 1 1 1 0 1|0 0 1 1 0 0 0 0 0 1 1 0 0 0 1 1|1 1 1 1 1 1 0 0 1 0 1 1 1 1 0 1|0 1 0 0 1 1 0 1 0 0 0 0 1 0 0 1|0 0 0 1 0 0 1 0 0 0 1 0 0 1 0 1|1 1 1 1 0 1 1 1 0 1 0 0 1 1 1 1|0 0 0 1 1 1 0 1 0 0 0 0 1 1 0 0|1 1 1 0 1 1 0 1 1 0 1 1 0 1 0 1|1 1 0 1 1 1 0 1 0 1 1 1 1 0 0 1|0 0 1 0 0 0 1 0 0 0 1 0 0 0 0 1|1 1 1 1 0 1 1 1 1 1 1 0 1 1 1 0"
326,"ID34-16.83.1:",16,5,17742,"1, 2, 3, 7, 10, 11, 13, 14, 15, 16","1->11, 2->15, 3->7, 4->4, 5->5, 6->6, 7->10, 8->8, 9->9, 10->3, 11->1, 12->12, 13->2, 14->16, 15->13, 16->14","1-5, 1-11, 1-13, 1-14, 2-6, 2-8, 2-9, 2-14, 2-16, 3-7, 3-11, 3-13, 3-15, 3-16, 4-10, 4-11, 4-14, 4-16, 5-12, 5-13, 5-14, 6-14, 6-16, 7-10, 7-11, 7-15, 7-16, 8-9, 8-13, 8-14, 9-13, 9-16, 10-11, 10-16, 11-13, 11-14, 12-13, 12-14, 13-14, 13-16, 14-16, 15-16","1-2, 1-3, 1-4, 1-7, 1-10, 1-11, 1-16, 2-5, 2-7, 2-8, 2-9, 2-11, 2-12, 2-14, 2-16, 3-4, 3-10, 3-14, 4-14, 4-16, 5-11, 5-12, 5-16, 6-14, 6-15, 6-16, 7-10, 7-13, 7-14, 8-9, 8-15, 8-16, 9-14, 9-15, 10-13, 10-14, 11-16, 12-16, 13-14, 14-15, 14-16, 15-16","1-2, 1-3, 1-4, 1-5, 1-7, 1-10, 1-11, 1-13, 1-14, 1-16, 2-5, 2-6, 2-7, 2-8, 2-9, 2-11, 2-12, 2-14, 2-16, 3-4, 3-7, 3-10, 3-11, 3-13, 3-14, 3-15, 3-16, 4-10, 4-11, 4-14, 4-16, 5-11, 5-12, 5-13, 5-14, 5-16, 6-14, 6-15, 6-16, 7-10, 7-11, 7-13, 7-14, 7-15, 7-16, 8-9, 8-13, 8-14, 8-15, 8-16, 9-13, 9-14, 9-15, 9-16, 10-11, 10-13, 10-14, 10-16, 11-13, 11-14, 11-16, 12-13, 12-14, 12-16, 13-14, 13-16, 14-15, 14-16, 15-16",4,4,8,"0 0 0 0 1 0 0 0 0 0 1 0 1 1 0 0|0 0 0 0 0 1 0 1 1 0 0 0 0 1 0 1|0 0 0 0 0 0 1 0 0 0 1 0 1 0 1 1|0 0 0 0 0 0 0 0 0 1 1 0 0 1 0 1|1 0 0 0 0 0 0 0 0 0 0 1 1 1 0 0|0 1 0 0 0 0 0 0 0 0 0 0 0 1 0 1|0 0 1 0 0 0 0 0 0 1 1 0 0 0 1 1|0 1 0 0 0 0 0 0 1 0 0 0 1 1 0 0|0 1 0 0 0 0 0 1 0 0 0 0 1 0 0 1|0 0 0 1 0 0 1 0 0 0 1 0 0 0 0 1|1 0 1 1 0 0 1 0 0 1 0 0 1 1 0 0|0 0 0 0 1 0 0 0 0 0 0 0 1 1 0 0|1 0 1 0 1 0 0 1 1 0 1 1 0 1 0 1|1 1 0 1 1 1 0 1 0 0 1 1 1 0 0 1|0 0 1 0 0 0 1 0 0 0 0 0 0 0 0 1|0 1 1 1 0 1 1 0 1 1 0 0 1 1 1 0","0 1 1 1 0 0 1 0 0 1 1 0 0 0 0 1|1 0 0 0 1 0 1 1 1 0 1 1 0 1 0 1|1 0 0 1 0 0 0 0 0 1 0 0 0 1 0 0|1 0 1 0 0 0 0 0 0 0 0 0 0 1 0 1|0 1 0 0 0 0 0 0 0 0 1 1 0 0 0 1|0 0 0 0 0 0 0 0 0 0 0 0 0 1 1 1|1 1 0 0 0 0 0 0 0 1 0 0 1 1 0 0|0 1 0 0 0 0 0 0 1 0 0 0 0 0 1 1|0 1 0 0 0 0 0 1 0 0 0 0 0 1 1 0|1 0 1 0 0 0 1 0 0 0 0 0 1 1 0 0|1 1 0 0 1 0 0 0 0 0 0 0 0 0 0 1|0 1 0 0 1 0 0 0 0 0 0 0 0 0 0 1|0 0 0 0 0 0 1 0 0 1 0 0 0 1 0 0|0 1 1 1 0 1 1 0 1 1 0 0 1 0 1 1|0 0 0 0 0 1 0 1 1 0 0 0 0 1 0 1|1 1 0 1 1 1 0 1 0 0 1 1 0 1 1 0","0 1 1 1 1 0 1 0 0 1 1 0 1 1 0 1|1 0 0 0 1 1 1 1 1 0 1 1 0 1 0 1|1 0 0 1 0 0 1 0 0 1 1 0 1 1 1 1|1 0 1 0 0 0 0 0 0 1 1 0 0 1 0 1|1 1 0 0 0 0 0 0 0 0 1 1 1 1 0 1|0 1 0 0 0 0 0 0 0 0 0 0 0 1 1 1|1 1 1 0 0 0 0 0 0 1 1 0 1 1 1 1|0 1 0 0 0 0 0 0 1 0 0 0 1 1 1 1|0 1 0 0 0 0 0 1 0 0 0 0 1 1 1 1|1 0 1 1 0 0 1 0 0 0 1 0 1 1 0 1|1 1 1 1 1 0 1 0 0 1 0 0 1 1 0 1|0 1 0 0 1 0 0 0 0 0 0 0 1 1 0 1|1 0 1 0 1 0 1 1 1 1 1 1 0 1 0 1|1 1 1 1 1 1 1 1 1 1 1 1 1 0 1 1|0 0 1 0 0 1 1 1 1 0 0 0 0 1 0 1|1 1 1 1 1 1 1 1 1 1 1 1 1 1 1 0"
327,"ID34-16.83.1:",16,6,18426,"3, 6, 7, 8, 10, 11, 13, 14, 15, 16","1->1, 2->2, 3->16, 4->4, 5->5, 6->15, 7->10, 8->14, 9->9, 10->3, 11->13, 12->12, 13->11, 14->7, 15->6, 16->8","1-5, 1-11, 1-13, 1-14, 2-6, 2-8, 2-9, 2-14, 2-16, 3-7, 3-11, 3-13, 3-15, 3-16, 4-10, 4-11, 4-14, 4-16, 5-12, 5-13, 5-14, 6-14, 6-16, 7-10, 7-11, 7-15, 7-16, 8-9, 8-13, 8-14, 9-13, 9-16, 10-11, 10-16, 11-13, 11-14, 12-13, 12-14, 13-14, 13-16, 14-16, 15-16","1-5, 1-7, 1-11, 1-13, 2-7, 2-8, 2-9, 2-14, 2-15, 3-4, 3-8, 3-10, 3-13, 4-7, 4-8, 4-13, 5-7, 5-11, 5-12, 6-8, 6-10, 6-16, 7-8, 7-11, 7-12, 7-13, 7-14, 7-15, 8-9, 8-10, 8-11, 8-15, 8-16, 9-11, 9-14, 10-13, 10-16, 11-12, 11-13, 11-14, 11-16, 13-16","1-5, 1-7, 1-11, 1-13, 1-14, 2-6, 2-7, 2-8, 2-9, 2-14, 2-15, 2-16, 3-4, 3-7, 3-8, 3-10, 3-11, 3-13, 3-15, 3-16, 4-7, 4-8, 4-10, 4-11, 4-13, 4-14, 4-16, 5-7, 5-11, 5-12, 5-13, 5-14, 6-8, 6-10, 6-14, 6-16, 7-8, 7-10, 7-11, 7-12, 7-13, 7-14, 7-15, 7-16, 8-9, 8-10, 8-11, 8-13, 8-14, 8-15, 8-16, 9-11, 9-13, 9-14, 9-16, 10-11, 10-13, 10-16, 11-12, 11-13, 11-14, 11-16, 12-13, 12-14, 13-14, 13-16, 14-16, 15-16",4,4,8,"0 0 0 0 1 0 0 0 0 0 1 0 1 1 0 0|0 0 0 0 0 1 0 1 1 0 0 0 0 1 0 1|0 0 0 0 0 0 1 0 0 0 1 0 1 0 1 1|0 0 0 0 0 0 0 0 0 1 1 0 0 1 0 1|1 0 0 0 0 0 0 0 0 0 0 1 1 1 0 0|0 1 0 0 0 0 0 0 0 0 0 0 0 1 0 1|0 0 1 0 0 0 0 0 0 1 1 0 0 0 1 1|0 1 0 0 0 0 0 0 1 0 0 0 1 1 0 0|0 1 0 0 0 0 0 1 0 0 0 0 1 0 0 1|0 0 0 1 0 0 1 0 0 0 1 0 0 0 0 1|1 0 1 1 0 0 1 0 0 1 0 0 1 1 0 0|0 0 0 0 1 0 0 0 0 0 0 0 1 1 0 0|1 0 1 0 1 0 0 1 1 0 1 1 0 1 0 1|1 1 0 1 1 1 0 1 0 0 1 1 1 0 0 1|0 0 1 0 0 0 1 0 0 0 0 0 0 0 0 1|0 1 1 1 0 1 1 0 1 1 0 0 1 1 1 0","0 0 0 0 1 0 1 0 0 0 1 0 1 0 0 0|0 0 0 0 0 0 1 1 1 0 0 0 0 1 1 0|0 0 0 1 0 0 0 1 0 1 0 0 1 0 0 0|0 0 1 0 0 0 1 1 0 0 0 0 1 0 0 0|1 0 0 0 0 0 1 0 0 0 1 1 0 0 0 0|0 0 0 0 0 0 0 1 0 1 0 0 0 0 0 1|1 1 0 1 1 0 0 1 0 0 1 1 1 1 1 0|0 1 1 1 0 1 1 0 1 1 1 0 0 0 1 1|0 1 0 0 0 0 0 1 0 0 1 0 0 1 0 0|0 0 1 0 0 1 0 1 0 0 0 0 1 0 0 1|1 0 0 0 1 0 1 1 1 0 0 1 1 1 0 1|0 0 0 0 1 0 1 0 0 0 1 0 0 0 0 0|1 0 1 1 0 0 1 0 0 1 1 0 0 0 0 1|0 1 0 0 0 0 1 0 1 0 1 0 0 0 0 0|0 1 0 0 0 0 1 1 0 0 0 0 0 0 0 0|0 0 0 0 0 1 0 1 0 1 1 0 1 0 0 0","0 0 0 0 1 0 1 0 0 0 1 0 1 1 0 0|0 0 0 0 0 1 1 1 1 0 0 0 0 1 1 1|0 0 0 1 0 0 1 1 0 1 1 0 1 0 1 1|0 0 1 0 0 0 1 1 0 1 1 0 1 1 0 1|1 0 0 0 0 0 1 0 0 0 1 1 1 1 0 0|0 1 0 0 0 0 0 1 0 1 0 0 0 1 0 1|1 1 1 1 1 0 0 1 0 1 1 1 1 1 1 1|0 1 1 1 0 1 1 0 1 1 1 0 1 1 1 1|0 1 0 0 0 0 0 1 0 0 1 0 1 1 0 1|0 0 1 1 0 1 1 1 0 0 1 0 1 0 0 1|1 0 1 1 1 0 1 1 1 1 0 1 1 1 0 1|0 0 0 0 1 0 1 0 0 0 1 0 1 1 0 0|1 0 1 1 1 0 1 1 1 1 1 1 0 1 0 1|1 1 0 1 1 1 1 1 1 0 1 1 1 0 0 1|0 1 1 0 0 0 1 1 0 0 0 0 0 0 0 1|0 1 1 1 0 1 1 1 1 1 1 0 1 1 1 0"
328,"ID34-16.83.1:",16,7,19002,"2, 3, 7, 8, 10, 11, 13, 14, 15, 16","1->1, 2->15, 3->13, 4->4, 5->5, 6->6, 7->16, 8->2, 9->9, 10->7, 11->14, 12->12, 13->10, 14->3, 15->11, 16->8","1-5, 1-11, 1-13, 1-14, 2-6, 2-8, 2-9, 2-14, 2-16, 3-7, 3-11, 3-13, 3-15, 3-16, 4-10, 4-11, 4-14, 4-16, 5-12, 5-13, 5-14, 6-14, 6-16, 7-10, 7-11, 7-15, 7-16, 8-9, 8-13, 8-14, 9-13, 9-16, 10-11, 10-16, 11-13, 11-14, 12-13, 12-14, 13-14, 13-16, 14-16, 15-16","1-3, 1-5, 1-10, 1-14, 2-3, 2-9, 2-10, 2-15, 3-4, 3-5, 3-6, 3-8, 3-10, 3-12, 3-14, 3-15, 4-7, 4-8, 4-14, 5-10, 5-12, 6-8, 6-15, 7-8, 7-14, 7-16, 8-9, 8-10, 8-11, 8-13, 8-15, 8-16, 9-10, 9-15, 10-12, 10-13, 10-14, 11-13, 11-16, 13-14, 13-16, 14-16","1-3, 1-5, 1-10, 1-11, 1-13, 1-14, 2-3, 2-6, 2-8, 2-9, 2-10, 2-14, 2-15, 2-16, 3-4, 3-5, 3-6, 3-7, 3-8, 3-10, 3-11, 3-12, 3-13, 3-14, 3-15, 3-16, 4-7, 4-8, 4-10, 4-11, 4-14, 4-16, 5-10, 5-12, 5-13, 5-14, 6-8, 6-14, 6-15, 6-16, 7-8, 7-10, 7-11, 7-14, 7-15, 7-16, 8-9, 8-10, 8-11, 8-13, 8-14, 8-15, 8-16, 9-10, 9-13, 9-15, 9-16, 10-11, 10-12, 10-13, 10-14, 10-16, 11-13, 11-14, 11-16, 12-13, 12-14, 13-14, 13-16, 14-16, 15-16",4,4,8,"0 0 0 0 1 0 0 0 0 0 1 0 1 1 0 0|0 0 0 0 0 1 0 1 1 0 0 0 0 1 0 1|0 0 0 0 0 0 1 0 0 0 1 0 1 0 1 1|0 0 0 0 0 0 0 0 0 1 1 0 0 1 0 1|1 0 0 0 0 0 0 0 0 0 0 1 1 1 0 0|0 1 0 0 0 0 0 0 0 0 0 0 0 1 0 1|0 0 1 0 0 0 0 0 0 1 1 0 0 0 1 1|0 1 0 0 0 0 0 0 1 0 0 0 1 1 0 0|0 1 0 0 0 0 0 1 0 0 0 0 1 0 0 1|0 0 0 1 0 0 1 0 0 0 1 0 0 0 0 1|1 0 1 1 0 0 1 0 0 1 0 0 1 1 0 0|0 0 0 0 1 0 0 0 0 0 0 0 1 1 0 0|1 0 1 0 1 0 0 1 1 0 1 1 0 1 0 1|1 1 0 1 1 1 0 1 0 0 1 1 1 0 0 1|0 0 1 0 0 0 1 0 0 0 0 0 0 0 0 1|0 1 1 1 0 1 1 0 1 1 0 0 1 1 1 0","0 0 1 0 1 0 0 0 0 1 0 0 0 1 0 0|0 0 1 0 0 0 0 0 1 1 0 0 0 0 1 0|1 1 0 1 1 1 0 1 0 1 0 1 0 1 1 0|0 0 1 0 0 0 1 1 0 0 0 0 0 1 0 0|1 0 1 0 0 0 0 0 0 1 0 1 0 0 0 0|0 0 1 0 0 0 0 1 0 0 0 0 0 0 1 0|0 0 0 1 0 0 0 1 0 0 0 0 0 1 0 1|0 0 1 1 0 1 1 0 1 1 1 0 1 0 1 1|0 1 0 0 0 0 0 1 0 1 0 0 0 0 1 0|1 1 1 0 1 0 0 1 1 0 0 1 1 1 0 0|0 0 0 0 0 0 0 1 0 0 0 0 1 0 0 1|0 0 1 0 1 0 0 0 0 1 0 0 0 0 0 0|0 0 0 0 0 0 0 1 0 1 1 0 0 1 0 1|1 0 1 1 0 0 1 0 0 1 0 0 1 0 0 1|0 1 1 0 0 1 0 1 1 0 0 0 0 0 0 0|0 0 0 0 0 0 1 1 0 0 1 0 1 1 0 0","0 0 1 0 1 0 0 0 0 1 1 0 1 1 0 0|0 0 1 0 0 1 0 1 1 1 0 0 0 1 1 1|1 1 0 1 1 1 1 1 0 1 1 1 1 1 1 1|0 0 1 0 0 0 1 1 0 1 1 0 0 1 0 1|1 0 1 0 0 0 0 0 0 1 0 1 1 1 0 0|0 1 1 0 0 0 0 1 0 0 0 0 0 1 1 1|0 0 1 1 0 0 0 1 0 1 1 0 0 1 1 1|0 1 1 1 0 1 1 0 1 1 1 0 1 1 1 1|0 1 0 0 0 0 0 1 0 1 0 0 1 0 1 1|1 1 1 1 1 0 1 1 1 0 1 1 1 1 0 1|1 0 1 1 0 0 1 1 0 1 0 0 1 1 0 1|0 0 1 0 1 0 0 0 0 1 0 0 1 1 0 0|1 0 1 0 1 0 0 1 1 1 1 1 0 1 0 1|1 1 1 1 1 1 1 1 0 1 1 1 1 0 0 1|0 1 1 0 0 1 1 1 1 0 0 0 0 0 0 1|0 1 1 1 0 1 1 1 1 1 1 0 1 1 1 0"
329,"ID34-16.83.1:",16,8,28348,"1, 3, 5, 9, 11, 12, 13, 14, 15, 16","1->11, 2->2, 3->1, 4->4, 5->13, 6->6, 7->7, 8->8, 9->14, 10->10, 11->16, 12->15, 13->9, 14->5, 15->12, 16->3","1-5, 1-11, 1-13, 1-14, 2-6, 2-8, 2-9, 2-14, 2-16, 3-7, 3-11, 3-13, 3-15, 3-16, 4-10, 4-11, 4-14, 4-16, 5-12, 5-13, 5-14, 6-14, 6-16, 7-10, 7-11, 7-15, 7-16, 8-9, 8-13, 8-14, 9-13, 9-16, 10-11, 10-16, 11-13, 11-14, 12-13, 12-14, 13-14, 13-16, 14-16, 15-16","1-3, 1-7, 1-9, 1-12, 1-16, 2-3, 2-5, 2-6, 2-8, 2-14, 3-4, 3-5, 3-6, 3-7, 3-9, 3-10, 3-12, 3-14, 4-5, 4-10, 4-16, 5-6, 5-8, 5-9, 5-11, 5-13, 5-15, 5-16, 7-10, 7-12, 7-16, 8-9, 8-14, 9-11, 9-13, 9-14, 9-15, 9-16, 10-16, 11-13, 11-16, 13-15","1-3, 1-5, 1-7, 1-9, 1-11, 1-12, 1-13, 1-14, 1-16, 2-3, 2-5, 2-6, 2-8, 2-9, 2-14, 2-16, 3-4, 3-5, 3-6, 3-7, 3-9, 3-10, 3-11, 3-12, 3-13, 3-14, 3-15, 3-16, 4-5, 4-10, 4-11, 4-14, 4-16, 5-6, 5-8, 5-9, 5-11, 5-12, 5-13, 5-14, 5-15, 5-16, 6-14, 6-16, 7-10, 7-11, 7-12, 7-15, 7-16, 8-9, 8-13, 8-14, 9-11, 9-13, 9-14, 9-15, 9-16, 10-11, 10-16, 11-13, 11-14, 11-16, 12-13, 12-14, 13-14, 13-15, 13-16, 14-16, 15-16",4,4,8,"0 0 0 0 1 0 0 0 0 0 1 0 1 1 0 0|0 0 0 0 0 1 0 1 1 0 0 0 0 1 0 1|0 0 0 0 0 0 1 0 0 0 1 0 1 0 1 1|0 0 0 0 0 0 0 0 0 1 1 0 0 1 0 1|1 0 0 0 0 0 0 0 0 0 0 1 1 1 0 0|0 1 0 0 0 0 0 0 0 0 0 0 0 1 0 1|0 0 1 0 0 0 0 0 0 1 1 0 0 0 1 1|0 1 0 0 0 0 0 0 1 0 0 0 1 1 0 0|0 1 0 0 0 0 0 1 0 0 0 0 1 0 0 1|0 0 0 1 0 0 1 0 0 0 1 0 0 0 0 1|1 0 1 1 0 0 1 0 0 1 0 0 1 1 0 0|0 0 0 0 1 0 0 0 0 0 0 0 1 1 0 0|1 0 1 0 1 0 0 1 1 0 1 1 0 1 0 1|1 1 0 1 1 1 0 1 0 0 1 1 1 0 0 1|0 0 1 0 0 0 1 0 0 0 0 0 0 0 0 1|0 1 1 1 0 1 1 0 1 1 0 0 1 1 1 0","0 0 1 0 0 0 1 0 1 0 0 1 0 0 0 1|0 0 1 0 1 1 0 1 0 0 0 0 0 1 0 0|1 1 0 1 1 1 1 0 1 1 0 1 0 1 0 0|0 0 1 0 1 0 0 0 0 1 0 0 0 0 0 1|0 1 1 1 0 1 0 1 1 0 1 0 1 0 1 1|0 1 1 0 1 0 0 0 0 0 0 0 0 0 0 0|1 0 1 0 0 0 0 0 0 1 0 1 0 0 0 1|0 1 0 0 1 0 0 0 1 0 0 0 0 1 0 0|1 0 1 0 1 0 0 1 0 0 1 0 1 1 1 1|0 0 1 1 0 0 1 0 0 0 0 0 0 0 0 1|0 0 0 0 1 0 0 0 1 0 0 0 1 0 0 1|1 0 1 0 0 0 1 0 0 0 0 0 0 0 0 0|0 0 0 0 1 0 0 0 1 0 1 0 0 0 1 0|0 1 1 0 0 0 0 1 1 0 0 0 0 0 0 0|0 0 0 0 1 0 0 0 1 0 0 0 1 0 0 0|1 0 0 1 1 0 1 0 1 1 1 0 0 0 0 0","0 0 1 0 1 0 1 0 1 0 1 1 1 1 0 1|0 0 1 0 1 1 0 1 1 0 0 0 0 1 0 1|1 1 0 1 1 1 1 0 1 1 1 1 1 1 1 1|0 0 1 0 1 0 0 0 0 1 1 0 0 1 0 1|1 1 1 1 0 1 0 1 1 0 1 1 1 1 1 1|0 1 1 0 1 0 0 0 0 0 0 0 0 1 0 1|1 0 1 0 0 0 0 0 0 1 1 1 0 0 1 1|0 1 0 0 1 0 0 0 1 0 0 0 1 1 0 0|1 1 1 0 1 0 0 1 0 0 1 0 1 1 1 1|0 0 1 1 0 0 1 0 0 0 1 0 0 0 0 1|1 0 1 1 1 0 1 0 1 1 0 0 1 1 0 1|1 0 1 0 1 0 1 0 0 0 0 0 1 1 0 0|1 0 1 0 1 0 0 1 1 0 1 1 0 1 1 1|1 1 1 1 1 1 0 1 1 0 1 1 1 0 0 1|0 0 1 0 1 0 1 0 1 0 0 0 1 0 0 1|1 1 1 1 1 1 1 0 1 1 1 0 1 1 1 0"
330,"ID34-16.83.1:",16,9,32713,"1, 4, 5, 7, 10, 11, 13, 14, 15, 16","1->16, 2->2, 3->3, 4->7, 5->11, 6->6, 7->14, 8->8, 9->9, 10->1, 11->4, 12->12, 13->15, 14->13, 15->5, 16->10","1-5, 1-11, 1-13, 1-14, 2-6, 2-8, 2-9, 2-14, 2-16, 3-7, 3-11, 3-13, 3-15, 3-16, 4-10, 4-11, 4-14, 4-16, 5-12, 5-13, 5-14, 6-14, 6-16, 7-10, 7-11, 7-15, 7-16, 8-9, 8-13, 8-14, 9-13, 9-16, 10-11, 10-16, 11-13, 11-14, 12-13, 12-14, 13-14, 13-16, 14-16, 15-16","1-4, 1-7, 1-10, 1-14, 2-6, 2-8, 2-9, 2-10, 2-13, 3-4, 3-5, 3-10, 3-14, 3-15, 4-7, 4-13, 4-14, 4-15, 4-16, 5-10, 5-14, 6-10, 6-13, 7-10, 7-13, 8-9, 8-13, 8-15, 9-10, 9-15, 10-13, 10-14, 10-15, 11-12, 11-13, 11-15, 11-16, 12-13, 12-15, 13-15, 13-16, 15-16","1-4, 1-5, 1-7, 1-10, 1-11, 1-13, 1-14, 2-6, 2-8, 2-9, 2-10, 2-13, 2-14, 2-16, 3-4, 3-5, 3-7, 3-10, 3-11, 3-13, 3-14, 3-15, 3-16, 4-7, 4-10, 4-11, 4-13, 4-14, 4-15, 4-16, 5-10, 5-12, 5-13, 5-14, 6-10, 6-13, 6-14, 6-16, 7-10, 7-11, 7-13, 7-15, 7-16, 8-9, 8-13, 8-14, 8-15, 9-10, 9-13, 9-15, 9-16, 10-11, 10-13, 10-14, 10-15, 10-16, 11-12, 11-13, 11-14, 11-15, 11-16, 12-13, 12-14, 12-15, 13-14, 13-15, 13-16, 14-16, 15-16",4,4,8,"0 0 0 0 1 0 0 0 0 0 1 0 1 1 0 0|0 0 0 0 0 1 0 1 1 0 0 0 0 1 0 1|0 0 0 0 0 0 1 0 0 0 1 0 1 0 1 1|0 0 0 0 0 0 0 0 0 1 1 0 0 1 0 1|1 0 0 0 0 0 0 0 0 0 0 1 1 1 0 0|0 1 0 0 0 0 0 0 0 0 0 0 0 1 0 1|0 0 1 0 0 0 0 0 0 1 1 0 0 0 1 1|0 1 0 0 0 0 0 0 1 0 0 0 1 1 0 0|0 1 0 0 0 0 0 1 0 0 0 0 1 0 0 1|0 0 0 1 0 0 1 0 0 0 1 0 0 0 0 1|1 0 1 1 0 0 1 0 0 1 0 0 1 1 0 0|0 0 0 0 1 0 0 0 0 0 0 0 1 1 0 0|1 0 1 0 1 0 0 1 1 0 1 1 0 1 0 1|1 1 0 1 1 1 0 1 0 0 1 1 1 0 0 1|0 0 1 0 0 0 1 0 0 0 0 0 0 0 0 1|0 1 1 1 0 1 1 0 1 1 0 0 1 1 1 0","0 0 0 1 0 0 1 0 0 1 0 0 0 1 0 0|0 0 0 0 0 1 0 1 1 1 0 0 1 0 0 0|0 0 0 1 1 0 0 0 0 1 0 0 0 1 1 0|1 0 1 0 0 0 1 0 0 0 0 0 1 1 1 1|0 0 1 0 0 0 0 0 0 1 0 0 0 1 0 0|0 1 0 0 0 0 0 0 0 1 0 0 1 0 0 0|1 0 0 1 0 0 0 0 0 1 0 0 1 0 0 0|0 1 0 0 0 0 0 0 1 0 0 0 1 0 1 0|0 1 0 0 0 0 0 1 0 1 0 0 0 0 1 0|1 1 1 0 1 1 1 0 1 0 0 0 1 1 1 0|0 0 0 0 0 0 0 0 0 0 0 1 1 0 1 1|0 0 0 0 0 0 0 0 0 0 1 0 1 0 1 0|0 1 0 1 0 1 1 1 0 1 1 1 0 0 1 1|1 0 1 1 1 0 0 0 0 1 0 0 0 0 0 0|0 0 1 1 0 0 0 1 1 1 1 1 1 0 0 1|0 0 0 1 0 0 0 0 0 0 1 0 1 0 1 0","0 0 0 1 1 0 1 0 0 1 1 0 1 1 0 0|0 0 0 0 0 1 0 1 1 1 0 0 1 1 0 1|0 0 0 1 1 0 1 0 0 1 1 0 1 1 1 1|1 0 1 0 0 0 1 0 0 1 1 0 1 1 1 1|1 0 1 0 0 0 0 0 0 1 0 1 1 1 0 0|0 1 0 0 0 0 0 0 0 1 0 0 1 1 0 1|1 0 1 1 0 0 0 0 0 1 1 0 1 0 1 1|0 1 0 0 0 0 0 0 1 0 0 0 1 1 1 0|0 1 0 0 0 0 0 1 0 1 0 0 1 0 1 1|1 1 1 1 1 1 1 0 1 0 1 0 1 1 1 1|1 0 1 1 0 0 1 0 0 1 0 1 1 1 1 1|0 0 0 0 1 0 0 0 0 0 1 0 1 1 1 0|1 1 1 1 1 1 1 1 1 1 1 1 0 1 1 1|1 1 1 1 1 1 0 1 0 1 1 1 1 0 0 1|0 0 1 1 0 0 1 1 1 1 1 1 1 0 0 1|0 1 1 1 0 1 1 0 1 1 1 0 1 1 1 0"
331,"ID34-16.83.1:",16,10,33951,"2, 3, 4, 7, 8, 9, 10, 11, 14, 16","1->1, 2->10, 3->4, 4->16, 5->5, 6->6, 7->3, 8->7, 9->2, 10->14, 11->9, 12->12, 13->13, 14->11, 15->15, 16->8","1-5, 1-11, 1-13, 1-14, 2-6, 2-8, 2-9, 2-14, 2-16, 3-7, 3-11, 3-13, 3-15, 3-16, 4-10, 4-11, 4-14, 4-16, 5-12, 5-13, 5-14, 6-14, 6-16, 7-10, 7-11, 7-15, 7-16, 8-9, 8-13, 8-14, 9-13, 9-16, 10-11, 10-16, 11-13, 11-14, 12-13, 12-14, 13-14, 13-16, 14-16, 15-16","1-5, 1-9, 1-11, 1-13, 2-7, 2-8, 2-10, 2-13, 3-4, 3-8, 3-9, 3-14, 3-15, 4-8, 4-9, 4-13, 4-15, 5-11, 5-12, 5-13, 6-8, 6-10, 6-11, 7-10, 7-11, 7-13, 8-10, 8-11, 8-13, 8-14, 8-15, 8-16, 9-11, 9-13, 9-14, 9-16, 10-11, 11-12, 11-13, 11-16, 12-13, 14-16","1-5, 1-9, 1-11, 1-13, 1-14, 2-6, 2-7, 2-8, 2-9, 2-10, 2-13, 2-14, 2-16, 3-4, 3-7, 3-8, 3-9, 3-11, 3-13, 3-14, 3-15, 3-16, 4-8, 4-9, 4-10, 4-11, 4-13, 4-14, 4-15, 4-16, 5-11, 5-12, 5-13, 5-14, 6-8, 6-10, 6-11, 6-14, 6-16, 7-10, 7-11, 7-13, 7-15, 7-16, 8-9, 8-10, 8-11, 8-13, 8-14, 8-15, 8-16, 9-11, 9-13, 9-14, 9-16, 10-11, 10-16, 11-12, 11-13, 11-14, 11-16, 12-13, 12-14, 13-14, 13-16, 14-16, 15-16",4,4,8,"0 0 0 0 1 0 0 0 0 0 1 0 1 1 0 0|0 0 0 0 0 1 0 1 1 0 0 0 0 1 0 1|0 0 0 0 0 0 1 0 0 0 1 0 1 0 1 1|0 0 0 0 0 0 0 0 0 1 1 0 0 1 0 1|1 0 0 0 0 0 0 0 0 0 0 1 1 1 0 0|0 1 0 0 0 0 0 0 0 0 0 0 0 1 0 1|0 0 1 0 0 0 0 0 0 1 1 0 0 0 1 1|0 1 0 0 0 0 0 0 1 0 0 0 1 1 0 0|0 1 0 0 0 0 0 1 0 0 0 0 1 0 0 1|0 0 0 1 0 0 1 0 0 0 1 0 0 0 0 1|1 0 1 1 0 0 1 0 0 1 0 0 1 1 0 0|0 0 0 0 1 0 0 0 0 0 0 0 1 1 0 0|1 0 1 0 1 0 0 1 1 0 1 1 0 1 0 1|1 1 0 1 1 1 0 1 0 0 1 1 1 0 0 1|0 0 1 0 0 0 1 0 0 0 0 0 0 0 0 1|0 1 1 1 0 1 1 0 1 1 0 0 1 1 1 0","0 0 0 0 1 0 0 0 1 0 1 0 1 0 0 0|0 0 0 0 0 0 1 1 0 1 0 0 1 0 0 0|0 0 0 1 0 0 0 1 1 0 0 0 0 1 1 0|0 0 1 0 0 0 0 1 1 0 0 0 1 0 1 0|1 0 0 0 0 0 0 0 0 0 1 1 1 0 0 0|0 0 0 0 0 0 0 1 0 1 1 0 0 0 0 0|0 1 0 0 0 0 0 0 0 1 1 0 1 0 0 0|0 1 1 1 0 1 0 0 0 1 1 0 1 1 1 1|1 0 1 1 0 0 0 0 0 0 1 0 1 1 0 1|0 1 0 0 0 1 1 1 0 0 1 0 0 0 0 0|1 0 0 0 1 1 1 1 1 1 0 1 1 0 0 1|0 0 0 0 1 0 0 0 0 0 1 0 1 0 0 0|1 1 0 1 1 0 1 1 1 0 1 1 0 0 0 0|0 0 1 0 0 0 0 1 1 0 0 0 0 0 0 1|0 0 1 1 0 0 0 1 0 0 0 0 0 0 0 0|0 0 0 0 0 0 0 1 1 0 1 0 0 1 0 0","0 0 0 0 1 0 0 0 1 0 1 0 1 1 0 0|0 0 0 0 0 1 1 1 1 1 0 0 1 1 0 1|0 0 0 1 0 0 1 1 1 0 1 0 1 1 1 1|0 0 1 0 0 0 0 1 1 1 1 0 1 1 1 1|1 0 0 0 0 0 0 0 0 0 1 1 1 1 0 0|0 1 0 0 0 0 0 1 0 1 1 0 0 1 0 1|0 1 1 0 0 0 0 0 0 1 1 0 1 0 1 1|0 1 1 1 0 1 0 0 1 1 1 0 1 1 1 1|1 1 1 1 0 0 0 1 0 0 1 0 1 1 0 1|0 1 0 1 0 1 1 1 0 0 1 0 0 0 0 1|1 0 1 1 1 1 1 1 1 1 0 1 1 1 0 1|0 0 0 0 1 0 0 0 0 0 1 0 1 1 0 0|1 1 1 1 1 0 1 1 1 0 1 1 0 1 0 1|1 1 1 1 1 1 0 1 1 0 1 1 1 0 0 1|0 0 1 1 0 0 1 1 0 0 0 0 0 0 0 1|0 1 1 1 0 1 1 1 1 1 1 0 1 1 1 0"
332,"ID35-16.84.1:",16,1,5252,"2, 3, 4, 6, 7, 8, 9, 11, 15, 16","1->1, 2->15, 3->6, 4->16, 5->5, 6->2, 7->11, 8->9, 9->3, 10->10, 11->4, 12->12, 13->13, 14->14, 15->8, 16->7","1-5, 1-7, 1-10, 1-14, 1-16, 2-6, 2-8, 2-9, 2-15, 2-16, 3-7, 3-11, 3-12, 3-16, 4-7, 4-11, 4-15, 5-9, 5-10, 5-15, 5-16, 6-8, 6-13, 6-15, 6-16, 7-11, 7-14, 7-15, 7-16, 8-13, 8-16, 9-15, 9-16, 10-14, 10-15, 11-12, 11-15, 12-15, 12-16, 13-16, 14-15, 15-16","1-5, 1-7, 1-10, 1-11, 1-14, 2-7, 2-8, 2-9, 2-13, 2-15, 3-5, 3-7, 3-8, 3-15, 4-6, 4-8, 4-11, 4-12, 4-16, 5-7, 5-8, 5-10, 6-7, 6-11, 6-12, 7-8, 7-9, 7-11, 7-12, 7-13, 7-15, 8-10, 8-11, 8-12, 8-14, 8-15, 8-16, 9-13, 9-15, 10-14, 11-14, 11-16","1-5, 1-7, 1-10, 1-11, 1-14, 1-16, 2-6, 2-7, 2-8, 2-9, 2-13, 2-15, 2-16, 3-5, 3-7, 3-8, 3-11, 3-12, 3-15, 3-16, 4-6, 4-7, 4-8, 4-11, 4-12, 4-15, 4-16, 5-7, 5-8, 5-9, 5-10, 5-15, 5-16, 6-7, 6-8, 6-11, 6-12, 6-13, 6-15, 6-16, 7-8, 7-9, 7-11, 7-12, 7-13, 7-14, 7-15, 7-16, 8-10, 8-11, 8-12, 8-13, 8-14, 8-15, 8-16, 9-13, 9-15, 9-16, 10-14, 10-15, 11-12, 11-14, 11-15, 11-16, 12-15, 12-16, 13-16, 14-15, 15-16",4,4,8,"0 0 0 0 1 0 1 0 0 1 0 0 0 1 0 1|0 0 0 0 0 1 0 1 1 0 0 0 0 0 1 1|0 0 0 0 0 0 1 0 0 0 1 1 0 0 0 1|0 0 0 0 0 0 1 0 0 0 1 0 0 0 1 0|1 0 0 0 0 0 0 0 1 1 0 0 0 0 1 1|0 1 0 0 0 0 0 1 0 0 0 0 1 0 1 1|1 0 1 1 0 0 0 0 0 0 1 0 0 1 1 1|0 1 0 0 0 1 0 0 0 0 0 0 1 0 0 1|0 1 0 0 1 0 0 0 0 0 0 0 0 0 1 1|1 0 0 0 1 0 0 0 0 0 0 0 0 1 1 0|0 0 1 1 0 0 1 0 0 0 0 1 0 0 1 0|0 0 1 0 0 0 0 0 0 0 1 0 0 0 1 1|0 0 0 0 0 1 0 1 0 0 0 0 0 0 0 1|1 0 0 0 0 0 1 0 0 1 0 0 0 0 1 0|0 1 0 1 1 1 1 0 1 1 1 1 0 1 0 1|1 1 1 0 1 1 1 1 1 0 0 1 1 0 1 0","0 0 0 0 1 0 1 0 0 1 1 0 0 1 0 0|0 0 0 0 0 0 1 1 1 0 0 0 1 0 1 0|0 0 0 0 1 0 1 1 0 0 0 0 0 0 1 0|0 0 0 0 0 1 0 1 0 0 1 1 0 0 0 1|1 0 1 0 0 0 1 1 0 1 0 0 0 0 0 0|0 0 0 1 0 0 1 0 0 0 1 1 0 0 0 0|1 1 1 0 1 1 0 1 1 0 1 1 1 0 1 0|0 1 1 1 1 0 1 0 0 1 1 1 0 1 1 1|0 1 0 0 0 0 1 0 0 0 0 0 1 0 1 0|1 0 0 0 1 0 0 1 0 0 0 0 0 1 0 0|1 0 0 1 0 1 1 1 0 0 0 0 0 1 0 1|0 0 0 1 0 1 1 1 0 0 0 0 0 0 0 0|0 1 0 0 0 0 1 0 1 0 0 0 0 0 0 0|1 0 0 0 0 0 0 1 0 1 1 0 0 0 0 0|0 1 1 0 0 0 1 1 1 0 0 0 0 0 0 0|0 0 0 1 0 0 0 1 0 0 1 0 0 0 0 0","0 0 0 0 1 0 1 0 0 1 1 0 0 1 0 1|0 0 0 0 0 1 1 1 1 0 0 0 1 0 1 1|0 0 0 0 1 0 1 1 0 0 1 1 0 0 1 1|0 0 0 0 0 1 1 1 0 0 1 1 0 0 1 1|1 0 1 0 0 0 1 1 1 1 0 0 0 0 1 1|0 1 0 1 0 0 1 1 0 0 1 1 1 0 1 1|1 1 1 1 1 1 0 1 1 0 1 1 1 1 1 1|0 1 1 1 1 1 1 0 0 1 1 1 1 1 1 1|0 1 0 0 1 0 1 0 0 0 0 0 1 0 1 1|1 0 0 0 1 0 0 1 0 0 0 0 0 1 1 0|1 0 1 1 0 1 1 1 0 0 0 1 0 1 1 1|0 0 1 1 0 1 1 1 0 0 1 0 0 0 1 1|0 1 0 0 0 1 1 1 1 0 0 0 0 0 0 1|1 0 0 0 0 0 1 1 0 1 1 0 0 0 1 0|0 1 1 1 1 1 1 1 1 1 1 1 0 1 0 1|1 1 1 1 1 1 1 1 1 0 1 1 1 0 1 0"
333,"ID35-16.84.1:",16,2,11129,"1, 2, 3, 4, 5, 6, 8, 12, 15, 16","1->4, 2->12, 3->1, 4->16, 5->15, 6->5, 7->7, 8->2, 9->9, 10->10, 11->11, 12->8, 13->13, 14->14, 15->6, 16->3","1-5, 1-7, 1-10, 1-14, 1-16, 2-6, 2-8, 2-9, 2-15, 2-16, 3-7, 3-11, 3-12, 3-16, 4-7, 4-11, 4-15, 5-9, 5-10, 5-15, 5-16, 6-8, 6-13, 6-15, 6-16, 7-11, 7-14, 7-15, 7-16, 8-13, 8-16, 9-15, 9-16, 10-14, 10-15, 11-12, 11-15, 12-15, 12-16, 13-16, 14-15, 15-16","1-3, 1-7, 1-8, 1-11, 2-3, 2-5, 2-12, 2-13, 3-4, 3-5, 3-6, 3-7, 3-8, 3-9, 3-12, 3-13, 3-15, 4-7, 4-10, 4-14, 4-15, 5-6, 5-12, 5-13, 6-7, 6-8, 6-9, 6-10, 6-11, 6-12, 6-14, 6-15, 6-16, 7-11, 7-14, 7-16, 8-11, 9-12, 9-15, 10-14, 10-15, 11-16","1-3, 1-5, 1-7, 1-8, 1-10, 1-11, 1-14, 1-16, 2-3, 2-5, 2-6, 2-8, 2-9, 2-12, 2-13, 2-15, 2-16, 3-4, 3-5, 3-6, 3-7, 3-8, 3-9, 3-11, 3-12, 3-13, 3-15, 3-16, 4-7, 4-10, 4-11, 4-14, 4-15, 5-6, 5-9, 5-10, 5-12, 5-13, 5-15, 5-16, 6-7, 6-8, 6-9, 6-10, 6-11, 6-12, 6-13, 6-14, 6-15, 6-16, 7-11, 7-14, 7-15, 7-16, 8-11, 8-13, 8-16, 9-12, 9-15, 9-16, 10-14, 10-15, 11-12, 11-15, 11-16, 12-15, 12-16, 13-16, 14-15, 15-16",4,4,8,"0 0 0 0 1 0 1 0 0 1 0 0 0 1 0 1|0 0 0 0 0 1 0 1 1 0 0 0 0 0 1 1|0 0 0 0 0 0 1 0 0 0 1 1 0 0 0 1|0 0 0 0 0 0 1 0 0 0 1 0 0 0 1 0|1 0 0 0 0 0 0 0 1 1 0 0 0 0 1 1|0 1 0 0 0 0 0 1 0 0 0 0 1 0 1 1|1 0 1 1 0 0 0 0 0 0 1 0 0 1 1 1|0 1 0 0 0 1 0 0 0 0 0 0 1 0 0 1|0 1 0 0 1 0 0 0 0 0 0 0 0 0 1 1|1 0 0 0 1 0 0 0 0 0 0 0 0 1 1 0|0 0 1 1 0 0 1 0 0 0 0 1 0 0 1 0|0 0 1 0 0 0 0 0 0 0 1 0 0 0 1 1|0 0 0 0 0 1 0 1 0 0 0 0 0 0 0 1|1 0 0 0 0 0 1 0 0 1 0 0 0 0 1 0|0 1 0 1 1 1 1 0 1 1 1 1 0 1 0 1|1 1 1 0 1 1 1 1 1 0 0 1 1 0 1 0","0 0 1 0 0 0 1 1 0 0 1 0 0 0 0 0|0 0 1 0 1 0 0 0 0 0 0 1 1 0 0 0|1 1 0 1 1 1 1 1 1 0 0 1 1 0 1 0|0 0 1 0 0 0 1 0 0 1 0 0 0 1 1 0|0 1 1 0 0 1 0 0 0 0 0 1 1 0 0 0|0 0 1 0 1 0 1 1 1 1 1 1 0 1 1 1|1 0 1 1 0 1 0 0 0 0 1 0 0 1 0 1|1 0 1 0 0 1 0 0 0 0 1 0 0 0 0 0|0 0 1 0 0 1 0 0 0 0 0 1 0 0 1 0|0 0 0 1 0 1 0 0 0 0 0 0 0 1 1 0|1 0 0 0 0 1 1 1 0 0 0 0 0 0 0 1|0 1 1 0 1 1 0 0 1 0 0 0 0 0 0 0|0 1 1 0 1 0 0 0 0 0 0 0 0 0 0 0|0 0 0 1 0 1 1 0 0 1 0 0 0 0 0 0|0 0 1 1 0 1 0 0 1 1 0 0 0 0 0 0|0 0 0 0 0 1 1 0 0 0 1 0 0 0 0 0","0 0 1 0 1 0 1 1 0 1 1 0 0 1 0 1|0 0 1 0 1 1 0 1 1 0 0 1 1 0 1 1|1 1 0 1 1 1 1 1 1 0 1 1 1 0 1 1|0 0 1 0 0 0 1 0 0 1 1 0 0 1 1 0|1 1 1 0 0 1 0 0 1 1 0 1 1 0 1 1|0 1 1 0 1 0 1 1 1 1 1 1 1 1 1 1|1 0 1 1 0 1 0 0 0 0 1 0 0 1 1 1|1 1 1 0 0 1 0 0 0 0 1 0 1 0 0 1|0 1 1 0 1 1 0 0 0 0 0 1 0 0 1 1|1 0 0 1 1 1 0 0 0 0 0 0 0 1 1 0|1 0 1 1 0 1 1 1 0 0 0 1 0 0 1 1|0 1 1 0 1 1 0 0 1 0 1 0 0 0 1 1|0 1 1 0 1 1 0 1 0 0 0 0 0 0 0 1|1 0 0 1 0 1 1 0 0 1 0 0 0 0 1 0|0 1 1 1 1 1 1 0 1 1 1 1 0 1 0 1|1 1 1 0 1 1 1 1 1 0 1 1 1 0 1 0"
334,"ID35-16.84.1:",16,3,12823,"3, 5, 9, 10, 11, 12, 13, 14, 15, 16","1->1, 2->2, 3->9, 4->4, 5->11, 6->6, 7->7, 8->8, 9->16, 10->15, 11->10, 12->13, 13->14, 14->3, 15->5, 16->12","1-5, 1-7, 1-10, 1-14, 1-16, 2-6, 2-8, 2-9, 2-15, 2-16, 3-7, 3-11, 3-12, 3-16, 4-7, 4-11, 4-15, 5-9, 5-10, 5-15, 5-16, 6-8, 6-13, 6-15, 6-16, 7-11, 7-14, 7-15, 7-16, 8-13, 8-16, 9-15, 9-16, 10-14, 10-15, 11-12, 11-15, 12-15, 12-16, 13-16, 14-15, 15-16","1-3, 1-7, 1-11, 1-12, 1-15, 2-5, 2-6, 2-8, 2-12, 2-16, 3-5, 3-7, 3-15, 4-5, 4-7, 4-10, 5-6, 5-7, 5-10, 5-11, 5-12, 5-13, 5-15, 5-16, 6-8, 6-12, 6-14, 7-9, 7-10, 7-12, 8-12, 8-14, 9-10, 9-12, 9-13, 10-13, 11-12, 11-15, 11-16, 12-13, 12-14, 12-16","1-3, 1-5, 1-7, 1-10, 1-11, 1-12, 1-14, 1-15, 1-16, 2-5, 2-6, 2-8, 2-9, 2-12, 2-15, 2-16, 3-5, 3-7, 3-11, 3-12, 3-15, 3-16, 4-5, 4-7, 4-10, 4-11, 4-15, 5-6, 5-7, 5-9, 5-10, 5-11, 5-12, 5-13, 5-15, 5-16, 6-8, 6-12, 6-13, 6-14, 6-15, 6-16, 7-9, 7-10, 7-11, 7-12, 7-14, 7-15, 7-16, 8-12, 8-13, 8-14, 8-16, 9-10, 9-12, 9-13, 9-15, 9-16, 10-13, 10-14, 10-15, 11-12, 11-15, 11-16, 12-13, 12-14, 12-15, 12-16, 13-16, 14-15, 15-16",4,4,8,"0 0 0 0 1 0 1 0 0 1 0 0 0 1 0 1|0 0 0 0 0 1 0 1 1 0 0 0 0 0 1 1|0 0 0 0 0 0 1 0 0 0 1 1 0 0 0 1|0 0 0 0 0 0 1 0 0 0 1 0 0 0 1 0|1 0 0 0 0 0 0 0 1 1 0 0 0 0 1 1|0 1 0 0 0 0 0 1 0 0 0 0 1 0 1 1|1 0 1 1 0 0 0 0 0 0 1 0 0 1 1 1|0 1 0 0 0 1 0 0 0 0 0 0 1 0 0 1|0 1 0 0 1 0 0 0 0 0 0 0 0 0 1 1|1 0 0 0 1 0 0 0 0 0 0 0 0 1 1 0|0 0 1 1 0 0 1 0 0 0 0 1 0 0 1 0|0 0 1 0 0 0 0 0 0 0 1 0 0 0 1 1|0 0 0 0 0 1 0 1 0 0 0 0 0 0 0 1|1 0 0 0 0 0 1 0 0 1 0 0 0 0 1 0|0 1 0 1 1 1 1 0 1 1 1 1 0 1 0 1|1 1 1 0 1 1 1 1 1 0 0 1 1 0 1 0","0 0 1 0 0 0 1 0 0 0 1 1 0 0 1 0|0 0 0 0 1 1 0 1 0 0 0 1 0 0 0 1|1 0 0 0 1 0 1 0 0 0 0 0 0 0 1 0|0 0 0 0 1 0 1 0 0 1 0 0 0 0 0 0|0 1 1 1 0 1 1 0 0 1 1 1 1 0 1 1|0 1 0 0 1 0 0 1 0 0 0 1 0 1 0 0|1 0 1 1 1 0 0 0 1 1 0 1 0 0 0 0|0 1 0 0 0 1 0 0 0 0 0 1 0 1 0 0|0 0 0 0 0 0 1 0 0 1 0 1 1 0 0 0|0 0 0 1 1 0 1 0 1 0 0 0 1 0 0 0|1 0 0 0 1 0 0 0 0 0 0 1 0 0 1 1|1 1 0 0 1 1 1 1 1 0 1 0 1 1 0 1|0 0 0 0 1 0 0 0 1 1 0 1 0 0 0 0|0 0 0 0 0 1 0 1 0 0 0 1 0 0 0 0|1 0 1 0 1 0 0 0 0 0 1 0 0 0 0 0|0 1 0 0 1 0 0 0 0 0 1 1 0 0 0 0","0 0 1 0 1 0 1 0 0 1 1 1 0 1 1 1|0 0 0 0 1 1 0 1 1 0 0 1 0 0 1 1|1 0 0 0 1 0 1 0 0 0 1 1 0 0 1 1|0 0 0 0 1 0 1 0 0 1 1 0 0 0 1 0|1 1 1 1 0 1 1 0 1 1 1 1 1 0 1 1|0 1 0 0 1 0 0 1 0 0 0 1 1 1 1 1|1 0 1 1 1 0 0 0 1 1 1 1 0 1 1 1|0 1 0 0 0 1 0 0 0 0 0 1 1 1 0 1|0 1 0 0 1 0 1 0 0 1 0 1 1 0 1 1|1 0 0 1 1 0 1 0 1 0 0 0 1 1 1 0|1 0 1 1 1 0 1 0 0 0 0 1 0 0 1 1|1 1 1 0 1 1 1 1 1 0 1 0 1 1 1 1|0 0 0 0 1 1 0 1 1 1 0 1 0 0 0 1|1 0 0 0 0 1 1 1 0 1 0 1 0 0 1 0|1 1 1 1 1 1 1 0 1 1 1 1 0 1 0 1|1 1 1 0 1 1 1 1 1 0 1 1 1 0 1 0"
335,"ID35-16.84.1:",16,4,43157,"1, 2, 3, 4, 7, 9, 10, 12, 15, 16","1->10, 2->15, 3->1, 4->7, 5->5, 6->6, 7->12, 8->8, 9->3, 10->2, 11->11, 12->16, 13->13, 14->14, 15->9, 16->4","1-5, 1-7, 1-10, 1-14, 1-16, 2-6, 2-8, 2-9, 2-15, 2-16, 3-7, 3-11, 3-12, 3-16, 4-7, 4-11, 4-15, 5-9, 5-10, 5-15, 5-16, 6-8, 6-13, 6-15, 6-16, 7-11, 7-14, 7-15, 7-16, 8-13, 8-16, 9-15, 9-16, 10-14, 10-15, 11-12, 11-15, 12-15, 12-16, 13-16, 14-15, 15-16","1-4, 1-11, 1-12, 1-16, 2-5, 2-9, 2-10, 2-14, 3-4, 3-5, 3-9, 3-15, 4-5, 4-6, 4-8, 4-9, 4-10, 4-12, 4-13, 4-15, 4-16, 5-9, 5-10, 6-8, 6-9, 6-13, 6-15, 7-9, 7-11, 7-12, 8-13, 8-15, 9-11, 9-12, 9-14, 9-15, 9-16, 10-12, 10-14, 11-12, 11-16, 12-14","1-4, 1-5, 1-7, 1-10, 1-11, 1-12, 1-14, 1-16, 2-5, 2-6, 2-8, 2-9, 2-10, 2-14, 2-15, 2-16, 3-4, 3-5, 3-7, 3-9, 3-11, 3-12, 3-15, 3-16, 4-5, 4-6, 4-7, 4-8, 4-9, 4-10, 4-11, 4-12, 4-13, 4-15, 4-16, 5-9, 5-10, 5-15, 5-16, 6-8, 6-9, 6-13, 6-15, 6-16, 7-9, 7-11, 7-12, 7-14, 7-15, 7-16, 8-13, 8-15, 8-16, 9-11, 9-12, 9-14, 9-15, 9-16, 10-12, 10-14, 10-15, 11-12, 11-15, 11-16, 12-14, 12-15, 12-16, 13-16, 14-15, 15-16",4,4,8,"0 0 0 0 1 0 1 0 0 1 0 0 0 1 0 1|0 0 0 0 0 1 0 1 1 0 0 0 0 0 1 1|0 0 0 0 0 0 1 0 0 0 1 1 0 0 0 1|0 0 0 0 0 0 1 0 0 0 1 0 0 0 1 0|1 0 0 0 0 0 0 0 1 1 0 0 0 0 1 1|0 1 0 0 0 0 0 1 0 0 0 0 1 0 1 1|1 0 1 1 0 0 0 0 0 0 1 0 0 1 1 1|0 1 0 0 0 1 0 0 0 0 0 0 1 0 0 1|0 1 0 0 1 0 0 0 0 0 0 0 0 0 1 1|1 0 0 0 1 0 0 0 0 0 0 0 0 1 1 0|0 0 1 1 0 0 1 0 0 0 0 1 0 0 1 0|0 0 1 0 0 0 0 0 0 0 1 0 0 0 1 1|0 0 0 0 0 1 0 1 0 0 0 0 0 0 0 1|1 0 0 0 0 0 1 0 0 1 0 0 0 0 1 0|0 1 0 1 1 1 1 0 1 1 1 1 0 1 0 1|1 1 1 0 1 1 1 1 1 0 0 1 1 0 1 0","0 0 0 1 0 0 0 0 0 0 1 1 0 0 0 1|0 0 0 0 1 0 0 0 1 1 0 0 0 1 0 0|0 0 0 1 1 0 0 0 1 0 0 0 0 0 1 0|1 0 1 0 1 1 0 1 1 1 0 1 1 0 1 1|0 1 1 1 0 0 0 0 1 1 0 0 0 0 0 0|0 0 0 1 0 0 0 1 1 0 0 0 1 0 1 0|0 0 0 0 0 0 0 0 1 0 1 1 0 0 0 0|0 0 0 1 0 1 0 0 0 0 0 0 1 0 1 0|0 1 1 1 1 1 1 0 0 0 1 1 0 1 1 1|0 1 0 1 1 0 0 0 0 0 0 1 0 1 0 0|1 0 0 0 0 0 1 0 1 0 0 1 0 0 0 1|1 0 0 1 0 0 1 0 1 1 1 0 0 1 0 0|0 0 0 1 0 1 0 1 0 0 0 0 0 0 0 0|0 1 0 0 0 0 0 0 1 1 0 1 0 0 0 0|0 0 1 1 0 1 0 1 1 0 0 0 0 0 0 0|1 0 0 1 0 0 0 0 1 0 1 0 0 0 0 0","0 0 0 1 1 0 1 0 0 1 1 1 0 1 0 1|0 0 0 0 1 1 0 1 1 1 0 0 0 1 1 1|0 0 0 1 1 0 1 0 1 0 1 1 0 0 1 1|1 0 1 0 1 1 1 1 1 1 1 1 1 0 1 1|1 1 1 1 0 0 0 0 1 1 0 0 0 0 1 1|0 1 0 1 0 0 0 1 1 0 0 0 1 0 1 1|1 0 1 1 0 0 0 0 1 0 1 1 0 1 1 1|0 1 0 1 0 1 0 0 0 0 0 0 1 0 1 1|0 1 1 1 1 1 1 0 0 0 1 1 0 1 1 1|1 1 0 1 1 0 0 0 0 0 0 1 0 1 1 0|1 0 1 1 0 0 1 0 1 0 0 1 0 0 1 1|1 0 1 1 0 0 1 0 1 1 1 0 0 1 1 1|0 0 0 1 0 1 0 1 0 0 0 0 0 0 0 1|1 1 0 0 0 0 1 0 1 1 0 1 0 0 1 0|0 1 1 1 1 1 1 1 1 1 1 1 0 1 0 1|1 1 1 1 1 1 1 1 1 0 1 1 1 0 1 0"
336,"ID35-16.84.1:",16,5,43540,"2, 5, 6, 8, 9, 10, 12, 14, 15, 16","1->1, 2->6, 3->3, 4->4, 5->2, 6->9, 7->7, 8->15, 9->5, 10->8, 11->11, 12->14, 13->13, 14->16, 15->10, 16->12","1-5, 1-7, 1-10, 1-14, 1-16, 2-6, 2-8, 2-9, 2-15, 2-16, 3-7, 3-11, 3-12, 3-16, 4-7, 4-11, 4-15, 5-9, 5-10, 5-15, 5-16, 6-8, 6-13, 6-15, 6-16, 7-11, 7-14, 7-15, 7-16, 8-13, 8-16, 9-15, 9-16, 10-14, 10-15, 11-12, 11-15, 12-15, 12-16, 13-16, 14-15, 15-16","1-2, 1-7, 1-8, 1-12, 1-16, 2-5, 2-8, 2-10, 2-12, 3-7, 3-11, 3-12, 3-14, 4-7, 4-10, 4-11, 5-6, 5-10, 5-12, 6-9, 6-10, 6-12, 6-15, 7-10, 7-11, 7-12, 7-16, 8-10, 8-16, 9-10, 9-12, 9-13, 9-15, 10-11, 10-12, 10-14, 10-16, 11-14, 12-13, 12-14, 12-15, 13-15","1-2, 1-5, 1-7, 1-8, 1-10, 1-12, 1-14, 1-16, 2-5, 2-6, 2-8, 2-9, 2-10, 2-12, 2-15, 2-16, 3-7, 3-11, 3-12, 3-14, 3-16, 4-7, 4-10, 4-11, 4-15, 5-6, 5-9, 5-10, 5-12, 5-15, 5-16, 6-8, 6-9, 6-10, 6-12, 6-13, 6-15, 6-16, 7-10, 7-11, 7-12, 7-14, 7-15, 7-16, 8-10, 8-13, 8-16, 9-10, 9-12, 9-13, 9-15, 9-16, 10-11, 10-12, 10-14, 10-15, 10-16, 11-12, 11-14, 11-15, 12-13, 12-14, 12-15, 12-16, 13-15, 13-16, 14-15, 15-16",4,4,8,"0 0 0 0 1 0 1 0 0 1 0 0 0 1 0 1|0 0 0 0 0 1 0 1 1 0 0 0 0 0 1 1|0 0 0 0 0 0 1 0 0 0 1 1 0 0 0 1|0 0 0 0 0 0 1 0 0 0 1 0 0 0 1 0|1 0 0 0 0 0 0 0 1 1 0 0 0 0 1 1|0 1 0 0 0 0 0 1 0 0 0 0 1 0 1 1|1 0 1 1 0 0 0 0 0 0 1 0 0 1 1 1|0 1 0 0 0 1 0 0 0 0 0 0 1 0 0 1|0 1 0 0 1 0 0 0 0 0 0 0 0 0 1 1|1 0 0 0 1 0 0 0 0 0 0 0 0 1 1 0|0 0 1 1 0 0 1 0 0 0 0 1 0 0 1 0|0 0 1 0 0 0 0 0 0 0 1 0 0 0 1 1|0 0 0 0 0 1 0 1 0 0 0 0 0 0 0 1|1 0 0 0 0 0 1 0 0 1 0 0 0 0 1 0|0 1 0 1 1 1 1 0 1 1 1 1 0 1 0 1|1 1 1 0 1 1 1 1 1 0 0 1 1 0 1 0","0 1 0 0 0 0 1 1 0 0 0 1 0 0 0 1|1 0 0 0 1 0 0 1 0 1 0 1 0 0 0 0|0 0 0 0 0 0 1 0 0 0 1 1 0 1 0 0|0 0 0 0 0 0 1 0 0 1 1 0 0 0 0 0|0 1 0 0 0 1 0 0 0 1 0 1 0 0 0 0|0 0 0 0 1 0 0 0 1 1 0 1 0 0 1 0|1 0 1 1 0 0 0 0 0 1 1 1 0 0 0 1|1 1 0 0 0 0 0 0 0 1 0 0 0 0 0 1|0 0 0 0 0 1 0 0 0 1 0 1 1 0 1 0|0 1 0 1 1 1 1 1 1 0 1 1 0 1 0 1|0 0 1 1 0 0 1 0 0 1 0 0 0 1 0 0|1 1 1 0 1 1 1 0 1 1 0 0 1 1 1 0|0 0 0 0 0 0 0 0 1 0 0 1 0 0 1 0|0 0 1 0 0 0 0 0 0 1 1 1 0 0 0 0|0 0 0 0 0 1 0 0 1 0 0 1 1 0 0 0|1 0 0 0 0 0 1 1 0 1 0 0 0 0 0 0","0 1 0 0 1 0 1 1 0 1 0 1 0 1 0 1|1 0 0 0 1 1 0 1 1 1 0 1 0 0 1 1|0 0 0 0 0 0 1 0 0 0 1 1 0 1 0 1|0 0 0 0 0 0 1 0 0 1 1 0 0 0 1 0|1 1 0 0 0 1 0 0 1 1 0 1 0 0 1 1|0 1 0 0 1 0 0 1 1 1 0 1 1 0 1 1|1 0 1 1 0 0 0 0 0 1 1 1 0 1 1 1|1 1 0 0 0 1 0 0 0 1 0 0 1 0 0 1|0 1 0 0 1 1 0 0 0 1 0 1 1 0 1 1|1 1 0 1 1 1 1 1 1 0 1 1 0 1 1 1|0 0 1 1 0 0 1 0 0 1 0 1 0 1 1 0|1 1 1 0 1 1 1 0 1 1 1 0 1 1 1 1|0 0 0 0 0 1 0 1 1 0 0 1 0 0 1 1|1 0 1 0 0 0 1 0 0 1 1 1 0 0 1 0|0 1 0 1 1 1 1 0 1 1 1 1 1 1 0 1|1 1 1 0 1 1 1 1 1 1 0 1 1 0 1 0"
337,"ID35-16.84.1:",16,6,48243,"1, 2, 3, 7, 8, 10, 11, 13, 15, 16","1->7, 2->1, 3->8, 4->4, 5->5, 6->6, 7->10, 8->15, 9->9, 10->13, 11->16, 12->12, 13->3, 14->14, 15->11, 16->2","1-5, 1-7, 1-10, 1-14, 1-16, 2-6, 2-8, 2-9, 2-15, 2-16, 3-7, 3-11, 3-12, 3-16, 4-7, 4-11, 4-15, 5-9, 5-10, 5-15, 5-16, 6-8, 6-13, 6-15, 6-16, 7-11, 7-14, 7-15, 7-16, 8-13, 8-16, 9-15, 9-16, 10-14, 10-15, 11-12, 11-15, 12-15, 12-16, 13-16, 14-15, 15-16","1-2, 1-6, 1-9, 1-11, 1-15, 2-3, 2-5, 2-6, 2-7, 2-8, 2-9, 2-10, 2-11, 2-12, 2-15, 3-6, 3-15, 4-10, 4-11, 4-16, 5-7, 5-9, 5-11, 5-13, 6-11, 6-15, 7-10, 7-13, 7-14, 8-10, 8-12, 8-16, 9-11, 10-11, 10-14, 10-16, 11-12, 11-13, 11-14, 11-16, 12-16, 13-14","1-2, 1-5, 1-6, 1-7, 1-9, 1-10, 1-11, 1-14, 1-15, 1-16, 2-3, 2-5, 2-6, 2-7, 2-8, 2-9, 2-10, 2-11, 2-12, 2-15, 2-16, 3-6, 3-7, 3-11, 3-12, 3-15, 3-16, 4-7, 4-10, 4-11, 4-15, 4-16, 5-7, 5-9, 5-10, 5-11, 5-13, 5-15, 5-16, 6-8, 6-11, 6-13, 6-15, 6-16, 7-10, 7-11, 7-13, 7-14, 7-15, 7-16, 8-10, 8-12, 8-13, 8-16, 9-11, 9-15, 9-16, 10-11, 10-14, 10-15, 10-16, 11-12, 11-13, 11-14, 11-15, 11-16, 12-15, 12-16, 13-14, 13-16, 14-15, 15-16",4,4,8,"0 0 0 0 1 0 1 0 0 1 0 0 0 1 0 1|0 0 0 0 0 1 0 1 1 0 0 0 0 0 1 1|0 0 0 0 0 0 1 0 0 0 1 1 0 0 0 1|0 0 0 0 0 0 1 0 0 0 1 0 0 0 1 0|1 0 0 0 0 0 0 0 1 1 0 0 0 0 1 1|0 1 0 0 0 0 0 1 0 0 0 0 1 0 1 1|1 0 1 1 0 0 0 0 0 0 1 0 0 1 1 1|0 1 0 0 0 1 0 0 0 0 0 0 1 0 0 1|0 1 0 0 1 0 0 0 0 0 0 0 0 0 1 1|1 0 0 0 1 0 0 0 0 0 0 0 0 1 1 0|0 0 1 1 0 0 1 0 0 0 0 1 0 0 1 0|0 0 1 0 0 0 0 0 0 0 1 0 0 0 1 1|0 0 0 0 0 1 0 1 0 0 0 0 0 0 0 1|1 0 0 0 0 0 1 0 0 1 0 0 0 0 1 0|0 1 0 1 1 1 1 0 1 1 1 1 0 1 0 1|1 1 1 0 1 1 1 1 1 0 0 1 1 0 1 0","0 1 0 0 0 1 0 0 1 0 1 0 0 0 1 0|1 0 1 0 1 1 1 1 1 1 1 1 0 0 1 0|0 1 0 0 0 1 0 0 0 0 0 0 0 0 1 0|0 0 0 0 0 0 0 0 0 1 1 0 0 0 0 1|0 1 0 0 0 0 1 0 1 0 1 0 1 0 0 0|1 1 1 0 0 0 0 0 0 0 1 0 0 0 1 0|0 1 0 0 1 0 0 0 0 1 0 0 1 1 0 0|0 1 0 0 0 0 0 0 0 1 0 1 0 0 0 1|1 1 0 0 1 0 0 0 0 0 1 0 0 0 0 0|0 1 0 1 0 0 1 1 0 0 1 0 0 1 0 1|1 1 0 1 1 1 0 0 1 1 0 1 1 1 0 1|0 1 0 0 0 0 0 1 0 0 1 0 0 0 0 1|0 0 0 0 1 0 1 0 0 0 1 0 0 1 0 0|0 0 0 0 0 0 1 0 0 1 1 0 1 0 0 0|1 1 1 0 0 1 0 0 0 0 0 0 0 0 0 0|0 0 0 1 0 0 0 1 0 1 1 1 0 0 0 0","0 1 0 0 1 1 1 0 1 1 1 0 0 1 1 1|1 0 1 0 1 1 1 1 1 1 1 1 0 0 1 1|0 1 0 0 0 1 1 0 0 0 1 1 0 0 1 1|0 0 0 0 0 0 1 0 0 1 1 0 0 0 1 1|1 1 0 0 0 0 1 0 1 1 1 0 1 0 1 1|1 1 1 0 0 0 0 1 0 0 1 0 1 0 1 1|1 1 1 1 1 0 0 0 0 1 1 0 1 1 1 1|0 1 0 0 0 1 0 0 0 1 0 1 1 0 0 1|1 1 0 0 1 0 0 0 0 0 1 0 0 0 1 1|1 1 0 1 1 0 1 1 0 0 1 0 0 1 1 1|1 1 1 1 1 1 1 0 1 1 0 1 1 1 1 1|0 1 1 0 0 0 0 1 0 0 1 0 0 0 1 1|0 0 0 0 1 1 1 1 0 0 1 0 0 1 0 1|1 0 0 0 0 0 1 0 0 1 1 0 1 0 1 0|1 1 1 1 1 1 1 0 1 1 1 1 0 1 0 1|1 1 1 1 1 1 1 1 1 1 1 1 1 0 1 0"
338,"ID35-16.84.1:",16,7,49208,"3, 4, 5, 6, 7, 9, 12, 14, 15, 16","1->1, 2->2, 3->16, 4->7, 5->3, 6->14, 7->12, 8->8, 9->15, 10->10, 11->11, 12->9, 13->13, 14->5, 15->6, 16->4","1-5, 1-7, 1-10, 1-14, 1-16, 2-6, 2-8, 2-9, 2-15, 2-16, 3-7, 3-11, 3-12, 3-16, 4-7, 4-11, 4-15, 5-9, 5-10, 5-15, 5-16, 6-8, 6-13, 6-15, 6-16, 7-11, 7-14, 7-15, 7-16, 8-13, 8-16, 9-15, 9-16, 10-14, 10-15, 11-12, 11-15, 12-15, 12-16, 13-16, 14-15, 15-16","1-3, 1-4, 1-5, 1-10, 1-12, 2-4, 2-6, 2-8, 2-14, 2-15, 3-4, 3-6, 3-10, 3-15, 4-6, 4-8, 4-9, 4-12, 4-13, 4-14, 4-15, 4-16, 5-6, 5-10, 5-12, 6-7, 6-9, 6-10, 6-11, 6-12, 6-14, 6-15, 7-11, 7-12, 8-13, 8-14, 9-11, 9-16, 11-12, 11-16, 12-16, 13-14","1-3, 1-4, 1-5, 1-7, 1-10, 1-12, 1-14, 1-16, 2-4, 2-6, 2-8, 2-9, 2-14, 2-15, 2-16, 3-4, 3-6, 3-7, 3-10, 3-11, 3-12, 3-15, 3-16, 4-6, 4-7, 4-8, 4-9, 4-11, 4-12, 4-13, 4-14, 4-15, 4-16, 5-6, 5-9, 5-10, 5-12, 5-15, 5-16, 6-7, 6-8, 6-9, 6-10, 6-11, 6-12, 6-13, 6-14, 6-15, 6-16, 7-11, 7-12, 7-14, 7-15, 7-16, 8-13, 8-14, 8-16, 9-11, 9-15, 9-16, 10-14, 10-15, 11-12, 11-15, 11-16, 12-15, 12-16, 13-14, 13-16, 14-15, 15-16",4,4,8,"0 0 0 0 1 0 1 0 0 1 0 0 0 1 0 1|0 0 0 0 0 1 0 1 1 0 0 0 0 0 1 1|0 0 0 0 0 0 1 0 0 0 1 1 0 0 0 1|0 0 0 0 0 0 1 0 0 0 1 0 0 0 1 0|1 0 0 0 0 0 0 0 1 1 0 0 0 0 1 1|0 1 0 0 0 0 0 1 0 0 0 0 1 0 1 1|1 0 1 1 0 0 0 0 0 0 1 0 0 1 1 1|0 1 0 0 0 1 0 0 0 0 0 0 1 0 0 1|0 1 0 0 1 0 0 0 0 0 0 0 0 0 1 1|1 0 0 0 1 0 0 0 0 0 0 0 0 1 1 0|0 0 1 1 0 0 1 0 0 0 0 1 0 0 1 0|0 0 1 0 0 0 0 0 0 0 1 0 0 0 1 1|0 0 0 0 0 1 0 1 0 0 0 0 0 0 0 1|1 0 0 0 0 0 1 0 0 1 0 0 0 0 1 0|0 1 0 1 1 1 1 0 1 1 1 1 0 1 0 1|1 1 1 0 1 1 1 1 1 0 0 1 1 0 1 0","0 0 1 1 1 0 0 0 0 1 0 1 0 0 0 0|0 0 0 1 0 1 0 1 0 0 0 0 0 1 1 0|1 0 0 1 0 1 0 0 0 1 0 0 0 0 1 0|1 1 1 0 0 1 0 1 1 0 0 1 1 1 1 1|1 0 0 0 0 1 0 0 0 1 0 1 0 0 0 0|0 1 1 1 1 0 1 0 1 1 1 1 0 1 1 0|0 0 0 0 0 1 0 0 0 0 1 1 0 0 0 0|0 1 0 1 0 0 0 0 0 0 0 0 1 1 0 0|0 0 0 1 0 1 0 0 0 0 1 0 0 0 0 1|1 0 1 0 1 1 0 0 0 0 0 0 0 0 0 0|0 0 0 0 0 1 1 0 1 0 0 1 0 0 0 1|1 0 0 1 1 1 1 0 0 0 1 0 0 0 0 1|0 0 0 1 0 0 0 1 0 0 0 0 0 1 0 0|0 1 0 1 0 1 0 1 0 0 0 0 1 0 0 0|0 1 1 1 0 1 0 0 0 0 0 0 0 0 0 0|0 0 0 1 0 0 0 0 1 0 1 1 0 0 0 0","0 0 1 1 1 0 1 0 0 1 0 1 0 1 0 1|0 0 0 1 0 1 0 1 1 0 0 0 0 1 1 1|1 0 0 1 0 1 1 0 0 1 1 1 0 0 1 1|1 1 1 0 0 1 1 1 1 0 1 1 1 1 1 1|1 0 0 0 0 1 0 0 1 1 0 1 0 0 1 1|0 1 1 1 1 0 1 1 1 1 1 1 1 1 1 1|1 0 1 1 0 1 0 0 0 0 1 1 0 1 1 1|0 1 0 1 0 1 0 0 0 0 0 0 1 1 0 1|0 1 0 1 1 1 0 0 0 0 1 0 0 0 1 1|1 0 1 0 1 1 0 0 0 0 0 0 0 1 1 0|0 0 1 1 0 1 1 0 1 0 0 1 0 0 1 1|1 0 1 1 1 1 1 0 0 0 1 0 0 0 1 1|0 0 0 1 0 1 0 1 0 0 0 0 0 1 0 1|1 1 0 1 0 1 1 1 0 1 0 0 1 0 1 0|0 1 1 1 1 1 1 0 1 1 1 1 0 1 0 1|1 1 1 1 1 1 1 1 1 0 1 1 1 0 1 0"
339,"ID35-16.84.1:",16,8,49689,"1, 4, 5, 6, 7, 8, 13, 14, 15, 16","1->6, 2->2, 3->3, 4->15, 5->7, 6->8, 7->14, 8->1, 9->9, 10->10, 11->11, 12->12, 13->4, 14->16, 15->13, 16->5","1-5, 1-7, 1-10, 1-14, 1-16, 2-6, 2-8, 2-9, 2-15, 2-16, 3-7, 3-11, 3-12, 3-16, 4-7, 4-11, 4-15, 5-9, 5-10, 5-15, 5-16, 6-8, 6-13, 6-15, 6-16, 7-11, 7-14, 7-15, 7-16, 8-13, 8-16, 9-15, 9-16, 10-14, 10-15, 11-12, 11-15, 12-15, 12-16, 13-16, 14-15, 15-16","1-2, 1-4, 1-5, 1-8, 2-5, 2-8, 2-9, 2-13, 3-5, 3-11, 3-12, 3-14, 4-5, 4-8, 5-6, 5-7, 5-8, 5-9, 5-12, 5-13, 5-14, 6-7, 6-10, 6-14, 6-16, 7-9, 7-10, 7-13, 8-13, 9-13, 10-13, 10-16, 11-12, 11-13, 11-14, 11-15, 12-13, 13-14, 13-15, 13-16, 14-15, 14-16","1-2, 1-4, 1-5, 1-7, 1-8, 1-10, 1-14, 1-16, 2-5, 2-6, 2-8, 2-9, 2-13, 2-15, 2-16, 3-5, 3-7, 3-11, 3-12, 3-14, 3-16, 4-5, 4-7, 4-8, 4-11, 4-15, 5-6, 5-7, 5-8, 5-9, 5-10, 5-12, 5-13, 5-14, 5-15, 5-16, 6-7, 6-8, 6-10, 6-13, 6-14, 6-15, 6-16, 7-9, 7-10, 7-11, 7-13, 7-14, 7-15, 7-16, 8-13, 8-16, 9-13, 9-15, 9-16, 10-13, 10-14, 10-15, 10-16, 11-12, 11-13, 11-14, 11-15, 12-13, 12-15, 12-16, 13-14, 13-15, 13-16, 14-15, 14-16, 15-16",4,4,8,"0 0 0 0 1 0 1 0 0 1 0 0 0 1 0 1|0 0 0 0 0 1 0 1 1 0 0 0 0 0 1 1|0 0 0 0 0 0 1 0 0 0 1 1 0 0 0 1|0 0 0 0 0 0 1 0 0 0 1 0 0 0 1 0|1 0 0 0 0 0 0 0 1 1 0 0 0 0 1 1|0 1 0 0 0 0 0 1 0 0 0 0 1 0 1 1|1 0 1 1 0 0 0 0 0 0 1 0 0 1 1 1|0 1 0 0 0 1 0 0 0 0 0 0 1 0 0 1|0 1 0 0 1 0 0 0 0 0 0 0 0 0 1 1|1 0 0 0 1 0 0 0 0 0 0 0 0 1 1 0|0 0 1 1 0 0 1 0 0 0 0 1 0 0 1 0|0 0 1 0 0 0 0 0 0 0 1 0 0 0 1 1|0 0 0 0 0 1 0 1 0 0 0 0 0 0 0 1|1 0 0 0 0 0 1 0 0 1 0 0 0 0 1 0|0 1 0 1 1 1 1 0 1 1 1 1 0 1 0 1|1 1 1 0 1 1 1 1 1 0 0 1 1 0 1 0","0 1 0 1 1 0 0 1 0 0 0 0 0 0 0 0|1 0 0 0 1 0 0 1 1 0 0 0 1 0 0 0|0 0 0 0 1 0 0 0 0 0 1 1 0 1 0 0|1 0 0 0 1 0 0 1 0 0 0 0 0 0 0 0|1 1 1 1 0 1 1 1 1 0 0 1 1 1 0 0|0 0 0 0 1 0 1 0 0 1 0 0 0 1 0 1|0 0 0 0 1 1 0 0 1 1 0 0 1 0 0 0|1 1 0 1 1 0 0 0 0 0 0 0 1 0 0 0|0 1 0 0 1 0 1 0 0 0 0 0 1 0 0 0|0 0 0 0 0 1 1 0 0 0 0 0 1 0 0 1|0 0 1 0 0 0 0 0 0 0 0 1 1 1 1 0|0 0 1 0 1 0 0 0 0 0 1 0 1 0 0 0|0 1 0 0 1 0 1 1 1 1 1 1 0 1 1 1|0 0 1 0 1 1 0 0 0 0 1 0 1 0 1 1|0 0 0 0 0 0 0 0 0 0 1 0 1 1 0 0|0 0 0 0 0 1 0 0 0 1 0 0 1 1 0 0","0 1 0 1 1 0 1 1 0 1 0 0 0 1 0 1|1 0 0 0 1 1 0 1 1 0 0 0 1 0 1 1|0 0 0 0 1 0 1 0 0 0 1 1 0 1 0 1|1 0 0 0 1 0 1 1 0 0 1 0 0 0 1 0|1 1 1 1 0 1 1 1 1 1 0 1 1 1 1 1|0 1 0 0 1 0 1 1 0 1 0 0 1 1 1 1|1 0 1 1 1 1 0 0 1 1 1 0 1 1 1 1|1 1 0 1 1 1 0 0 0 0 0 0 1 0 0 1|0 1 0 0 1 0 1 0 0 0 0 0 1 0 1 1|1 0 0 0 1 1 1 0 0 0 0 0 1 1 1 1|0 0 1 1 0 0 1 0 0 0 0 1 1 1 1 0|0 0 1 0 1 0 0 0 0 0 1 0 1 0 1 1|0 1 0 0 1 1 1 1 1 1 1 1 0 1 1 1|1 0 1 0 1 1 1 0 0 1 1 0 1 0 1 1|0 1 0 1 1 1 1 0 1 1 1 1 1 1 0 1|1 1 1 0 1 1 1 1 1 1 0 1 1 1 1 0"
340,"ID35-16.84.1:",16,9,80287,"2, 3, 4, 5, 7, 9, 11, 14, 15, 16","1->1, 2->3, 3->2, 4->11, 5->14, 6->6, 7->16, 8->8, 9->15, 10->10, 11->7, 12->12, 13->13, 14->9, 15->5, 16->4","1-5, 1-7, 1-10, 1-14, 1-16, 2-6, 2-8, 2-9, 2-15, 2-16, 3-7, 3-11, 3-12, 3-16, 4-7, 4-11, 4-15, 5-9, 5-10, 5-15, 5-16, 6-8, 6-13, 6-15, 6-16, 7-11, 7-14, 7-15, 7-16, 8-13, 8-16, 9-15, 9-16, 10-14, 10-15, 11-12, 11-15, 12-15, 12-16, 13-16, 14-15, 15-16","1-4, 1-9, 1-10, 1-14, 1-16, 2-4, 2-7, 2-12, 2-16, 3-4, 3-5, 3-6, 3-8, 3-15, 4-5, 4-6, 4-8, 4-12, 4-13, 4-14, 4-15, 4-16, 5-6, 5-7, 5-9, 5-10, 5-11, 5-12, 5-14, 5-15, 5-16, 6-8, 6-13, 7-11, 7-12, 7-16, 8-13, 9-10, 9-16, 10-14, 11-16, 14-15","1-4, 1-5, 1-7, 1-9, 1-10, 1-14, 1-16, 2-4, 2-6, 2-7, 2-8, 2-9, 2-12, 2-15, 2-16, 3-4, 3-5, 3-6, 3-7, 3-8, 3-11, 3-12, 3-15, 3-16, 4-5, 4-6, 4-7, 4-8, 4-11, 4-12, 4-13, 4-14, 4-15, 4-16, 5-6, 5-7, 5-9, 5-10, 5-11, 5-12, 5-14, 5-15, 5-16, 6-8, 6-13, 6-15, 6-16, 7-11, 7-12, 7-14, 7-15, 7-16, 8-13, 8-16, 9-10, 9-15, 9-16, 10-14, 10-15, 11-12, 11-15, 11-16, 12-15, 12-16, 13-16, 14-15, 15-16",4,4,8,"0 0 0 0 1 0 1 0 0 1 0 0 0 1 0 1|0 0 0 0 0 1 0 1 1 0 0 0 0 0 1 1|0 0 0 0 0 0 1 0 0 0 1 1 0 0 0 1|0 0 0 0 0 0 1 0 0 0 1 0 0 0 1 0|1 0 0 0 0 0 0 0 1 1 0 0 0 0 1 1|0 1 0 0 0 0 0 1 0 0 0 0 1 0 1 1|1 0 1 1 0 0 0 0 0 0 1 0 0 1 1 1|0 1 0 0 0 1 0 0 0 0 0 0 1 0 0 1|0 1 0 0 1 0 0 0 0 0 0 0 0 0 1 1|1 0 0 0 1 0 0 0 0 0 0 0 0 1 1 0|0 0 1 1 0 0 1 0 0 0 0 1 0 0 1 0|0 0 1 0 0 0 0 0 0 0 1 0 0 0 1 1|0 0 0 0 0 1 0 1 0 0 0 0 0 0 0 1|1 0 0 0 0 0 1 0 0 1 0 0 0 0 1 0|0 1 0 1 1 1 1 0 1 1 1 1 0 1 0 1|1 1 1 0 1 1 1 1 1 0 0 1 1 0 1 0","0 0 0 1 0 0 0 0 1 1 0 0 0 1 0 1|0 0 0 1 0 0 1 0 0 0 0 1 0 0 0 1|0 0 0 1 1 1 0 1 0 0 0 0 0 0 1 0|1 1 1 0 1 1 0 1 0 0 0 1 1 1 1 1|0 0 1 1 0 1 1 0 1 1 1 1 0 1 1 1|0 0 1 1 1 0 0 1 0 0 0 0 1 0 0 0|0 1 0 0 1 0 0 0 0 0 1 1 0 0 0 1|0 0 1 1 0 1 0 0 0 0 0 0 1 0 0 0|1 0 0 0 1 0 0 0 0 1 0 0 0 0 0 1|1 0 0 0 1 0 0 0 1 0 0 0 0 1 0 0|0 0 0 0 1 0 1 0 0 0 0 0 0 0 0 1|0 1 0 1 1 0 1 0 0 0 0 0 0 0 0 0|0 0 0 1 0 1 0 1 0 0 0 0 0 0 0 0|1 0 0 1 1 0 0 0 0 1 0 0 0 0 1 0|0 0 1 1 1 0 0 0 0 0 0 0 0 1 0 0|1 1 0 1 1 0 1 0 1 0 1 0 0 0 0 0","0 0 0 1 1 0 1 0 1 1 0 0 0 1 0 1|0 0 0 1 0 1 1 1 1 0 0 1 0 0 1 1|0 0 0 1 1 1 1 1 0 0 1 1 0 0 1 1|1 1 1 0 1 1 1 1 0 0 1 1 1 1 1 1|1 0 1 1 0 1 1 0 1 1 1 1 0 1 1 1|0 1 1 1 1 0 0 1 0 0 0 0 1 0 1 1|1 1 1 1 1 0 0 0 0 0 1 1 0 1 1 1|0 1 1 1 0 1 0 0 0 0 0 0 1 0 0 1|1 1 0 0 1 0 0 0 0 1 0 0 0 0 1 1|1 0 0 0 1 0 0 0 1 0 0 0 0 1 1 0|0 0 1 1 1 0 1 0 0 0 0 1 0 0 1 1|0 1 1 1 1 0 1 0 0 0 1 0 0 0 1 1|0 0 0 1 0 1 0 1 0 0 0 0 0 0 0 1|1 0 0 1 1 0 1 0 0 1 0 0 0 0 1 0|0 1 1 1 1 1 1 0 1 1 1 1 0 1 0 1|1 1 1 1 1 1 1 1 1 0 1 1 1 0 1 0"
341,"ID35-16.84.1:",16,10,84640,"2, 3, 6, 7, 8, 9, 10, 12, 15, 16","1->1, 2->9, 3->10, 4->4, 5->5, 6->7, 7->16, 8->3, 9->6, 10->2, 11->11, 12->15, 13->13, 14->14, 15->12, 16->8","1-5, 1-7, 1-10, 1-14, 1-16, 2-6, 2-8, 2-9, 2-15, 2-16, 3-7, 3-11, 3-12, 3-16, 4-7, 4-11, 4-15, 5-9, 5-10, 5-15, 5-16, 6-8, 6-13, 6-15, 6-16, 7-11, 7-14, 7-15, 7-16, 8-13, 8-16, 9-15, 9-16, 10-14, 10-15, 11-12, 11-15, 12-15, 12-16, 13-16, 14-15, 15-16","1-2, 1-5, 1-8, 1-14, 1-16, 2-5, 2-12, 2-14, 3-7, 3-8, 3-9, 3-13, 4-11, 4-12, 4-16, 5-6, 5-8, 5-12, 6-8, 6-9, 6-12, 7-8, 7-9, 7-12, 7-13, 8-9, 8-10, 8-12, 8-13, 8-15, 8-16, 9-12, 10-11, 10-15, 10-16, 11-12, 11-15, 11-16, 12-14, 12-15, 12-16, 14-16","1-2, 1-5, 1-7, 1-8, 1-10, 1-14, 1-16, 2-5, 2-6, 2-8, 2-9, 2-12, 2-14, 2-15, 2-16, 3-7, 3-8, 3-9, 3-11, 3-12, 3-13, 3-16, 4-7, 4-11, 4-12, 4-15, 4-16, 5-6, 5-8, 5-9, 5-10, 5-12, 5-15, 5-16, 6-8, 6-9, 6-12, 6-13, 6-15, 6-16, 7-8, 7-9, 7-11, 7-12, 7-13, 7-14, 7-15, 7-16, 8-9, 8-10, 8-12, 8-13, 8-15, 8-16, 9-12, 9-15, 9-16, 10-11, 10-14, 10-15, 10-16, 11-12, 11-15, 11-16, 12-14, 12-15, 12-16, 13-16, 14-15, 14-16, 15-16",4,4,8,"0 0 0 0 1 0 1 0 0 1 0 0 0 1 0 1|0 0 0 0 0 1 0 1 1 0 0 0 0 0 1 1|0 0 0 0 0 0 1 0 0 0 1 1 0 0 0 1|0 0 0 0 0 0 1 0 0 0 1 0 0 0 1 0|1 0 0 0 0 0 0 0 1 1 0 0 0 0 1 1|0 1 0 0 0 0 0 1 0 0 0 0 1 0 1 1|1 0 1 1 0 0 0 0 0 0 1 0 0 1 1 1|0 1 0 0 0 1 0 0 0 0 0 0 1 0 0 1|0 1 0 0 1 0 0 0 0 0 0 0 0 0 1 1|1 0 0 0 1 0 0 0 0 0 0 0 0 1 1 0|0 0 1 1 0 0 1 0 0 0 0 1 0 0 1 0|0 0 1 0 0 0 0 0 0 0 1 0 0 0 1 1|0 0 0 0 0 1 0 1 0 0 0 0 0 0 0 1|1 0 0 0 0 0 1 0 0 1 0 0 0 0 1 0|0 1 0 1 1 1 1 0 1 1 1 1 0 1 0 1|1 1 1 0 1 1 1 1 1 0 0 1 1 0 1 0","0 1 0 0 1 0 0 1 0 0 0 0 0 1 0 1|1 0 0 0 1 0 0 0 0 0 0 1 0 1 0 0|0 0 0 0 0 0 1 1 1 0 0 0 1 0 0 0|0 0 0 0 0 0 0 0 0 0 1 1 0 0 0 1|1 1 0 0 0 1 0 1 0 0 0 1 0 0 0 0|0 0 0 0 1 0 0 1 1 0 0 1 0 0 0 0|0 0 1 0 0 0 0 1 1 0 0 1 1 0 0 0|1 0 1 0 1 1 1 0 1 1 0 1 1 0 1 1|0 0 1 0 0 1 1 1 0 0 0 1 0 0 0 0|0 0 0 0 0 0 0 1 0 0 1 0 0 0 1 1|0 0 0 1 0 0 0 0 0 1 0 1 0 0 1 1|0 1 0 1 1 1 1 1 1 0 1 0 0 1 1 1|0 0 1 0 0 0 1 1 0 0 0 0 0 0 0 0|1 1 0 0 0 0 0 0 0 0 0 1 0 0 0 1|0 0 0 0 0 0 0 1 0 1 1 1 0 0 0 0|1 0 0 1 0 0 0 1 0 1 1 1 0 1 0 0","0 1 0 0 1 0 1 1 0 1 0 0 0 1 0 1|1 0 0 0 1 1 0 1 1 0 0 1 0 1 1 1|0 0 0 0 0 0 1 1 1 0 1 1 1 0 0 1|0 0 0 0 0 0 1 0 0 0 1 1 0 0 1 1|1 1 0 0 0 1 0 1 1 1 0 1 0 0 1 1|0 1 0 0 1 0 0 1 1 0 0 1 1 0 1 1|1 0 1 1 0 0 0 1 1 0 1 1 1 1 1 1|1 1 1 0 1 1 1 0 1 1 0 1 1 0 1 1|0 1 1 0 1 1 1 1 0 0 0 1 0 0 1 1|1 0 0 0 1 0 0 1 0 0 1 0 0 1 1 1|0 0 1 1 0 0 1 0 0 1 0 1 0 0 1 1|0 1 1 1 1 1 1 1 1 0 1 0 0 1 1 1|0 0 1 0 0 1 1 1 0 0 0 0 0 0 0 1|1 1 0 0 0 0 1 0 0 1 0 1 0 0 1 1|0 1 0 1 1 1 1 1 1 1 1 1 0 1 0 1|1 1 1 1 1 1 1 1 1 1 1 1 1 1 1 0"
342,"ID36-16.84.2:",16,1,1086,"2, 5, 7, 8, 10, 11, 12, 13, 14, 15","1->1, 2->14, 3->3, 4->4, 5->15, 6->6, 7->10, 8->12, 9->9, 10->8, 11->13, 12->5, 13->7, 14->11, 15->2, 16->16","1-6, 1-10, 1-16, 2-10, 2-11, 2-13, 2-15, 2-16, 3-9, 3-13, 3-15, 4-8, 4-12, 4-14, 4-15, 5-7, 5-12, 5-13, 6-10, 6-13, 6-16, 7-8, 7-9, 7-12, 7-13, 7-14, 7-15, 8-14, 8-15, 9-13, 9-15, 10-13, 10-16, 11-15, 11-16, 12-13, 12-14, 12-15, 12-16, 13-15, 13-16, 15-16","1-6, 1-8, 1-16, 2-3, 2-4, 2-5, 2-7, 2-9, 2-10, 2-12, 2-13, 2-14, 2-16, 3-7, 3-9, 4-5, 4-11, 4-12, 5-7, 5-10, 5-11, 5-15, 5-16, 6-7, 6-8, 6-16, 7-8, 7-9, 7-10, 7-14, 7-15, 7-16, 8-14, 8-16, 9-10, 10-11, 10-12, 10-15, 11-12, 13-14, 13-16, 14-16","1-6, 1-8, 1-10, 1-16, 2-3, 2-4, 2-5, 2-7, 2-9, 2-10, 2-11, 2-12, 2-13, 2-14, 2-15, 2-16, 3-7, 3-9, 3-13, 3-15, 4-5, 4-8, 4-11, 4-12, 4-14, 4-15, 5-7, 5-10, 5-11, 5-12, 5-13, 5-15, 5-16, 6-7, 6-8, 6-10, 6-13, 6-16, 7-8, 7-9, 7-10, 7-12, 7-13, 7-14, 7-15, 7-16, 8-14, 8-15, 8-16, 9-10, 9-13, 9-15, 10-11, 10-12, 10-13, 10-15, 10-16, 11-12, 11-15, 11-16, 12-13, 12-14, 12-15, 12-16, 13-14, 13-15, 13-16, 14-16, 15-16",4,4,8,"0 0 0 0 0 1 0 0 0 1 0 0 0 0 0 1|0 0 0 0 0 0 0 0 0 1 1 0 1 0 1 1|0 0 0 0 0 0 0 0 1 0 0 0 1 0 1 0|0 0 0 0 0 0 0 1 0 0 0 1 0 1 1 0|0 0 0 0 0 0 1 0 0 0 0 1 1 0 0 0|1 0 0 0 0 0 0 0 0 1 0 0 1 0 0 1|0 0 0 0 1 0 0 1 1 0 0 1 1 1 1 0|0 0 0 1 0 0 1 0 0 0 0 0 0 1 1 0|0 0 1 0 0 0 1 0 0 0 0 0 1 0 1 0|1 1 0 0 0 1 0 0 0 0 0 0 1 0 0 1|0 1 0 0 0 0 0 0 0 0 0 0 0 0 1 1|0 0 0 1 1 0 1 0 0 0 0 0 1 1 1 1|0 1 1 0 1 1 1 0 1 1 0 1 0 0 1 1|0 0 0 1 0 0 1 1 0 0 0 1 0 0 0 0|0 1 1 1 0 0 1 1 1 0 1 1 1 0 0 1|1 1 0 0 0 1 0 0 0 1 1 1 1 0 1 0","0 0 0 0 0 1 0 1 0 0 0 0 0 0 0 1|0 0 1 1 1 0 1 0 1 1 0 1 1 1 0 1|0 1 0 0 0 0 1 0 1 0 0 0 0 0 0 0|0 1 0 0 1 0 0 0 0 0 1 1 0 0 0 0|0 1 0 1 0 0 1 0 0 1 1 0 0 0 1 1|1 0 0 0 0 0 1 1 0 0 0 0 0 0 0 1|0 1 1 0 1 1 0 1 1 1 0 0 0 1 1 1|1 0 0 0 0 1 1 0 0 0 0 0 0 1 0 1|0 1 1 0 0 0 1 0 0 1 0 0 0 0 0 0|0 1 0 0 1 0 1 0 1 0 1 1 0 0 1 0|0 0 0 1 1 0 0 0 0 1 0 1 0 0 0 0|0 1 0 1 0 0 0 0 0 1 1 0 0 0 0 0|0 1 0 0 0 0 0 0 0 0 0 0 0 1 0 1|0 1 0 0 0 0 1 1 0 0 0 0 1 0 0 1|0 0 0 0 1 0 1 0 0 1 0 0 0 0 0 0|1 1 0 0 1 1 1 1 0 0 0 0 1 1 0 0","0 0 0 0 0 1 0 1 0 1 0 0 0 0 0 1|0 0 1 1 1 0 1 0 1 1 1 1 1 1 1 1|0 1 0 0 0 0 1 0 1 0 0 0 1 0 1 0|0 1 0 0 1 0 0 1 0 0 1 1 0 1 1 0|0 1 0 1 0 0 1 0 0 1 1 1 1 0 1 1|1 0 0 0 0 0 1 1 0 1 0 0 1 0 0 1|0 1 1 0 1 1 0 1 1 1 0 1 1 1 1 1|1 0 0 1 0 1 1 0 0 0 0 0 0 1 1 1|0 1 1 0 0 0 1 0 0 1 0 0 1 0 1 0|1 1 0 0 1 1 1 0 1 0 1 1 1 0 1 1|0 1 0 1 1 0 0 0 0 1 0 1 0 0 1 1|0 1 0 1 1 0 1 0 0 1 1 0 1 1 1 1|0 1 1 0 1 1 1 0 1 1 0 1 0 1 1 1|0 1 0 1 0 0 1 1 0 0 0 1 1 0 0 1|0 1 1 1 1 0 1 1 1 1 1 1 1 0 0 1|1 1 0 0 1 1 1 1 0 1 1 1 1 1 1 0"
343,"ID36-16.84.2:",16,2,1106,"1, 2, 5, 6, 7, 9, 10, 11, 13, 16","1->11, 2->1, 3->3, 4->4, 5->16, 6->7, 7->5, 8->8, 9->10, 10->2, 11->13, 12->12, 13->9, 14->14, 15->15, 16->6","1-6, 1-10, 1-16, 2-10, 2-11, 2-13, 2-15, 2-16, 3-9, 3-13, 3-15, 4-8, 4-12, 4-14, 4-15, 5-7, 5-12, 5-13, 6-10, 6-13, 6-16, 7-8, 7-9, 7-12, 7-13, 7-14, 7-15, 8-14, 8-15, 9-13, 9-15, 10-13, 10-16, 11-15, 11-16, 12-13, 12-14, 12-15, 12-16, 13-15, 13-16, 15-16","1-2, 1-6, 1-9, 1-13, 1-15, 2-6, 2-7, 2-9, 2-11, 3-9, 3-10, 3-15, 4-8, 4-12, 4-14, 4-15, 5-8, 5-9, 5-10, 5-12, 5-14, 5-15, 5-16, 6-7, 6-9, 6-11, 6-12, 6-13, 6-15, 7-9, 7-11, 8-14, 8-15, 9-10, 9-12, 9-15, 9-16, 10-15, 12-14, 12-15, 12-16, 13-15","1-2, 1-6, 1-9, 1-10, 1-13, 1-15, 1-16, 2-6, 2-7, 2-9, 2-10, 2-11, 2-13, 2-15, 2-16, 3-9, 3-10, 3-13, 3-15, 4-8, 4-12, 4-14, 4-15, 5-7, 5-8, 5-9, 5-10, 5-12, 5-13, 5-14, 5-15, 5-16, 6-7, 6-9, 6-10, 6-11, 6-12, 6-13, 6-15, 6-16, 7-8, 7-9, 7-11, 7-12, 7-13, 7-14, 7-15, 8-14, 8-15, 9-10, 9-12, 9-13, 9-15, 9-16, 10-13, 10-15, 10-16, 11-15, 11-16, 12-13, 12-14, 12-15, 12-16, 13-15, 13-16, 15-16",4,4,8,"0 0 0 0 0 1 0 0 0 1 0 0 0 0 0 1|0 0 0 0 0 0 0 0 0 1 1 0 1 0 1 1|0 0 0 0 0 0 0 0 1 0 0 0 1 0 1 0|0 0 0 0 0 0 0 1 0 0 0 1 0 1 1 0|0 0 0 0 0 0 1 0 0 0 0 1 1 0 0 0|1 0 0 0 0 0 0 0 0 1 0 0 1 0 0 1|0 0 0 0 1 0 0 1 1 0 0 1 1 1 1 0|0 0 0 1 0 0 1 0 0 0 0 0 0 1 1 0|0 0 1 0 0 0 1 0 0 0 0 0 1 0 1 0|1 1 0 0 0 1 0 0 0 0 0 0 1 0 0 1|0 1 0 0 0 0 0 0 0 0 0 0 0 0 1 1|0 0 0 1 1 0 1 0 0 0 0 0 1 1 1 1|0 1 1 0 1 1 1 0 1 1 0 1 0 0 1 1|0 0 0 1 0 0 1 1 0 0 0 1 0 0 0 0|0 1 1 1 0 0 1 1 1 0 1 1 1 0 0 1|1 1 0 0 0 1 0 0 0 1 1 1 1 0 1 0","0 1 0 0 0 1 0 0 1 0 0 0 1 0 1 0|1 0 0 0 0 1 1 0 1 0 1 0 0 0 0 0|0 0 0 0 0 0 0 0 1 1 0 0 0 0 1 0|0 0 0 0 0 0 0 1 0 0 0 1 0 1 1 0|0 0 0 0 0 0 0 1 1 1 0 1 0 1 1 1|1 1 0 0 0 0 1 0 1 0 1 1 1 0 1 0|0 1 0 0 0 1 0 0 1 0 1 0 0 0 0 0|0 0 0 1 1 0 0 0 0 0 0 0 0 1 1 0|1 1 1 0 1 1 1 0 0 1 0 1 0 0 1 1|0 0 1 0 1 0 0 0 1 0 0 0 0 0 1 0|0 1 0 0 0 1 1 0 0 0 0 0 0 0 0 0|0 0 0 1 1 1 0 0 1 0 0 0 0 1 1 1|1 0 0 0 0 1 0 0 0 0 0 0 0 0 1 0|0 0 0 1 1 0 0 1 0 0 0 1 0 0 0 0|1 0 1 1 1 1 0 1 1 1 0 1 1 0 0 0|0 0 0 0 1 0 0 0 1 0 0 1 0 0 0 0","0 1 0 0 0 1 0 0 1 1 0 0 1 0 1 1|1 0 0 0 0 1 1 0 1 1 1 0 1 0 1 1|0 0 0 0 0 0 0 0 1 1 0 0 1 0 1 0|0 0 0 0 0 0 0 1 0 0 0 1 0 1 1 0|0 0 0 0 0 0 1 1 1 1 0 1 1 1 1 1|1 1 0 0 0 0 1 0 1 1 1 1 1 0 1 1|0 1 0 0 1 1 0 1 1 0 1 1 1 1 1 0|0 0 0 1 1 0 1 0 0 0 0 0 0 1 1 0|1 1 1 0 1 1 1 0 0 1 0 1 1 0 1 1|1 1 1 0 1 1 0 0 1 0 0 0 1 0 1 1|0 1 0 0 0 1 1 0 0 0 0 0 0 0 1 1|0 0 0 1 1 1 1 0 1 0 0 0 1 1 1 1|1 1 1 0 1 1 1 0 1 1 0 1 0 0 1 1|0 0 0 1 1 0 1 1 0 0 0 1 0 0 0 0|1 1 1 1 1 1 1 1 1 1 1 1 1 0 0 1|1 1 0 0 1 1 0 0 1 1 1 1 1 0 1 0"
344,"ID36-16.84.2:",16,3,2459,"2, 3, 5, 6, 9, 10, 11, 13, 15, 16","1->1, 2->15, 3->9, 4->4, 5->2, 6->16, 7->7, 8->8, 9->13, 10->5, 11->3, 12->12, 13->6, 14->14, 15->11, 16->10","1-6, 1-10, 1-16, 2-10, 2-11, 2-13, 2-15, 2-16, 3-9, 3-13, 3-15, 4-8, 4-12, 4-14, 4-15, 5-7, 5-12, 5-13, 6-10, 6-13, 6-16, 7-8, 7-9, 7-12, 7-13, 7-14, 7-15, 8-14, 8-15, 9-13, 9-15, 10-13, 10-16, 11-15, 11-16, 12-13, 12-14, 12-15, 12-16, 13-15, 13-16, 15-16","1-5, 1-10, 1-16, 2-6, 2-7, 2-12, 3-10, 3-11, 3-15, 4-8, 4-11, 4-12, 4-14, 5-6, 5-10, 5-15, 5-16, 6-7, 6-9, 6-10, 6-11, 6-12, 6-13, 6-15, 6-16, 7-8, 7-11, 7-12, 7-13, 7-14, 8-11, 8-14, 9-11, 9-13, 10-11, 10-12, 10-15, 10-16, 11-12, 11-13, 11-15, 12-14","1-5, 1-6, 1-10, 1-16, 2-6, 2-7, 2-10, 2-11, 2-12, 2-13, 2-15, 2-16, 3-9, 3-10, 3-11, 3-13, 3-15, 4-8, 4-11, 4-12, 4-14, 4-15, 5-6, 5-7, 5-10, 5-12, 5-13, 5-15, 5-16, 6-7, 6-9, 6-10, 6-11, 6-12, 6-13, 6-15, 6-16, 7-8, 7-9, 7-11, 7-12, 7-13, 7-14, 7-15, 8-11, 8-14, 8-15, 9-11, 9-13, 9-15, 10-11, 10-12, 10-13, 10-15, 10-16, 11-12, 11-13, 11-15, 11-16, 12-13, 12-14, 12-15, 12-16, 13-15, 13-16, 15-16",4,4,8,"0 0 0 0 0 1 0 0 0 1 0 0 0 0 0 1|0 0 0 0 0 0 0 0 0 1 1 0 1 0 1 1|0 0 0 0 0 0 0 0 1 0 0 0 1 0 1 0|0 0 0 0 0 0 0 1 0 0 0 1 0 1 1 0|0 0 0 0 0 0 1 0 0 0 0 1 1 0 0 0|1 0 0 0 0 0 0 0 0 1 0 0 1 0 0 1|0 0 0 0 1 0 0 1 1 0 0 1 1 1 1 0|0 0 0 1 0 0 1 0 0 0 0 0 0 1 1 0|0 0 1 0 0 0 1 0 0 0 0 0 1 0 1 0|1 1 0 0 0 1 0 0 0 0 0 0 1 0 0 1|0 1 0 0 0 0 0 0 0 0 0 0 0 0 1 1|0 0 0 1 1 0 1 0 0 0 0 0 1 1 1 1|0 1 1 0 1 1 1 0 1 1 0 1 0 0 1 1|0 0 0 1 0 0 1 1 0 0 0 1 0 0 0 0|0 1 1 1 0 0 1 1 1 0 1 1 1 0 0 1|1 1 0 0 0 1 0 0 0 1 1 1 1 0 1 0","0 0 0 0 1 0 0 0 0 1 0 0 0 0 0 1|0 0 0 0 0 1 1 0 0 0 0 1 0 0 0 0|0 0 0 0 0 0 0 0 0 1 1 0 0 0 1 0|0 0 0 0 0 0 0 1 0 0 1 1 0 1 0 0|1 0 0 0 0 1 0 0 0 1 0 0 0 0 1 1|0 1 0 0 1 0 1 0 1 1 1 1 1 0 1 1|0 1 0 0 0 1 0 1 0 0 1 1 1 1 0 0|0 0 0 1 0 0 1 0 0 0 1 0 0 1 0 0|0 0 0 0 0 1 0 0 0 0 1 0 1 0 0 0|1 0 1 0 1 1 0 0 0 0 1 1 0 0 1 1|0 0 1 1 0 1 1 1 1 1 0 1 1 0 1 0|0 1 0 1 0 1 1 0 0 1 1 0 0 1 0 0|0 0 0 0 0 1 1 0 1 0 1 0 0 0 0 0|0 0 0 1 0 0 1 1 0 0 0 1 0 0 0 0|0 0 1 0 1 1 0 0 0 1 1 0 0 0 0 0|1 0 0 0 1 1 0 0 0 1 0 0 0 0 0 0","0 0 0 0 1 1 0 0 0 1 0 0 0 0 0 1|0 0 0 0 0 1 1 0 0 1 1 1 1 0 1 1|0 0 0 0 0 0 0 0 1 1 1 0 1 0 1 0|0 0 0 0 0 0 0 1 0 0 1 1 0 1 1 0|1 0 0 0 0 1 1 0 0 1 0 1 1 0 1 1|1 1 0 0 1 0 1 0 1 1 1 1 1 0 1 1|0 1 0 0 1 1 0 1 1 0 1 1 1 1 1 0|0 0 0 1 0 0 1 0 0 0 1 0 0 1 1 0|0 0 1 0 0 1 1 0 0 0 1 0 1 0 1 0|1 1 1 0 1 1 0 0 0 0 1 1 1 0 1 1|0 1 1 1 0 1 1 1 1 1 0 1 1 0 1 1|0 1 0 1 1 1 1 0 0 1 1 0 1 1 1 1|0 1 1 0 1 1 1 0 1 1 1 1 0 0 1 1|0 0 0 1 0 0 1 1 0 0 0 1 0 0 0 0|0 1 1 1 1 1 1 1 1 1 1 1 1 0 0 1|1 1 0 0 1 1 0 0 0 1 1 1 1 0 1 0"
345,"ID36-16.84.2:",16,4,3199,"4, 5, 7, 9, 10, 11, 12, 13, 15, 16","1->1, 2->2, 3->3, 4->13, 5->15, 6->6, 7->4, 8->8, 9->10, 10->5, 11->16, 12->11, 13->12, 14->14, 15->7, 16->9","1-6, 1-10, 1-16, 2-10, 2-11, 2-13, 2-15, 2-16, 3-9, 3-13, 3-15, 4-8, 4-12, 4-14, 4-15, 5-7, 5-12, 5-13, 6-10, 6-13, 6-16, 7-8, 7-9, 7-12, 7-13, 7-14, 7-15, 8-14, 8-15, 9-13, 9-15, 10-13, 10-16, 11-15, 11-16, 12-13, 12-14, 12-15, 12-16, 13-15, 13-16, 15-16","1-5, 1-6, 1-9, 2-5, 2-7, 2-9, 2-12, 2-16, 3-7, 3-10, 3-12, 4-7, 4-8, 4-10, 4-11, 4-12, 4-14, 4-15, 5-6, 5-9, 5-12, 6-9, 6-12, 7-8, 7-9, 7-10, 7-11, 7-12, 7-13, 7-16, 8-13, 8-14, 9-11, 9-12, 9-16, 10-12, 11-12, 11-13, 11-14, 11-15, 12-15, 13-14","1-5, 1-6, 1-9, 1-10, 1-16, 2-5, 2-7, 2-9, 2-10, 2-11, 2-12, 2-13, 2-15, 2-16, 3-7, 3-9, 3-10, 3-12, 3-13, 3-15, 4-7, 4-8, 4-10, 4-11, 4-12, 4-14, 4-15, 5-6, 5-7, 5-9, 5-12, 5-13, 6-9, 6-10, 6-12, 6-13, 6-16, 7-8, 7-9, 7-10, 7-11, 7-12, 7-13, 7-14, 7-15, 7-16, 8-13, 8-14, 8-15, 9-11, 9-12, 9-13, 9-15, 9-16, 10-12, 10-13, 10-16, 11-12, 11-13, 11-14, 11-15, 11-16, 12-13, 12-14, 12-15, 12-16, 13-14, 13-15, 13-16, 15-16",4,4,8,"0 0 0 0 0 1 0 0 0 1 0 0 0 0 0 1|0 0 0 0 0 0 0 0 0 1 1 0 1 0 1 1|0 0 0 0 0 0 0 0 1 0 0 0 1 0 1 0|0 0 0 0 0 0 0 1 0 0 0 1 0 1 1 0|0 0 0 0 0 0 1 0 0 0 0 1 1 0 0 0|1 0 0 0 0 0 0 0 0 1 0 0 1 0 0 1|0 0 0 0 1 0 0 1 1 0 0 1 1 1 1 0|0 0 0 1 0 0 1 0 0 0 0 0 0 1 1 0|0 0 1 0 0 0 1 0 0 0 0 0 1 0 1 0|1 1 0 0 0 1 0 0 0 0 0 0 1 0 0 1|0 1 0 0 0 0 0 0 0 0 0 0 0 0 1 1|0 0 0 1 1 0 1 0 0 0 0 0 1 1 1 1|0 1 1 0 1 1 1 0 1 1 0 1 0 0 1 1|0 0 0 1 0 0 1 1 0 0 0 1 0 0 0 0|0 1 1 1 0 0 1 1 1 0 1 1 1 0 0 1|1 1 0 0 0 1 0 0 0 1 1 1 1 0 1 0","0 0 0 0 1 1 0 0 1 0 0 0 0 0 0 0|0 0 0 0 1 0 1 0 1 0 0 1 0 0 0 1|0 0 0 0 0 0 1 0 0 1 0 1 0 0 0 0|0 0 0 0 0 0 1 1 0 1 1 1 0 1 1 0|1 1 0 0 0 1 0 0 1 0 0 1 0 0 0 0|1 0 0 0 1 0 0 0 1 0 0 1 0 0 0 0|0 1 1 1 0 0 0 1 1 1 1 1 1 0 0 1|0 0 0 1 0 0 1 0 0 0 0 0 1 1 0 0|1 1 0 0 1 1 1 0 0 0 1 1 0 0 0 1|0 0 1 1 0 0 1 0 0 0 0 1 0 0 0 0|0 0 0 1 0 0 1 0 1 0 0 1 1 1 1 0|0 1 1 1 1 1 1 0 1 1 1 0 0 0 1 0|0 0 0 0 0 0 1 1 0 0 1 0 0 1 0 0|0 0 0 1 0 0 0 1 0 0 1 0 1 0 0 0|0 0 0 1 0 0 0 0 0 0 1 1 0 0 0 0|0 1 0 0 0 0 1 0 1 0 0 0 0 0 0 0","0 0 0 0 1 1 0 0 1 1 0 0 0 0 0 1|0 0 0 0 1 0 1 0 1 1 1 1 1 0 1 1|0 0 0 0 0 0 1 0 1 1 0 1 1 0 1 0|0 0 0 0 0 0 1 1 0 1 1 1 0 1 1 0|1 1 0 0 0 1 1 0 1 0 0 1 1 0 0 0|1 0 0 0 1 0 0 0 1 1 0 1 1 0 0 1|0 1 1 1 1 0 0 1 1 1 1 1 1 1 1 1|0 0 0 1 0 0 1 0 0 0 0 0 1 1 1 0|1 1 1 0 1 1 1 0 0 0 1 1 1 0 1 1|1 1 1 1 0 1 1 0 0 0 0 1 1 0 0 1|0 1 0 1 0 0 1 0 1 0 0 1 1 1 1 1|0 1 1 1 1 1 1 0 1 1 1 0 1 1 1 1|0 1 1 0 1 1 1 1 1 1 1 1 0 1 1 1|0 0 0 1 0 0 1 1 0 0 1 1 1 0 0 0|0 1 1 1 0 0 1 1 1 0 1 1 1 0 0 1|1 1 0 0 0 1 1 0 1 1 1 1 1 0 1 0"
346,"ID36-16.84.2:",16,5,4133,"1, 4, 6, 7, 9, 10, 12, 13, 15, 16","1->15, 2->2, 3->3, 4->9, 5->5, 6->10, 7->1, 8->8, 9->7, 10->12, 11->11, 12->16, 13->4, 14->14, 15->13, 16->6","1-6, 1-10, 1-16, 2-10, 2-11, 2-13, 2-15, 2-16, 3-9, 3-13, 3-15, 4-8, 4-12, 4-14, 4-15, 5-7, 5-12, 5-13, 6-10, 6-13, 6-16, 7-8, 7-9, 7-12, 7-13, 7-14, 7-15, 8-14, 8-15, 9-13, 9-15, 10-13, 10-16, 11-15, 11-16, 12-13, 12-14, 12-15, 12-16, 13-15, 13-16, 15-16","1-4, 1-5, 1-7, 1-8, 1-13, 1-14, 1-16, 2-4, 2-6, 2-11, 2-12, 2-13, 3-4, 3-7, 3-13, 4-5, 4-6, 4-7, 4-10, 4-12, 4-13, 4-16, 5-16, 6-10, 6-11, 6-12, 6-13, 6-15, 6-16, 7-13, 8-9, 8-13, 8-14, 9-13, 9-14, 9-16, 10-12, 10-15, 11-13, 12-15, 13-16, 14-16","1-4, 1-5, 1-6, 1-7, 1-8, 1-10, 1-13, 1-14, 1-16, 2-4, 2-6, 2-10, 2-11, 2-12, 2-13, 2-15, 2-16, 3-4, 3-7, 3-9, 3-13, 3-15, 4-5, 4-6, 4-7, 4-8, 4-10, 4-12, 4-13, 4-14, 4-15, 4-16, 5-7, 5-12, 5-13, 5-16, 6-10, 6-11, 6-12, 6-13, 6-15, 6-16, 7-8, 7-9, 7-12, 7-13, 7-14, 7-15, 8-9, 8-13, 8-14, 8-15, 9-13, 9-14, 9-15, 9-16, 10-12, 10-13, 10-15, 10-16, 11-13, 11-15, 11-16, 12-13, 12-14, 12-15, 12-16, 13-15, 13-16, 14-16, 15-16",4,4,8,"0 0 0 0 0 1 0 0 0 1 0 0 0 0 0 1|0 0 0 0 0 0 0 0 0 1 1 0 1 0 1 1|0 0 0 0 0 0 0 0 1 0 0 0 1 0 1 0|0 0 0 0 0 0 0 1 0 0 0 1 0 1 1 0|0 0 0 0 0 0 1 0 0 0 0 1 1 0 0 0|1 0 0 0 0 0 0 0 0 1 0 0 1 0 0 1|0 0 0 0 1 0 0 1 1 0 0 1 1 1 1 0|0 0 0 1 0 0 1 0 0 0 0 0 0 1 1 0|0 0 1 0 0 0 1 0 0 0 0 0 1 0 1 0|1 1 0 0 0 1 0 0 0 0 0 0 1 0 0 1|0 1 0 0 0 0 0 0 0 0 0 0 0 0 1 1|0 0 0 1 1 0 1 0 0 0 0 0 1 1 1 1|0 1 1 0 1 1 1 0 1 1 0 1 0 0 1 1|0 0 0 1 0 0 1 1 0 0 0 1 0 0 0 0|0 1 1 1 0 0 1 1 1 0 1 1 1 0 0 1|1 1 0 0 0 1 0 0 0 1 1 1 1 0 1 0","0 0 0 1 1 0 1 1 0 0 0 0 1 1 0 1|0 0 0 1 0 1 0 0 0 0 1 1 1 0 0 0|0 0 0 1 0 0 1 0 0 0 0 0 1 0 0 0|1 1 1 0 1 1 1 0 0 1 0 1 1 0 0 1|1 0 0 1 0 0 0 0 0 0 0 0 0 0 0 1|0 1 0 1 0 0 0 0 0 1 1 1 1 0 1 1|1 0 1 1 0 0 0 0 0 0 0 0 1 0 0 0|1 0 0 0 0 0 0 0 1 0 0 0 1 1 0 0|0 0 0 0 0 0 0 1 0 0 0 0 1 1 0 1|0 0 0 1 0 1 0 0 0 0 0 1 0 0 1 0|0 1 0 0 0 1 0 0 0 0 0 0 1 0 0 0|0 1 0 1 0 1 0 0 0 1 0 0 0 0 1 0|1 1 1 1 0 1 1 1 1 0 1 0 0 0 0 1|1 0 0 0 0 0 0 1 1 0 0 0 0 0 0 1|0 0 0 0 0 1 0 0 0 1 0 1 0 0 0 0|1 0 0 1 1 1 0 0 1 0 0 0 1 1 0 0","0 0 0 1 1 1 1 1 0 1 0 0 1 1 0 1|0 0 0 1 0 1 0 0 0 1 1 1 1 0 1 1|0 0 0 1 0 0 1 0 1 0 0 0 1 0 1 0|1 1 1 0 1 1 1 1 0 1 0 1 1 1 1 1|1 0 0 1 0 0 1 0 0 0 0 1 1 0 0 1|1 1 0 1 0 0 0 0 0 1 1 1 1 0 1 1|1 0 1 1 1 0 0 1 1 0 0 1 1 1 1 0|1 0 0 1 0 0 1 0 1 0 0 0 1 1 1 0|0 0 1 0 0 0 1 1 0 0 0 0 1 1 1 1|1 1 0 1 0 1 0 0 0 0 0 1 1 0 1 1|0 1 0 0 0 1 0 0 0 0 0 0 1 0 1 1|0 1 0 1 1 1 1 0 0 1 0 0 1 1 1 1|1 1 1 1 1 1 1 1 1 1 1 1 0 0 1 1|1 0 0 1 0 0 1 1 1 0 0 1 0 0 0 1|0 1 1 1 0 1 1 1 1 1 1 1 1 0 0 1|1 1 0 1 1 1 0 0 1 1 1 1 1 1 1 0"
347,"ID36-16.84.2:",16,6,6205,"4, 5, 6, 7, 8, 11, 12, 13, 15, 16","1->1, 2->2, 3->3, 4->13, 5->6, 6->16, 7->5, 8->15, 9->9, 10->10, 11->4, 12->11, 13->12, 14->14, 15->8, 16->7","1-6, 1-10, 1-16, 2-10, 2-11, 2-13, 2-15, 2-16, 3-9, 3-13, 3-15, 4-8, 4-12, 4-14, 4-15, 5-7, 5-12, 5-13, 6-10, 6-13, 6-16, 7-8, 7-9, 7-12, 7-13, 7-14, 7-15, 8-14, 8-15, 9-13, 9-15, 10-13, 10-16, 11-15, 11-16, 12-13, 12-14, 12-15, 12-16, 13-15, 13-16, 15-16","1-7, 1-10, 1-16, 2-4, 2-7, 2-8, 2-10, 2-12, 3-8, 3-9, 3-12, 4-7, 4-8, 5-6, 5-8, 5-9, 5-11, 5-12, 5-14, 5-15, 6-11, 6-12, 7-8, 7-10, 7-11, 7-12, 7-16, 8-9, 8-11, 8-12, 8-13, 8-15, 9-12, 10-12, 10-16, 11-12, 11-13, 11-14, 12-16, 13-14, 13-15, 14-15","1-6, 1-7, 1-10, 1-16, 2-4, 2-7, 2-8, 2-10, 2-11, 2-12, 2-13, 2-15, 2-16, 3-8, 3-9, 3-12, 3-13, 3-15, 4-7, 4-8, 4-12, 4-14, 4-15, 5-6, 5-7, 5-8, 5-9, 5-11, 5-12, 5-13, 5-14, 5-15, 6-10, 6-11, 6-12, 6-13, 6-16, 7-8, 7-9, 7-10, 7-11, 7-12, 7-13, 7-14, 7-15, 7-16, 8-9, 8-11, 8-12, 8-13, 8-14, 8-15, 9-12, 9-13, 9-15, 10-12, 10-13, 10-16, 11-12, 11-13, 11-14, 11-15, 11-16, 12-13, 12-14, 12-15, 12-16, 13-14, 13-15, 13-16, 14-15, 15-16",4,4,8,"0 0 0 0 0 1 0 0 0 1 0 0 0 0 0 1|0 0 0 0 0 0 0 0 0 1 1 0 1 0 1 1|0 0 0 0 0 0 0 0 1 0 0 0 1 0 1 0|0 0 0 0 0 0 0 1 0 0 0 1 0 1 1 0|0 0 0 0 0 0 1 0 0 0 0 1 1 0 0 0|1 0 0 0 0 0 0 0 0 1 0 0 1 0 0 1|0 0 0 0 1 0 0 1 1 0 0 1 1 1 1 0|0 0 0 1 0 0 1 0 0 0 0 0 0 1 1 0|0 0 1 0 0 0 1 0 0 0 0 0 1 0 1 0|1 1 0 0 0 1 0 0 0 0 0 0 1 0 0 1|0 1 0 0 0 0 0 0 0 0 0 0 0 0 1 1|0 0 0 1 1 0 1 0 0 0 0 0 1 1 1 1|0 1 1 0 1 1 1 0 1 1 0 1 0 0 1 1|0 0 0 1 0 0 1 1 0 0 0 1 0 0 0 0|0 1 1 1 0 0 1 1 1 0 1 1 1 0 0 1|1 1 0 0 0 1 0 0 0 1 1 1 1 0 1 0","0 0 0 0 0 0 1 0 0 1 0 0 0 0 0 1|0 0 0 1 0 0 1 1 0 1 0 1 0 0 0 0|0 0 0 0 0 0 0 1 1 0 0 1 0 0 0 0|0 1 0 0 0 0 1 1 0 0 0 0 0 0 0 0|0 0 0 0 0 1 0 1 1 0 1 1 0 1 1 0|0 0 0 0 1 0 0 0 0 0 1 1 0 0 0 0|1 1 0 1 0 0 0 1 0 1 1 1 0 0 0 1|0 1 1 1 1 0 1 0 1 0 1 1 1 0 1 0|0 0 1 0 1 0 0 1 0 0 0 1 0 0 0 0|1 1 0 0 0 0 1 0 0 0 0 1 0 0 0 1|0 0 0 0 1 1 1 1 0 0 0 1 1 1 0 0|0 1 1 0 1 1 1 1 1 1 1 0 0 0 0 1|0 0 0 0 0 0 0 1 0 0 1 0 0 1 1 0|0 0 0 0 1 0 0 0 0 0 1 0 1 0 1 0|0 0 0 0 1 0 0 1 0 0 0 0 1 1 0 0|1 0 0 0 0 0 1 0 0 1 0 1 0 0 0 0","0 0 0 0 0 1 1 0 0 1 0 0 0 0 0 1|0 0 0 1 0 0 1 1 0 1 1 1 1 0 1 1|0 0 0 0 0 0 0 1 1 0 0 1 1 0 1 0|0 1 0 0 0 0 1 1 0 0 0 1 0 1 1 0|0 0 0 0 0 1 1 1 1 0 1 1 1 1 1 0|1 0 0 0 1 0 0 0 0 1 1 1 1 0 0 1|1 1 0 1 1 0 0 1 1 1 1 1 1 1 1 1|0 1 1 1 1 0 1 0 1 0 1 1 1 1 1 0|0 0 1 0 1 0 1 1 0 0 0 1 1 0 1 0|1 1 0 0 0 1 1 0 0 0 0 1 1 0 0 1|0 1 0 0 1 1 1 1 0 0 0 1 1 1 1 1|0 1 1 1 1 1 1 1 1 1 1 0 1 1 1 1|0 1 1 0 1 1 1 1 1 1 1 1 0 1 1 1|0 0 0 1 1 0 1 1 0 0 1 1 1 0 1 0|0 1 1 1 1 0 1 1 1 0 1 1 1 1 0 1|1 1 0 0 0 1 1 0 0 1 1 1 1 0 1 0"
348,"ID36-16.84.2:",16,7,6383,"2, 3, 5, 6, 9, 10, 12, 13, 15, 16","1->1, 2->13, 3->6, 4->4, 5->9, 6->10, 7->7, 8->8, 9->12, 10->15, 11->11, 12->16, 13->2, 14->14, 15->3, 16->5","1-6, 1-10, 1-16, 2-10, 2-11, 2-13, 2-15, 2-16, 3-9, 3-13, 3-15, 4-8, 4-12, 4-14, 4-15, 5-7, 5-12, 5-13, 6-10, 6-13, 6-16, 7-8, 7-9, 7-12, 7-13, 7-14, 7-15, 8-14, 8-15, 9-13, 9-15, 10-13, 10-16, 11-15, 11-16, 12-13, 12-14, 12-15, 12-16, 13-15, 13-16, 15-16","1-5, 1-10, 1-15, 2-3, 2-5, 2-6, 2-7, 2-9, 2-10, 2-12, 2-13, 2-15, 2-16, 3-4, 3-5, 3-6, 3-7, 3-8, 3-11, 3-12, 3-13, 3-16, 4-8, 4-14, 4-16, 5-10, 5-11, 5-13, 5-15, 5-16, 6-12, 7-8, 7-9, 7-12, 7-14, 7-16, 8-14, 9-16, 10-15, 11-13, 13-15, 14-16","1-5, 1-6, 1-10, 1-15, 1-16, 2-3, 2-5, 2-6, 2-7, 2-9, 2-10, 2-11, 2-12, 2-13, 2-15, 2-16, 3-4, 3-5, 3-6, 3-7, 3-8, 3-9, 3-11, 3-12, 3-13, 3-15, 3-16, 4-8, 4-12, 4-14, 4-15, 4-16, 5-7, 5-10, 5-11, 5-12, 5-13, 5-15, 5-16, 6-10, 6-12, 6-13, 6-16, 7-8, 7-9, 7-12, 7-13, 7-14, 7-15, 7-16, 8-14, 8-15, 9-13, 9-15, 9-16, 10-13, 10-15, 10-16, 11-13, 11-15, 11-16, 12-13, 12-14, 12-15, 12-16, 13-15, 13-16, 14-16, 15-16",4,4,8,"0 0 0 0 0 1 0 0 0 1 0 0 0 0 0 1|0 0 0 0 0 0 0 0 0 1 1 0 1 0 1 1|0 0 0 0 0 0 0 0 1 0 0 0 1 0 1 0|0 0 0 0 0 0 0 1 0 0 0 1 0 1 1 0|0 0 0 0 0 0 1 0 0 0 0 1 1 0 0 0|1 0 0 0 0 0 0 0 0 1 0 0 1 0 0 1|0 0 0 0 1 0 0 1 1 0 0 1 1 1 1 0|0 0 0 1 0 0 1 0 0 0 0 0 0 1 1 0|0 0 1 0 0 0 1 0 0 0 0 0 1 0 1 0|1 1 0 0 0 1 0 0 0 0 0 0 1 0 0 1|0 1 0 0 0 0 0 0 0 0 0 0 0 0 1 1|0 0 0 1 1 0 1 0 0 0 0 0 1 1 1 1|0 1 1 0 1 1 1 0 1 1 0 1 0 0 1 1|0 0 0 1 0 0 1 1 0 0 0 1 0 0 0 0|0 1 1 1 0 0 1 1 1 0 1 1 1 0 0 1|1 1 0 0 0 1 0 0 0 1 1 1 1 0 1 0","0 0 0 0 1 0 0 0 0 1 0 0 0 0 1 0|0 0 1 0 1 1 1 0 1 1 0 1 1 0 1 1|0 1 0 1 1 1 1 1 0 0 1 1 1 0 0 1|0 0 1 0 0 0 0 1 0 0 0 0 0 1 0 1|1 1 1 0 0 0 0 0 0 1 1 0 1 0 1 1|0 1 1 0 0 0 0 0 0 0 0 1 0 0 0 0|0 1 1 0 0 0 0 1 1 0 0 1 0 1 0 1|0 0 1 1 0 0 1 0 0 0 0 0 0 1 0 0|0 1 0 0 0 0 1 0 0 0 0 0 0 0 0 1|1 1 0 0 1 0 0 0 0 0 0 0 0 0 1 0|0 0 1 0 1 0 0 0 0 0 0 0 1 0 0 0|0 1 1 0 0 1 1 0 0 0 0 0 0 0 0 0|0 1 1 0 1 0 0 0 0 0 1 0 0 0 1 0|0 0 0 1 0 0 1 1 0 0 0 0 0 0 0 1|1 1 0 0 1 0 0 0 0 1 0 0 1 0 0 0|0 1 1 1 1 0 1 0 1 0 0 0 0 1 0 0","0 0 0 0 1 1 0 0 0 1 0 0 0 0 1 1|0 0 1 0 1 1 1 0 1 1 1 1 1 0 1 1|0 1 0 1 1 1 1 1 1 0 1 1 1 0 1 1|0 0 1 0 0 0 0 1 0 0 0 1 0 1 1 1|1 1 1 0 0 0 1 0 0 1 1 1 1 0 1 1|1 1 1 0 0 0 0 0 0 1 0 1 1 0 0 1|0 1 1 0 1 0 0 1 1 0 0 1 1 1 1 1|0 0 1 1 0 0 1 0 0 0 0 0 0 1 1 0|0 1 1 0 0 0 1 0 0 0 0 0 1 0 1 1|1 1 0 0 1 1 0 0 0 0 0 0 1 0 1 1|0 1 1 0 1 0 0 0 0 0 0 0 1 0 1 1|0 1 1 1 1 1 1 0 0 0 0 0 1 1 1 1|0 1 1 0 1 1 1 0 1 1 1 1 0 0 1 1|0 0 0 1 0 0 1 1 0 0 0 1 0 0 0 1|1 1 1 1 1 0 1 1 1 1 1 1 1 0 0 1|1 1 1 1 1 1 1 0 1 1 1 1 1 1 1 0"
349,"ID36-16.84.2:",16,8,7615,"1, 3, 5, 7, 8, 9, 10, 13, 15, 16","1->10, 2->2, 3->15, 4->4, 5->13, 6->6, 7->8, 8->3, 9->5, 10->1, 11->11, 12->12, 13->9, 14->14, 15->16, 16->7","1-6, 1-10, 1-16, 2-10, 2-11, 2-13, 2-15, 2-16, 3-9, 3-13, 3-15, 4-8, 4-12, 4-14, 4-15, 5-7, 5-12, 5-13, 6-10, 6-13, 6-16, 7-8, 7-9, 7-12, 7-13, 7-14, 7-15, 8-14, 8-15, 9-13, 9-15, 10-13, 10-16, 11-15, 11-16, 12-13, 12-14, 12-15, 12-16, 13-15, 13-16, 15-16","1-2, 1-6, 1-7, 1-9, 1-10, 2-7, 2-9, 2-11, 2-16, 3-4, 3-8, 3-14, 3-16, 4-12, 4-14, 4-16, 5-8, 5-9, 5-15, 5-16, 6-7, 6-9, 6-10, 7-9, 7-10, 7-11, 7-12, 7-16, 8-9, 8-12, 8-13, 8-14, 8-16, 9-12, 9-13, 9-15, 9-16, 11-16, 12-13, 12-14, 12-16, 15-16","1-2, 1-6, 1-7, 1-9, 1-10, 1-16, 2-7, 2-9, 2-10, 2-11, 2-13, 2-15, 2-16, 3-4, 3-8, 3-9, 3-13, 3-14, 3-15, 3-16, 4-8, 4-12, 4-14, 4-15, 4-16, 5-7, 5-8, 5-9, 5-12, 5-13, 5-15, 5-16, 6-7, 6-9, 6-10, 6-13, 6-16, 7-8, 7-9, 7-10, 7-11, 7-12, 7-13, 7-14, 7-15, 7-16, 8-9, 8-12, 8-13, 8-14, 8-15, 8-16, 9-12, 9-13, 9-15, 9-16, 10-13, 10-16, 11-15, 11-16, 12-13, 12-14, 12-15, 12-16, 13-15, 13-16, 15-16",4,4,8,"0 0 0 0 0 1 0 0 0 1 0 0 0 0 0 1|0 0 0 0 0 0 0 0 0 1 1 0 1 0 1 1|0 0 0 0 0 0 0 0 1 0 0 0 1 0 1 0|0 0 0 0 0 0 0 1 0 0 0 1 0 1 1 0|0 0 0 0 0 0 1 0 0 0 0 1 1 0 0 0|1 0 0 0 0 0 0 0 0 1 0 0 1 0 0 1|0 0 0 0 1 0 0 1 1 0 0 1 1 1 1 0|0 0 0 1 0 0 1 0 0 0 0 0 0 1 1 0|0 0 1 0 0 0 1 0 0 0 0 0 1 0 1 0|1 1 0 0 0 1 0 0 0 0 0 0 1 0 0 1|0 1 0 0 0 0 0 0 0 0 0 0 0 0 1 1|0 0 0 1 1 0 1 0 0 0 0 0 1 1 1 1|0 1 1 0 1 1 1 0 1 1 0 1 0 0 1 1|0 0 0 1 0 0 1 1 0 0 0 1 0 0 0 0|0 1 1 1 0 0 1 1 1 0 1 1 1 0 0 1|1 1 0 0 0 1 0 0 0 1 1 1 1 0 1 0","0 1 0 0 0 1 1 0 1 1 0 0 0 0 0 0|1 0 0 0 0 0 1 0 1 0 1 0 0 0 0 1|0 0 0 1 0 0 0 1 0 0 0 0 0 1 0 1|0 0 1 0 0 0 0 0 0 0 0 1 0 1 0 1|0 0 0 0 0 0 0 1 1 0 0 0 0 0 1 1|1 0 0 0 0 0 1 0 1 1 0 0 0 0 0 0|1 1 0 0 0 1 0 0 1 1 1 1 0 0 0 1|0 0 1 0 1 0 0 0 1 0 0 1 1 1 0 1|1 1 0 0 1 1 1 1 0 0 0 1 1 0 1 1|1 0 0 0 0 1 1 0 0 0 0 0 0 0 0 0|0 1 0 0 0 0 1 0 0 0 0 0 0 0 0 1|0 0 0 1 0 0 1 1 1 0 0 0 1 1 0 1|0 0 0 0 0 0 0 1 1 0 0 1 0 0 0 0|0 0 1 1 0 0 0 1 0 0 0 1 0 0 0 0|0 0 0 0 1 0 0 0 1 0 0 0 0 0 0 1|0 1 1 1 1 0 1 1 1 0 1 1 0 0 1 0","0 1 0 0 0 1 1 0 1 1 0 0 0 0 0 1|1 0 0 0 0 0 1 0 1 1 1 0 1 0 1 1|0 0 0 1 0 0 0 1 1 0 0 0 1 1 1 1|0 0 1 0 0 0 0 1 0 0 0 1 0 1 1 1|0 0 0 0 0 0 1 1 1 0 0 1 1 0 1 1|1 0 0 0 0 0 1 0 1 1 0 0 1 0 0 1|1 1 0 0 1 1 0 1 1 1 1 1 1 1 1 1|0 0 1 1 1 0 1 0 1 0 0 1 1 1 1 1|1 1 1 0 1 1 1 1 0 0 0 1 1 0 1 1|1 1 0 0 0 1 1 0 0 0 0 0 1 0 0 1|0 1 0 0 0 0 1 0 0 0 0 0 0 0 1 1|0 0 0 1 1 0 1 1 1 0 0 0 1 1 1 1|0 1 1 0 1 1 1 1 1 1 0 1 0 0 1 1|0 0 1 1 0 0 1 1 0 0 0 1 0 0 0 0|0 1 1 1 1 0 1 1 1 0 1 1 1 0 0 1|1 1 1 1 1 1 1 1 1 1 1 1 1 0 1 0"
350,"ID36-16.84.2:",16,9,8858,"1, 5, 7, 9, 10, 11, 12, 13, 15, 16","1->9, 2->2, 3->3, 4->4, 5->13, 6->6, 7->10, 8->8, 9->16, 10->15, 11->1, 12->11, 13->5, 14->14, 15->7, 16->12","1-6, 1-10, 1-16, 2-10, 2-11, 2-13, 2-15, 2-16, 3-9, 3-13, 3-15, 4-8, 4-12, 4-14, 4-15, 5-7, 5-12, 5-13, 6-10, 6-13, 6-16, 7-8, 7-9, 7-12, 7-13, 7-14, 7-15, 8-14, 8-15, 9-13, 9-15, 10-13, 10-16, 11-15, 11-16, 12-13, 12-14, 12-15, 12-16, 13-15, 13-16, 15-16","1-2, 1-7, 1-12, 2-5, 2-7, 2-12, 2-15, 3-5, 3-7, 3-16, 4-7, 4-8, 4-11, 4-14, 5-6, 5-7, 5-10, 5-11, 5-12, 5-13, 5-15, 5-16, 6-9, 6-12, 6-15, 7-8, 7-10, 7-11, 7-12, 7-16, 8-10, 8-14, 9-12, 9-15, 10-11, 10-13, 10-14, 10-16, 11-12, 11-13, 11-14, 12-15","1-2, 1-6, 1-7, 1-10, 1-12, 1-16, 2-5, 2-7, 2-10, 2-11, 2-12, 2-13, 2-15, 2-16, 3-5, 3-7, 3-9, 3-13, 3-15, 3-16, 4-7, 4-8, 4-11, 4-12, 4-14, 4-15, 5-6, 5-7, 5-10, 5-11, 5-12, 5-13, 5-15, 5-16, 6-9, 6-10, 6-12, 6-13, 6-15, 6-16, 7-8, 7-9, 7-10, 7-11, 7-12, 7-13, 7-14, 7-15, 7-16, 8-10, 8-14, 8-15, 9-12, 9-13, 9-15, 10-11, 10-13, 10-14, 10-16, 11-12, 11-13, 11-14, 11-15, 11-16, 12-13, 12-14, 12-15, 12-16, 13-15, 13-16, 15-16",4,4,8,"0 0 0 0 0 1 0 0 0 1 0 0 0 0 0 1|0 0 0 0 0 0 0 0 0 1 1 0 1 0 1 1|0 0 0 0 0 0 0 0 1 0 0 0 1 0 1 0|0 0 0 0 0 0 0 1 0 0 0 1 0 1 1 0|0 0 0 0 0 0 1 0 0 0 0 1 1 0 0 0|1 0 0 0 0 0 0 0 0 1 0 0 1 0 0 1|0 0 0 0 1 0 0 1 1 0 0 1 1 1 1 0|0 0 0 1 0 0 1 0 0 0 0 0 0 1 1 0|0 0 1 0 0 0 1 0 0 0 0 0 1 0 1 0|1 1 0 0 0 1 0 0 0 0 0 0 1 0 0 1|0 1 0 0 0 0 0 0 0 0 0 0 0 0 1 1|0 0 0 1 1 0 1 0 0 0 0 0 1 1 1 1|0 1 1 0 1 1 1 0 1 1 0 1 0 0 1 1|0 0 0 1 0 0 1 1 0 0 0 1 0 0 0 0|0 1 1 1 0 0 1 1 1 0 1 1 1 0 0 1|1 1 0 0 0 1 0 0 0 1 1 1 1 0 1 0","0 1 0 0 0 0 1 0 0 0 0 1 0 0 0 0|1 0 0 0 1 0 1 0 0 0 0 1 0 0 1 0|0 0 0 0 1 0 1 0 0 0 0 0 0 0 0 1|0 0 0 0 0 0 1 1 0 0 1 0 0 1 0 0|0 1 1 0 0 1 1 0 0 1 1 1 1 0 1 1|0 0 0 0 1 0 0 0 1 0 0 1 0 0 1 0|1 1 1 1 1 0 0 1 0 1 1 1 0 0 0 1|0 0 0 1 0 0 1 0 0 1 0 0 0 1 0 0|0 0 0 0 0 1 0 0 0 0 0 1 0 0 1 0|0 0 0 0 1 0 1 1 0 0 1 0 1 1 0 1|0 0 0 1 1 0 1 0 0 1 0 1 1 1 0 0|1 1 0 0 1 1 1 0 1 0 1 0 0 0 1 0|0 0 0 0 1 0 0 0 0 1 1 0 0 0 0 0|0 0 0 1 0 0 0 1 0 1 1 0 0 0 0 0|0 1 0 0 1 1 0 0 1 0 0 1 0 0 0 0|0 0 1 0 1 0 1 0 0 1 0 0 0 0 0 0","0 1 0 0 0 1 1 0 0 1 0 1 0 0 0 1|1 0 0 0 1 0 1 0 0 1 1 1 1 0 1 1|0 0 0 0 1 0 1 0 1 0 0 0 1 0 1 1|0 0 0 0 0 0 1 1 0 0 1 1 0 1 1 0|0 1 1 0 0 1 1 0 0 1 1 1 1 0 1 1|1 0 0 0 1 0 0 0 1 1 0 1 1 0 1 1|1 1 1 1 1 0 0 1 1 1 1 1 1 1 1 1|0 0 0 1 0 0 1 0 0 1 0 0 0 1 1 0|0 0 1 0 0 1 1 0 0 0 0 1 1 0 1 0|1 1 0 0 1 1 1 1 0 0 1 0 1 1 0 1|0 1 0 1 1 0 1 0 0 1 0 1 1 1 1 1|1 1 0 1 1 1 1 0 1 0 1 0 1 1 1 1|0 1 1 0 1 1 1 0 1 1 1 1 0 0 1 1|0 0 0 1 0 0 1 1 0 1 1 1 0 0 0 0|0 1 1 1 1 1 1 1 1 0 1 1 1 0 0 1|1 1 1 0 1 1 1 0 0 1 1 1 1 0 1 0"
351,"ID36-16.84.2:",16,10,9030,"3, 4, 7, 8, 10, 11, 12, 14, 15, 16","1->1, 2->2, 3->10, 4->7, 5->5, 6->6, 7->8, 8->11, 9->9, 10->15, 11->16, 12->3, 13->13, 14->12, 15->4, 16->14","1-6, 1-10, 1-16, 2-10, 2-11, 2-13, 2-15, 2-16, 3-9, 3-13, 3-15, 4-8, 4-12, 4-14, 4-15, 5-7, 5-12, 5-13, 6-10, 6-13, 6-16, 7-8, 7-9, 7-12, 7-13, 7-14, 7-15, 8-14, 8-15, 9-13, 9-15, 10-13, 10-16, 11-15, 11-16, 12-13, 12-14, 12-15, 12-16, 13-15, 13-16, 15-16","1-6, 1-14, 1-15, 2-4, 2-13, 2-14, 2-15, 2-16, 3-4, 3-5, 3-7, 3-8, 3-12, 3-13, 3-14, 4-7, 4-8, 4-9, 4-10, 4-11, 4-13, 4-14, 4-16, 5-8, 5-13, 6-13, 6-14, 6-15, 7-11, 7-12, 8-9, 8-11, 8-12, 8-13, 9-10, 9-13, 10-13, 11-12, 13-14, 13-15, 14-15, 14-16","1-6, 1-10, 1-14, 1-15, 1-16, 2-4, 2-10, 2-11, 2-13, 2-14, 2-15, 2-16, 3-4, 3-5, 3-7, 3-8, 3-9, 3-12, 3-13, 3-14, 3-15, 4-7, 4-8, 4-9, 4-10, 4-11, 4-12, 4-13, 4-14, 4-15, 4-16, 5-7, 5-8, 5-12, 5-13, 6-10, 6-13, 6-14, 6-15, 6-16, 7-8, 7-9, 7-11, 7-12, 7-13, 7-14, 7-15, 8-9, 8-11, 8-12, 8-13, 8-14, 8-15, 9-10, 9-13, 9-15, 10-13, 10-16, 11-12, 11-15, 11-16, 12-13, 12-14, 12-15, 12-16, 13-14, 13-15, 13-16, 14-15, 14-16, 15-16",4,4,8,"0 0 0 0 0 1 0 0 0 1 0 0 0 0 0 1|0 0 0 0 0 0 0 0 0 1 1 0 1 0 1 1|0 0 0 0 0 0 0 0 1 0 0 0 1 0 1 0|0 0 0 0 0 0 0 1 0 0 0 1 0 1 1 0|0 0 0 0 0 0 1 0 0 0 0 1 1 0 0 0|1 0 0 0 0 0 0 0 0 1 0 0 1 0 0 1|0 0 0 0 1 0 0 1 1 0 0 1 1 1 1 0|0 0 0 1 0 0 1 0 0 0 0 0 0 1 1 0|0 0 1 0 0 0 1 0 0 0 0 0 1 0 1 0|1 1 0 0 0 1 0 0 0 0 0 0 1 0 0 1|0 1 0 0 0 0 0 0 0 0 0 0 0 0 1 1|0 0 0 1 1 0 1 0 0 0 0 0 1 1 1 1|0 1 1 0 1 1 1 0 1 1 0 1 0 0 1 1|0 0 0 1 0 0 1 1 0 0 0 1 0 0 0 0|0 1 1 1 0 0 1 1 1 0 1 1 1 0 0 1|1 1 0 0 0 1 0 0 0 1 1 1 1 0 1 0","0 0 0 0 0 1 0 0 0 0 0 0 0 1 1 0|0 0 0 1 0 0 0 0 0 0 0 0 1 1 1 1|0 0 0 1 1 0 1 1 0 0 0 1 1 1 0 0|0 1 1 0 0 0 1 1 1 1 1 0 1 1 0 1|0 0 1 0 0 0 0 1 0 0 0 0 1 0 0 0|1 0 0 0 0 0 0 0 0 0 0 0 1 1 1 0|0 0 1 1 0 0 0 0 0 0 1 1 0 0 0 0|0 0 1 1 1 0 0 0 1 0 1 1 1 0 0 0|0 0 0 1 0 0 0 1 0 1 0 0 1 0 0 0|0 0 0 1 0 0 0 0 1 0 0 0 1 0 0 0|0 0 0 1 0 0 1 1 0 0 0 1 0 0 0 0|0 0 1 0 0 0 1 1 0 0 1 0 0 0 0 0|0 1 1 1 1 1 0 1 1 1 0 0 0 1 1 0|1 1 1 1 0 1 0 0 0 0 0 0 1 0 1 1|1 1 0 0 0 1 0 0 0 0 0 0 1 1 0 0|0 1 0 1 0 0 0 0 0 0 0 0 0 1 0 0","0 0 0 0 0 1 0 0 0 1 0 0 0 1 1 1|0 0 0 1 0 0 0 0 0 1 1 0 1 1 1 1|0 0 0 1 1 0 1 1 1 0 0 1 1 1 1 0|0 1 1 0 0 0 1 1 1 1 1 1 1 1 1 1|0 0 1 0 0 0 1 1 0 0 0 1 1 0 0 0|1 0 0 0 0 0 0 0 0 1 0 0 1 1 1 1|0 0 1 1 1 0 0 1 1 0 1 1 1 1 1 0|0 0 1 1 1 0 1 0 1 0 1 1 1 1 1 0|0 0 1 1 0 0 1 1 0 1 0 0 1 0 1 0|1 1 0 1 0 1 0 0 1 0 0 0 1 0 0 1|0 1 0 1 0 0 1 1 0 0 0 1 0 0 1 1|0 0 1 1 1 0 1 1 0 0 1 0 1 1 1 1|0 1 1 1 1 1 1 1 1 1 0 1 0 1 1 1|1 1 1 1 0 1 1 1 0 0 0 1 1 0 1 1|1 1 1 1 0 1 1 1 1 0 1 1 1 1 0 1|1 1 0 1 0 1 0 0 0 1 1 1 1 1 1 0"
352,"ID37-16.84.3:",16,1,4382,"1, 2, 4, 5, 8, 9, 12, 13, 14, 16","1->16, 2->4, 3->3, 4->13, 5->1, 6->6, 7->7, 8->12, 9->8, 10->10, 11->11, 12->14, 13->2, 14->9, 15->15, 16->5","1-6, 1-9, 1-11, 1-15, 2-6, 2-13, 2-15, 3-7, 3-13, 3-15, 4-9, 4-12, 4-13, 4-16, 5-8, 5-10, 5-12, 5-15, 6-11, 6-13, 6-15, 7-10, 7-13, 7-14, 7-15, 8-10, 8-12, 8-13, 9-11, 9-12, 9-13, 9-15, 10-13, 10-14, 10-15, 11-13, 12-13, 12-15, 12-16, 13-15, 13-16, 14-15","1-10, 1-12, 1-14, 1-15, 2-3, 2-4, 2-5, 2-6, 2-7, 2-8, 2-10, 2-11, 2-12, 2-13, 2-14, 2-15, 3-7, 3-15, 4-6, 4-15, 5-13, 5-14, 6-11, 6-15, 6-16, 7-9, 7-10, 7-15, 8-11, 8-13, 8-14, 8-15, 8-16, 9-10, 9-15, 10-12, 10-15, 11-16, 12-14, 13-14, 14-15, 15-16","1-6, 1-9, 1-10, 1-11, 1-12, 1-14, 1-15, 2-3, 2-4, 2-5, 2-6, 2-7, 2-8, 2-10, 2-11, 2-12, 2-13, 2-14, 2-15, 3-7, 3-13, 3-15, 4-6, 4-9, 4-12, 4-13, 4-15, 4-16, 5-8, 5-10, 5-12, 5-13, 5-14, 5-15, 6-11, 6-13, 6-15, 6-16, 7-9, 7-10, 7-13, 7-14, 7-15, 8-10, 8-11, 8-12, 8-13, 8-14, 8-15, 8-16, 9-10, 9-11, 9-12, 9-13, 9-15, 10-12, 10-13, 10-14, 10-15, 11-13, 11-16, 12-13, 12-14, 12-15, 12-16, 13-14, 13-15, 13-16, 14-15, 15-16",4,4,8,"0 0 0 0 0 1 0 0 1 0 1 0 0 0 1 0|0 0 0 0 0 1 0 0 0 0 0 0 1 0 1 0|0 0 0 0 0 0 1 0 0 0 0 0 1 0 1 0|0 0 0 0 0 0 0 0 1 0 0 1 1 0 0 1|0 0 0 0 0 0 0 1 0 1 0 1 0 0 1 0|1 1 0 0 0 0 0 0 0 0 1 0 1 0 1 0|0 0 1 0 0 0 0 0 0 1 0 0 1 1 1 0|0 0 0 0 1 0 0 0 0 1 0 1 1 0 0 0|1 0 0 1 0 0 0 0 0 0 1 1 1 0 1 0|0 0 0 0 1 0 1 1 0 0 0 0 1 1 1 0|1 0 0 0 0 1 0 0 1 0 0 0 1 0 0 0|0 0 0 1 1 0 0 1 1 0 0 0 1 0 1 1|0 1 1 1 0 1 1 1 1 1 1 1 0 0 1 1|0 0 0 0 0 0 1 0 0 1 0 0 0 0 1 0|1 1 1 0 1 1 1 0 1 1 0 1 1 1 0 0|0 0 0 1 0 0 0 0 0 0 0 1 1 0 0 0","0 0 0 0 0 0 0 0 0 1 0 1 0 1 1 0|0 0 1 1 1 1 1 1 0 1 1 1 1 1 1 0|0 1 0 0 0 0 1 0 0 0 0 0 0 0 1 0|0 1 0 0 0 1 0 0 0 0 0 0 0 0 1 0|0 1 0 0 0 0 0 0 0 0 0 0 1 1 0 0|0 1 0 1 0 0 0 0 0 0 1 0 0 0 1 1|0 1 1 0 0 0 0 0 1 1 0 0 0 0 1 0|0 1 0 0 0 0 0 0 0 0 1 0 1 1 1 1|0 0 0 0 0 0 1 0 0 1 0 0 0 0 1 0|1 1 0 0 0 0 1 0 1 0 0 1 0 0 1 0|0 1 0 0 0 1 0 1 0 0 0 0 0 0 0 1|1 1 0 0 0 0 0 0 0 1 0 0 0 1 0 0|0 1 0 0 1 0 0 1 0 0 0 0 0 1 0 0|1 1 0 0 1 0 0 1 0 0 0 1 1 0 1 0|1 1 1 1 0 1 1 1 1 1 0 0 0 1 0 1|0 0 0 0 0 1 0 1 0 0 1 0 0 0 1 0","0 0 0 0 0 1 0 0 1 1 1 1 0 1 1 0|0 0 1 1 1 1 1 1 0 1 1 1 1 1 1 0|0 1 0 0 0 0 1 0 0 0 0 0 1 0 1 0|0 1 0 0 0 1 0 0 1 0 0 1 1 0 1 1|0 1 0 0 0 0 0 1 0 1 0 1 1 1 1 0|1 1 0 1 0 0 0 0 0 0 1 0 1 0 1 1|0 1 1 0 0 0 0 0 1 1 0 0 1 1 1 0|0 1 0 0 1 0 0 0 0 1 1 1 1 1 1 1|1 0 0 1 0 0 1 0 0 1 1 1 1 0 1 0|1 1 0 0 1 0 1 1 1 0 0 1 1 1 1 0|1 1 0 0 0 1 0 1 1 0 0 0 1 0 0 1|1 1 0 1 1 0 0 1 1 1 0 0 1 1 1 1|0 1 1 1 1 1 1 1 1 1 1 1 0 1 1 1|1 1 0 0 1 0 1 1 0 1 0 1 1 0 1 0|1 1 1 1 1 1 1 1 1 1 0 1 1 1 0 1|0 0 0 1 0 1 0 1 0 0 1 1 1 0 1 0"
353,"ID37-16.84.3:",16,2,5569,"3, 4, 7, 8, 10, 12, 13, 14, 15, 16","1->1, 2->2, 3->14, 4->3, 5->5, 6->6, 7->12, 8->15, 9->9, 10->4, 11->11, 12->16, 13->8, 14->7, 15->10, 16->13","1-6, 1-9, 1-11, 1-15, 2-6, 2-13, 2-15, 3-7, 3-13, 3-15, 4-9, 4-12, 4-13, 4-16, 5-8, 5-10, 5-12, 5-15, 6-11, 6-13, 6-15, 7-10, 7-13, 7-14, 7-15, 8-10, 8-12, 8-13, 9-11, 9-12, 9-13, 9-15, 10-13, 10-14, 10-15, 11-13, 12-13, 12-15, 12-16, 13-15, 13-16, 14-15","1-6, 1-9, 1-10, 1-11, 2-6, 2-8, 2-10, 3-8, 3-9, 3-13, 3-16, 4-5, 4-7, 4-8, 4-10, 4-12, 4-15, 5-10, 5-15, 5-16, 6-8, 6-10, 6-11, 7-10, 7-12, 8-9, 8-10, 8-11, 8-12, 8-13, 8-14, 8-15, 8-16, 9-10, 9-11, 9-16, 10-12, 10-14, 10-16, 12-14, 13-16, 15-16","1-6, 1-9, 1-10, 1-11, 1-15, 2-6, 2-8, 2-10, 2-13, 2-15, 3-7, 3-8, 3-9, 3-13, 3-15, 3-16, 4-5, 4-7, 4-8, 4-9, 4-10, 4-12, 4-13, 4-15, 4-16, 5-8, 5-10, 5-12, 5-15, 5-16, 6-8, 6-10, 6-11, 6-13, 6-15, 7-10, 7-12, 7-13, 7-14, 7-15, 8-9, 8-10, 8-11, 8-12, 8-13, 8-14, 8-15, 8-16, 9-10, 9-11, 9-12, 9-13, 9-15, 9-16, 10-12, 10-13, 10-14, 10-15, 10-16, 11-13, 12-13, 12-14, 12-15, 12-16, 13-15, 13-16, 14-15, 15-16",4,4,8,"0 0 0 0 0 1 0 0 1 0 1 0 0 0 1 0|0 0 0 0 0 1 0 0 0 0 0 0 1 0 1 0|0 0 0 0 0 0 1 0 0 0 0 0 1 0 1 0|0 0 0 0 0 0 0 0 1 0 0 1 1 0 0 1|0 0 0 0 0 0 0 1 0 1 0 1 0 0 1 0|1 1 0 0 0 0 0 0 0 0 1 0 1 0 1 0|0 0 1 0 0 0 0 0 0 1 0 0 1 1 1 0|0 0 0 0 1 0 0 0 0 1 0 1 1 0 0 0|1 0 0 1 0 0 0 0 0 0 1 1 1 0 1 0|0 0 0 0 1 0 1 1 0 0 0 0 1 1 1 0|1 0 0 0 0 1 0 0 1 0 0 0 1 0 0 0|0 0 0 1 1 0 0 1 1 0 0 0 1 0 1 1|0 1 1 1 0 1 1 1 1 1 1 1 0 0 1 1|0 0 0 0 0 0 1 0 0 1 0 0 0 0 1 0|1 1 1 0 1 1 1 0 1 1 0 1 1 1 0 0|0 0 0 1 0 0 0 0 0 0 0 1 1 0 0 0","0 0 0 0 0 1 0 0 1 1 1 0 0 0 0 0|0 0 0 0 0 1 0 1 0 1 0 0 0 0 0 0|0 0 0 0 0 0 0 1 1 0 0 0 1 0 0 1|0 0 0 0 1 0 1 1 0 1 0 1 0 0 1 0|0 0 0 1 0 0 0 0 0 1 0 0 0 0 1 1|1 1 0 0 0 0 0 1 0 1 1 0 0 0 0 0|0 0 0 1 0 0 0 0 0 1 0 1 0 0 0 0|0 1 1 1 0 1 0 0 1 1 1 1 1 1 1 1|1 0 1 0 0 0 0 1 0 1 1 0 0 0 0 1|1 1 0 1 1 1 1 1 1 0 0 1 0 1 0 1|1 0 0 0 0 1 0 1 1 0 0 0 0 0 0 0|0 0 0 1 0 0 1 1 0 1 0 0 0 1 0 0|0 0 1 0 0 0 0 1 0 0 0 0 0 0 0 1|0 0 0 0 0 0 0 1 0 1 0 1 0 0 0 0|0 0 0 1 1 0 0 1 0 0 0 0 0 0 0 1|0 0 1 0 1 0 0 1 1 1 0 0 1 0 1 0","0 0 0 0 0 1 0 0 1 1 1 0 0 0 1 0|0 0 0 0 0 1 0 1 0 1 0 0 1 0 1 0|0 0 0 0 0 0 1 1 1 0 0 0 1 0 1 1|0 0 0 0 1 0 1 1 1 1 0 1 1 0 1 1|0 0 0 1 0 0 0 1 0 1 0 1 0 0 1 1|1 1 0 0 0 0 0 1 0 1 1 0 1 0 1 0|0 0 1 1 0 0 0 0 0 1 0 1 1 1 1 0|0 1 1 1 1 1 0 0 1 1 1 1 1 1 1 1|1 0 1 1 0 0 0 1 0 1 1 1 1 0 1 1|1 1 0 1 1 1 1 1 1 0 0 1 1 1 1 1|1 0 0 0 0 1 0 1 1 0 0 0 1 0 0 0|0 0 0 1 1 0 1 1 1 1 0 0 1 1 1 1|0 1 1 1 0 1 1 1 1 1 1 1 0 0 1 1|0 0 0 0 0 0 1 1 0 1 0 1 0 0 1 0|1 1 1 1 1 1 1 1 1 1 0 1 1 1 0 1|0 0 1 1 1 0 0 1 1 1 0 1 1 0 1 0"
354,"ID37-16.84.3:",16,3,14344,"1, 2, 4, 7, 8, 9, 10, 13, 14, 15","1->9, 2->4, 3->3, 4->10, 5->5, 6->6, 7->13, 8->7, 9->1, 10->8, 11->11, 12->12, 13->2, 14->15, 15->14, 16->16","1-6, 1-9, 1-11, 1-15, 2-6, 2-13, 2-15, 3-7, 3-13, 3-15, 4-9, 4-12, 4-13, 4-16, 5-8, 5-10, 5-12, 5-15, 6-11, 6-13, 6-15, 7-10, 7-13, 7-14, 7-15, 8-10, 8-12, 8-13, 9-11, 9-12, 9-13, 9-15, 10-13, 10-14, 10-15, 11-13, 12-13, 12-15, 12-16, 13-15, 13-16, 14-15","1-2, 1-9, 1-10, 1-11, 1-12, 1-14, 2-3, 2-4, 2-6, 2-7, 2-8, 2-10, 2-11, 2-12, 2-13, 2-14, 2-16, 3-13, 3-14, 4-6, 4-14, 5-7, 5-8, 5-12, 5-14, 6-9, 6-11, 6-14, 7-8, 7-12, 8-13, 8-14, 8-15, 9-11, 9-14, 10-12, 10-16, 12-14, 12-16, 13-14, 13-15, 14-15","1-2, 1-6, 1-9, 1-10, 1-11, 1-12, 1-14, 1-15, 2-3, 2-4, 2-6, 2-7, 2-8, 2-10, 2-11, 2-12, 2-13, 2-14, 2-15, 2-16, 3-7, 3-13, 3-14, 3-15, 4-6, 4-9, 4-12, 4-13, 4-14, 4-16, 5-7, 5-8, 5-10, 5-12, 5-14, 5-15, 6-9, 6-11, 6-13, 6-14, 6-15, 7-8, 7-10, 7-12, 7-13, 7-14, 7-15, 8-10, 8-12, 8-13, 8-14, 8-15, 9-11, 9-12, 9-13, 9-14, 9-15, 10-12, 10-13, 10-14, 10-15, 10-16, 11-13, 12-13, 12-14, 12-15, 12-16, 13-14, 13-15, 13-16, 14-15",4,4,8,"0 0 0 0 0 1 0 0 1 0 1 0 0 0 1 0|0 0 0 0 0 1 0 0 0 0 0 0 1 0 1 0|0 0 0 0 0 0 1 0 0 0 0 0 1 0 1 0|0 0 0 0 0 0 0 0 1 0 0 1 1 0 0 1|0 0 0 0 0 0 0 1 0 1 0 1 0 0 1 0|1 1 0 0 0 0 0 0 0 0 1 0 1 0 1 0|0 0 1 0 0 0 0 0 0 1 0 0 1 1 1 0|0 0 0 0 1 0 0 0 0 1 0 1 1 0 0 0|1 0 0 1 0 0 0 0 0 0 1 1 1 0 1 0|0 0 0 0 1 0 1 1 0 0 0 0 1 1 1 0|1 0 0 0 0 1 0 0 1 0 0 0 1 0 0 0|0 0 0 1 1 0 0 1 1 0 0 0 1 0 1 1|0 1 1 1 0 1 1 1 1 1 1 1 0 0 1 1|0 0 0 0 0 0 1 0 0 1 0 0 0 0 1 0|1 1 1 0 1 1 1 0 1 1 0 1 1 1 0 0|0 0 0 1 0 0 0 0 0 0 0 1 1 0 0 0","0 1 0 0 0 0 0 0 1 1 1 1 0 1 0 0|1 0 1 1 0 1 1 1 0 1 1 1 1 1 0 1|0 1 0 0 0 0 0 0 0 0 0 0 1 1 0 0|0 1 0 0 0 1 0 0 0 0 0 0 0 1 0 0|0 0 0 0 0 0 1 1 0 0 0 1 0 1 0 0|0 1 0 1 0 0 0 0 1 0 1 0 0 1 0 0|0 1 0 0 1 0 0 1 0 0 0 1 0 0 0 0|0 1 0 0 1 0 1 0 0 0 0 0 1 1 1 0|1 0 0 0 0 1 0 0 0 0 1 0 0 1 0 0|1 1 0 0 0 0 0 0 0 0 0 1 0 0 0 1|1 1 0 0 0 1 0 0 1 0 0 0 0 0 0 0|1 1 0 0 1 0 1 0 0 1 0 0 0 1 0 1|0 1 1 0 0 0 0 1 0 0 0 0 0 1 1 0|1 1 1 1 1 1 0 1 1 0 0 1 1 0 1 0|0 0 0 0 0 0 0 1 0 0 0 0 1 1 0 0|0 1 0 0 0 0 0 0 0 1 0 1 0 0 0 0","0 1 0 0 0 1 0 0 1 1 1 1 0 1 1 0|1 0 1 1 0 1 1 1 0 1 1 1 1 1 1 1|0 1 0 0 0 0 1 0 0 0 0 0 1 1 1 0|0 1 0 0 0 1 0 0 1 0 0 1 1 1 0 1|0 0 0 0 0 0 1 1 0 1 0 1 0 1 1 0|1 1 0 1 0 0 0 0 1 0 1 0 1 1 1 0|0 1 1 0 1 0 0 1 0 1 0 1 1 1 1 0|0 1 0 0 1 0 1 0 0 1 0 1 1 1 1 0|1 0 0 1 0 1 0 0 0 0 1 1 1 1 1 0|1 1 0 0 1 0 1 1 0 0 0 1 1 1 1 1|1 1 0 0 0 1 0 0 1 0 0 0 1 0 0 0|1 1 0 1 1 0 1 1 1 1 0 0 1 1 1 1|0 1 1 1 0 1 1 1 1 1 1 1 0 1 1 1|1 1 1 1 1 1 1 1 1 1 0 1 1 0 1 0|1 1 1 0 1 1 1 1 1 1 0 1 1 1 0 0|0 1 0 1 0 0 0 0 0 1 0 1 1 0 0 0"
355,"ID37-16.84.3:",16,4,17388,"4, 6, 8, 9, 10, 11, 12, 13, 15, 16","1->1, 2->2, 3->3, 4->6, 5->5, 6->11, 7->7, 8->9, 9->15, 10->13, 11->12, 12->16, 13->8, 14->14, 15->4, 16->10","1-6, 1-9, 1-11, 1-15, 2-6, 2-13, 2-15, 3-7, 3-13, 3-15, 4-9, 4-12, 4-13, 4-16, 5-8, 5-10, 5-12, 5-15, 6-11, 6-13, 6-15, 7-10, 7-13, 7-14, 7-15, 8-10, 8-12, 8-13, 9-11, 9-12, 9-13, 9-15, 10-13, 10-14, 10-15, 11-13, 12-13, 12-15, 12-16, 13-15, 13-16, 14-15","1-4, 1-11, 1-12, 1-15, 2-4, 2-8, 2-11, 3-4, 3-7, 3-8, 4-5, 4-7, 4-8, 4-11, 4-13, 4-14, 4-15, 4-16, 5-9, 5-13, 5-16, 6-8, 6-10, 6-15, 6-16, 7-8, 7-13, 7-14, 8-9, 8-10, 8-11, 8-12, 8-13, 8-15, 8-16, 9-13, 9-16, 10-16, 11-12, 12-15, 13-14, 15-16","1-4, 1-6, 1-9, 1-11, 1-12, 1-15, 2-4, 2-6, 2-8, 2-11, 2-13, 2-15, 3-4, 3-7, 3-8, 3-13, 3-15, 4-5, 4-7, 4-8, 4-9, 4-11, 4-12, 4-13, 4-14, 4-15, 4-16, 5-8, 5-9, 5-10, 5-12, 5-13, 5-15, 5-16, 6-8, 6-10, 6-11, 6-13, 6-15, 6-16, 7-8, 7-10, 7-13, 7-14, 7-15, 8-9, 8-10, 8-11, 8-12, 8-13, 8-15, 8-16, 9-11, 9-12, 9-13, 9-15, 9-16, 10-13, 10-14, 10-15, 10-16, 11-12, 11-13, 12-13, 12-15, 12-16, 13-14, 13-15, 13-16, 14-15, 15-16",4,4,8,"0 0 0 0 0 1 0 0 1 0 1 0 0 0 1 0|0 0 0 0 0 1 0 0 0 0 0 0 1 0 1 0|0 0 0 0 0 0 1 0 0 0 0 0 1 0 1 0|0 0 0 0 0 0 0 0 1 0 0 1 1 0 0 1|0 0 0 0 0 0 0 1 0 1 0 1 0 0 1 0|1 1 0 0 0 0 0 0 0 0 1 0 1 0 1 0|0 0 1 0 0 0 0 0 0 1 0 0 1 1 1 0|0 0 0 0 1 0 0 0 0 1 0 1 1 0 0 0|1 0 0 1 0 0 0 0 0 0 1 1 1 0 1 0|0 0 0 0 1 0 1 1 0 0 0 0 1 1 1 0|1 0 0 0 0 1 0 0 1 0 0 0 1 0 0 0|0 0 0 1 1 0 0 1 1 0 0 0 1 0 1 1|0 1 1 1 0 1 1 1 1 1 1 1 0 0 1 1|0 0 0 0 0 0 1 0 0 1 0 0 0 0 1 0|1 1 1 0 1 1 1 0 1 1 0 1 1 1 0 0|0 0 0 1 0 0 0 0 0 0 0 1 1 0 0 0","0 0 0 1 0 0 0 0 0 0 1 1 0 0 1 0|0 0 0 1 0 0 0 1 0 0 1 0 0 0 0 0|0 0 0 1 0 0 1 1 0 0 0 0 0 0 0 0|1 1 1 0 1 0 1 1 0 0 1 0 1 1 1 1|0 0 0 1 0 0 0 0 1 0 0 0 1 0 0 1|0 0 0 0 0 0 0 1 0 1 0 0 0 0 1 1|0 0 1 1 0 0 0 1 0 0 0 0 1 1 0 0|0 1 1 1 0 1 1 0 1 1 1 1 1 0 1 1|0 0 0 0 1 0 0 1 0 0 0 0 1 0 0 1|0 0 0 0 0 1 0 1 0 0 0 0 0 0 0 1|1 1 0 1 0 0 0 1 0 0 0 1 0 0 0 0|1 0 0 0 0 0 0 1 0 0 1 0 0 0 1 0|0 0 0 1 1 0 1 1 1 0 0 0 0 1 0 0|0 0 0 1 0 0 1 0 0 0 0 0 1 0 0 0|1 0 0 1 0 1 0 1 0 0 0 1 0 0 0 1|0 0 0 1 1 1 0 1 1 1 0 0 0 0 1 0","0 0 0 1 0 1 0 0 1 0 1 1 0 0 1 0|0 0 0 1 0 1 0 1 0 0 1 0 1 0 1 0|0 0 0 1 0 0 1 1 0 0 0 0 1 0 1 0|1 1 1 0 1 0 1 1 1 0 1 1 1 1 1 1|0 0 0 1 0 0 0 1 1 1 0 1 1 0 1 1|1 1 0 0 0 0 0 1 0 1 1 0 1 0 1 1|0 0 1 1 0 0 0 1 0 1 0 0 1 1 1 0|0 1 1 1 1 1 1 0 1 1 1 1 1 0 1 1|1 0 0 1 1 0 0 1 0 0 1 1 1 0 1 1|0 0 0 0 1 1 1 1 0 0 0 0 1 1 1 1|1 1 0 1 0 1 0 1 1 0 0 1 1 0 0 0|1 0 0 1 1 0 0 1 1 0 1 0 1 0 1 1|0 1 1 1 1 1 1 1 1 1 1 1 0 1 1 1|0 0 0 1 0 0 1 0 0 1 0 0 1 0 1 0|1 1 1 1 1 1 1 1 1 1 0 1 1 1 0 1|0 0 0 1 1 1 0 1 1 1 0 1 1 0 1 0"
356,"ID37-16.84.3:",16,5,24144,"1, 2, 3, 5, 6, 7, 10, 11, 13, 15","1->7, 2->13, 3->5, 4->4, 5->15, 6->1, 7->10, 8->8, 9->9, 10->2, 11->6, 12->12, 13->3, 14->14, 15->11, 16->16","1-6, 1-9, 1-11, 1-15, 2-6, 2-13, 2-15, 3-7, 3-13, 3-15, 4-9, 4-12, 4-13, 4-16, 5-8, 5-10, 5-12, 5-15, 6-11, 6-13, 6-15, 7-10, 7-13, 7-14, 7-15, 8-10, 8-12, 8-13, 9-11, 9-12, 9-13, 9-15, 10-13, 10-14, 10-15, 11-13, 12-13, 12-15, 12-16, 13-15, 13-16, 14-15","1-3, 1-6, 1-7, 1-11, 1-13, 2-3, 2-8, 2-10, 2-11, 2-14, 2-15, 3-4, 3-5, 3-6, 3-8, 3-9, 3-10, 3-11, 3-12, 3-13, 3-16, 4-9, 4-12, 4-16, 5-10, 5-11, 6-7, 6-9, 7-9, 7-11, 8-12, 8-15, 9-11, 9-12, 10-11, 10-14, 11-12, 11-13, 11-14, 11-15, 12-15, 12-16","1-3, 1-6, 1-7, 1-9, 1-11, 1-13, 1-15, 2-3, 2-6, 2-8, 2-10, 2-11, 2-13, 2-14, 2-15, 3-4, 3-5, 3-6, 3-7, 3-8, 3-9, 3-10, 3-11, 3-12, 3-13, 3-15, 3-16, 4-9, 4-12, 4-13, 4-16, 5-8, 5-10, 5-11, 5-12, 5-15, 6-7, 6-9, 6-11, 6-13, 6-15, 7-9, 7-10, 7-11, 7-13, 7-14, 7-15, 8-10, 8-12, 8-13, 8-15, 9-11, 9-12, 9-13, 9-15, 10-11, 10-13, 10-14, 10-15, 11-12, 11-13, 11-14, 11-15, 12-13, 12-15, 12-16, 13-15, 13-16, 14-15",4,4,8,"0 0 0 0 0 1 0 0 1 0 1 0 0 0 1 0|0 0 0 0 0 1 0 0 0 0 0 0 1 0 1 0|0 0 0 0 0 0 1 0 0 0 0 0 1 0 1 0|0 0 0 0 0 0 0 0 1 0 0 1 1 0 0 1|0 0 0 0 0 0 0 1 0 1 0 1 0 0 1 0|1 1 0 0 0 0 0 0 0 0 1 0 1 0 1 0|0 0 1 0 0 0 0 0 0 1 0 0 1 1 1 0|0 0 0 0 1 0 0 0 0 1 0 1 1 0 0 0|1 0 0 1 0 0 0 0 0 0 1 1 1 0 1 0|0 0 0 0 1 0 1 1 0 0 0 0 1 1 1 0|1 0 0 0 0 1 0 0 1 0 0 0 1 0 0 0|0 0 0 1 1 0 0 1 1 0 0 0 1 0 1 1|0 1 1 1 0 1 1 1 1 1 1 1 0 0 1 1|0 0 0 0 0 0 1 0 0 1 0 0 0 0 1 0|1 1 1 0 1 1 1 0 1 1 0 1 1 1 0 0|0 0 0 1 0 0 0 0 0 0 0 1 1 0 0 0","0 0 1 0 0 1 1 0 0 0 1 0 1 0 0 0|0 0 1 0 0 0 0 1 0 1 1 0 0 1 1 0|1 1 0 1 1 1 0 1 1 1 1 1 1 0 0 1|0 0 1 0 0 0 0 0 1 0 0 1 0 0 0 1|0 0 1 0 0 0 0 0 0 1 1 0 0 0 0 0|1 0 1 0 0 0 1 0 1 0 0 0 0 0 0 0|1 0 0 0 0 1 0 0 1 0 1 0 0 0 0 0|0 1 1 0 0 0 0 0 0 0 0 1 0 0 1 0|0 0 1 1 0 1 1 0 0 0 1 1 0 0 0 0|0 1 1 0 1 0 0 0 0 0 1 0 0 1 0 0|1 1 1 0 1 0 1 0 1 1 0 1 1 1 1 0|0 0 1 1 0 0 0 1 1 0 1 0 0 0 1 1|1 0 1 0 0 0 0 0 0 0 1 0 0 0 0 0|0 1 0 0 0 0 0 0 0 1 1 0 0 0 0 0|0 1 0 0 0 0 0 1 0 0 1 1 0 0 0 0|0 0 1 1 0 0 0 0 0 0 0 1 0 0 0 0","0 0 1 0 0 1 1 0 1 0 1 0 1 0 1 0|0 0 1 0 0 1 0 1 0 1 1 0 1 1 1 0|1 1 0 1 1 1 1 1 1 1 1 1 1 0 1 1|0 0 1 0 0 0 0 0 1 0 0 1 1 0 0 1|0 0 1 0 0 0 0 1 0 1 1 1 0 0 1 0|1 1 1 0 0 0 1 0 1 0 1 0 1 0 1 0|1 0 1 0 0 1 0 0 1 1 1 0 1 1 1 0|0 1 1 0 1 0 0 0 0 1 0 1 1 0 1 0|1 0 1 1 0 1 1 0 0 0 1 1 1 0 1 0|0 1 1 0 1 0 1 1 0 0 1 0 1 1 1 0|1 1 1 0 1 1 1 0 1 1 0 1 1 1 1 0|0 0 1 1 1 0 0 1 1 0 1 0 1 0 1 1|1 1 1 1 0 1 1 1 1 1 1 1 0 0 1 1|0 1 0 0 0 0 1 0 0 1 1 0 0 0 1 0|1 1 1 0 1 1 1 1 1 1 1 1 1 1 0 0|0 0 1 1 0 0 0 0 0 0 0 1 1 0 0 0"
357,"ID37-16.84.3:",16,6,26311,"1, 2, 6, 8, 9, 12, 13, 14, 15, 16","1->12, 2->14, 3->3, 4->4, 5->5, 6->15, 7->7, 8->1, 9->2, 10->10, 11->11, 12->9, 13->16, 14->13, 15->6, 16->8","1-6, 1-9, 1-11, 1-15, 2-6, 2-13, 2-15, 3-7, 3-13, 3-15, 4-9, 4-12, 4-13, 4-16, 5-8, 5-10, 5-12, 5-15, 6-11, 6-13, 6-15, 7-10, 7-13, 7-14, 7-15, 8-10, 8-12, 8-13, 9-11, 9-12, 9-13, 9-15, 10-13, 10-14, 10-15, 11-13, 12-13, 12-15, 12-16, 13-15, 13-16, 14-15","1-5, 1-9, 1-10, 1-16, 2-4, 2-6, 2-9, 2-11, 2-12, 2-16, 3-6, 3-7, 3-16, 4-8, 4-9, 4-16, 5-6, 5-9, 5-10, 6-7, 6-9, 6-10, 6-12, 6-13, 6-14, 6-15, 6-16, 7-10, 7-13, 7-16, 8-9, 8-16, 9-16, 10-13, 10-16, 11-12, 11-15, 11-16, 12-15, 14-15, 14-16, 15-16","1-5, 1-6, 1-9, 1-10, 1-11, 1-15, 1-16, 2-4, 2-6, 2-9, 2-11, 2-12, 2-13, 2-15, 2-16, 3-6, 3-7, 3-13, 3-15, 3-16, 4-8, 4-9, 4-12, 4-13, 4-16, 5-6, 5-8, 5-9, 5-10, 5-12, 5-15, 6-7, 6-9, 6-10, 6-11, 6-12, 6-13, 6-14, 6-15, 6-16, 7-10, 7-13, 7-14, 7-15, 7-16, 8-9, 8-10, 8-12, 8-13, 8-16, 9-11, 9-12, 9-13, 9-15, 9-16, 10-13, 10-14, 10-15, 10-16, 11-12, 11-13, 11-15, 11-16, 12-13, 12-15, 12-16, 13-15, 13-16, 14-15, 14-16, 15-16",4,4,8,"0 0 0 0 0 1 0 0 1 0 1 0 0 0 1 0|0 0 0 0 0 1 0 0 0 0 0 0 1 0 1 0|0 0 0 0 0 0 1 0 0 0 0 0 1 0 1 0|0 0 0 0 0 0 0 0 1 0 0 1 1 0 0 1|0 0 0 0 0 0 0 1 0 1 0 1 0 0 1 0|1 1 0 0 0 0 0 0 0 0 1 0 1 0 1 0|0 0 1 0 0 0 0 0 0 1 0 0 1 1 1 0|0 0 0 0 1 0 0 0 0 1 0 1 1 0 0 0|1 0 0 1 0 0 0 0 0 0 1 1 1 0 1 0|0 0 0 0 1 0 1 1 0 0 0 0 1 1 1 0|1 0 0 0 0 1 0 0 1 0 0 0 1 0 0 0|0 0 0 1 1 0 0 1 1 0 0 0 1 0 1 1|0 1 1 1 0 1 1 1 1 1 1 1 0 0 1 1|0 0 0 0 0 0 1 0 0 1 0 0 0 0 1 0|1 1 1 0 1 1 1 0 1 1 0 1 1 1 0 0|0 0 0 1 0 0 0 0 0 0 0 1 1 0 0 0","0 0 0 0 1 0 0 0 1 1 0 0 0 0 0 1|0 0 0 1 0 1 0 0 1 0 1 1 0 0 0 1|0 0 0 0 0 1 1 0 0 0 0 0 0 0 0 1|0 1 0 0 0 0 0 1 1 0 0 0 0 0 0 1|1 0 0 0 0 1 0 0 1 1 0 0 0 0 0 0|0 1 1 0 1 0 1 0 1 1 0 1 1 1 1 1|0 0 1 0 0 1 0 0 0 1 0 0 1 0 0 1|0 0 0 1 0 0 0 0 1 0 0 0 0 0 0 1|1 1 0 1 1 1 0 1 0 0 0 0 0 0 0 1|1 0 0 0 1 1 1 0 0 0 0 0 1 0 0 1|0 1 0 0 0 0 0 0 0 0 0 1 0 0 1 1|0 1 0 0 0 1 0 0 0 0 1 0 0 0 1 0|0 0 0 0 0 1 1 0 0 1 0 0 0 0 0 0|0 0 0 0 0 1 0 0 0 0 0 0 0 0 1 1|0 0 0 0 0 1 0 0 0 0 1 1 0 1 0 1|1 1 1 1 0 1 1 1 1 1 1 0 0 1 1 0","0 0 0 0 1 1 0 0 1 1 1 0 0 0 1 1|0 0 0 1 0 1 0 0 1 0 1 1 1 0 1 1|0 0 0 0 0 1 1 0 0 0 0 0 1 0 1 1|0 1 0 0 0 0 0 1 1 0 0 1 1 0 0 1|1 0 0 0 0 1 0 1 1 1 0 1 0 0 1 0|1 1 1 0 1 0 1 0 1 1 1 1 1 1 1 1|0 0 1 0 0 1 0 0 0 1 0 0 1 1 1 1|0 0 0 1 1 0 0 0 1 1 0 1 1 0 0 1|1 1 0 1 1 1 0 1 0 0 1 1 1 0 1 1|1 0 0 0 1 1 1 1 0 0 0 0 1 1 1 1|1 1 0 0 0 1 0 0 1 0 0 1 1 0 1 1|0 1 0 1 1 1 0 1 1 0 1 0 1 0 1 1|0 1 1 1 0 1 1 1 1 1 1 1 0 0 1 1|0 0 0 0 0 1 1 0 0 1 0 0 0 0 1 1|1 1 1 0 1 1 1 0 1 1 1 1 1 1 0 1|1 1 1 1 0 1 1 1 1 1 1 1 1 1 1 0"
358,"ID37-16.84.3:",16,7,30684,"1, 2, 4, 8, 9, 10, 11, 12, 13, 15","1->9, 2->15, 3->3, 4->13, 5->5, 6->6, 7->7, 8->2, 9->1, 10->4, 11->12, 12->10, 13->11, 14->14, 15->8, 16->16","1-6, 1-9, 1-11, 1-15, 2-6, 2-13, 2-15, 3-7, 3-13, 3-15, 4-9, 4-12, 4-13, 4-16, 5-8, 5-10, 5-12, 5-15, 6-11, 6-13, 6-15, 7-10, 7-13, 7-14, 7-15, 8-10, 8-12, 8-13, 9-11, 9-12, 9-13, 9-15, 10-13, 10-14, 10-15, 11-13, 12-13, 12-15, 12-16, 13-15, 13-16, 14-15","1-8, 1-9, 1-10, 1-11, 1-12, 1-13, 2-4, 2-5, 2-10, 2-11, 3-7, 3-8, 3-11, 4-5, 4-7, 4-8, 4-11, 4-14, 5-8, 5-10, 6-8, 6-9, 6-11, 6-12, 6-15, 7-8, 7-11, 7-14, 8-9, 8-10, 8-11, 8-14, 8-15, 9-12, 10-11, 10-13, 10-16, 11-12, 11-13, 11-15, 11-16, 13-16","1-6, 1-8, 1-9, 1-10, 1-11, 1-12, 1-13, 1-15, 2-4, 2-5, 2-6, 2-10, 2-11, 2-13, 2-15, 3-7, 3-8, 3-11, 3-13, 3-15, 4-5, 4-7, 4-8, 4-9, 4-11, 4-12, 4-13, 4-14, 4-16, 5-8, 5-10, 5-12, 5-15, 6-8, 6-9, 6-11, 6-12, 6-13, 6-15, 7-8, 7-10, 7-11, 7-13, 7-14, 7-15, 8-9, 8-10, 8-11, 8-12, 8-13, 8-14, 8-15, 9-11, 9-12, 9-13, 9-15, 10-11, 10-13, 10-14, 10-15, 10-16, 11-12, 11-13, 11-15, 11-16, 12-13, 12-15, 12-16, 13-15, 13-16, 14-15",4,4,8,"0 0 0 0 0 1 0 0 1 0 1 0 0 0 1 0|0 0 0 0 0 1 0 0 0 0 0 0 1 0 1 0|0 0 0 0 0 0 1 0 0 0 0 0 1 0 1 0|0 0 0 0 0 0 0 0 1 0 0 1 1 0 0 1|0 0 0 0 0 0 0 1 0 1 0 1 0 0 1 0|1 1 0 0 0 0 0 0 0 0 1 0 1 0 1 0|0 0 1 0 0 0 0 0 0 1 0 0 1 1 1 0|0 0 0 0 1 0 0 0 0 1 0 1 1 0 0 0|1 0 0 1 0 0 0 0 0 0 1 1 1 0 1 0|0 0 0 0 1 0 1 1 0 0 0 0 1 1 1 0|1 0 0 0 0 1 0 0 1 0 0 0 1 0 0 0|0 0 0 1 1 0 0 1 1 0 0 0 1 0 1 1|0 1 1 1 0 1 1 1 1 1 1 1 0 0 1 1|0 0 0 0 0 0 1 0 0 1 0 0 0 0 1 0|1 1 1 0 1 1 1 0 1 1 0 1 1 1 0 0|0 0 0 1 0 0 0 0 0 0 0 1 1 0 0 0","0 0 0 0 0 0 0 1 1 1 1 1 1 0 0 0|0 0 0 1 1 0 0 0 0 1 1 0 0 0 0 0|0 0 0 0 0 0 1 1 0 0 1 0 0 0 0 0|0 1 0 0 1 0 1 1 0 0 1 0 0 1 0 0|0 1 0 1 0 0 0 1 0 1 0 0 0 0 0 0|0 0 0 0 0 0 0 1 1 0 1 1 0 0 1 0|0 0 1 1 0 0 0 1 0 0 1 0 0 1 0 0|1 0 1 1 1 1 1 0 1 1 1 0 0 1 1 0|1 0 0 0 0 1 0 1 0 0 0 1 0 0 0 0|1 1 0 0 1 0 0 1 0 0 1 0 1 0 0 1|1 1 1 1 0 1 1 1 0 1 0 1 1 0 1 1|1 0 0 0 0 1 0 0 1 0 1 0 0 0 0 0|1 0 0 0 0 0 0 0 0 1 1 0 0 0 0 1|0 0 0 1 0 0 1 1 0 0 0 0 0 0 0 0|0 0 0 0 0 1 0 1 0 0 1 0 0 0 0 0|0 0 0 0 0 0 0 0 0 1 1 0 1 0 0 0","0 0 0 0 0 1 0 1 1 1 1 1 1 0 1 0|0 0 0 1 1 1 0 0 0 1 1 0 1 0 1 0|0 0 0 0 0 0 1 1 0 0 1 0 1 0 1 0|0 1 0 0 1 0 1 1 1 0 1 1 1 1 0 1|0 1 0 1 0 0 0 1 0 1 0 1 0 0 1 0|1 1 0 0 0 0 0 1 1 0 1 1 1 0 1 0|0 0 1 1 0 0 0 1 0 1 1 0 1 1 1 0|1 0 1 1 1 1 1 0 1 1 1 1 1 1 1 0|1 0 0 1 0 1 0 1 0 0 1 1 1 0 1 0|1 1 0 0 1 0 1 1 0 0 1 0 1 1 1 1|1 1 1 1 0 1 1 1 1 1 0 1 1 0 1 1|1 0 0 1 1 1 0 1 1 0 1 0 1 0 1 1|1 1 1 1 0 1 1 1 1 1 1 1 0 0 1 1|0 0 0 1 0 0 1 1 0 1 0 0 0 0 1 0|1 1 1 0 1 1 1 1 1 1 1 1 1 1 0 0|0 0 0 1 0 0 0 0 0 1 1 1 1 0 0 0"
359,"ID37-16.84.3:",16,8,31525,"2, 4, 5, 7, 10, 12, 13, 14, 15, 16","1->1, 2->14, 3->3, 4->13, 5->15, 6->6, 7->12, 8->8, 9->9, 10->4, 11->11, 12->16, 13->10, 14->5, 15->7, 16->2","1-6, 1-9, 1-11, 1-15, 2-6, 2-13, 2-15, 3-7, 3-13, 3-15, 4-9, 4-12, 4-13, 4-16, 5-8, 5-10, 5-12, 5-15, 6-11, 6-13, 6-15, 7-10, 7-13, 7-14, 7-15, 8-10, 8-12, 8-13, 9-11, 9-12, 9-13, 9-15, 10-13, 10-14, 10-15, 11-13, 12-13, 12-15, 12-16, 13-15, 13-16, 14-15","1-6, 1-7, 1-9, 1-11, 2-10, 2-13, 2-16, 3-7, 3-10, 3-12, 4-5, 4-7, 4-8, 4-10, 4-12, 4-15, 5-7, 5-12, 6-7, 6-10, 6-11, 6-14, 7-9, 7-10, 7-12, 7-14, 7-15, 7-16, 8-10, 8-15, 8-16, 9-10, 9-11, 9-13, 9-16, 10-11, 10-12, 10-13, 10-14, 10-16, 13-16, 15-16","1-6, 1-7, 1-9, 1-11, 1-15, 2-6, 2-10, 2-13, 2-15, 2-16, 3-7, 3-10, 3-12, 3-13, 3-15, 4-5, 4-7, 4-8, 4-9, 4-10, 4-12, 4-13, 4-15, 4-16, 5-7, 5-8, 5-10, 5-12, 5-15, 6-7, 6-10, 6-11, 6-13, 6-14, 6-15, 7-9, 7-10, 7-12, 7-13, 7-14, 7-15, 7-16, 8-10, 8-12, 8-13, 8-15, 8-16, 9-10, 9-11, 9-12, 9-13, 9-15, 9-16, 10-11, 10-12, 10-13, 10-14, 10-15, 10-16, 11-13, 12-13, 12-15, 12-16, 13-15, 13-16, 14-15, 15-16",4,4,8,"0 0 0 0 0 1 0 0 1 0 1 0 0 0 1 0|0 0 0 0 0 1 0 0 0 0 0 0 1 0 1 0|0 0 0 0 0 0 1 0 0 0 0 0 1 0 1 0|0 0 0 0 0 0 0 0 1 0 0 1 1 0 0 1|0 0 0 0 0 0 0 1 0 1 0 1 0 0 1 0|1 1 0 0 0 0 0 0 0 0 1 0 1 0 1 0|0 0 1 0 0 0 0 0 0 1 0 0 1 1 1 0|0 0 0 0 1 0 0 0 0 1 0 1 1 0 0 0|1 0 0 1 0 0 0 0 0 0 1 1 1 0 1 0|0 0 0 0 1 0 1 1 0 0 0 0 1 1 1 0|1 0 0 0 0 1 0 0 1 0 0 0 1 0 0 0|0 0 0 1 1 0 0 1 1 0 0 0 1 0 1 1|0 1 1 1 0 1 1 1 1 1 1 1 0 0 1 1|0 0 0 0 0 0 1 0 0 1 0 0 0 0 1 0|1 1 1 0 1 1 1 0 1 1 0 1 1 1 0 0|0 0 0 1 0 0 0 0 0 0 0 1 1 0 0 0","0 0 0 0 0 1 1 0 1 0 1 0 0 0 0 0|0 0 0 0 0 0 0 0 0 1 0 0 1 0 0 1|0 0 0 0 0 0 1 0 0 1 0 1 0 0 0 0|0 0 0 0 1 0 1 1 0 1 0 1 0 0 1 0|0 0 0 1 0 0 1 0 0 0 0 1 0 0 0 0|1 0 0 0 0 0 1 0 0 1 1 0 0 1 0 0|1 0 1 1 1 1 0 0 1 1 0 1 0 1 1 1|0 0 0 1 0 0 0 0 0 1 0 0 0 0 1 1|1 0 0 0 0 0 1 0 0 1 1 0 1 0 0 1|0 1 1 1 0 1 1 1 1 0 1 1 1 1 0 1|1 0 0 0 0 1 0 0 1 1 0 0 0 0 0 0|0 0 1 1 1 0 1 0 0 1 0 0 0 0 0 0|0 1 0 0 0 0 0 0 1 1 0 0 0 0 0 1|0 0 0 0 0 1 1 0 0 1 0 0 0 0 0 0|0 0 0 1 0 0 1 1 0 0 0 0 0 0 0 1|0 1 0 0 0 0 1 1 1 1 0 0 1 0 1 0","0 0 0 0 0 1 1 0 1 0 1 0 0 0 1 0|0 0 0 0 0 1 0 0 0 1 0 0 1 0 1 1|0 0 0 0 0 0 1 0 0 1 0 1 1 0 1 0|0 0 0 0 1 0 1 1 1 1 0 1 1 0 1 1|0 0 0 1 0 0 1 1 0 1 0 1 0 0 1 0|1 1 0 0 0 0 1 0 0 1 1 0 1 1 1 0|1 0 1 1 1 1 0 0 1 1 0 1 1 1 1 1|0 0 0 1 1 0 0 0 0 1 0 1 1 0 1 1|1 0 0 1 0 0 1 0 0 1 1 1 1 0 1 1|0 1 1 1 1 1 1 1 1 0 1 1 1 1 1 1|1 0 0 0 0 1 0 0 1 1 0 0 1 0 0 0|0 0 1 1 1 0 1 1 1 1 0 0 1 0 1 1|0 1 1 1 0 1 1 1 1 1 1 1 0 0 1 1|0 0 0 0 0 1 1 0 0 1 0 0 0 0 1 0|1 1 1 1 1 1 1 1 1 1 0 1 1 1 0 1|0 1 0 1 0 0 1 1 1 1 0 1 1 0 1 0"
360,"ID37-16.84.3:",16,9,39222,"1, 5, 6, 7, 8, 9, 10, 12, 13, 15","1->5, 2->2, 3->3, 4->4, 5->15, 6->7, 7->9, 8->12, 9->13, 10->6, 11->11, 12->1, 13->10, 14->14, 15->8, 16->16","1-6, 1-9, 1-11, 1-15, 2-6, 2-13, 2-15, 3-7, 3-13, 3-15, 4-9, 4-12, 4-13, 4-16, 5-8, 5-10, 5-12, 5-15, 6-11, 6-13, 6-15, 7-10, 7-13, 7-14, 7-15, 8-10, 8-12, 8-13, 9-11, 9-12, 9-13, 9-15, 10-13, 10-14, 10-15, 11-13, 12-13, 12-15, 12-16, 13-15, 13-16, 14-15","1-4, 1-8, 1-10, 1-12, 1-13, 1-15, 1-16, 2-7, 2-8, 2-10, 3-8, 3-9, 3-10, 4-10, 4-13, 4-16, 5-7, 5-8, 5-11, 5-13, 6-8, 6-9, 6-10, 6-12, 6-14, 6-15, 7-8, 7-10, 7-11, 8-9, 8-10, 8-13, 8-14, 8-15, 9-10, 9-14, 10-11, 10-12, 10-13, 10-16, 11-13, 12-15","1-4, 1-6, 1-8, 1-9, 1-10, 1-11, 1-12, 1-13, 1-15, 1-16, 2-6, 2-7, 2-8, 2-10, 2-13, 2-15, 3-7, 3-8, 3-9, 3-10, 3-13, 3-15, 4-9, 4-10, 4-12, 4-13, 4-16, 5-7, 5-8, 5-10, 5-11, 5-12, 5-13, 5-15, 6-8, 6-9, 6-10, 6-11, 6-12, 6-13, 6-14, 6-15, 7-8, 7-10, 7-11, 7-13, 7-14, 7-15, 8-9, 8-10, 8-12, 8-13, 8-14, 8-15, 9-10, 9-11, 9-12, 9-13, 9-14, 9-15, 10-11, 10-12, 10-13, 10-14, 10-15, 10-16, 11-13, 12-13, 12-15, 12-16, 13-15, 13-16, 14-15",4,4,8,"0 0 0 0 0 1 0 0 1 0 1 0 0 0 1 0|0 0 0 0 0 1 0 0 0 0 0 0 1 0 1 0|0 0 0 0 0 0 1 0 0 0 0 0 1 0 1 0|0 0 0 0 0 0 0 0 1 0 0 1 1 0 0 1|0 0 0 0 0 0 0 1 0 1 0 1 0 0 1 0|1 1 0 0 0 0 0 0 0 0 1 0 1 0 1 0|0 0 1 0 0 0 0 0 0 1 0 0 1 1 1 0|0 0 0 0 1 0 0 0 0 1 0 1 1 0 0 0|1 0 0 1 0 0 0 0 0 0 1 1 1 0 1 0|0 0 0 0 1 0 1 1 0 0 0 0 1 1 1 0|1 0 0 0 0 1 0 0 1 0 0 0 1 0 0 0|0 0 0 1 1 0 0 1 1 0 0 0 1 0 1 1|0 1 1 1 0 1 1 1 1 1 1 1 0 0 1 1|0 0 0 0 0 0 1 0 0 1 0 0 0 0 1 0|1 1 1 0 1 1 1 0 1 1 0 1 1 1 0 0|0 0 0 1 0 0 0 0 0 0 0 1 1 0 0 0","0 0 0 1 0 0 0 1 0 1 0 1 1 0 1 1|0 0 0 0 0 0 1 1 0 1 0 0 0 0 0 0|0 0 0 0 0 0 0 1 1 1 0 0 0 0 0 0|1 0 0 0 0 0 0 0 0 1 0 0 1 0 0 1|0 0 0 0 0 0 1 1 0 0 1 0 1 0 0 0|0 0 0 0 0 0 0 1 1 1 0 1 0 1 1 0|0 1 0 0 1 0 0 1 0 1 1 0 0 0 0 0|1 1 1 0 1 1 1 0 1 1 0 0 1 1 1 0|0 0 1 0 0 1 0 1 0 1 0 0 0 1 0 0|1 1 1 1 0 1 1 1 1 0 1 1 1 0 0 1|0 0 0 0 1 0 1 0 0 1 0 0 1 0 0 0|1 0 0 0 0 1 0 0 0 1 0 0 0 0 1 0|1 0 0 1 1 0 0 1 0 1 1 0 0 0 0 0|0 0 0 0 0 1 0 1 1 0 0 0 0 0 0 0|1 0 0 0 0 1 0 1 0 0 0 1 0 0 0 0|1 0 0 1 0 0 0 0 0 1 0 0 0 0 0 0","0 0 0 1 0 1 0 1 1 1 1 1 1 0 1 1|0 0 0 0 0 1 1 1 0 1 0 0 1 0 1 0|0 0 0 0 0 0 1 1 1 1 0 0 1 0 1 0|1 0 0 0 0 0 0 0 1 1 0 1 1 0 0 1|0 0 0 0 0 0 1 1 0 1 1 1 1 0 1 0|1 1 0 0 0 0 0 1 1 1 1 1 1 1 1 0|0 1 1 0 1 0 0 1 0 1 1 0 1 1 1 0|1 1 1 0 1 1 1 0 1 1 0 1 1 1 1 0|1 0 1 1 0 1 0 1 0 1 1 1 1 1 1 0|1 1 1 1 1 1 1 1 1 0 1 1 1 1 1 1|1 0 0 0 1 1 1 0 1 1 0 0 1 0 0 0|1 0 0 1 1 1 0 1 1 1 0 0 1 0 1 1|1 1 1 1 1 1 1 1 1 1 1 1 0 0 1 1|0 0 0 0 0 1 1 1 1 1 0 0 0 0 1 0|1 1 1 0 1 1 1 1 1 1 0 1 1 1 0 0|1 0 0 1 0 0 0 0 0 1 0 1 1 0 0 0"
361,"ID37-16.84.3:",16,10,39723,"4, 5, 6, 7, 9, 11, 12, 13, 15, 16","1->1, 2->2, 3->3, 4->7, 5->16, 6->13, 7->9, 8->8, 9->12, 10->10, 11->4, 12->11, 13->6, 14->14, 15->5, 16->15","1-6, 1-9, 1-11, 1-15, 2-6, 2-13, 2-15, 3-7, 3-13, 3-15, 4-9, 4-12, 4-13, 4-16, 5-8, 5-10, 5-12, 5-15, 6-11, 6-13, 6-15, 7-10, 7-13, 7-14, 7-15, 8-10, 8-12, 8-13, 9-11, 9-12, 9-13, 9-15, 10-13, 10-14, 10-15, 11-13, 12-13, 12-15, 12-16, 13-15, 13-16, 14-15","1-4, 1-5, 1-12, 1-13, 2-5, 2-6, 2-13, 3-5, 3-6, 3-9, 4-6, 4-12, 4-13, 5-6, 5-9, 5-10, 5-11, 5-12, 5-13, 5-14, 5-16, 6-7, 6-8, 6-9, 6-10, 6-11, 6-12, 6-13, 6-15, 7-11, 7-12, 7-15, 8-10, 8-11, 8-16, 9-10, 9-14, 10-14, 10-16, 11-12, 11-15, 11-16","1-4, 1-5, 1-6, 1-9, 1-11, 1-12, 1-13, 1-15, 2-5, 2-6, 2-13, 2-15, 3-5, 3-6, 3-7, 3-9, 3-13, 3-15, 4-6, 4-9, 4-12, 4-13, 4-16, 5-6, 5-8, 5-9, 5-10, 5-11, 5-12, 5-13, 5-14, 5-15, 5-16, 6-7, 6-8, 6-9, 6-10, 6-11, 6-12, 6-13, 6-15, 7-10, 7-11, 7-12, 7-13, 7-14, 7-15, 8-10, 8-11, 8-12, 8-13, 8-16, 9-10, 9-11, 9-12, 9-13, 9-14, 9-15, 10-13, 10-14, 10-15, 10-16, 11-12, 11-13, 11-15, 11-16, 12-13, 12-15, 12-16, 13-15, 13-16, 14-15",4,4,8,"0 0 0 0 0 1 0 0 1 0 1 0 0 0 1 0|0 0 0 0 0 1 0 0 0 0 0 0 1 0 1 0|0 0 0 0 0 0 1 0 0 0 0 0 1 0 1 0|0 0 0 0 0 0 0 0 1 0 0 1 1 0 0 1|0 0 0 0 0 0 0 1 0 1 0 1 0 0 1 0|1 1 0 0 0 0 0 0 0 0 1 0 1 0 1 0|0 0 1 0 0 0 0 0 0 1 0 0 1 1 1 0|0 0 0 0 1 0 0 0 0 1 0 1 1 0 0 0|1 0 0 1 0 0 0 0 0 0 1 1 1 0 1 0|0 0 0 0 1 0 1 1 0 0 0 0 1 1 1 0|1 0 0 0 0 1 0 0 1 0 0 0 1 0 0 0|0 0 0 1 1 0 0 1 1 0 0 0 1 0 1 1|0 1 1 1 0 1 1 1 1 1 1 1 0 0 1 1|0 0 0 0 0 0 1 0 0 1 0 0 0 0 1 0|1 1 1 0 1 1 1 0 1 1 0 1 1 1 0 0|0 0 0 1 0 0 0 0 0 0 0 1 1 0 0 0","0 0 0 1 1 0 0 0 0 0 0 1 1 0 0 0|0 0 0 0 1 1 0 0 0 0 0 0 1 0 0 0|0 0 0 0 1 1 0 0 1 0 0 0 0 0 0 0|1 0 0 0 0 1 0 0 0 0 0 1 1 0 0 0|1 1 1 0 0 1 0 0 1 1 1 1 1 1 0 1|0 1 1 1 1 0 1 1 1 1 1 1 1 0 1 0|0 0 0 0 0 1 0 0 0 0 1 1 0 0 1 0|0 0 0 0 0 1 0 0 0 1 1 0 0 0 0 1|0 0 1 0 1 1 0 0 0 1 0 0 0 1 0 0|0 0 0 0 1 1 0 1 1 0 0 0 0 1 0 1|0 0 0 0 1 1 1 1 0 0 0 1 0 0 1 1|1 0 0 1 1 1 1 0 0 0 1 0 0 0 0 0|1 1 0 1 1 1 0 0 0 0 0 0 0 0 0 0|0 0 0 0 1 0 0 0 1 1 0 0 0 0 0 0|0 0 0 0 0 1 1 0 0 0 1 0 0 0 0 0|0 0 0 0 1 0 0 1 0 1 1 0 0 0 0 0","0 0 0 1 1 1 0 0 1 0 1 1 1 0 1 0|0 0 0 0 1 1 0 0 0 0 0 0 1 0 1 0|0 0 0 0 1 1 1 0 1 0 0 0 1 0 1 0|1 0 0 0 0 1 0 0 1 0 0 1 1 0 0 1|1 1 1 0 0 1 0 1 1 1 1 1 1 1 1 1|1 1 1 1 1 0 1 1 1 1 1 1 1 0 1 0|0 0 1 0 0 1 0 0 0 1 1 1 1 1 1 0|0 0 0 0 1 1 0 0 0 1 1 1 1 0 0 1|1 0 1 1 1 1 0 0 0 1 1 1 1 1 1 0|0 0 0 0 1 1 1 1 1 0 0 0 1 1 1 1|1 0 0 0 1 1 1 1 1 0 0 1 1 0 1 1|1 0 0 1 1 1 1 1 1 0 1 0 1 0 1 1|1 1 1 1 1 1 1 1 1 1 1 1 0 0 1 1|0 0 0 0 1 0 1 0 1 1 0 0 0 0 1 0|1 1 1 0 1 1 1 0 1 1 1 1 1 1 0 0|0 0 0 1 1 0 0 1 0 1 1 1 1 0 0 0"
362,"ID38-16.84.4:",16,1,2702,"1, 3, 4, 7, 9, 10, 12, 13, 14, 15","1->12, 2->2, 3->9, 4->14, 5->5, 6->6, 7->3, 8->8, 9->7, 10->1, 11->11, 12->13, 13->10, 14->15, 15->4, 16->16","1-6, 1-9, 1-11, 1-12, 1-13, 1-16, 2-7, 2-13, 2-15, 3-8, 3-10, 3-11, 3-14, 3-15, 4-8, 4-10, 4-12, 4-15, 5-11, 5-12, 5-16, 6-9, 6-13, 7-11, 7-13, 7-15, 8-10, 8-11, 8-12, 8-14, 9-12, 9-13, 9-15, 10-14, 10-15, 11-12, 11-13, 11-15, 11-16, 12-15, 12-16, 13-15","1-4, 1-8, 1-9, 1-14, 1-15, 2-3, 2-4, 2-10, 3-4, 3-10, 3-11, 4-7, 4-9, 4-10, 4-11, 4-13, 4-14, 5-11, 5-13, 5-16, 6-7, 6-10, 6-12, 7-10, 7-12, 7-13, 8-9, 8-11, 8-13, 8-14, 8-15, 9-11, 9-15, 10-11, 10-12, 11-12, 11-13, 11-16, 12-13, 12-16, 13-14, 13-16","1-4, 1-6, 1-8, 1-9, 1-11, 1-12, 1-13, 1-14, 1-15, 1-16, 2-3, 2-4, 2-7, 2-10, 2-13, 2-15, 3-4, 3-8, 3-10, 3-11, 3-14, 3-15, 4-7, 4-8, 4-9, 4-10, 4-11, 4-12, 4-13, 4-14, 4-15, 5-11, 5-12, 5-13, 5-16, 6-7, 6-9, 6-10, 6-12, 6-13, 7-10, 7-11, 7-12, 7-13, 7-15, 8-9, 8-10, 8-11, 8-12, 8-13, 8-14, 8-15, 9-11, 9-12, 9-13, 9-15, 10-11, 10-12, 10-14, 10-15, 11-12, 11-13, 11-15, 11-16, 12-13, 12-15, 12-16, 13-14, 13-15, 13-16",4,4,8,"0 0 0 0 0 1 0 0 1 0 1 1 1 0 0 1|0 0 0 0 0 0 1 0 0 0 0 0 1 0 1 0|0 0 0 0 0 0 0 1 0 1 1 0 0 1 1 0|0 0 0 0 0 0 0 1 0 1 0 1 0 0 1 0|0 0 0 0 0 0 0 0 0 0 1 1 0 0 0 1|1 0 0 0 0 0 0 0 1 0 0 0 1 0 0 0|0 1 0 0 0 0 0 0 0 0 1 0 1 0 1 0|0 0 1 1 0 0 0 0 0 1 1 1 0 1 0 0|1 0 0 0 0 1 0 0 0 0 0 1 1 0 1 0|0 0 1 1 0 0 0 1 0 0 0 0 0 1 1 0|1 0 1 0 1 0 1 1 0 0 0 1 1 0 1 1|1 0 0 1 1 0 0 1 1 0 1 0 0 0 1 1|1 1 0 0 0 1 1 0 1 0 1 0 0 0 1 0|0 0 1 0 0 0 0 1 0 1 0 0 0 0 0 0|0 1 1 1 0 0 1 0 1 1 1 1 1 0 0 0|1 0 0 0 1 0 0 0 0 0 1 1 0 0 0 0","0 0 0 1 0 0 0 1 1 0 0 0 0 1 1 0|0 0 1 1 0 0 0 0 0 1 0 0 0 0 0 0|0 1 0 1 0 0 0 0 0 1 1 0 0 0 0 0|1 1 1 0 0 0 1 0 1 1 1 0 1 1 0 0|0 0 0 0 0 0 0 0 0 0 1 0 1 0 0 1|0 0 0 0 0 0 1 0 0 1 0 1 0 0 0 0|0 0 0 1 0 1 0 0 0 1 0 1 1 0 0 0|1 0 0 0 0 0 0 0 1 0 1 0 1 1 1 0|1 0 0 1 0 0 0 1 0 0 1 0 0 0 1 0|0 1 1 1 0 1 1 0 0 0 1 1 0 0 0 0|0 0 1 1 1 0 0 1 1 1 0 1 1 0 0 1|0 0 0 0 0 1 1 0 0 1 1 0 1 0 0 1|0 0 0 1 1 0 1 1 0 0 1 1 0 1 0 1|1 0 0 1 0 0 0 1 0 0 0 0 1 0 0 0|1 0 0 0 0 0 0 1 1 0 0 0 0 0 0 0|0 0 0 0 1 0 0 0 0 0 1 1 1 0 0 0","0 0 0 1 0 1 0 1 1 0 1 1 1 1 1 1|0 0 1 1 0 0 1 0 0 1 0 0 1 0 1 0|0 1 0 1 0 0 0 1 0 1 1 0 0 1 1 0|1 1 1 0 0 0 1 1 1 1 1 1 1 1 1 0|0 0 0 0 0 0 0 0 0 0 1 1 1 0 0 1|1 0 0 0 0 0 1 0 1 1 0 1 1 0 0 0|0 1 0 1 0 1 0 0 0 1 1 1 1 0 1 0|1 0 1 1 0 0 0 0 1 1 1 1 1 1 1 0|1 0 0 1 0 1 0 1 0 0 1 1 1 0 1 0|0 1 1 1 0 1 1 1 0 0 1 1 0 1 1 0|1 0 1 1 1 0 1 1 1 1 0 1 1 0 1 1|1 0 0 1 1 1 1 1 1 1 1 0 1 0 1 1|1 1 0 1 1 1 1 1 1 0 1 1 0 1 1 1|1 0 1 1 0 0 0 1 0 1 0 0 1 0 0 0|1 1 1 1 0 0 1 1 1 1 1 1 1 0 0 0|1 0 0 0 1 0 0 0 0 0 1 1 1 0 0 0"
363,"ID38-16.84.4:",16,2,9406,"1, 2, 3, 6, 7, 8, 9, 11, 13, 15","1->13, 2->11, 3->6, 4->4, 5->5, 6->15, 7->9, 8->3, 9->8, 10->10, 11->7, 12->12, 13->1, 14->14, 15->2, 16->16","1-6, 1-9, 1-11, 1-12, 1-13, 1-16, 2-7, 2-13, 2-15, 3-8, 3-10, 3-11, 3-14, 3-15, 4-8, 4-10, 4-12, 4-15, 5-11, 5-12, 5-16, 6-9, 6-13, 7-11, 7-13, 7-15, 8-10, 8-11, 8-12, 8-14, 9-12, 9-13, 9-15, 10-14, 10-15, 11-12, 11-13, 11-15, 11-16, 12-15, 12-16, 13-15","1-2, 1-7, 1-8, 1-9, 1-11, 1-13, 1-15, 2-4, 2-6, 2-7, 2-8, 2-9, 2-10, 2-11, 2-12, 3-4, 3-6, 3-7, 3-10, 3-12, 3-14, 4-10, 4-12, 5-7, 5-12, 5-16, 6-7, 6-10, 6-14, 7-9, 7-12, 7-13, 7-16, 8-12, 8-13, 8-15, 9-11, 10-14, 12-13, 12-16, 13-15, 13-16","1-2, 1-6, 1-7, 1-8, 1-9, 1-11, 1-12, 1-13, 1-15, 1-16, 2-4, 2-6, 2-7, 2-8, 2-9, 2-10, 2-11, 2-12, 2-13, 2-15, 3-4, 3-6, 3-7, 3-8, 3-10, 3-11, 3-12, 3-14, 3-15, 4-8, 4-10, 4-12, 4-15, 5-7, 5-11, 5-12, 5-16, 6-7, 6-9, 6-10, 6-13, 6-14, 7-9, 7-11, 7-12, 7-13, 7-15, 7-16, 8-10, 8-11, 8-12, 8-13, 8-14, 8-15, 9-11, 9-12, 9-13, 9-15, 10-14, 10-15, 11-12, 11-13, 11-15, 11-16, 12-13, 12-15, 12-16, 13-15, 13-16",4,4,8,"0 0 0 0 0 1 0 0 1 0 1 1 1 0 0 1|0 0 0 0 0 0 1 0 0 0 0 0 1 0 1 0|0 0 0 0 0 0 0 1 0 1 1 0 0 1 1 0|0 0 0 0 0 0 0 1 0 1 0 1 0 0 1 0|0 0 0 0 0 0 0 0 0 0 1 1 0 0 0 1|1 0 0 0 0 0 0 0 1 0 0 0 1 0 0 0|0 1 0 0 0 0 0 0 0 0 1 0 1 0 1 0|0 0 1 1 0 0 0 0 0 1 1 1 0 1 0 0|1 0 0 0 0 1 0 0 0 0 0 1 1 0 1 0|0 0 1 1 0 0 0 1 0 0 0 0 0 1 1 0|1 0 1 0 1 0 1 1 0 0 0 1 1 0 1 1|1 0 0 1 1 0 0 1 1 0 1 0 0 0 1 1|1 1 0 0 0 1 1 0 1 0 1 0 0 0 1 0|0 0 1 0 0 0 0 1 0 1 0 0 0 0 0 0|0 1 1 1 0 0 1 0 1 1 1 1 1 0 0 0|1 0 0 0 1 0 0 0 0 0 1 1 0 0 0 0","0 1 0 0 0 0 1 1 1 0 1 0 1 0 1 0|1 0 0 1 0 1 1 1 1 1 1 1 0 0 0 0|0 0 0 1 0 1 1 0 0 1 0 1 0 1 0 0|0 1 1 0 0 0 0 0 0 1 0 1 0 0 0 0|0 0 0 0 0 0 1 0 0 0 0 1 0 0 0 1|0 1 1 0 0 0 1 0 0 1 0 0 0 1 0 0|1 1 1 0 1 1 0 0 1 0 0 1 1 0 0 1|1 1 0 0 0 0 0 0 0 0 0 1 1 0 1 0|1 1 0 0 0 0 1 0 0 0 1 0 0 0 0 0|0 1 1 1 0 1 0 0 0 0 0 0 0 1 0 0|1 1 0 0 0 0 0 0 1 0 0 0 0 0 0 0|0 1 1 1 1 0 1 1 0 0 0 0 1 0 0 1|1 0 0 0 0 0 1 1 0 0 0 1 0 0 1 1|0 0 1 0 0 1 0 0 0 1 0 0 0 0 0 0|1 0 0 0 0 0 0 1 0 0 0 0 1 0 0 0|0 0 0 0 1 0 1 0 0 0 0 1 1 0 0 0","0 1 0 0 0 1 1 1 1 0 1 1 1 0 1 1|1 0 0 1 0 1 1 1 1 1 1 1 1 0 1 0|0 0 0 1 0 1 1 1 0 1 1 1 0 1 1 0|0 1 1 0 0 0 0 1 0 1 0 1 0 0 1 0|0 0 0 0 0 0 1 0 0 0 1 1 0 0 0 1|1 1 1 0 0 0 1 0 1 1 0 0 1 1 0 0|1 1 1 0 1 1 0 0 1 0 1 1 1 0 1 1|1 1 1 1 0 0 0 0 0 1 1 1 1 1 1 0|1 1 0 0 0 1 1 0 0 0 1 1 1 0 1 0|0 1 1 1 0 1 0 1 0 0 0 0 0 1 1 0|1 1 1 0 1 0 1 1 1 0 0 1 1 0 1 1|1 1 1 1 1 0 1 1 1 0 1 0 1 0 1 1|1 1 0 0 0 1 1 1 1 0 1 1 0 0 1 1|0 0 1 0 0 1 0 1 0 1 0 0 0 0 0 0|1 1 1 1 0 0 1 1 1 1 1 1 1 0 0 0|1 0 0 0 1 0 1 0 0 0 1 1 1 0 0 0"
364,"ID38-16.84.4:",16,3,13737,"1, 3, 6, 8, 11, 12, 13, 14, 15, 16","1->14, 2->2, 3->16, 4->4, 5->5, 6->11, 7->7, 8->6, 9->9, 10->10, 11->13, 12->8, 13->12, 14->1, 15->3, 16->15","1-6, 1-9, 1-11, 1-12, 1-13, 1-16, 2-7, 2-13, 2-15, 3-8, 3-10, 3-11, 3-14, 3-15, 4-8, 4-10, 4-12, 4-15, 5-11, 5-12, 5-16, 6-9, 6-13, 7-11, 7-13, 7-15, 8-10, 8-11, 8-12, 8-14, 9-12, 9-13, 9-15, 10-14, 10-15, 11-12, 11-13, 11-15, 11-16, 12-15, 12-16, 13-15","1-6, 1-10, 1-16, 2-3, 2-7, 2-12, 3-4, 3-7, 3-8, 3-9, 3-10, 3-12, 3-13, 3-16, 4-6, 4-8, 4-10, 5-8, 5-13, 5-15, 6-8, 6-10, 6-13, 6-16, 7-12, 7-13, 8-9, 8-13, 8-14, 8-15, 9-11, 9-12, 9-14, 10-16, 11-12, 11-14, 12-13, 12-14, 13-14, 13-15, 13-16, 14-15","1-6, 1-9, 1-10, 1-11, 1-12, 1-13, 1-16, 2-3, 2-7, 2-12, 2-13, 2-15, 3-4, 3-7, 3-8, 3-9, 3-10, 3-11, 3-12, 3-13, 3-14, 3-15, 3-16, 4-6, 4-8, 4-10, 4-12, 4-15, 5-8, 5-11, 5-12, 5-13, 5-15, 5-16, 6-8, 6-9, 6-10, 6-13, 6-16, 7-11, 7-12, 7-13, 7-15, 8-9, 8-10, 8-11, 8-12, 8-13, 8-14, 8-15, 9-11, 9-12, 9-13, 9-14, 9-15, 10-14, 10-15, 10-16, 11-12, 11-13, 11-14, 11-15, 11-16, 12-13, 12-14, 12-15, 12-16, 13-14, 13-15, 13-16, 14-15",4,4,8,"0 0 0 0 0 1 0 0 1 0 1 1 1 0 0 1|0 0 0 0 0 0 1 0 0 0 0 0 1 0 1 0|0 0 0 0 0 0 0 1 0 1 1 0 0 1 1 0|0 0 0 0 0 0 0 1 0 1 0 1 0 0 1 0|0 0 0 0 0 0 0 0 0 0 1 1 0 0 0 1|1 0 0 0 0 0 0 0 1 0 0 0 1 0 0 0|0 1 0 0 0 0 0 0 0 0 1 0 1 0 1 0|0 0 1 1 0 0 0 0 0 1 1 1 0 1 0 0|1 0 0 0 0 1 0 0 0 0 0 1 1 0 1 0|0 0 1 1 0 0 0 1 0 0 0 0 0 1 1 0|1 0 1 0 1 0 1 1 0 0 0 1 1 0 1 1|1 0 0 1 1 0 0 1 1 0 1 0 0 0 1 1|1 1 0 0 0 1 1 0 1 0 1 0 0 0 1 0|0 0 1 0 0 0 0 1 0 1 0 0 0 0 0 0|0 1 1 1 0 0 1 0 1 1 1 1 1 0 0 0|1 0 0 0 1 0 0 0 0 0 1 1 0 0 0 0","0 0 0 0 0 1 0 0 0 1 0 0 0 0 0 1|0 0 1 0 0 0 1 0 0 0 0 1 0 0 0 0|0 1 0 1 0 0 1 1 1 1 0 1 1 0 0 1|0 0 1 0 0 1 0 1 0 1 0 0 0 0 0 0|0 0 0 0 0 0 0 1 0 0 0 0 1 0 1 0|1 0 0 1 0 0 0 1 0 1 0 0 1 0 0 1|0 1 1 0 0 0 0 0 0 0 0 1 1 0 0 0|0 0 1 1 1 1 0 0 1 0 0 0 1 1 1 0|0 0 1 0 0 0 0 1 0 0 1 1 0 1 0 0|1 0 1 1 0 1 0 0 0 0 0 0 0 0 0 1|0 0 0 0 0 0 0 0 1 0 0 1 0 1 0 0|0 1 1 0 0 0 1 0 1 0 1 0 1 1 0 0|0 0 1 0 1 1 1 1 0 0 0 1 0 1 1 1|0 0 0 0 0 0 0 1 1 0 1 1 1 0 1 0|0 0 0 0 1 0 0 1 0 0 0 0 1 1 0 0|1 0 1 0 0 1 0 0 0 1 0 0 1 0 0 0","0 0 0 0 0 1 0 0 1 1 1 1 1 0 0 1|0 0 1 0 0 0 1 0 0 0 0 1 1 0 1 0|0 1 0 1 0 0 1 1 1 1 1 1 1 1 1 1|0 0 1 0 0 1 0 1 0 1 0 1 0 0 1 0|0 0 0 0 0 0 0 1 0 0 1 1 1 0 1 1|1 0 0 1 0 0 0 1 1 1 0 0 1 0 0 1|0 1 1 0 0 0 0 0 0 0 1 1 1 0 1 0|0 0 1 1 1 1 0 0 1 1 1 1 1 1 1 0|1 0 1 0 0 1 0 1 0 0 1 1 1 1 1 0|1 0 1 1 0 1 0 1 0 0 0 0 0 1 1 1|1 0 1 0 1 0 1 1 1 0 0 1 1 1 1 1|1 1 1 1 1 0 1 1 1 0 1 0 1 1 1 1|1 1 1 0 1 1 1 1 1 0 1 1 0 1 1 1|0 0 1 0 0 0 0 1 1 1 1 1 1 0 1 0|0 1 1 1 1 0 1 1 1 1 1 1 1 1 0 0|1 0 1 0 1 1 0 0 0 1 1 1 1 0 0 0"
365,"ID38-16.84.4:",16,4,16548,"2, 3, 6, 7, 9, 10, 11, 12, 15, 16","1->1, 2->10, 3->9, 4->4, 5->5, 6->3, 7->12, 8->8, 9->15, 10->11, 11->7, 12->6, 13->13, 14->14, 15->16, 16->2","1-6, 1-9, 1-11, 1-12, 1-13, 1-16, 2-7, 2-13, 2-15, 3-8, 3-10, 3-11, 3-14, 3-15, 4-8, 4-10, 4-12, 4-15, 5-11, 5-12, 5-16, 6-9, 6-13, 7-11, 7-13, 7-15, 8-10, 8-11, 8-12, 8-14, 9-12, 9-13, 9-15, 10-14, 10-15, 11-12, 11-13, 11-15, 11-16, 12-15, 12-16, 13-15","1-2, 1-3, 1-6, 1-7, 1-13, 1-15, 2-5, 2-6, 2-7, 3-13, 3-15, 4-6, 4-8, 4-11, 4-16, 5-6, 5-7, 6-7, 6-8, 6-15, 6-16, 7-8, 7-9, 7-12, 7-13, 7-16, 8-9, 8-11, 8-14, 9-11, 9-14, 9-16, 10-12, 10-13, 10-16, 11-14, 11-16, 12-13, 12-16, 13-15, 13-16, 15-16","1-2, 1-3, 1-6, 1-7, 1-9, 1-11, 1-12, 1-13, 1-15, 1-16, 2-5, 2-6, 2-7, 2-13, 2-15, 3-8, 3-10, 3-11, 3-13, 3-14, 3-15, 4-6, 4-8, 4-10, 4-11, 4-12, 4-15, 4-16, 5-6, 5-7, 5-11, 5-12, 5-16, 6-7, 6-8, 6-9, 6-13, 6-15, 6-16, 7-8, 7-9, 7-11, 7-12, 7-13, 7-15, 7-16, 8-9, 8-10, 8-11, 8-12, 8-14, 9-11, 9-12, 9-13, 9-14, 9-15, 9-16, 10-12, 10-13, 10-14, 10-15, 10-16, 11-12, 11-13, 11-14, 11-15, 11-16, 12-13, 12-15, 12-16, 13-15, 13-16, 15-16",4,4,8,"0 0 0 0 0 1 0 0 1 0 1 1 1 0 0 1|0 0 0 0 0 0 1 0 0 0 0 0 1 0 1 0|0 0 0 0 0 0 0 1 0 1 1 0 0 1 1 0|0 0 0 0 0 0 0 1 0 1 0 1 0 0 1 0|0 0 0 0 0 0 0 0 0 0 1 1 0 0 0 1|1 0 0 0 0 0 0 0 1 0 0 0 1 0 0 0|0 1 0 0 0 0 0 0 0 0 1 0 1 0 1 0|0 0 1 1 0 0 0 0 0 1 1 1 0 1 0 0|1 0 0 0 0 1 0 0 0 0 0 1 1 0 1 0|0 0 1 1 0 0 0 1 0 0 0 0 0 1 1 0|1 0 1 0 1 0 1 1 0 0 0 1 1 0 1 1|1 0 0 1 1 0 0 1 1 0 1 0 0 0 1 1|1 1 0 0 0 1 1 0 1 0 1 0 0 0 1 0|0 0 1 0 0 0 0 1 0 1 0 0 0 0 0 0|0 1 1 1 0 0 1 0 1 1 1 1 1 0 0 0|1 0 0 0 1 0 0 0 0 0 1 1 0 0 0 0","0 1 1 0 0 1 1 0 0 0 0 0 1 0 1 0|1 0 0 0 1 1 1 0 0 0 0 0 0 0 0 0|1 0 0 0 0 0 0 0 0 0 0 0 1 0 1 0|0 0 0 0 0 1 0 1 0 0 1 0 0 0 0 1|0 1 0 0 0 1 1 0 0 0 0 0 0 0 0 0|1 1 0 1 1 0 1 1 0 0 0 0 0 0 1 1|1 1 0 0 1 1 0 1 1 0 0 1 1 0 0 1|0 0 0 1 0 1 1 0 1 0 1 0 0 1 0 0|0 0 0 0 0 0 1 1 0 0 1 0 0 1 0 1|0 0 0 0 0 0 0 0 0 0 0 1 1 0 0 1|0 0 0 1 0 0 0 1 1 0 0 0 0 1 0 1|0 0 0 0 0 0 1 0 0 1 0 0 1 0 0 1|1 0 1 0 0 0 1 0 0 1 0 1 0 0 1 1|0 0 0 0 0 0 0 1 1 0 1 0 0 0 0 0|1 0 1 0 0 1 0 0 0 0 0 0 1 0 0 1|0 0 0 1 0 1 1 0 1 1 1 1 1 0 1 0","0 1 1 0 0 1 1 0 1 0 1 1 1 0 1 1|1 0 0 0 1 1 1 0 0 0 0 0 1 0 1 0|1 0 0 0 0 0 0 1 0 1 1 0 1 1 1 0|0 0 0 0 0 1 0 1 0 1 1 1 0 0 1 1|0 1 0 0 0 1 1 0 0 0 1 1 0 0 0 1|1 1 0 1 1 0 1 1 1 0 0 0 1 0 1 1|1 1 0 0 1 1 0 1 1 0 1 1 1 0 1 1|0 0 1 1 0 1 1 0 1 1 1 1 0 1 0 0|1 0 0 0 0 1 1 1 0 0 1 1 1 1 1 1|0 0 1 1 0 0 0 1 0 0 0 1 1 1 1 1|1 0 1 1 1 0 1 1 1 0 0 1 1 1 1 1|1 0 0 1 1 0 1 1 1 1 1 0 1 0 1 1|1 1 1 0 0 1 1 0 1 1 1 1 0 0 1 1|0 0 1 0 0 0 0 1 1 1 1 0 0 0 0 0|1 1 1 1 0 1 1 0 1 1 1 1 1 0 0 1|1 0 0 1 1 1 1 0 1 1 1 1 1 0 1 0"
366,"ID38-16.84.4:",16,5,17733,"1, 2, 5, 6, 10, 11, 12, 13, 14, 16","1->11, 2->1, 3->3, 4->4, 5->13, 6->14, 7->7, 8->8, 9->9, 10->2, 11->6, 12->16, 13->10, 14->5, 15->15, 16->12","1-6, 1-9, 1-11, 1-12, 1-13, 1-16, 2-7, 2-13, 2-15, 3-8, 3-10, 3-11, 3-14, 3-15, 4-8, 4-10, 4-12, 4-15, 5-11, 5-12, 5-16, 6-9, 6-13, 7-11, 7-13, 7-15, 8-10, 8-11, 8-12, 8-14, 9-12, 9-13, 9-15, 10-14, 10-15, 11-12, 11-13, 11-15, 11-16, 12-15, 12-16, 13-15","1-7, 1-10, 1-15, 2-3, 2-4, 2-5, 2-8, 2-15, 3-5, 3-6, 3-8, 3-15, 4-8, 4-15, 4-16, 5-8, 6-7, 6-8, 6-10, 6-11, 6-12, 6-13, 6-15, 6-16, 7-10, 7-15, 8-16, 9-10, 9-11, 9-14, 9-15, 9-16, 10-11, 10-14, 10-15, 11-12, 11-14, 11-16, 12-13, 12-16, 13-16, 15-16","1-6, 1-7, 1-9, 1-10, 1-11, 1-12, 1-13, 1-15, 1-16, 2-3, 2-4, 2-5, 2-7, 2-8, 2-13, 2-15, 3-5, 3-6, 3-8, 3-10, 3-11, 3-14, 3-15, 4-8, 4-10, 4-12, 4-15, 4-16, 5-8, 5-11, 5-12, 5-16, 6-7, 6-8, 6-9, 6-10, 6-11, 6-12, 6-13, 6-15, 6-16, 7-10, 7-11, 7-13, 7-15, 8-10, 8-11, 8-12, 8-14, 8-16, 9-10, 9-11, 9-12, 9-13, 9-14, 9-15, 9-16, 10-11, 10-14, 10-15, 11-12, 11-13, 11-14, 11-15, 11-16, 12-13, 12-15, 12-16, 13-15, 13-16, 15-16",4,4,8,"0 0 0 0 0 1 0 0 1 0 1 1 1 0 0 1|0 0 0 0 0 0 1 0 0 0 0 0 1 0 1 0|0 0 0 0 0 0 0 1 0 1 1 0 0 1 1 0|0 0 0 0 0 0 0 1 0 1 0 1 0 0 1 0|0 0 0 0 0 0 0 0 0 0 1 1 0 0 0 1|1 0 0 0 0 0 0 0 1 0 0 0 1 0 0 0|0 1 0 0 0 0 0 0 0 0 1 0 1 0 1 0|0 0 1 1 0 0 0 0 0 1 1 1 0 1 0 0|1 0 0 0 0 1 0 0 0 0 0 1 1 0 1 0|0 0 1 1 0 0 0 1 0 0 0 0 0 1 1 0|1 0 1 0 1 0 1 1 0 0 0 1 1 0 1 1|1 0 0 1 1 0 0 1 1 0 1 0 0 0 1 1|1 1 0 0 0 1 1 0 1 0 1 0 0 0 1 0|0 0 1 0 0 0 0 1 0 1 0 0 0 0 0 0|0 1 1 1 0 0 1 0 1 1 1 1 1 0 0 0|1 0 0 0 1 0 0 0 0 0 1 1 0 0 0 0","0 0 0 0 0 0 1 0 0 1 0 0 0 0 1 0|0 0 1 1 1 0 0 1 0 0 0 0 0 0 1 0|0 1 0 0 1 1 0 1 0 0 0 0 0 0 1 0|0 1 0 0 0 0 0 1 0 0 0 0 0 0 1 1|0 1 1 0 0 0 0 1 0 0 0 0 0 0 0 0|0 0 1 0 0 0 1 1 0 1 1 1 1 0 1 1|1 0 0 0 0 1 0 0 0 1 0 0 0 0 1 0|0 1 1 1 1 1 0 0 0 0 0 0 0 0 0 1|0 0 0 0 0 0 0 0 0 1 1 0 0 1 1 1|1 0 0 0 0 1 1 0 1 0 1 0 0 1 1 0|0 0 0 0 0 1 0 0 1 1 0 1 0 1 0 1|0 0 0 0 0 1 0 0 0 0 1 0 1 0 0 1|0 0 0 0 0 1 0 0 0 0 0 1 0 0 0 1|0 0 0 0 0 0 0 0 1 1 1 0 0 0 0 0|1 1 1 1 0 1 1 0 1 1 0 0 0 0 0 1|0 0 0 1 0 1 0 1 1 0 1 1 1 0 1 0","0 0 0 0 0 1 1 0 1 1 1 1 1 0 1 1|0 0 1 1 1 0 1 1 0 0 0 0 1 0 1 0|0 1 0 0 1 1 0 1 0 1 1 0 0 1 1 0|0 1 0 0 0 0 0 1 0 1 0 1 0 0 1 1|0 1 1 0 0 0 0 1 0 0 1 1 0 0 0 1|1 0 1 0 0 0 1 1 1 1 1 1 1 0 1 1|1 1 0 0 0 1 0 0 0 1 1 0 1 0 1 0|0 1 1 1 1 1 0 0 0 1 1 1 0 1 0 1|1 0 0 0 0 1 0 0 0 1 1 1 1 1 1 1|1 0 1 1 0 1 1 1 1 0 1 0 0 1 1 0|1 0 1 0 1 1 1 1 1 1 0 1 1 1 1 1|1 0 0 1 1 1 0 1 1 0 1 0 1 0 1 1|1 1 0 0 0 1 1 0 1 0 1 1 0 0 1 1|0 0 1 0 0 0 0 1 1 1 1 0 0 0 0 0|1 1 1 1 0 1 1 0 1 1 1 1 1 0 0 1|1 0 0 1 1 1 0 1 1 0 1 1 1 0 1 0"
367,"ID38-16.84.4:",16,6,22313,"2, 4, 6, 8, 10, 11, 12, 13, 14, 15","1->1, 2->13, 3->3, 4->14, 5->5, 6->2, 7->7, 8->12, 9->9, 10->15, 11->10, 12->11, 13->6, 14->8, 15->4, 16->16","1-6, 1-9, 1-11, 1-12, 1-13, 1-16, 2-7, 2-13, 2-15, 3-8, 3-10, 3-11, 3-14, 3-15, 4-8, 4-10, 4-12, 4-15, 5-11, 5-12, 5-16, 6-9, 6-13, 7-11, 7-13, 7-15, 8-10, 8-11, 8-12, 8-14, 9-12, 9-13, 9-15, 10-14, 10-15, 11-12, 11-13, 11-15, 11-16, 12-15, 12-16, 13-15","1-2, 1-6, 1-9, 1-10, 1-11, 1-16, 2-6, 2-9, 3-4, 3-8, 3-10, 3-12, 3-15, 4-6, 4-7, 4-9, 4-10, 4-11, 4-13, 4-14, 4-15, 5-10, 5-11, 5-16, 6-7, 6-9, 6-10, 6-13, 7-10, 7-13, 8-12, 8-15, 9-11, 10-11, 10-12, 10-16, 11-12, 11-14, 11-16, 12-14, 12-15, 14-15","1-2, 1-6, 1-9, 1-10, 1-11, 1-12, 1-13, 1-16, 2-6, 2-7, 2-9, 2-13, 2-15, 3-4, 3-8, 3-10, 3-11, 3-12, 3-14, 3-15, 4-6, 4-7, 4-8, 4-9, 4-10, 4-11, 4-12, 4-13, 4-14, 4-15, 5-10, 5-11, 5-12, 5-16, 6-7, 6-9, 6-10, 6-13, 7-10, 7-11, 7-13, 7-15, 8-10, 8-11, 8-12, 8-14, 8-15, 9-11, 9-12, 9-13, 9-15, 10-11, 10-12, 10-14, 10-15, 10-16, 11-12, 11-13, 11-14, 11-15, 11-16, 12-14, 12-15, 12-16, 13-15, 14-15",4,4,8,"0 0 0 0 0 1 0 0 1 0 1 1 1 0 0 1|0 0 0 0 0 0 1 0 0 0 0 0 1 0 1 0|0 0 0 0 0 0 0 1 0 1 1 0 0 1 1 0|0 0 0 0 0 0 0 1 0 1 0 1 0 0 1 0|0 0 0 0 0 0 0 0 0 0 1 1 0 0 0 1|1 0 0 0 0 0 0 0 1 0 0 0 1 0 0 0|0 1 0 0 0 0 0 0 0 0 1 0 1 0 1 0|0 0 1 1 0 0 0 0 0 1 1 1 0 1 0 0|1 0 0 0 0 1 0 0 0 0 0 1 1 0 1 0|0 0 1 1 0 0 0 1 0 0 0 0 0 1 1 0|1 0 1 0 1 0 1 1 0 0 0 1 1 0 1 1|1 0 0 1 1 0 0 1 1 0 1 0 0 0 1 1|1 1 0 0 0 1 1 0 1 0 1 0 0 0 1 0|0 0 1 0 0 0 0 1 0 1 0 0 0 0 0 0|0 1 1 1 0 0 1 0 1 1 1 1 1 0 0 0|1 0 0 0 1 0 0 0 0 0 1 1 0 0 0 0","0 1 0 0 0 1 0 0 1 1 1 0 0 0 0 1|1 0 0 0 0 1 0 0 1 0 0 0 0 0 0 0|0 0 0 1 0 0 0 1 0 1 0 1 0 0 1 0|0 0 1 0 0 1 1 0 1 1 1 0 1 1 1 0|0 0 0 0 0 0 0 0 0 1 1 0 0 0 0 1|1 1 0 1 0 0 1 0 1 1 0 0 1 0 0 0|0 0 0 1 0 1 0 0 0 1 0 0 1 0 0 0|0 0 1 0 0 0 0 0 0 0 0 1 0 0 1 0|1 1 0 1 0 1 0 0 0 0 1 0 0 0 0 0|1 0 1 1 1 1 1 0 0 0 1 1 0 0 0 1|1 0 0 1 1 0 0 0 1 1 0 1 0 1 0 1|0 0 1 0 0 0 0 1 0 1 1 0 0 1 1 0|0 0 0 1 0 1 1 0 0 0 0 0 0 0 0 0|0 0 0 1 0 0 0 0 0 0 1 1 0 0 1 0|0 0 1 1 0 0 0 1 0 0 0 1 0 1 0 0|1 0 0 0 1 0 0 0 0 1 1 0 0 0 0 0","0 1 0 0 0 1 0 0 1 1 1 1 1 0 0 1|1 0 0 0 0 1 1 0 1 0 0 0 1 0 1 0|0 0 0 1 0 0 0 1 0 1 1 1 0 1 1 0|0 0 1 0 0 1 1 1 1 1 1 1 1 1 1 0|0 0 0 0 0 0 0 0 0 1 1 1 0 0 0 1|1 1 0 1 0 0 1 0 1 1 0 0 1 0 0 0|0 1 0 1 0 1 0 0 0 1 1 0 1 0 1 0|0 0 1 1 0 0 0 0 0 1 1 1 0 1 1 0|1 1 0 1 0 1 0 0 0 0 1 1 1 0 1 0|1 0 1 1 1 1 1 1 0 0 1 1 0 1 1 1|1 0 1 1 1 0 1 1 1 1 0 1 1 1 1 1|1 0 1 1 1 0 0 1 1 1 1 0 0 1 1 1|1 1 0 1 0 1 1 0 1 0 1 0 0 0 1 0|0 0 1 1 0 0 0 1 0 1 1 1 0 0 1 0|0 1 1 1 0 0 1 1 1 1 1 1 1 1 0 0|1 0 0 0 1 0 0 0 0 1 1 1 0 0 0 0"
368,"ID38-16.84.4:",16,7,25073,"3, 5, 8, 9, 10, 11, 12, 13, 15, 16","1->1, 2->2, 3->5, 4->4, 5->11, 6->6, 7->7, 8->9, 9->15, 10->13, 11->3, 12->10, 13->8, 14->14, 15->16, 16->12","1-6, 1-9, 1-11, 1-12, 1-13, 1-16, 2-7, 2-13, 2-15, 3-8, 3-10, 3-11, 3-14, 3-15, 4-8, 4-10, 4-12, 4-15, 5-11, 5-12, 5-16, 6-9, 6-13, 7-11, 7-13, 7-15, 8-10, 8-11, 8-12, 8-14, 9-12, 9-13, 9-15, 10-14, 10-15, 11-12, 11-13, 11-15, 11-16, 12-15, 12-16, 13-15","1-3, 1-6, 1-8, 1-10, 1-12, 1-15, 2-7, 2-8, 2-16, 3-5, 3-7, 3-8, 3-9, 3-10, 3-11, 3-12, 3-16, 4-9, 4-10, 4-13, 4-16, 5-9, 5-13, 5-14, 5-16, 6-8, 6-15, 7-8, 7-16, 8-15, 8-16, 9-10, 9-13, 9-14, 10-11, 10-12, 10-15, 10-16, 11-12, 13-14, 13-16, 15-16","1-3, 1-6, 1-8, 1-9, 1-10, 1-11, 1-12, 1-13, 1-15, 1-16, 2-7, 2-8, 2-13, 2-15, 2-16, 3-5, 3-7, 3-8, 3-9, 3-10, 3-11, 3-12, 3-14, 3-15, 3-16, 4-8, 4-9, 4-10, 4-12, 4-13, 4-15, 4-16, 5-9, 5-11, 5-12, 5-13, 5-14, 5-16, 6-8, 6-9, 6-13, 6-15, 7-8, 7-11, 7-13, 7-15, 7-16, 8-10, 8-11, 8-12, 8-14, 8-15, 8-16, 9-10, 9-12, 9-13, 9-14, 9-15, 10-11, 10-12, 10-14, 10-15, 10-16, 11-12, 11-13, 11-15, 11-16, 12-15, 12-16, 13-14, 13-15, 13-16, 15-16",4,4,8,"0 0 0 0 0 1 0 0 1 0 1 1 1 0 0 1|0 0 0 0 0 0 1 0 0 0 0 0 1 0 1 0|0 0 0 0 0 0 0 1 0 1 1 0 0 1 1 0|0 0 0 0 0 0 0 1 0 1 0 1 0 0 1 0|0 0 0 0 0 0 0 0 0 0 1 1 0 0 0 1|1 0 0 0 0 0 0 0 1 0 0 0 1 0 0 0|0 1 0 0 0 0 0 0 0 0 1 0 1 0 1 0|0 0 1 1 0 0 0 0 0 1 1 1 0 1 0 0|1 0 0 0 0 1 0 0 0 0 0 1 1 0 1 0|0 0 1 1 0 0 0 1 0 0 0 0 0 1 1 0|1 0 1 0 1 0 1 1 0 0 0 1 1 0 1 1|1 0 0 1 1 0 0 1 1 0 1 0 0 0 1 1|1 1 0 0 0 1 1 0 1 0 1 0 0 0 1 0|0 0 1 0 0 0 0 1 0 1 0 0 0 0 0 0|0 1 1 1 0 0 1 0 1 1 1 1 1 0 0 0|1 0 0 0 1 0 0 0 0 0 1 1 0 0 0 0","0 0 1 0 0 1 0 1 0 1 0 1 0 0 1 0|0 0 0 0 0 0 1 1 0 0 0 0 0 0 0 1|1 0 0 0 1 0 1 1 1 1 1 1 0 0 0 1|0 0 0 0 0 0 0 0 1 1 0 0 1 0 0 1|0 0 1 0 0 0 0 0 1 0 0 0 1 1 0 1|1 0 0 0 0 0 0 1 0 0 0 0 0 0 1 0|0 1 1 0 0 0 0 1 0 0 0 0 0 0 0 1|1 1 1 0 0 1 1 0 0 0 0 0 0 0 1 1|0 0 1 1 1 0 0 0 0 1 0 0 1 1 0 0|1 0 1 1 0 0 0 0 1 0 1 1 0 0 1 1|0 0 1 0 0 0 0 0 0 1 0 1 0 0 0 0|1 0 1 0 0 0 0 0 0 1 1 0 0 0 0 0|0 0 0 1 1 0 0 0 1 0 0 0 0 1 0 1|0 0 0 0 1 0 0 0 1 0 0 0 1 0 0 0|1 0 0 0 0 1 0 1 0 1 0 0 0 0 0 1|0 1 1 1 1 0 1 1 0 1 0 0 1 0 1 0","0 0 1 0 0 1 0 1 1 1 1 1 1 0 1 1|0 0 0 0 0 0 1 1 0 0 0 0 1 0 1 1|1 0 0 0 1 0 1 1 1 1 1 1 0 1 1 1|0 0 0 0 0 0 0 1 1 1 0 1 1 0 1 1|0 0 1 0 0 0 0 0 1 0 1 1 1 1 0 1|1 0 0 0 0 0 0 1 1 0 0 0 1 0 1 0|0 1 1 0 0 0 0 1 0 0 1 0 1 0 1 1|1 1 1 1 0 1 1 0 0 1 1 1 0 1 1 1|1 0 1 1 1 1 0 0 0 1 0 1 1 1 1 0|1 0 1 1 0 0 0 1 1 0 1 1 0 1 1 1|1 0 1 0 1 0 1 1 0 1 0 1 1 0 1 1|1 0 1 1 1 0 0 1 1 1 1 0 0 0 1 1|1 1 0 1 1 1 1 0 1 0 1 0 0 1 1 1|0 0 1 0 1 0 0 1 1 1 0 0 1 0 0 0|1 1 1 1 0 1 1 1 1 1 1 1 1 0 0 1|1 1 1 1 1 0 1 1 0 1 1 1 1 0 1 0"
369,"ID38-16.84.4:",16,8,25653,"2, 3, 4, 5, 6, 8, 11, 12, 13, 15","1->1, 2->8, 3->12, 4->11, 5->6, 6->2, 7->7, 8->13, 9->9, 10->10, 11->3, 12->4, 13->15, 14->14, 15->5, 16->16","1-6, 1-9, 1-11, 1-12, 1-13, 1-16, 2-7, 2-13, 2-15, 3-8, 3-10, 3-11, 3-14, 3-15, 4-8, 4-10, 4-12, 4-15, 5-11, 5-12, 5-16, 6-9, 6-13, 7-11, 7-13, 7-15, 8-10, 8-11, 8-12, 8-14, 9-12, 9-13, 9-15, 10-14, 10-15, 11-12, 11-13, 11-15, 11-16, 12-15, 12-16, 13-15","1-2, 1-3, 1-4, 1-9, 1-15, 1-16, 2-9, 2-15, 3-4, 3-5, 3-6, 3-7, 3-12, 3-13, 3-15, 3-16, 4-5, 4-6, 4-9, 4-11, 4-13, 4-16, 5-7, 5-8, 5-9, 5-10, 5-11, 5-12, 5-15, 6-16, 7-8, 7-15, 8-15, 9-15, 10-11, 10-12, 10-13, 10-14, 11-13, 12-13, 12-14, 13-14","1-2, 1-3, 1-4, 1-6, 1-9, 1-11, 1-12, 1-13, 1-15, 1-16, 2-7, 2-9, 2-13, 2-15, 3-4, 3-5, 3-6, 3-7, 3-8, 3-10, 3-11, 3-12, 3-13, 3-14, 3-15, 3-16, 4-5, 4-6, 4-8, 4-9, 4-10, 4-11, 4-12, 4-13, 4-15, 4-16, 5-7, 5-8, 5-9, 5-10, 5-11, 5-12, 5-15, 5-16, 6-9, 6-13, 6-16, 7-8, 7-11, 7-13, 7-15, 8-10, 8-11, 8-12, 8-14, 8-15, 9-12, 9-13, 9-15, 10-11, 10-12, 10-13, 10-14, 10-15, 11-12, 11-13, 11-15, 11-16, 12-13, 12-14, 12-15, 12-16, 13-14, 13-15",4,4,8,"0 0 0 0 0 1 0 0 1 0 1 1 1 0 0 1|0 0 0 0 0 0 1 0 0 0 0 0 1 0 1 0|0 0 0 0 0 0 0 1 0 1 1 0 0 1 1 0|0 0 0 0 0 0 0 1 0 1 0 1 0 0 1 0|0 0 0 0 0 0 0 0 0 0 1 1 0 0 0 1|1 0 0 0 0 0 0 0 1 0 0 0 1 0 0 0|0 1 0 0 0 0 0 0 0 0 1 0 1 0 1 0|0 0 1 1 0 0 0 0 0 1 1 1 0 1 0 0|1 0 0 0 0 1 0 0 0 0 0 1 1 0 1 0|0 0 1 1 0 0 0 1 0 0 0 0 0 1 1 0|1 0 1 0 1 0 1 1 0 0 0 1 1 0 1 1|1 0 0 1 1 0 0 1 1 0 1 0 0 0 1 1|1 1 0 0 0 1 1 0 1 0 1 0 0 0 1 0|0 0 1 0 0 0 0 1 0 1 0 0 0 0 0 0|0 1 1 1 0 0 1 0 1 1 1 1 1 0 0 0|1 0 0 0 1 0 0 0 0 0 1 1 0 0 0 0","0 1 1 1 0 0 0 0 1 0 0 0 0 0 1 1|1 0 0 0 0 0 0 0 1 0 0 0 0 0 1 0|1 0 0 1 1 1 1 0 0 0 0 1 1 0 1 1|1 0 1 0 1 1 0 0 1 0 1 0 1 0 0 1|0 0 1 1 0 0 1 1 1 1 1 1 0 0 1 0|0 0 1 1 0 0 0 0 0 0 0 0 0 0 0 1|0 0 1 0 1 0 0 1 0 0 0 0 0 0 1 0|0 0 0 0 1 0 1 0 0 0 0 0 0 0 1 0|1 1 0 1 1 0 0 0 0 0 0 0 0 0 1 0|0 0 0 0 1 0 0 0 0 0 1 1 1 1 0 0|0 0 0 1 1 0 0 0 0 1 0 0 1 0 0 0|0 0 1 0 1 0 0 0 0 1 0 0 1 1 0 0|0 0 1 1 0 0 0 0 0 1 1 1 0 1 0 0|0 0 0 0 0 0 0 0 0 1 0 1 1 0 0 0|1 1 1 0 1 0 1 1 1 0 0 0 0 0 0 0|1 0 1 1 0 1 0 0 0 0 0 0 0 0 0 0","0 1 1 1 0 1 0 0 1 0 1 1 1 0 1 1|1 0 0 0 0 0 1 0 1 0 0 0 1 0 1 0|1 0 0 1 1 1 1 1 0 1 1 1 1 1 1 1|1 0 1 0 1 1 0 1 1 1 1 1 1 0 1 1|0 0 1 1 0 0 1 1 1 1 1 1 0 0 1 1|1 0 1 1 0 0 0 0 1 0 0 0 1 0 0 1|0 1 1 0 1 0 0 1 0 0 1 0 1 0 1 0|0 0 1 1 1 0 1 0 0 1 1 1 0 1 1 0|1 1 0 1 1 1 0 0 0 0 0 1 1 0 1 0|0 0 1 1 1 0 0 1 0 0 1 1 1 1 1 0|1 0 1 1 1 0 1 1 0 1 0 1 1 0 1 1|1 0 1 1 1 0 0 1 1 1 1 0 1 1 1 1|1 1 1 1 0 1 1 0 1 1 1 1 0 1 1 0|0 0 1 0 0 0 0 1 0 1 0 1 1 0 0 0|1 1 1 1 1 0 1 1 1 1 1 1 1 0 0 0|1 0 1 1 1 1 0 0 0 0 1 1 0 0 0 0"
370,"ID38-16.84.4:",16,9,25747,"1, 5, 6, 7, 10, 11, 12, 13, 14, 16","1->13, 2->2, 3->3, 4->4, 5->7, 6->10, 7->1, 8->8, 9->9, 10->14, 11->6, 12->16, 13->11, 14->5, 15->15, 16->12","1-6, 1-9, 1-11, 1-12, 1-13, 1-16, 2-7, 2-13, 2-15, 3-8, 3-10, 3-11, 3-14, 3-15, 4-8, 4-10, 4-12, 4-15, 5-11, 5-12, 5-16, 6-9, 6-13, 7-11, 7-13, 7-15, 8-10, 8-11, 8-12, 8-14, 9-12, 9-13, 9-15, 10-14, 10-15, 11-12, 11-13, 11-15, 11-16, 12-15, 12-16, 13-15","1-2, 1-6, 1-11, 1-15, 2-11, 2-15, 3-5, 3-6, 3-8, 3-14, 3-15, 4-8, 4-14, 4-15, 4-16, 5-8, 5-14, 6-7, 6-8, 6-11, 6-12, 6-13, 6-15, 6-16, 7-12, 7-16, 8-14, 8-16, 9-10, 9-11, 9-13, 9-15, 9-16, 10-11, 10-13, 11-13, 11-15, 12-13, 12-16, 13-16, 14-15, 15-16","1-2, 1-6, 1-9, 1-11, 1-12, 1-13, 1-15, 1-16, 2-7, 2-11, 2-13, 2-15, 3-5, 3-6, 3-8, 3-10, 3-11, 3-14, 3-15, 4-8, 4-10, 4-12, 4-14, 4-15, 4-16, 5-8, 5-11, 5-12, 5-14, 5-16, 6-7, 6-8, 6-9, 6-11, 6-12, 6-13, 6-15, 6-16, 7-11, 7-12, 7-13, 7-15, 7-16, 8-10, 8-11, 8-12, 8-14, 8-16, 9-10, 9-11, 9-12, 9-13, 9-15, 9-16, 10-11, 10-13, 10-14, 10-15, 11-12, 11-13, 11-15, 11-16, 12-13, 12-15, 12-16, 13-15, 13-16, 14-15, 15-16",4,4,8,"0 0 0 0 0 1 0 0 1 0 1 1 1 0 0 1|0 0 0 0 0 0 1 0 0 0 0 0 1 0 1 0|0 0 0 0 0 0 0 1 0 1 1 0 0 1 1 0|0 0 0 0 0 0 0 1 0 1 0 1 0 0 1 0|0 0 0 0 0 0 0 0 0 0 1 1 0 0 0 1|1 0 0 0 0 0 0 0 1 0 0 0 1 0 0 0|0 1 0 0 0 0 0 0 0 0 1 0 1 0 1 0|0 0 1 1 0 0 0 0 0 1 1 1 0 1 0 0|1 0 0 0 0 1 0 0 0 0 0 1 1 0 1 0|0 0 1 1 0 0 0 1 0 0 0 0 0 1 1 0|1 0 1 0 1 0 1 1 0 0 0 1 1 0 1 1|1 0 0 1 1 0 0 1 1 0 1 0 0 0 1 1|1 1 0 0 0 1 1 0 1 0 1 0 0 0 1 0|0 0 1 0 0 0 0 1 0 1 0 0 0 0 0 0|0 1 1 1 0 0 1 0 1 1 1 1 1 0 0 0|1 0 0 0 1 0 0 0 0 0 1 1 0 0 0 0","0 1 0 0 0 1 0 0 0 0 1 0 0 0 1 0|1 0 0 0 0 0 0 0 0 0 1 0 0 0 1 0|0 0 0 0 1 1 0 1 0 0 0 0 0 1 1 0|0 0 0 0 0 0 0 1 0 0 0 0 0 1 1 1|0 0 1 0 0 0 0 1 0 0 0 0 0 1 0 0|1 0 1 0 0 0 1 1 0 0 1 1 1 0 1 1|0 0 0 0 0 1 0 0 0 0 0 1 0 0 0 1|0 0 1 1 1 1 0 0 0 0 0 0 0 1 0 1|0 0 0 0 0 0 0 0 0 1 1 0 1 0 1 1|0 0 0 0 0 0 0 0 1 0 1 0 1 0 0 0|1 1 0 0 0 1 0 0 1 1 0 0 1 0 1 0|0 0 0 0 0 1 1 0 0 0 0 0 1 0 0 1|0 0 0 0 0 1 0 0 1 1 1 1 0 0 0 1|0 0 1 1 1 0 0 1 0 0 0 0 0 0 1 0|1 1 1 1 0 1 0 0 1 0 1 0 0 1 0 1|0 0 0 1 0 1 1 1 1 0 0 1 1 0 1 0","0 1 0 0 0 1 0 0 1 0 1 1 1 0 1 1|1 0 0 0 0 0 1 0 0 0 1 0 1 0 1 0|0 0 0 0 1 1 0 1 0 1 1 0 0 1 1 0|0 0 0 0 0 0 0 1 0 1 0 1 0 1 1 1|0 0 1 0 0 0 0 1 0 0 1 1 0 1 0 1|1 0 1 0 0 0 1 1 1 0 1 1 1 0 1 1|0 1 0 0 0 1 0 0 0 0 1 1 1 0 1 1|0 0 1 1 1 1 0 0 0 1 1 1 0 1 0 1|1 0 0 0 0 1 0 0 0 1 1 1 1 0 1 1|0 0 1 1 0 0 0 1 1 0 1 0 1 1 1 0|1 1 1 0 1 1 1 1 1 1 0 1 1 0 1 1|1 0 0 1 1 1 1 1 1 0 1 0 1 0 1 1|1 1 0 0 0 1 1 0 1 1 1 1 0 0 1 1|0 0 1 1 1 0 0 1 0 1 0 0 0 0 1 0|1 1 1 1 0 1 1 0 1 1 1 1 1 1 0 1|1 0 0 1 1 1 1 1 1 0 1 1 1 0 1 0"
371,"ID38-16.84.4:",16,10,29376,"6, 7, 8, 9, 10, 11, 13, 14, 15, 16","1->1, 2->2, 3->3, 4->4, 5->5, 6->15, 7->11, 8->14, 9->8, 10->6, 11->10, 12->12, 13->16, 14->9, 15->13, 16->7","1-6, 1-9, 1-11, 1-12, 1-13, 1-16, 2-7, 2-13, 2-15, 3-8, 3-10, 3-11, 3-14, 3-15, 4-8, 4-10, 4-12, 4-15, 5-11, 5-12, 5-16, 6-9, 6-13, 7-11, 7-13, 7-15, 8-10, 8-11, 8-12, 8-14, 9-12, 9-13, 9-15, 10-14, 10-15, 11-12, 11-13, 11-15, 11-16, 12-15, 12-16, 13-15","1-7, 1-8, 1-10, 1-12, 1-15, 1-16, 2-11, 2-13, 2-16, 3-6, 3-9, 3-10, 3-13, 3-14, 4-6, 4-12, 4-13, 4-14, 5-7, 5-10, 5-12, 6-9, 6-13, 6-14, 7-10, 7-12, 8-12, 8-13, 8-15, 8-16, 9-14, 10-11, 10-12, 10-13, 10-14, 10-16, 11-13, 11-16, 12-13, 12-14, 13-16, 15-16","1-6, 1-7, 1-8, 1-9, 1-10, 1-11, 1-12, 1-13, 1-15, 1-16, 2-7, 2-11, 2-13, 2-15, 2-16, 3-6, 3-8, 3-9, 3-10, 3-11, 3-13, 3-14, 3-15, 4-6, 4-8, 4-10, 4-12, 4-13, 4-14, 4-15, 5-7, 5-10, 5-11, 5-12, 5-16, 6-9, 6-13, 6-14, 7-10, 7-11, 7-12, 7-13, 7-15, 8-10, 8-11, 8-12, 8-13, 8-14, 8-15, 8-16, 9-12, 9-13, 9-14, 9-15, 10-11, 10-12, 10-13, 10-14, 10-15, 10-16, 11-12, 11-13, 11-15, 11-16, 12-13, 12-14, 12-15, 12-16, 13-15, 13-16, 15-16",4,4,8,"0 0 0 0 0 1 0 0 1 0 1 1 1 0 0 1|0 0 0 0 0 0 1 0 0 0 0 0 1 0 1 0|0 0 0 0 0 0 0 1 0 1 1 0 0 1 1 0|0 0 0 0 0 0 0 1 0 1 0 1 0 0 1 0|0 0 0 0 0 0 0 0 0 0 1 1 0 0 0 1|1 0 0 0 0 0 0 0 1 0 0 0 1 0 0 0|0 1 0 0 0 0 0 0 0 0 1 0 1 0 1 0|0 0 1 1 0 0 0 0 0 1 1 1 0 1 0 0|1 0 0 0 0 1 0 0 0 0 0 1 1 0 1 0|0 0 1 1 0 0 0 1 0 0 0 0 0 1 1 0|1 0 1 0 1 0 1 1 0 0 0 1 1 0 1 1|1 0 0 1 1 0 0 1 1 0 1 0 0 0 1 1|1 1 0 0 0 1 1 0 1 0 1 0 0 0 1 0|0 0 1 0 0 0 0 1 0 1 0 0 0 0 0 0|0 1 1 1 0 0 1 0 1 1 1 1 1 0 0 0|1 0 0 0 1 0 0 0 0 0 1 1 0 0 0 0","0 0 0 0 0 0 1 1 0 1 0 1 0 0 1 1|0 0 0 0 0 0 0 0 0 0 1 0 1 0 0 1|0 0 0 0 0 1 0 0 1 1 0 0 1 1 0 0|0 0 0 0 0 1 0 0 0 0 0 1 1 1 0 0|0 0 0 0 0 0 1 0 0 1 0 1 0 0 0 0|0 0 1 1 0 0 0 0 1 0 0 0 1 1 0 0|1 0 0 0 1 0 0 0 0 1 0 1 0 0 0 0|1 0 0 0 0 0 0 0 0 0 0 1 1 0 1 1|0 0 1 0 0 1 0 0 0 0 0 0 0 1 0 0|1 0 1 0 1 0 1 0 0 0 1 1 1 1 0 1|0 1 0 0 0 0 0 0 0 1 0 0 1 0 0 1|1 0 0 1 1 0 1 1 0 1 0 0 1 1 0 0|0 1 1 1 0 1 0 1 0 1 1 1 0 0 0 1|0 0 1 1 0 1 0 0 1 1 0 1 0 0 0 0|1 0 0 0 0 0 0 1 0 0 0 0 0 0 0 1|1 1 0 0 0 0 0 1 0 1 1 0 1 0 1 0","0 0 0 0 0 1 1 1 1 1 1 1 1 0 1 1|0 0 0 0 0 0 1 0 0 0 1 0 1 0 1 1|0 0 0 0 0 1 0 1 1 1 1 0 1 1 1 0|0 0 0 0 0 1 0 1 0 1 0 1 1 1 1 0|0 0 0 0 0 0 1 0 0 1 1 1 0 0 0 1|1 0 1 1 0 0 0 0 1 0 0 0 1 1 0 0|1 1 0 0 1 0 0 0 0 1 1 1 1 0 1 0|1 0 1 1 0 0 0 0 0 1 1 1 1 1 1 1|1 0 1 0 0 1 0 0 0 0 0 1 1 1 1 0|1 0 1 1 1 0 1 1 0 0 1 1 1 1 1 1|1 1 1 0 1 0 1 1 0 1 0 1 1 0 1 1|1 0 0 1 1 0 1 1 1 1 1 0 1 1 1 1|1 1 1 1 0 1 1 1 1 1 1 1 0 0 1 1|0 0 1 1 0 1 0 1 1 1 0 1 0 0 0 0|1 1 1 1 0 0 1 1 1 1 1 1 1 0 0 1|1 1 0 0 1 0 0 1 0 1 1 1 1 0 1 0"
372,"ID39-16.84.5:",16,1,21270,"2, 4, 5, 6, 8, 9, 10, 11, 13, 16","1->1, 2->11, 3->3, 4->16, 5->6, 6->9, 7->7, 8->13, 9->5, 10->4, 11->2, 12->12, 13->10, 14->14, 15->15, 16->8","1-5, 1-7, 1-10, 1-12, 1-16, 2-6, 2-9, 2-13, 2-15, 3-9, 3-11, 3-13, 3-16, 4-7, 4-11, 4-16, 5-8, 5-12, 5-13, 5-14, 5-16, 6-9, 6-13, 6-15, 6-16, 7-10, 7-11, 7-12, 7-16, 8-11, 8-12, 8-13, 9-13, 9-16, 10-16, 11-12, 11-13, 11-16, 13-14, 13-15, 13-16, 14-16","1-4, 1-6, 1-7, 1-8, 1-12, 2-3, 2-7, 2-8, 2-10, 2-12, 2-13, 2-16, 3-5, 3-8, 3-10, 4-7, 4-8, 5-8, 5-9, 5-10, 5-11, 6-8, 6-10, 6-12, 6-13, 6-14, 7-8, 7-12, 7-16, 8-9, 8-10, 8-14, 8-16, 9-10, 9-11, 9-15, 10-11, 10-13, 10-14, 10-15, 11-15, 12-13","1-4, 1-5, 1-6, 1-7, 1-8, 1-10, 1-12, 1-16, 2-3, 2-6, 2-7, 2-8, 2-9, 2-10, 2-12, 2-13, 2-15, 2-16, 3-5, 3-8, 3-9, 3-10, 3-11, 3-13, 3-16, 4-7, 4-8, 4-11, 4-16, 5-8, 5-9, 5-10, 5-11, 5-12, 5-13, 5-14, 5-16, 6-8, 6-9, 6-10, 6-12, 6-13, 6-14, 6-15, 6-16, 7-8, 7-10, 7-11, 7-12, 7-16, 8-9, 8-10, 8-11, 8-12, 8-13, 8-14, 8-16, 9-10, 9-11, 9-13, 9-15, 9-16, 10-11, 10-13, 10-14, 10-15, 10-16, 11-12, 11-13, 11-15, 11-16, 12-13, 13-14, 13-15, 13-16, 14-16",4,4,8,"0 0 0 0 1 0 1 0 0 1 0 1 0 0 0 1|0 0 0 0 0 1 0 0 1 0 0 0 1 0 1 0|0 0 0 0 0 0 0 0 1 0 1 0 1 0 0 1|0 0 0 0 0 0 1 0 0 0 1 0 0 0 0 1|1 0 0 0 0 0 0 1 0 0 0 1 1 1 0 1|0 1 0 0 0 0 0 0 1 0 0 0 1 0 1 1|1 0 0 1 0 0 0 0 0 1 1 1 0 0 0 1|0 0 0 0 1 0 0 0 0 0 1 1 1 0 0 0|0 1 1 0 0 1 0 0 0 0 0 0 1 0 0 1|1 0 0 0 0 0 1 0 0 0 0 0 0 0 0 1|0 0 1 1 0 0 1 1 0 0 0 1 1 0 0 1|1 0 0 0 1 0 1 1 0 0 1 0 0 0 0 0|0 1 1 0 1 1 0 1 1 0 1 0 0 1 1 1|0 0 0 0 1 0 0 0 0 0 0 0 1 0 0 1|0 1 0 0 0 1 0 0 0 0 0 0 1 0 0 0|1 0 1 1 1 1 1 0 1 1 1 0 1 1 0 0","0 0 0 1 0 1 1 1 0 0 0 1 0 0 0 0|0 0 1 0 0 0 1 1 0 1 0 1 1 0 0 1|0 1 0 0 1 0 0 1 0 1 0 0 0 0 0 0|1 0 0 0 0 0 1 1 0 0 0 0 0 0 0 0|0 0 1 0 0 0 0 1 1 1 1 0 0 0 0 0|1 0 0 0 0 0 0 1 0 1 0 1 1 1 0 0|1 1 0 1 0 0 0 1 0 0 0 1 0 0 0 1|1 1 1 1 1 1 1 0 1 1 0 0 0 1 0 1|0 0 0 0 1 0 0 1 0 1 1 0 0 0 1 0|0 1 1 0 1 1 0 1 1 0 1 0 1 1 1 0|0 0 0 0 1 0 0 0 1 1 0 0 0 0 1 0|1 1 0 0 0 1 1 0 0 0 0 0 1 0 0 0|0 1 0 0 0 1 0 0 0 1 0 1 0 0 0 0|0 0 0 0 0 1 0 1 0 1 0 0 0 0 0 0|0 0 0 0 0 0 0 0 1 1 1 0 0 0 0 0|0 1 0 0 0 0 1 1 0 0 0 0 0 0 0 0","0 0 0 1 1 1 1 1 0 1 0 1 0 0 0 1|0 0 1 0 0 1 1 1 1 1 0 1 1 0 1 1|0 1 0 0 1 0 0 1 1 1 1 0 1 0 0 1|1 0 0 0 0 0 1 1 0 0 1 0 0 0 0 1|1 0 1 0 0 0 0 1 1 1 1 1 1 1 0 1|1 1 0 0 0 0 0 1 1 1 0 1 1 1 1 1|1 1 0 1 0 0 0 1 0 1 1 1 0 0 0 1|1 1 1 1 1 1 1 0 1 1 1 1 1 1 0 1|0 1 1 0 1 1 0 1 0 1 1 0 1 0 1 1|1 1 1 0 1 1 1 1 1 0 1 0 1 1 1 1|0 0 1 1 1 0 1 1 1 1 0 1 1 0 1 1|1 1 0 0 1 1 1 1 0 0 1 0 1 0 0 0|0 1 1 0 1 1 0 1 1 1 1 1 0 1 1 1|0 0 0 0 1 1 0 1 0 1 0 0 1 0 0 1|0 1 0 0 0 1 0 0 1 1 1 0 1 0 0 0|1 1 1 1 1 1 1 1 1 1 1 0 1 1 0 0"
373,"ID39-16.84.5:",16,2,24227,"2, 4, 6, 8, 9, 11, 12, 13, 14, 16","1->1, 2->16, 3->3, 4->12, 5->5, 6->11, 7->7, 8->13, 9->2, 10->10, 11->6, 12->8, 13->4, 14->9, 15->15, 16->14","1-5, 1-7, 1-10, 1-12, 1-16, 2-6, 2-9, 2-13, 2-15, 3-9, 3-11, 3-13, 3-16, 4-7, 4-11, 4-16, 5-8, 5-12, 5-13, 5-14, 5-16, 6-9, 6-13, 6-15, 6-16, 7-10, 7-11, 7-12, 7-16, 8-11, 8-12, 8-13, 9-13, 9-16, 10-16, 11-12, 11-13, 11-16, 13-14, 13-15, 13-16, 14-16","1-5, 1-7, 1-8, 1-10, 1-14, 2-3, 2-4, 2-11, 2-14, 2-16, 3-4, 3-6, 3-14, 4-5, 4-6, 4-9, 4-11, 4-13, 4-14, 4-15, 4-16, 5-8, 5-9, 5-13, 5-14, 6-7, 6-8, 6-12, 6-13, 6-14, 7-8, 7-10, 7-12, 7-14, 8-13, 9-14, 10-14, 11-14, 11-15, 11-16, 12-14, 15-16","1-5, 1-7, 1-8, 1-10, 1-12, 1-14, 1-16, 2-3, 2-4, 2-6, 2-9, 2-11, 2-13, 2-14, 2-15, 2-16, 3-4, 3-6, 3-9, 3-11, 3-13, 3-14, 3-16, 4-5, 4-6, 4-7, 4-9, 4-11, 4-13, 4-14, 4-15, 4-16, 5-8, 5-9, 5-12, 5-13, 5-14, 5-16, 6-7, 6-8, 6-9, 6-12, 6-13, 6-14, 6-15, 6-16, 7-8, 7-10, 7-11, 7-12, 7-14, 7-16, 8-11, 8-12, 8-13, 9-13, 9-14, 9-16, 10-14, 10-16, 11-12, 11-13, 11-14, 11-15, 11-16, 12-14, 13-14, 13-15, 13-16, 14-16, 15-16",4,4,8,"0 0 0 0 1 0 1 0 0 1 0 1 0 0 0 1|0 0 0 0 0 1 0 0 1 0 0 0 1 0 1 0|0 0 0 0 0 0 0 0 1 0 1 0 1 0 0 1|0 0 0 0 0 0 1 0 0 0 1 0 0 0 0 1|1 0 0 0 0 0 0 1 0 0 0 1 1 1 0 1|0 1 0 0 0 0 0 0 1 0 0 0 1 0 1 1|1 0 0 1 0 0 0 0 0 1 1 1 0 0 0 1|0 0 0 0 1 0 0 0 0 0 1 1 1 0 0 0|0 1 1 0 0 1 0 0 0 0 0 0 1 0 0 1|1 0 0 0 0 0 1 0 0 0 0 0 0 0 0 1|0 0 1 1 0 0 1 1 0 0 0 1 1 0 0 1|1 0 0 0 1 0 1 1 0 0 1 0 0 0 0 0|0 1 1 0 1 1 0 1 1 0 1 0 0 1 1 1|0 0 0 0 1 0 0 0 0 0 0 0 1 0 0 1|0 1 0 0 0 1 0 0 0 0 0 0 1 0 0 0|1 0 1 1 1 1 1 0 1 1 1 0 1 1 0 0","0 0 0 0 1 0 1 1 0 1 0 0 0 1 0 0|0 0 1 1 0 0 0 0 0 0 1 0 0 1 0 1|0 1 0 1 0 1 0 0 0 0 0 0 0 1 0 0|0 1 1 0 1 1 0 0 1 0 1 0 1 1 1 1|1 0 0 1 0 0 0 1 1 0 0 0 1 1 0 0|0 0 1 1 0 0 1 1 0 0 0 1 1 1 0 0|1 0 0 0 0 1 0 1 0 1 0 1 0 1 0 0|1 0 0 0 1 1 1 0 0 0 0 0 1 0 0 0|0 0 0 1 1 0 0 0 0 0 0 0 0 1 0 0|1 0 0 0 0 0 1 0 0 0 0 0 0 1 0 0|0 1 0 1 0 0 0 0 0 0 0 0 0 1 1 1|0 0 0 0 0 1 1 0 0 0 0 0 0 1 0 0|0 0 0 1 1 1 0 1 0 0 0 0 0 0 0 0|1 1 1 1 1 1 1 0 1 1 1 1 0 0 0 0|0 0 0 1 0 0 0 0 0 0 1 0 0 0 0 1|0 1 0 1 0 0 0 0 0 0 1 0 0 0 1 0","0 0 0 0 1 0 1 1 0 1 0 1 0 1 0 1|0 0 1 1 0 1 0 0 1 0 1 0 1 1 1 1|0 1 0 1 0 1 0 0 1 0 1 0 1 1 0 1|0 1 1 0 1 1 1 0 1 0 1 0 1 1 1 1|1 0 0 1 0 0 0 1 1 0 0 1 1 1 0 1|0 1 1 1 0 0 1 1 1 0 0 1 1 1 1 1|1 0 0 1 0 1 0 1 0 1 1 1 0 1 0 1|1 0 0 0 1 1 1 0 0 0 1 1 1 0 0 0|0 1 1 1 1 1 0 0 0 0 0 0 1 1 0 1|1 0 0 0 0 0 1 0 0 0 0 0 0 1 0 1|0 1 1 1 0 0 1 1 0 0 0 1 1 1 1 1|1 0 0 0 1 1 1 1 0 0 1 0 0 1 0 0|0 1 1 1 1 1 0 1 1 0 1 0 0 1 1 1|1 1 1 1 1 1 1 0 1 1 1 1 1 0 0 1|0 1 0 1 0 1 0 0 0 0 1 0 1 0 0 1|1 1 1 1 1 1 1 0 1 1 1 0 1 1 1 0"
374,"ID39-16.84.5:",16,3,47902,"4, 5, 6, 7, 8, 9, 10, 11, 13, 16","1->1, 2->2, 3->3, 4->7, 5->9, 6->5, 7->10, 8->11, 9->16, 10->13, 11->6, 12->12, 13->8, 14->14, 15->15, 16->4","1-5, 1-7, 1-10, 1-12, 1-16, 2-6, 2-9, 2-13, 2-15, 3-9, 3-11, 3-13, 3-16, 4-7, 4-11, 4-16, 5-8, 5-12, 5-13, 5-14, 5-16, 6-9, 6-13, 6-15, 6-16, 7-10, 7-11, 7-12, 7-16, 8-11, 8-12, 8-13, 9-13, 9-16, 10-16, 11-12, 11-13, 11-16, 13-14, 13-15, 13-16, 14-16","1-4, 1-9, 1-10, 1-12, 1-13, 2-5, 2-8, 2-15, 2-16, 3-4, 3-6, 3-8, 3-16, 4-5, 4-6, 4-7, 4-8, 4-9, 4-10, 4-13, 4-14, 4-16, 5-8, 5-15, 5-16, 6-7, 6-8, 6-10, 6-11, 6-12, 7-10, 8-9, 8-11, 8-14, 8-15, 8-16, 9-11, 9-12, 9-14, 10-12, 10-13, 11-12","1-4, 1-5, 1-7, 1-9, 1-10, 1-12, 1-13, 1-16, 2-5, 2-6, 2-8, 2-9, 2-13, 2-15, 2-16, 3-4, 3-6, 3-8, 3-9, 3-11, 3-13, 3-16, 4-5, 4-6, 4-7, 4-8, 4-9, 4-10, 4-11, 4-13, 4-14, 4-16, 5-8, 5-12, 5-13, 5-14, 5-15, 5-16, 6-7, 6-8, 6-9, 6-10, 6-11, 6-12, 6-13, 6-15, 6-16, 7-10, 7-11, 7-12, 7-16, 8-9, 8-11, 8-12, 8-13, 8-14, 8-15, 8-16, 9-11, 9-12, 9-13, 9-14, 9-16, 10-12, 10-13, 10-16, 11-12, 11-13, 11-16, 13-14, 13-15, 13-16, 14-16",4,4,8,"0 0 0 0 1 0 1 0 0 1 0 1 0 0 0 1|0 0 0 0 0 1 0 0 1 0 0 0 1 0 1 0|0 0 0 0 0 0 0 0 1 0 1 0 1 0 0 1|0 0 0 0 0 0 1 0 0 0 1 0 0 0 0 1|1 0 0 0 0 0 0 1 0 0 0 1 1 1 0 1|0 1 0 0 0 0 0 0 1 0 0 0 1 0 1 1|1 0 0 1 0 0 0 0 0 1 1 1 0 0 0 1|0 0 0 0 1 0 0 0 0 0 1 1 1 0 0 0|0 1 1 0 0 1 0 0 0 0 0 0 1 0 0 1|1 0 0 0 0 0 1 0 0 0 0 0 0 0 0 1|0 0 1 1 0 0 1 1 0 0 0 1 1 0 0 1|1 0 0 0 1 0 1 1 0 0 1 0 0 0 0 0|0 1 1 0 1 1 0 1 1 0 1 0 0 1 1 1|0 0 0 0 1 0 0 0 0 0 0 0 1 0 0 1|0 1 0 0 0 1 0 0 0 0 0 0 1 0 0 0|1 0 1 1 1 1 1 0 1 1 1 0 1 1 0 0","0 0 0 1 0 0 0 0 1 1 0 1 1 0 0 0|0 0 0 0 1 0 0 1 0 0 0 0 0 0 1 1|0 0 0 1 0 1 0 1 0 0 0 0 0 0 0 1|1 0 1 0 1 1 1 1 1 1 0 0 1 1 0 1|0 1 0 1 0 0 0 1 0 0 0 0 0 0 1 1|0 0 1 1 0 0 1 1 0 1 1 1 0 0 0 0|0 0 0 1 0 1 0 0 0 1 0 0 0 0 0 0|0 1 1 1 1 1 0 0 1 0 1 0 0 1 1 1|1 0 0 1 0 0 0 1 0 0 1 1 0 1 0 0|1 0 0 1 0 1 1 0 0 0 0 1 1 0 0 0|0 0 0 0 0 1 0 1 1 0 0 1 0 0 0 0|1 0 0 0 0 1 0 0 1 1 1 0 0 0 0 0|1 0 0 1 0 0 0 0 0 1 0 0 0 0 0 0|0 0 0 1 0 0 0 1 1 0 0 0 0 0 0 0|0 1 0 0 1 0 0 1 0 0 0 0 0 0 0 0|0 1 1 1 1 0 0 1 0 0 0 0 0 0 0 0","0 0 0 1 1 0 1 0 1 1 0 1 1 0 0 1|0 0 0 0 1 1 0 1 1 0 0 0 1 0 1 1|0 0 0 1 0 1 0 1 1 0 1 0 1 0 0 1|1 0 1 0 1 1 1 1 1 1 1 0 1 1 0 1|1 1 0 1 0 0 0 1 0 0 0 1 1 1 1 1|0 1 1 1 0 0 1 1 1 1 1 1 1 0 1 1|1 0 0 1 0 1 0 0 0 1 1 1 0 0 0 1|0 1 1 1 1 1 0 0 1 0 1 1 1 1 1 1|1 1 1 1 0 1 0 1 0 0 1 1 1 1 0 1|1 0 0 1 0 1 1 0 0 0 0 1 1 0 0 1|0 0 1 1 0 1 1 1 1 0 0 1 1 0 0 1|1 0 0 0 1 1 1 1 1 1 1 0 0 0 0 0|1 1 1 1 1 1 0 1 1 1 1 0 0 1 1 1|0 0 0 1 1 0 0 1 1 0 0 0 1 0 0 1|0 1 0 0 1 1 0 1 0 0 0 0 1 0 0 0|1 1 1 1 1 1 1 1 1 1 1 0 1 1 0 0"
375,"ID39-16.84.5:",16,4,81616,"4, 5, 7, 8, 9, 11, 12, 13, 14, 16","1->1, 2->2, 3->3, 4->14, 5->8, 6->6, 7->9, 8->7, 9->13, 10->10, 11->5, 12->11, 13->4, 14->16, 15->15, 16->12","1-5, 1-7, 1-10, 1-12, 1-16, 2-6, 2-9, 2-13, 2-15, 3-9, 3-11, 3-13, 3-16, 4-7, 4-11, 4-16, 5-8, 5-12, 5-13, 5-14, 5-16, 6-9, 6-13, 6-15, 6-16, 7-10, 7-11, 7-12, 7-16, 8-11, 8-12, 8-13, 9-13, 9-16, 10-16, 11-12, 11-13, 11-16, 13-14, 13-15, 13-16, 14-16","1-8, 1-9, 1-10, 1-11, 1-12, 2-4, 2-6, 2-13, 2-15, 3-4, 3-5, 3-12, 3-13, 4-5, 4-6, 4-7, 4-8, 4-12, 4-13, 4-15, 4-16, 5-7, 5-9, 5-11, 5-12, 5-14, 6-12, 6-13, 6-15, 7-8, 7-11, 8-11, 8-12, 8-16, 9-10, 9-11, 9-12, 9-14, 10-12, 12-13, 12-14, 12-16","1-5, 1-7, 1-8, 1-9, 1-10, 1-11, 1-12, 1-16, 2-4, 2-6, 2-9, 2-13, 2-15, 3-4, 3-5, 3-9, 3-11, 3-12, 3-13, 3-16, 4-5, 4-6, 4-7, 4-8, 4-11, 4-12, 4-13, 4-15, 4-16, 5-7, 5-8, 5-9, 5-11, 5-12, 5-13, 5-14, 5-16, 6-9, 6-12, 6-13, 6-15, 6-16, 7-8, 7-10, 7-11, 7-12, 7-16, 8-11, 8-12, 8-13, 8-16, 9-10, 9-11, 9-12, 9-13, 9-14, 9-16, 10-12, 10-16, 11-12, 11-13, 11-16, 12-13, 12-14, 12-16, 13-14, 13-15, 13-16, 14-16",4,4,8,"0 0 0 0 1 0 1 0 0 1 0 1 0 0 0 1|0 0 0 0 0 1 0 0 1 0 0 0 1 0 1 0|0 0 0 0 0 0 0 0 1 0 1 0 1 0 0 1|0 0 0 0 0 0 1 0 0 0 1 0 0 0 0 1|1 0 0 0 0 0 0 1 0 0 0 1 1 1 0 1|0 1 0 0 0 0 0 0 1 0 0 0 1 0 1 1|1 0 0 1 0 0 0 0 0 1 1 1 0 0 0 1|0 0 0 0 1 0 0 0 0 0 1 1 1 0 0 0|0 1 1 0 0 1 0 0 0 0 0 0 1 0 0 1|1 0 0 0 0 0 1 0 0 0 0 0 0 0 0 1|0 0 1 1 0 0 1 1 0 0 0 1 1 0 0 1|1 0 0 0 1 0 1 1 0 0 1 0 0 0 0 0|0 1 1 0 1 1 0 1 1 0 1 0 0 1 1 1|0 0 0 0 1 0 0 0 0 0 0 0 1 0 0 1|0 1 0 0 0 1 0 0 0 0 0 0 1 0 0 0|1 0 1 1 1 1 1 0 1 1 1 0 1 1 0 0","0 0 0 0 0 0 0 1 1 1 1 1 0 0 0 0|0 0 0 1 0 1 0 0 0 0 0 0 1 0 1 0|0 0 0 1 1 0 0 0 0 0 0 1 1 0 0 0|0 1 1 0 1 1 1 1 0 0 0 1 1 0 1 1|0 0 1 1 0 0 1 0 1 0 1 1 0 1 0 0|0 1 0 1 0 0 0 0 0 0 0 1 1 0 1 0|0 0 0 1 1 0 0 1 0 0 1 0 0 0 0 0|1 0 0 1 0 0 1 0 0 0 1 1 0 0 0 1|1 0 0 0 1 0 0 0 0 1 1 1 0 1 0 0|1 0 0 0 0 0 0 0 1 0 0 1 0 0 0 0|1 0 0 0 1 0 1 1 1 0 0 0 0 0 0 0|1 0 1 1 1 1 0 1 1 1 0 0 1 1 0 1|0 1 1 1 0 1 0 0 0 0 0 1 0 0 0 0|0 0 0 0 1 0 0 0 1 0 0 1 0 0 0 0|0 1 0 1 0 1 0 0 0 0 0 0 0 0 0 0|0 0 0 1 0 0 0 1 0 0 0 1 0 0 0 0","0 0 0 0 1 0 1 1 1 1 1 1 0 0 0 1|0 0 0 1 0 1 0 0 1 0 0 0 1 0 1 0|0 0 0 1 1 0 0 0 1 0 1 1 1 0 0 1|0 1 1 0 1 1 1 1 0 0 1 1 1 0 1 1|1 0 1 1 0 0 1 1 1 0 1 1 1 1 0 1|0 1 0 1 0 0 0 0 1 0 0 1 1 0 1 1|1 0 0 1 1 0 0 1 0 1 1 1 0 0 0 1|1 0 0 1 1 0 1 0 0 0 1 1 1 0 0 1|1 1 1 0 1 1 0 0 0 1 1 1 1 1 0 1|1 0 0 0 0 0 1 0 1 0 0 1 0 0 0 1|1 0 1 1 1 0 1 1 1 0 0 1 1 0 0 1|1 0 1 1 1 1 1 1 1 1 1 0 1 1 0 1|0 1 1 1 1 1 0 1 1 0 1 1 0 1 1 1|0 0 0 0 1 0 0 0 1 0 0 1 1 0 0 1|0 1 0 1 0 1 0 0 0 0 0 0 1 0 0 0|1 0 1 1 1 1 1 1 1 1 1 1 1 1 0 0"
376,"ID39-16.84.5:",16,5,131106,"1, 3, 6, 8, 9, 12, 13, 14, 15, 16","1->14, 2->2, 3->6, 4->4, 5->5, 6->16, 7->7, 8->1, 9->3, 10->10, 11->11, 12->13, 13->8, 14->9, 15->12, 16->15","1-5, 1-7, 1-10, 1-12, 1-16, 2-6, 2-9, 2-13, 2-15, 3-9, 3-11, 3-13, 3-16, 4-7, 4-11, 4-16, 5-8, 5-12, 5-13, 5-14, 5-16, 6-9, 6-13, 6-15, 6-16, 7-10, 7-11, 7-12, 7-16, 8-11, 8-12, 8-13, 9-13, 9-16, 10-16, 11-12, 11-13, 11-16, 13-14, 13-15, 13-16, 14-16","1-5, 1-8, 1-11, 1-13, 2-3, 2-8, 2-12, 2-16, 3-6, 3-8, 3-15, 3-16, 4-7, 4-11, 4-15, 5-8, 5-9, 5-13, 5-14, 5-15, 6-8, 6-11, 6-15, 7-10, 7-11, 7-13, 7-14, 7-15, 8-9, 8-11, 8-12, 8-15, 8-16, 9-15, 10-14, 10-15, 11-13, 11-15, 12-16, 13-14, 14-15, 15-16","1-5, 1-7, 1-8, 1-10, 1-11, 1-12, 1-13, 1-16, 2-3, 2-6, 2-8, 2-9, 2-12, 2-13, 2-15, 2-16, 3-6, 3-8, 3-9, 3-11, 3-13, 3-15, 3-16, 4-7, 4-11, 4-15, 4-16, 5-8, 5-9, 5-12, 5-13, 5-14, 5-15, 5-16, 6-8, 6-9, 6-11, 6-13, 6-15, 6-16, 7-10, 7-11, 7-12, 7-13, 7-14, 7-15, 7-16, 8-9, 8-11, 8-12, 8-13, 8-15, 8-16, 9-13, 9-15, 9-16, 10-14, 10-15, 10-16, 11-12, 11-13, 11-15, 11-16, 12-16, 13-14, 13-15, 13-16, 14-15, 14-16, 15-16",4,4,8,"0 0 0 0 1 0 1 0 0 1 0 1 0 0 0 1|0 0 0 0 0 1 0 0 1 0 0 0 1 0 1 0|0 0 0 0 0 0 0 0 1 0 1 0 1 0 0 1|0 0 0 0 0 0 1 0 0 0 1 0 0 0 0 1|1 0 0 0 0 0 0 1 0 0 0 1 1 1 0 1|0 1 0 0 0 0 0 0 1 0 0 0 1 0 1 1|1 0 0 1 0 0 0 0 0 1 1 1 0 0 0 1|0 0 0 0 1 0 0 0 0 0 1 1 1 0 0 0|0 1 1 0 0 1 0 0 0 0 0 0 1 0 0 1|1 0 0 0 0 0 1 0 0 0 0 0 0 0 0 1|0 0 1 1 0 0 1 1 0 0 0 1 1 0 0 1|1 0 0 0 1 0 1 1 0 0 1 0 0 0 0 0|0 1 1 0 1 1 0 1 1 0 1 0 0 1 1 1|0 0 0 0 1 0 0 0 0 0 0 0 1 0 0 1|0 1 0 0 0 1 0 0 0 0 0 0 1 0 0 0|1 0 1 1 1 1 1 0 1 1 1 0 1 1 0 0","0 0 0 0 1 0 0 1 0 0 1 0 1 0 0 0|0 0 1 0 0 0 0 1 0 0 0 1 0 0 0 1|0 1 0 0 0 1 0 1 0 0 0 0 0 0 1 1|0 0 0 0 0 0 1 0 0 0 1 0 0 0 1 0|1 0 0 0 0 0 0 1 1 0 0 0 1 1 1 0|0 0 1 0 0 0 0 1 0 0 1 0 0 0 1 0|0 0 0 1 0 0 0 0 0 1 1 0 1 1 1 0|1 1 1 0 1 1 0 0 1 0 1 1 0 0 1 1|0 0 0 0 1 0 0 1 0 0 0 0 0 0 1 0|0 0 0 0 0 0 1 0 0 0 0 0 0 1 1 0|1 0 0 1 0 1 1 1 0 0 0 0 1 0 1 0|0 1 0 0 0 0 0 1 0 0 0 0 0 0 0 1|1 0 0 0 1 0 1 0 0 0 1 0 0 1 0 0|0 0 0 0 1 0 1 0 0 1 0 0 1 0 1 0|0 0 1 1 1 1 1 1 1 1 1 0 0 1 0 1|0 1 1 0 0 0 0 1 0 0 0 1 0 0 1 0","0 0 0 0 1 0 1 1 0 1 1 1 1 0 0 1|0 0 1 0 0 1 0 1 1 0 0 1 1 0 1 1|0 1 0 0 0 1 0 1 1 0 1 0 1 0 1 1|0 0 0 0 0 0 1 0 0 0 1 0 0 0 1 1|1 0 0 0 0 0 0 1 1 0 0 1 1 1 1 1|0 1 1 0 0 0 0 1 1 0 1 0 1 0 1 1|1 0 0 1 0 0 0 0 0 1 1 1 1 1 1 1|1 1 1 0 1 1 0 0 1 0 1 1 1 0 1 1|0 1 1 0 1 1 0 1 0 0 0 0 1 0 1 1|1 0 0 0 0 0 1 0 0 0 0 0 0 1 1 1|1 0 1 1 0 1 1 1 0 0 0 1 1 0 1 1|1 1 0 0 1 0 1 1 0 0 1 0 0 0 0 1|1 1 1 0 1 1 1 1 1 0 1 0 0 1 1 1|0 0 0 0 1 0 1 0 0 1 0 0 1 0 1 1|0 1 1 1 1 1 1 1 1 1 1 0 1 1 0 1|1 1 1 1 1 1 1 1 1 1 1 1 1 1 1 0"
377,"ID39-16.84.5:",16,6,131734,"2, 5, 6, 8, 9, 10, 11, 12, 13, 16","1->1, 2->12, 3->3, 4->4, 5->10, 6->9, 7->7, 8->16, 9->6, 10->13, 11->2, 12->8, 13->11, 14->14, 15->15, 16->5","1-5, 1-7, 1-10, 1-12, 1-16, 2-6, 2-9, 2-13, 2-15, 3-9, 3-11, 3-13, 3-16, 4-7, 4-11, 4-16, 5-8, 5-12, 5-13, 5-14, 5-16, 6-9, 6-13, 6-15, 6-16, 7-10, 7-11, 7-12, 7-16, 8-11, 8-12, 8-13, 9-13, 9-16, 10-16, 11-12, 11-13, 11-16, 13-14, 13-15, 13-16, 14-16","1-5, 1-7, 1-8, 1-10, 1-13, 2-3, 2-4, 2-5, 2-7, 2-8, 2-11, 2-16, 3-5, 3-6, 3-11, 4-5, 4-7, 5-6, 5-7, 5-9, 5-10, 5-11, 5-13, 5-14, 6-9, 6-11, 6-12, 7-8, 7-13, 8-10, 8-16, 9-11, 9-12, 9-15, 10-11, 10-14, 10-16, 11-12, 11-14, 11-15, 11-16, 12-15","1-5, 1-7, 1-8, 1-10, 1-12, 1-13, 1-16, 2-3, 2-4, 2-5, 2-6, 2-7, 2-8, 2-9, 2-11, 2-13, 2-15, 2-16, 3-5, 3-6, 3-9, 3-11, 3-13, 3-16, 4-5, 4-7, 4-11, 4-16, 5-6, 5-7, 5-8, 5-9, 5-10, 5-11, 5-12, 5-13, 5-14, 5-16, 6-9, 6-11, 6-12, 6-13, 6-15, 6-16, 7-8, 7-10, 7-11, 7-12, 7-13, 7-16, 8-10, 8-11, 8-12, 8-13, 8-16, 9-11, 9-12, 9-13, 9-15, 9-16, 10-11, 10-14, 10-16, 11-12, 11-13, 11-14, 11-15, 11-16, 12-15, 13-14, 13-15, 13-16, 14-16",4,4,8,"0 0 0 0 1 0 1 0 0 1 0 1 0 0 0 1|0 0 0 0 0 1 0 0 1 0 0 0 1 0 1 0|0 0 0 0 0 0 0 0 1 0 1 0 1 0 0 1|0 0 0 0 0 0 1 0 0 0 1 0 0 0 0 1|1 0 0 0 0 0 0 1 0 0 0 1 1 1 0 1|0 1 0 0 0 0 0 0 1 0 0 0 1 0 1 1|1 0 0 1 0 0 0 0 0 1 1 1 0 0 0 1|0 0 0 0 1 0 0 0 0 0 1 1 1 0 0 0|0 1 1 0 0 1 0 0 0 0 0 0 1 0 0 1|1 0 0 0 0 0 1 0 0 0 0 0 0 0 0 1|0 0 1 1 0 0 1 1 0 0 0 1 1 0 0 1|1 0 0 0 1 0 1 1 0 0 1 0 0 0 0 0|0 1 1 0 1 1 0 1 1 0 1 0 0 1 1 1|0 0 0 0 1 0 0 0 0 0 0 0 1 0 0 1|0 1 0 0 0 1 0 0 0 0 0 0 1 0 0 0|1 0 1 1 1 1 1 0 1 1 1 0 1 1 0 0","0 0 0 0 1 0 1 1 0 1 0 0 1 0 0 0|0 0 1 1 1 0 1 1 0 0 1 0 0 0 0 1|0 1 0 0 1 1 0 0 0 0 1 0 0 0 0 0|0 1 0 0 1 0 1 0 0 0 0 0 0 0 0 0|1 1 1 1 0 1 1 0 1 1 1 0 1 1 0 0|0 0 1 0 1 0 0 0 1 0 1 1 0 0 0 0|1 1 0 1 1 0 0 1 0 0 0 0 1 0 0 0|1 1 0 0 0 0 1 0 0 1 0 0 0 0 0 1|0 0 0 0 1 1 0 0 0 0 1 1 0 0 1 0|1 0 0 0 1 0 0 1 0 0 1 0 0 1 0 1|0 1 1 0 1 1 0 0 1 1 0 1 0 1 1 1|0 0 0 0 0 1 0 0 1 0 1 0 0 0 1 0|1 0 0 0 1 0 1 0 0 0 0 0 0 0 0 0|0 0 0 0 1 0 0 0 0 1 1 0 0 0 0 0|0 0 0 0 0 0 0 0 1 0 1 1 0 0 0 0|0 1 0 0 0 0 0 1 0 1 1 0 0 0 0 0","0 0 0 0 1 0 1 1 0 1 0 1 1 0 0 1|0 0 1 1 1 1 1 1 1 0 1 0 1 0 1 1|0 1 0 0 1 1 0 0 1 0 1 0 1 0 0 1|0 1 0 0 1 0 1 0 0 0 1 0 0 0 0 1|1 1 1 1 0 1 1 1 1 1 1 1 1 1 0 1|0 1 1 0 1 0 0 0 1 0 1 1 1 0 1 1|1 1 0 1 1 0 0 1 0 1 1 1 1 0 0 1|1 1 0 0 1 0 1 0 0 1 1 1 1 0 0 1|0 1 1 0 1 1 0 0 0 0 1 1 1 0 1 1|1 0 0 0 1 0 1 1 0 0 1 0 0 1 0 1|0 1 1 1 1 1 1 1 1 1 0 1 1 1 1 1|1 0 0 0 1 1 1 1 1 0 1 0 0 0 1 0|1 1 1 0 1 1 1 1 1 0 1 0 0 1 1 1|0 0 0 0 1 0 0 0 0 1 1 0 1 0 0 1|0 1 0 0 0 1 0 0 1 0 1 1 1 0 0 0|1 1 1 1 1 1 1 1 1 1 1 0 1 1 0 0"
378,"ID39-16.84.5:",16,7,134753,"1, 2, 4, 5, 6, 7, 8, 11, 12, 16","1->5, 2->12, 3->3, 4->2, 5->7, 6->16, 7->11, 8->6, 9->9, 10->10, 11->1, 12->4, 13->13, 14->14, 15->15, 16->8","1-5, 1-7, 1-10, 1-12, 1-16, 2-6, 2-9, 2-13, 2-15, 3-9, 3-11, 3-13, 3-16, 4-7, 4-11, 4-16, 5-8, 5-12, 5-13, 5-14, 5-16, 6-9, 6-13, 6-15, 6-16, 7-10, 7-11, 7-12, 7-16, 8-11, 8-12, 8-13, 9-13, 9-16, 10-16, 11-12, 11-13, 11-16, 13-14, 13-15, 13-16, 14-16","1-2, 1-3, 1-4, 1-6, 1-8, 1-11, 1-13, 2-8, 2-11, 3-8, 3-9, 3-13, 4-5, 4-6, 4-7, 4-11, 5-7, 5-8, 5-10, 5-11, 6-7, 6-13, 7-8, 7-13, 7-14, 8-9, 8-10, 8-11, 8-13, 8-14, 8-16, 9-12, 9-13, 9-16, 10-11, 12-13, 12-15, 12-16, 13-14, 13-15, 13-16, 15-16","1-2, 1-3, 1-4, 1-5, 1-6, 1-7, 1-8, 1-10, 1-11, 1-12, 1-13, 1-16, 2-6, 2-8, 2-9, 2-11, 2-13, 2-15, 3-8, 3-9, 3-11, 3-13, 3-16, 4-5, 4-6, 4-7, 4-11, 4-16, 5-7, 5-8, 5-10, 5-11, 5-12, 5-13, 5-14, 5-16, 6-7, 6-9, 6-13, 6-15, 6-16, 7-8, 7-10, 7-11, 7-12, 7-13, 7-14, 7-16, 8-9, 8-10, 8-11, 8-12, 8-13, 8-14, 8-16, 9-12, 9-13, 9-16, 10-11, 10-16, 11-12, 11-13, 11-16, 12-13, 12-15, 12-16, 13-14, 13-15, 13-16, 14-16, 15-16",4,4,8,"0 0 0 0 1 0 1 0 0 1 0 1 0 0 0 1|0 0 0 0 0 1 0 0 1 0 0 0 1 0 1 0|0 0 0 0 0 0 0 0 1 0 1 0 1 0 0 1|0 0 0 0 0 0 1 0 0 0 1 0 0 0 0 1|1 0 0 0 0 0 0 1 0 0 0 1 1 1 0 1|0 1 0 0 0 0 0 0 1 0 0 0 1 0 1 1|1 0 0 1 0 0 0 0 0 1 1 1 0 0 0 1|0 0 0 0 1 0 0 0 0 0 1 1 1 0 0 0|0 1 1 0 0 1 0 0 0 0 0 0 1 0 0 1|1 0 0 0 0 0 1 0 0 0 0 0 0 0 0 1|0 0 1 1 0 0 1 1 0 0 0 1 1 0 0 1|1 0 0 0 1 0 1 1 0 0 1 0 0 0 0 0|0 1 1 0 1 1 0 1 1 0 1 0 0 1 1 1|0 0 0 0 1 0 0 0 0 0 0 0 1 0 0 1|0 1 0 0 0 1 0 0 0 0 0 0 1 0 0 0|1 0 1 1 1 1 1 0 1 1 1 0 1 1 0 0","0 1 1 1 0 1 0 1 0 0 1 0 1 0 0 0|1 0 0 0 0 0 0 1 0 0 1 0 0 0 0 0|1 0 0 0 0 0 0 1 1 0 0 0 1 0 0 0|1 0 0 0 1 1 1 0 0 0 1 0 0 0 0 0|0 0 0 1 0 0 1 1 0 1 1 0 0 0 0 0|1 0 0 1 0 0 1 0 0 0 0 0 1 0 0 0|0 0 0 1 1 1 0 1 0 0 0 0 1 1 0 0|1 1 1 0 1 0 1 0 1 1 1 0 1 1 0 1|0 0 1 0 0 0 0 1 0 0 0 1 1 0 0 1|0 0 0 0 1 0 0 1 0 0 1 0 0 0 0 0|1 1 0 1 1 0 0 1 0 1 0 0 0 0 0 0|0 0 0 0 0 0 0 0 1 0 0 0 1 0 1 1|1 0 1 0 0 1 1 1 1 0 0 1 0 1 1 1|0 0 0 0 0 0 1 1 0 0 0 0 1 0 0 0|0 0 0 0 0 0 0 0 0 0 0 1 1 0 0 1|0 0 0 0 0 0 0 1 1 0 0 1 1 0 1 0","0 1 1 1 1 1 1 1 0 1 1 1 1 0 0 1|1 0 0 0 0 1 0 1 1 0 1 0 1 0 1 0|1 0 0 0 0 0 0 1 1 0 1 0 1 0 0 1|1 0 0 0 1 1 1 0 0 0 1 0 0 0 0 1|1 0 0 1 0 0 1 1 0 1 1 1 1 1 0 1|1 1 0 1 0 0 1 0 1 0 0 0 1 0 1 1|1 0 0 1 1 1 0 1 0 1 1 1 1 1 0 1|1 1 1 0 1 0 1 0 1 1 1 1 1 1 0 1|0 1 1 0 0 1 0 1 0 0 0 1 1 0 0 1|1 0 0 0 1 0 1 1 0 0 1 0 0 0 0 1|1 1 1 1 1 0 1 1 0 1 0 1 1 0 0 1|1 0 0 0 1 0 1 1 1 0 1 0 1 0 1 1|1 1 1 0 1 1 1 1 1 0 1 1 0 1 1 1|0 0 0 0 1 0 1 1 0 0 0 0 1 0 0 1|0 1 0 0 0 1 0 0 0 0 0 1 1 0 0 1|1 0 1 1 1 1 1 1 1 1 1 1 1 1 1 0"
379,"ID39-16.84.5:",16,8,137538,"2, 3, 4, 6, 7, 8, 9, 13, 14, 16","1->1, 2->16, 3->6, 4->8, 5->5, 6->4, 7->9, 8->14, 9->3, 10->10, 11->11, 12->12, 13->2, 14->13, 15->15, 16->7","1-5, 1-7, 1-10, 1-12, 1-16, 2-6, 2-9, 2-13, 2-15, 3-9, 3-11, 3-13, 3-16, 4-7, 4-11, 4-16, 5-8, 5-12, 5-13, 5-14, 5-16, 6-9, 6-13, 6-15, 6-16, 7-10, 7-11, 7-12, 7-16, 8-11, 8-12, 8-13, 9-13, 9-16, 10-16, 11-12, 11-13, 11-16, 13-14, 13-15, 13-16, 14-16","1-5, 1-7, 1-9, 1-10, 1-12, 2-3, 2-4, 2-5, 2-6, 2-7, 2-11, 2-13, 2-14, 2-15, 2-16, 3-4, 3-6, 3-7, 3-16, 4-7, 4-15, 4-16, 5-7, 5-12, 5-13, 5-14, 6-7, 6-11, 7-8, 7-9, 7-10, 7-11, 7-13, 8-9, 8-11, 9-10, 9-11, 9-12, 11-12, 11-14, 12-14, 15-16","1-5, 1-7, 1-9, 1-10, 1-12, 1-16, 2-3, 2-4, 2-5, 2-6, 2-7, 2-9, 2-11, 2-13, 2-14, 2-15, 2-16, 3-4, 3-6, 3-7, 3-9, 3-11, 3-13, 3-16, 4-7, 4-11, 4-15, 4-16, 5-7, 5-8, 5-12, 5-13, 5-14, 5-16, 6-7, 6-9, 6-11, 6-13, 6-15, 6-16, 7-8, 7-9, 7-10, 7-11, 7-12, 7-13, 7-16, 8-9, 8-11, 8-12, 8-13, 9-10, 9-11, 9-12, 9-13, 9-16, 10-16, 11-12, 11-13, 11-14, 11-16, 12-14, 13-14, 13-15, 13-16, 14-16, 15-16",4,4,8,"0 0 0 0 1 0 1 0 0 1 0 1 0 0 0 1|0 0 0 0 0 1 0 0 1 0 0 0 1 0 1 0|0 0 0 0 0 0 0 0 1 0 1 0 1 0 0 1|0 0 0 0 0 0 1 0 0 0 1 0 0 0 0 1|1 0 0 0 0 0 0 1 0 0 0 1 1 1 0 1|0 1 0 0 0 0 0 0 1 0 0 0 1 0 1 1|1 0 0 1 0 0 0 0 0 1 1 1 0 0 0 1|0 0 0 0 1 0 0 0 0 0 1 1 1 0 0 0|0 1 1 0 0 1 0 0 0 0 0 0 1 0 0 1|1 0 0 0 0 0 1 0 0 0 0 0 0 0 0 1|0 0 1 1 0 0 1 1 0 0 0 1 1 0 0 1|1 0 0 0 1 0 1 1 0 0 1 0 0 0 0 0|0 1 1 0 1 1 0 1 1 0 1 0 0 1 1 1|0 0 0 0 1 0 0 0 0 0 0 0 1 0 0 1|0 1 0 0 0 1 0 0 0 0 0 0 1 0 0 0|1 0 1 1 1 1 1 0 1 1 1 0 1 1 0 0","0 0 0 0 1 0 1 0 1 1 0 1 0 0 0 0|0 0 1 1 1 1 1 0 0 0 1 0 1 1 1 1|0 1 0 1 0 1 1 0 0 0 0 0 0 0 0 1|0 1 1 0 0 0 1 0 0 0 0 0 0 0 1 1|1 1 0 0 0 0 1 0 0 0 0 1 1 1 0 0|0 1 1 0 0 0 1 0 0 0 1 0 0 0 0 0|1 1 1 1 1 1 0 1 1 1 1 0 1 0 0 0|0 0 0 0 0 0 1 0 1 0 1 0 0 0 0 0|1 0 0 0 0 0 1 1 0 1 1 1 0 0 0 0|1 0 0 0 0 0 1 0 1 0 0 0 0 0 0 0|0 1 0 0 0 1 1 1 1 0 0 1 0 1 0 0|1 0 0 0 1 0 0 0 1 0 1 0 0 1 0 0|0 1 0 0 1 0 1 0 0 0 0 0 0 0 0 0|0 1 0 0 1 0 0 0 0 0 1 1 0 0 0 0|0 1 0 1 0 0 0 0 0 0 0 0 0 0 0 1|0 1 1 1 0 0 0 0 0 0 0 0 0 0 1 0","0 0 0 0 1 0 1 0 1 1 0 1 0 0 0 1|0 0 1 1 1 1 1 0 1 0 1 0 1 1 1 1|0 1 0 1 0 1 1 0 1 0 1 0 1 0 0 1|0 1 1 0 0 0 1 0 0 0 1 0 0 0 1 1|1 1 0 0 0 0 1 1 0 0 0 1 1 1 0 1|0 1 1 0 0 0 1 0 1 0 1 0 1 0 1 1|1 1 1 1 1 1 0 1 1 1 1 1 1 0 0 1|0 0 0 0 1 0 1 0 1 0 1 1 1 0 0 0|1 1 1 0 0 1 1 1 0 1 1 1 1 0 0 1|1 0 0 0 0 0 1 0 1 0 0 0 0 0 0 1|0 1 1 1 0 1 1 1 1 0 0 1 1 1 0 1|1 0 0 0 1 0 1 1 1 0 1 0 0 1 0 0|0 1 1 0 1 1 1 1 1 0 1 0 0 1 1 1|0 1 0 0 1 0 0 0 0 0 1 1 1 0 0 1|0 1 0 1 0 1 0 0 0 0 0 0 1 0 0 1|1 1 1 1 1 1 1 0 1 1 1 0 1 1 1 0"
380,"ID39-16.84.5:",16,9,139499,"2, 5, 6, 7, 9, 10, 11, 12, 13, 16","1->1, 2->11, 3->3, 4->4, 5->16, 6->9, 7->2, 8->8, 9->5, 10->13, 11->7, 12->10, 13->6, 14->14, 15->15, 16->12","1-5, 1-7, 1-10, 1-12, 1-16, 2-6, 2-9, 2-13, 2-15, 3-9, 3-11, 3-13, 3-16, 4-7, 4-11, 4-16, 5-8, 5-12, 5-13, 5-14, 5-16, 6-9, 6-13, 6-15, 6-16, 7-10, 7-11, 7-12, 7-16, 8-11, 8-12, 8-13, 9-13, 9-16, 10-16, 11-12, 11-13, 11-16, 13-14, 13-15, 13-16, 14-16","1-2, 1-10, 1-12, 1-13, 1-16, 2-4, 2-7, 2-10, 2-12, 2-13, 3-5, 3-6, 3-7, 3-12, 4-7, 4-12, 5-6, 5-9, 5-11, 5-12, 6-7, 6-8, 6-9, 6-11, 6-12, 6-14, 6-15, 6-16, 7-8, 7-10, 7-12, 8-10, 8-16, 9-11, 9-12, 9-15, 10-16, 11-15, 12-13, 12-14, 12-16, 14-16","1-2, 1-5, 1-7, 1-10, 1-12, 1-13, 1-16, 2-4, 2-6, 2-7, 2-9, 2-10, 2-12, 2-13, 2-15, 3-5, 3-6, 3-7, 3-9, 3-11, 3-12, 3-13, 3-16, 4-7, 4-11, 4-12, 4-16, 5-6, 5-8, 5-9, 5-11, 5-12, 5-13, 5-14, 5-16, 6-7, 6-8, 6-9, 6-11, 6-12, 6-13, 6-14, 6-15, 6-16, 7-8, 7-10, 7-11, 7-12, 7-16, 8-10, 8-11, 8-12, 8-13, 8-16, 9-11, 9-12, 9-13, 9-15, 9-16, 10-16, 11-12, 11-13, 11-15, 11-16, 12-13, 12-14, 12-16, 13-14, 13-15, 13-16, 14-16",4,4,8,"0 0 0 0 1 0 1 0 0 1 0 1 0 0 0 1|0 0 0 0 0 1 0 0 1 0 0 0 1 0 1 0|0 0 0 0 0 0 0 0 1 0 1 0 1 0 0 1|0 0 0 0 0 0 1 0 0 0 1 0 0 0 0 1|1 0 0 0 0 0 0 1 0 0 0 1 1 1 0 1|0 1 0 0 0 0 0 0 1 0 0 0 1 0 1 1|1 0 0 1 0 0 0 0 0 1 1 1 0 0 0 1|0 0 0 0 1 0 0 0 0 0 1 1 1 0 0 0|0 1 1 0 0 1 0 0 0 0 0 0 1 0 0 1|1 0 0 0 0 0 1 0 0 0 0 0 0 0 0 1|0 0 1 1 0 0 1 1 0 0 0 1 1 0 0 1|1 0 0 0 1 0 1 1 0 0 1 0 0 0 0 0|0 1 1 0 1 1 0 1 1 0 1 0 0 1 1 1|0 0 0 0 1 0 0 0 0 0 0 0 1 0 0 1|0 1 0 0 0 1 0 0 0 0 0 0 1 0 0 0|1 0 1 1 1 1 1 0 1 1 1 0 1 1 0 0","0 1 0 0 0 0 0 0 0 1 0 1 1 0 0 1|1 0 0 1 0 0 1 0 0 1 0 1 1 0 0 0|0 0 0 0 1 1 1 0 0 0 0 1 0 0 0 0|0 1 0 0 0 0 1 0 0 0 0 1 0 0 0 0|0 0 1 0 0 1 0 0 1 0 1 1 0 0 0 0|0 0 1 0 1 0 1 1 1 0 1 1 0 1 1 1|0 1 1 1 0 1 0 1 0 1 0 1 0 0 0 0|0 0 0 0 0 1 1 0 0 1 0 0 0 0 0 1|0 0 0 0 1 1 0 0 0 0 1 1 0 0 1 0|1 1 0 0 0 0 1 1 0 0 0 0 0 0 0 1|0 0 0 0 1 1 0 0 1 0 0 0 0 0 1 0|1 1 1 1 1 1 1 0 1 0 0 0 1 1 0 1|1 1 0 0 0 0 0 0 0 0 0 1 0 0 0 0|0 0 0 0 0 1 0 0 0 0 0 1 0 0 0 1|0 0 0 0 0 1 0 0 1 0 1 0 0 0 0 0|1 0 0 0 0 1 0 1 0 1 0 1 0 1 0 0","0 1 0 0 1 0 1 0 0 1 0 1 1 0 0 1|1 0 0 1 0 1 1 0 1 1 0 1 1 0 1 0|0 0 0 0 1 1 1 0 1 0 1 1 1 0 0 1|0 1 0 0 0 0 1 0 0 0 1 1 0 0 0 1|1 0 1 0 0 1 0 1 1 0 1 1 1 1 0 1|0 1 1 0 1 0 1 1 1 0 1 1 1 1 1 1|1 1 1 1 0 1 0 1 0 1 1 1 0 0 0 1|0 0 0 0 1 1 1 0 0 1 1 1 1 0 0 1|0 1 1 0 1 1 0 0 0 0 1 1 1 0 1 1|1 1 0 0 0 0 1 1 0 0 0 0 0 0 0 1|0 0 1 1 1 1 1 1 1 0 0 1 1 0 1 1|1 1 1 1 1 1 1 1 1 0 1 0 1 1 0 1|1 1 1 0 1 1 0 1 1 0 1 1 0 1 1 1|0 0 0 0 1 1 0 0 0 0 0 1 1 0 0 1|0 1 0 0 0 1 0 0 1 0 1 0 1 0 0 0|1 0 1 1 1 1 1 1 1 1 1 1 1 1 0 0"
381,"ID39-16.84.5:",16,10,153612,"2, 3, 4, 7, 8, 9, 11, 13, 14, 16","1->1, 2->3, 3->9, 4->7, 5->5, 6->6, 7->2, 8->4, 9->14, 10->10, 11->13, 12->12, 13->8, 14->16, 15->15, 16->11","1-5, 1-7, 1-10, 1-12, 1-16, 2-6, 2-9, 2-13, 2-15, 3-9, 3-11, 3-13, 3-16, 4-7, 4-11, 4-16, 5-8, 5-12, 5-13, 5-14, 5-16, 6-9, 6-13, 6-15, 6-16, 7-10, 7-11, 7-12, 7-16, 8-11, 8-12, 8-13, 9-13, 9-16, 10-16, 11-12, 11-13, 11-16, 13-14, 13-15, 13-16, 14-16","1-2, 1-5, 1-10, 1-11, 1-12, 2-7, 2-10, 2-11, 2-12, 2-13, 3-6, 3-8, 3-14, 3-15, 4-5, 4-8, 4-12, 4-13, 5-8, 5-11, 5-12, 5-16, 6-8, 6-11, 6-14, 6-15, 7-11, 7-13, 8-9, 8-11, 8-13, 8-14, 8-15, 8-16, 9-11, 9-13, 9-14, 10-11, 11-13, 11-14, 11-16, 12-13","1-2, 1-5, 1-7, 1-10, 1-11, 1-12, 1-16, 2-6, 2-7, 2-9, 2-10, 2-11, 2-12, 2-13, 2-15, 3-6, 3-8, 3-9, 3-11, 3-13, 3-14, 3-15, 3-16, 4-5, 4-7, 4-8, 4-11, 4-12, 4-13, 4-16, 5-8, 5-11, 5-12, 5-13, 5-14, 5-16, 6-8, 6-9, 6-11, 6-13, 6-14, 6-15, 6-16, 7-10, 7-11, 7-12, 7-13, 7-16, 8-9, 8-11, 8-12, 8-13, 8-14, 8-15, 8-16, 9-11, 9-13, 9-14, 9-16, 10-11, 10-16, 11-12, 11-13, 11-14, 11-16, 12-13, 13-14, 13-15, 13-16, 14-16",4,4,8,"0 0 0 0 1 0 1 0 0 1 0 1 0 0 0 1|0 0 0 0 0 1 0 0 1 0 0 0 1 0 1 0|0 0 0 0 0 0 0 0 1 0 1 0 1 0 0 1|0 0 0 0 0 0 1 0 0 0 1 0 0 0 0 1|1 0 0 0 0 0 0 1 0 0 0 1 1 1 0 1|0 1 0 0 0 0 0 0 1 0 0 0 1 0 1 1|1 0 0 1 0 0 0 0 0 1 1 1 0 0 0 1|0 0 0 0 1 0 0 0 0 0 1 1 1 0 0 0|0 1 1 0 0 1 0 0 0 0 0 0 1 0 0 1|1 0 0 0 0 0 1 0 0 0 0 0 0 0 0 1|0 0 1 1 0 0 1 1 0 0 0 1 1 0 0 1|1 0 0 0 1 0 1 1 0 0 1 0 0 0 0 0|0 1 1 0 1 1 0 1 1 0 1 0 0 1 1 1|0 0 0 0 1 0 0 0 0 0 0 0 1 0 0 1|0 1 0 0 0 1 0 0 0 0 0 0 1 0 0 0|1 0 1 1 1 1 1 0 1 1 1 0 1 1 0 0","0 1 0 0 1 0 0 0 0 1 1 1 0 0 0 0|1 0 0 0 0 0 1 0 0 1 1 1 1 0 0 0|0 0 0 0 0 1 0 1 0 0 0 0 0 1 1 0|0 0 0 0 1 0 0 1 0 0 0 1 1 0 0 0|1 0 0 1 0 0 0 1 0 0 1 1 0 0 0 1|0 0 1 0 0 0 0 1 0 0 1 0 0 1 1 0|0 1 0 0 0 0 0 0 0 0 1 0 1 0 0 0|0 0 1 1 1 1 0 0 1 0 1 0 1 1 1 1|0 0 0 0 0 0 0 1 0 0 1 0 1 1 0 0|1 1 0 0 0 0 0 0 0 0 1 0 0 0 0 0|1 1 0 0 1 1 1 1 1 1 0 0 1 1 0 1|1 1 0 1 1 0 0 0 0 0 0 0 1 0 0 0|0 1 0 1 0 0 1 1 1 0 1 1 0 0 0 0|0 0 1 0 0 1 0 1 1 0 1 0 0 0 0 0|0 0 1 0 0 1 0 1 0 0 0 0 0 0 0 0|0 0 0 0 1 0 0 1 0 0 1 0 0 0 0 0","0 1 0 0 1 0 1 0 0 1 1 1 0 0 0 1|1 0 0 0 0 1 1 0 1 1 1 1 1 0 1 0|0 0 0 0 0 1 0 1 1 0 1 0 1 1 1 1|0 0 0 0 1 0 1 1 0 0 1 1 1 0 0 1|1 0 0 1 0 0 0 1 0 0 1 1 1 1 0 1|0 1 1 0 0 0 0 1 1 0 1 0 1 1 1 1|1 1 0 1 0 0 0 0 0 1 1 1 1 0 0 1|0 0 1 1 1 1 0 0 1 0 1 1 1 1 1 1|0 1 1 0 0 1 0 1 0 0 1 0 1 1 0 1|1 1 0 0 0 0 1 0 0 0 1 0 0 0 0 1|1 1 1 1 1 1 1 1 1 1 0 1 1 1 0 1|1 1 0 1 1 0 1 1 0 0 1 0 1 0 0 0|0 1 1 1 1 1 1 1 1 0 1 1 0 1 1 1|0 0 1 0 1 1 0 1 1 0 1 0 1 0 0 1|0 1 1 0 0 1 0 1 0 0 0 0 1 0 0 0|1 0 1 1 1 1 1 1 1 1 1 0 1 1 0 0"
382,"ID40-16.84.6:",16,1,2239,"2, 3, 4, 6, 9, 10, 13, 14, 15, 16","1->1, 2->14, 3->15, 4->10, 5->5, 6->13, 7->7, 8->8, 9->16, 10->2, 11->11, 12->12, 13->3, 14->9, 15->4, 16->6","1-7, 1-12, 1-13, 1-15, 2-6, 2-10, 2-15, 2-16, 3-10, 3-13, 3-14, 4-7, 4-9, 4-11, 4-14, 4-15, 5-8, 5-10, 5-13, 5-15, 6-14, 6-15, 6-16, 7-11, 7-12, 7-13, 7-14, 7-15, 8-10, 8-15, 9-14, 9-15, 10-13, 10-14, 10-15, 10-16, 11-14, 12-15, 13-14, 13-15, 14-15, 14-16","1-3, 1-4, 1-7, 1-12, 2-3, 2-4, 2-5, 2-6, 2-8, 2-9, 2-14, 2-15, 3-4, 3-5, 3-7, 3-9, 3-15, 4-5, 4-7, 4-8, 4-9, 4-10, 4-12, 4-13, 4-14, 4-16, 5-8, 6-9, 6-13, 6-14, 7-9, 7-10, 7-11, 7-12, 9-10, 9-11, 9-13, 9-15, 9-16, 10-11, 10-16, 13-14","1-3, 1-4, 1-7, 1-12, 1-13, 1-15, 2-3, 2-4, 2-5, 2-6, 2-8, 2-9, 2-10, 2-14, 2-15, 2-16, 3-4, 3-5, 3-7, 3-9, 3-10, 3-13, 3-14, 3-15, 4-5, 4-7, 4-8, 4-9, 4-10, 4-11, 4-12, 4-13, 4-14, 4-15, 4-16, 5-8, 5-10, 5-13, 5-15, 6-9, 6-13, 6-14, 6-15, 6-16, 7-9, 7-10, 7-11, 7-12, 7-13, 7-14, 7-15, 8-10, 8-15, 9-10, 9-11, 9-13, 9-14, 9-15, 9-16, 10-11, 10-13, 10-14, 10-15, 10-16, 11-14, 12-15, 13-14, 13-15, 14-15, 14-16",4,4,8,"0 0 0 0 0 0 1 0 0 0 0 1 1 0 1 0|0 0 0 0 0 1 0 0 0 1 0 0 0 0 1 1|0 0 0 0 0 0 0 0 0 1 0 0 1 1 0 0|0 0 0 0 0 0 1 0 1 0 1 0 0 1 1 0|0 0 0 0 0 0 0 1 0 1 0 0 1 0 1 0|0 1 0 0 0 0 0 0 0 0 0 0 0 1 1 1|1 0 0 1 0 0 0 0 0 0 1 1 1 1 1 0|0 0 0 0 1 0 0 0 0 1 0 0 0 0 1 0|0 0 0 1 0 0 0 0 0 0 0 0 0 1 1 0|0 1 1 0 1 0 0 1 0 0 0 0 1 1 1 1|0 0 0 1 0 0 1 0 0 0 0 0 0 1 0 0|1 0 0 0 0 0 1 0 0 0 0 0 0 0 1 0|1 0 1 0 1 0 1 0 0 1 0 0 0 1 1 0|0 0 1 1 0 1 1 0 1 1 1 0 1 0 1 1|1 1 0 1 1 1 1 1 1 1 0 1 1 1 0 0|0 1 0 0 0 1 0 0 0 1 0 0 0 1 0 0","0 0 1 1 0 0 1 0 0 0 0 1 0 0 0 0|0 0 1 1 1 1 0 1 1 0 0 0 0 1 1 0|1 1 0 1 1 0 1 0 1 0 0 0 0 0 1 0|1 1 1 0 1 0 1 1 1 1 0 1 1 1 0 1|0 1 1 1 0 0 0 1 0 0 0 0 0 0 0 0|0 1 0 0 0 0 0 0 1 0 0 0 1 1 0 0|1 0 1 1 0 0 0 0 1 1 1 1 0 0 0 0|0 1 0 1 1 0 0 0 0 0 0 0 0 0 0 0|0 1 1 1 0 1 1 0 0 1 1 0 1 0 1 1|0 0 0 1 0 0 1 0 1 0 1 0 0 0 0 1|0 0 0 0 0 0 1 0 1 1 0 0 0 0 0 0|1 0 0 1 0 0 1 0 0 0 0 0 0 0 0 0|0 0 0 1 0 1 0 0 1 0 0 0 0 1 0 0|0 1 0 1 0 1 0 0 0 0 0 0 1 0 0 0|0 1 1 0 0 0 0 0 1 0 0 0 0 0 0 0|0 0 0 1 0 0 0 0 1 1 0 0 0 0 0 0","0 0 1 1 0 0 1 0 0 0 0 1 1 0 1 0|0 0 1 1 1 1 0 1 1 1 0 0 0 1 1 1|1 1 0 1 1 0 1 0 1 1 0 0 1 1 1 0|1 1 1 0 1 0 1 1 1 1 1 1 1 1 1 1|0 1 1 1 0 0 0 1 0 1 0 0 1 0 1 0|0 1 0 0 0 0 0 0 1 0 0 0 1 1 1 1|1 0 1 1 0 0 0 0 1 1 1 1 1 1 1 0|0 1 0 1 1 0 0 0 0 1 0 0 0 0 1 0|0 1 1 1 0 1 1 0 0 1 1 0 1 1 1 1|0 1 1 1 1 0 1 1 1 0 1 0 1 1 1 1|0 0 0 1 0 0 1 0 1 1 0 0 0 1 0 0|1 0 0 1 0 0 1 0 0 0 0 0 0 0 1 0|1 0 1 1 1 1 1 0 1 1 0 0 0 1 1 0|0 1 1 1 0 1 1 0 1 1 1 0 1 0 1 1|1 1 1 1 1 1 1 1 1 1 0 1 1 1 0 0|0 1 0 1 0 1 0 0 1 1 0 0 0 1 0 0"
383,"ID40-16.84.6:",16,2,2620,"2, 4, 6, 7, 9, 10, 11, 12, 14, 15","1->1, 2->9, 3->3, 4->10, 5->5, 6->11, 7->4, 8->8, 9->7, 10->14, 11->15, 12->2, 13->13, 14->6, 15->12, 16->16","1-7, 1-12, 1-13, 1-15, 2-6, 2-10, 2-15, 2-16, 3-10, 3-13, 3-14, 4-7, 4-9, 4-11, 4-14, 4-15, 5-8, 5-10, 5-13, 5-15, 6-14, 6-15, 6-16, 7-11, 7-12, 7-13, 7-14, 7-15, 8-10, 8-15, 9-14, 9-15, 10-13, 10-14, 10-15, 10-16, 11-14, 12-15, 13-14, 13-15, 14-15, 14-16","1-2, 1-4, 1-12, 1-13, 2-4, 2-12, 3-6, 3-13, 3-14, 4-6, 4-10, 4-12, 4-13, 4-15, 5-8, 5-12, 5-13, 5-14, 6-7, 6-10, 6-11, 6-12, 6-13, 6-14, 6-15, 6-16, 7-10, 7-12, 8-12, 8-14, 9-11, 9-12, 9-14, 9-16, 10-12, 10-15, 11-12, 11-16, 12-13, 12-14, 13-14, 14-16","1-2, 1-4, 1-7, 1-12, 1-13, 1-15, 2-4, 2-6, 2-10, 2-12, 2-15, 2-16, 3-6, 3-10, 3-13, 3-14, 4-6, 4-7, 4-9, 4-10, 4-11, 4-12, 4-13, 4-14, 4-15, 5-8, 5-10, 5-12, 5-13, 5-14, 5-15, 6-7, 6-10, 6-11, 6-12, 6-13, 6-14, 6-15, 6-16, 7-10, 7-11, 7-12, 7-13, 7-14, 7-15, 8-10, 8-12, 8-14, 8-15, 9-11, 9-12, 9-14, 9-15, 9-16, 10-12, 10-13, 10-14, 10-15, 10-16, 11-12, 11-14, 11-16, 12-13, 12-14, 12-15, 13-14, 13-15, 14-15, 14-16",4,4,8,"0 0 0 0 0 0 1 0 0 0 0 1 1 0 1 0|0 0 0 0 0 1 0 0 0 1 0 0 0 0 1 1|0 0 0 0 0 0 0 0 0 1 0 0 1 1 0 0|0 0 0 0 0 0 1 0 1 0 1 0 0 1 1 0|0 0 0 0 0 0 0 1 0 1 0 0 1 0 1 0|0 1 0 0 0 0 0 0 0 0 0 0 0 1 1 1|1 0 0 1 0 0 0 0 0 0 1 1 1 1 1 0|0 0 0 0 1 0 0 0 0 1 0 0 0 0 1 0|0 0 0 1 0 0 0 0 0 0 0 0 0 1 1 0|0 1 1 0 1 0 0 1 0 0 0 0 1 1 1 1|0 0 0 1 0 0 1 0 0 0 0 0 0 1 0 0|1 0 0 0 0 0 1 0 0 0 0 0 0 0 1 0|1 0 1 0 1 0 1 0 0 1 0 0 0 1 1 0|0 0 1 1 0 1 1 0 1 1 1 0 1 0 1 1|1 1 0 1 1 1 1 1 1 1 0 1 1 1 0 0|0 1 0 0 0 1 0 0 0 1 0 0 0 1 0 0","0 1 0 1 0 0 0 0 0 0 0 1 1 0 0 0|1 0 0 1 0 0 0 0 0 0 0 1 0 0 0 0|0 0 0 0 0 1 0 0 0 0 0 0 1 1 0 0|1 1 0 0 0 1 0 0 0 1 0 1 1 0 1 0|0 0 0 0 0 0 0 1 0 0 0 1 1 1 0 0|0 0 1 1 0 0 1 0 0 1 1 1 1 1 1 1|0 0 0 0 0 1 0 0 0 1 0 1 0 0 0 0|0 0 0 0 1 0 0 0 0 0 0 1 0 1 0 0|0 0 0 0 0 0 0 0 0 0 1 1 0 1 0 1|0 0 0 1 0 1 1 0 0 0 0 1 0 0 1 0|0 0 0 0 0 1 0 0 1 0 0 1 0 0 0 1|1 1 0 1 1 1 1 1 1 1 1 0 1 1 0 0|1 0 1 1 1 1 0 0 0 0 0 1 0 1 0 0|0 0 1 0 1 1 0 1 1 0 0 1 1 0 0 1|0 0 0 1 0 1 0 0 0 1 0 0 0 0 0 0|0 0 0 0 0 1 0 0 1 0 1 0 0 1 0 0","0 1 0 1 0 0 1 0 0 0 0 1 1 0 1 0|1 0 0 1 0 1 0 0 0 1 0 1 0 0 1 1|0 0 0 0 0 1 0 0 0 1 0 0 1 1 0 0|1 1 0 0 0 1 1 0 1 1 1 1 1 1 1 0|0 0 0 0 0 0 0 1 0 1 0 1 1 1 1 0|0 1 1 1 0 0 1 0 0 1 1 1 1 1 1 1|1 0 0 1 0 1 0 0 0 1 1 1 1 1 1 0|0 0 0 0 1 0 0 0 0 1 0 1 0 1 1 0|0 0 0 1 0 0 0 0 0 0 1 1 0 1 1 1|0 1 1 1 1 1 1 1 0 0 0 1 1 1 1 1|0 0 0 1 0 1 1 0 1 0 0 1 0 1 0 1|1 1 0 1 1 1 1 1 1 1 1 0 1 1 1 0|1 0 1 1 1 1 1 0 0 1 0 1 0 1 1 0|0 0 1 1 1 1 1 1 1 1 1 1 1 0 1 1|1 1 0 1 1 1 1 1 1 1 0 1 1 1 0 0|0 1 0 0 0 1 0 0 1 1 1 0 0 1 0 0"
384,"ID40-16.84.6:",16,3,2812,"2, 3, 5, 6, 8, 10, 11, 13, 14, 15","1->1, 2->3, 3->11, 4->4, 5->10, 6->15, 7->7, 8->5, 9->9, 10->2, 11->8, 12->12, 13->14, 14->13, 15->6, 16->16","1-7, 1-12, 1-13, 1-15, 2-6, 2-10, 2-15, 2-16, 3-10, 3-13, 3-14, 4-7, 4-9, 4-11, 4-14, 4-15, 5-8, 5-10, 5-13, 5-15, 6-14, 6-15, 6-16, 7-11, 7-12, 7-13, 7-14, 7-15, 8-10, 8-15, 9-14, 9-15, 10-13, 10-14, 10-15, 10-16, 11-14, 12-15, 13-14, 13-15, 14-15, 14-16","1-6, 1-7, 1-12, 1-14, 2-3, 2-5, 2-6, 2-10, 2-11, 2-13, 2-14, 2-16, 3-6, 3-15, 3-16, 4-6, 4-7, 4-8, 4-9, 4-13, 5-6, 5-10, 6-7, 6-9, 6-10, 6-12, 6-13, 6-14, 6-15, 7-8, 7-12, 7-13, 7-14, 8-13, 9-13, 10-14, 11-13, 11-14, 13-14, 13-15, 13-16, 15-16","1-6, 1-7, 1-12, 1-13, 1-14, 1-15, 2-3, 2-5, 2-6, 2-10, 2-11, 2-13, 2-14, 2-15, 2-16, 3-6, 3-10, 3-13, 3-14, 3-15, 3-16, 4-6, 4-7, 4-8, 4-9, 4-11, 4-13, 4-14, 4-15, 5-6, 5-8, 5-10, 5-13, 5-15, 6-7, 6-9, 6-10, 6-12, 6-13, 6-14, 6-15, 6-16, 7-8, 7-11, 7-12, 7-13, 7-14, 7-15, 8-10, 8-13, 8-15, 9-13, 9-14, 9-15, 10-13, 10-14, 10-15, 10-16, 11-13, 11-14, 12-15, 13-14, 13-15, 13-16, 14-15, 14-16, 15-16",4,4,8,"0 0 0 0 0 0 1 0 0 0 0 1 1 0 1 0|0 0 0 0 0 1 0 0 0 1 0 0 0 0 1 1|0 0 0 0 0 0 0 0 0 1 0 0 1 1 0 0|0 0 0 0 0 0 1 0 1 0 1 0 0 1 1 0|0 0 0 0 0 0 0 1 0 1 0 0 1 0 1 0|0 1 0 0 0 0 0 0 0 0 0 0 0 1 1 1|1 0 0 1 0 0 0 0 0 0 1 1 1 1 1 0|0 0 0 0 1 0 0 0 0 1 0 0 0 0 1 0|0 0 0 1 0 0 0 0 0 0 0 0 0 1 1 0|0 1 1 0 1 0 0 1 0 0 0 0 1 1 1 1|0 0 0 1 0 0 1 0 0 0 0 0 0 1 0 0|1 0 0 0 0 0 1 0 0 0 0 0 0 0 1 0|1 0 1 0 1 0 1 0 0 1 0 0 0 1 1 0|0 0 1 1 0 1 1 0 1 1 1 0 1 0 1 1|1 1 0 1 1 1 1 1 1 1 0 1 1 1 0 0|0 1 0 0 0 1 0 0 0 1 0 0 0 1 0 0","0 0 0 0 0 1 1 0 0 0 0 1 0 1 0 0|0 0 1 0 1 1 0 0 0 1 1 0 1 1 0 1|0 1 0 0 0 1 0 0 0 0 0 0 0 0 1 1|0 0 0 0 0 1 1 1 1 0 0 0 1 0 0 0|0 1 0 0 0 1 0 0 0 1 0 0 0 0 0 0|1 1 1 1 1 0 1 0 1 1 0 1 1 1 1 0|1 0 0 1 0 1 0 1 0 0 0 1 1 1 0 0|0 0 0 1 0 0 1 0 0 0 0 0 1 0 0 0|0 0 0 1 0 1 0 0 0 0 0 0 1 0 0 0|0 1 0 0 1 1 0 0 0 0 0 0 0 1 0 0|0 1 0 0 0 0 0 0 0 0 0 0 1 1 0 0|1 0 0 0 0 1 1 0 0 0 0 0 0 0 0 0|0 1 0 1 0 1 1 1 1 0 1 0 0 1 1 1|1 1 0 0 0 1 1 0 0 1 1 0 1 0 0 0|0 0 1 0 0 1 0 0 0 0 0 0 1 0 0 1|0 1 1 0 0 0 0 0 0 0 0 0 1 0 1 0","0 0 0 0 0 1 1 0 0 0 0 1 1 1 1 0|0 0 1 0 1 1 0 0 0 1 1 0 1 1 1 1|0 1 0 0 0 1 0 0 0 1 0 0 1 1 1 1|0 0 0 0 0 1 1 1 1 0 1 0 1 1 1 0|0 1 0 0 0 1 0 1 0 1 0 0 1 0 1 0|1 1 1 1 1 0 1 0 1 1 0 1 1 1 1 1|1 0 0 1 0 1 0 1 0 0 1 1 1 1 1 0|0 0 0 1 1 0 1 0 0 1 0 0 1 0 1 0|0 0 0 1 0 1 0 0 0 0 0 0 1 1 1 0|0 1 1 0 1 1 0 1 0 0 0 0 1 1 1 1|0 1 0 1 0 0 1 0 0 0 0 0 1 1 0 0|1 0 0 0 0 1 1 0 0 0 0 0 0 0 1 0|1 1 1 1 1 1 1 1 1 1 1 0 0 1 1 1|1 1 1 1 0 1 1 0 1 1 1 0 1 0 1 1|1 1 1 1 1 1 1 1 1 1 0 1 1 1 0 1|0 1 1 0 0 1 0 0 0 1 0 0 1 1 1 0"
385,"ID40-16.84.6:",16,4,4505,"1, 4, 5, 9, 10, 12, 13, 14, 15, 16","1->10, 2->2, 3->3, 4->14, 5->15, 6->6, 7->7, 8->8, 9->12, 10->13, 11->11, 12->4, 13->16, 14->5, 15->1, 16->9","1-7, 1-12, 1-13, 1-15, 2-6, 2-10, 2-15, 2-16, 3-10, 3-13, 3-14, 4-7, 4-9, 4-11, 4-14, 4-15, 5-8, 5-10, 5-13, 5-15, 6-14, 6-15, 6-16, 7-11, 7-12, 7-13, 7-14, 7-15, 8-10, 8-15, 9-14, 9-15, 10-13, 10-14, 10-15, 10-16, 11-14, 12-15, 13-14, 13-15, 14-15, 14-16","1-2, 1-4, 1-5, 1-6, 1-7, 1-8, 1-10, 1-12, 1-13, 1-14, 1-15, 1-16, 2-6, 2-9, 2-13, 3-5, 3-13, 3-16, 4-7, 4-10, 5-6, 5-7, 5-9, 5-11, 5-12, 5-13, 5-14, 5-16, 6-9, 7-10, 7-11, 7-14, 7-16, 8-13, 8-15, 9-13, 10-16, 11-14, 12-14, 13-15, 13-16, 15-16","1-2, 1-4, 1-5, 1-6, 1-7, 1-8, 1-10, 1-12, 1-13, 1-14, 1-15, 1-16, 2-6, 2-9, 2-10, 2-13, 2-15, 2-16, 3-5, 3-10, 3-13, 3-14, 3-16, 4-7, 4-9, 4-10, 4-11, 4-14, 4-15, 5-6, 5-7, 5-8, 5-9, 5-10, 5-11, 5-12, 5-13, 5-14, 5-15, 5-16, 6-9, 6-14, 6-15, 6-16, 7-10, 7-11, 7-12, 7-13, 7-14, 7-15, 7-16, 8-10, 8-13, 8-15, 9-13, 9-14, 9-15, 10-13, 10-14, 10-15, 10-16, 11-14, 12-14, 12-15, 13-14, 13-15, 13-16, 14-15, 14-16, 15-16",4,4,8,"0 0 0 0 0 0 1 0 0 0 0 1 1 0 1 0|0 0 0 0 0 1 0 0 0 1 0 0 0 0 1 1|0 0 0 0 0 0 0 0 0 1 0 0 1 1 0 0|0 0 0 0 0 0 1 0 1 0 1 0 0 1 1 0|0 0 0 0 0 0 0 1 0 1 0 0 1 0 1 0|0 1 0 0 0 0 0 0 0 0 0 0 0 1 1 1|1 0 0 1 0 0 0 0 0 0 1 1 1 1 1 0|0 0 0 0 1 0 0 0 0 1 0 0 0 0 1 0|0 0 0 1 0 0 0 0 0 0 0 0 0 1 1 0|0 1 1 0 1 0 0 1 0 0 0 0 1 1 1 1|0 0 0 1 0 0 1 0 0 0 0 0 0 1 0 0|1 0 0 0 0 0 1 0 0 0 0 0 0 0 1 0|1 0 1 0 1 0 1 0 0 1 0 0 0 1 1 0|0 0 1 1 0 1 1 0 1 1 1 0 1 0 1 1|1 1 0 1 1 1 1 1 1 1 0 1 1 1 0 0|0 1 0 0 0 1 0 0 0 1 0 0 0 1 0 0","0 1 0 1 1 1 1 1 0 1 0 1 1 1 1 1|1 0 0 0 0 1 0 0 1 0 0 0 1 0 0 0|0 0 0 0 1 0 0 0 0 0 0 0 1 0 0 1|1 0 0 0 0 0 1 0 0 1 0 0 0 0 0 0|1 0 1 0 0 1 1 0 1 0 1 1 1 1 0 1|1 1 0 0 1 0 0 0 1 0 0 0 0 0 0 0|1 0 0 1 1 0 0 0 0 1 1 0 0 1 0 1|1 0 0 0 0 0 0 0 0 0 0 0 1 0 1 0|0 1 0 0 1 1 0 0 0 0 0 0 1 0 0 0|1 0 0 1 0 0 1 0 0 0 0 0 0 0 0 1|0 0 0 0 1 0 1 0 0 0 0 0 0 1 0 0|1 0 0 0 1 0 0 0 0 0 0 0 0 1 0 0|1 1 1 0 1 0 0 1 1 0 0 0 0 0 1 1|1 0 0 0 1 0 1 0 0 0 1 1 0 0 0 0|1 0 0 0 0 0 0 1 0 0 0 0 1 0 0 1|1 0 1 0 1 0 1 0 0 1 0 0 1 0 1 0","0 1 0 1 1 1 1 1 0 1 0 1 1 1 1 1|1 0 0 0 0 1 0 0 1 1 0 0 1 0 1 1|0 0 0 0 1 0 0 0 0 1 0 0 1 1 0 1|1 0 0 0 0 0 1 0 1 1 1 0 0 1 1 0|1 0 1 0 0 1 1 1 1 1 1 1 1 1 1 1|1 1 0 0 1 0 0 0 1 0 0 0 0 1 1 1|1 0 0 1 1 0 0 0 0 1 1 1 1 1 1 1|1 0 0 0 1 0 0 0 0 1 0 0 1 0 1 0|0 1 0 1 1 1 0 0 0 0 0 0 1 1 1 0|1 1 1 1 1 0 1 1 0 0 0 0 1 1 1 1|0 0 0 1 1 0 1 0 0 0 0 0 0 1 0 0|1 0 0 0 1 0 1 0 0 0 0 0 0 1 1 0|1 1 1 0 1 0 1 1 1 1 0 0 0 1 1 1|1 0 1 1 1 1 1 0 1 1 1 1 1 0 1 1|1 1 0 1 1 1 1 1 1 1 0 1 1 1 0 1|1 1 1 0 1 1 1 0 0 1 0 0 1 1 1 0"
386,"ID40-16.84.6:",16,5,5137,"1, 2, 3, 4, 8, 10, 12, 13, 14, 15","1->2, 2->13, 3->4, 4->1, 5->5, 6->6, 7->7, 8->14, 9->9, 10->8, 11->11, 12->10, 13->3, 14->15, 15->12, 16->16","1-7, 1-12, 1-13, 1-15, 2-6, 2-10, 2-15, 2-16, 3-10, 3-13, 3-14, 4-7, 4-9, 4-11, 4-14, 4-15, 5-8, 5-10, 5-13, 5-15, 6-14, 6-15, 6-16, 7-11, 7-12, 7-13, 7-14, 7-15, 8-10, 8-15, 9-14, 9-15, 10-13, 10-14, 10-15, 10-16, 11-14, 12-15, 13-14, 13-15, 14-15, 14-16","1-7, 1-9, 1-11, 1-12, 1-15, 2-3, 2-7, 2-10, 2-12, 3-4, 3-5, 3-7, 3-8, 3-12, 3-15, 4-8, 4-15, 5-8, 5-12, 5-14, 6-12, 6-13, 6-15, 6-16, 7-10, 7-11, 7-12, 7-15, 8-12, 8-13, 8-14, 8-15, 8-16, 9-12, 9-15, 10-12, 11-15, 12-13, 12-14, 12-15, 13-16, 15-16","1-7, 1-9, 1-11, 1-12, 1-13, 1-15, 2-3, 2-6, 2-7, 2-10, 2-12, 2-15, 2-16, 3-4, 3-5, 3-7, 3-8, 3-10, 3-12, 3-13, 3-14, 3-15, 4-7, 4-8, 4-9, 4-11, 4-14, 4-15, 5-8, 5-10, 5-12, 5-13, 5-14, 5-15, 6-12, 6-13, 6-14, 6-15, 6-16, 7-10, 7-11, 7-12, 7-13, 7-14, 7-15, 8-10, 8-12, 8-13, 8-14, 8-15, 8-16, 9-12, 9-14, 9-15, 10-12, 10-13, 10-14, 10-15, 10-16, 11-14, 11-15, 12-13, 12-14, 12-15, 13-14, 13-15, 13-16, 14-15, 14-16, 15-16",4,4,8,"0 0 0 0 0 0 1 0 0 0 0 1 1 0 1 0|0 0 0 0 0 1 0 0 0 1 0 0 0 0 1 1|0 0 0 0 0 0 0 0 0 1 0 0 1 1 0 0|0 0 0 0 0 0 1 0 1 0 1 0 0 1 1 0|0 0 0 0 0 0 0 1 0 1 0 0 1 0 1 0|0 1 0 0 0 0 0 0 0 0 0 0 0 1 1 1|1 0 0 1 0 0 0 0 0 0 1 1 1 1 1 0|0 0 0 0 1 0 0 0 0 1 0 0 0 0 1 0|0 0 0 1 0 0 0 0 0 0 0 0 0 1 1 0|0 1 1 0 1 0 0 1 0 0 0 0 1 1 1 1|0 0 0 1 0 0 1 0 0 0 0 0 0 1 0 0|1 0 0 0 0 0 1 0 0 0 0 0 0 0 1 0|1 0 1 0 1 0 1 0 0 1 0 0 0 1 1 0|0 0 1 1 0 1 1 0 1 1 1 0 1 0 1 1|1 1 0 1 1 1 1 1 1 1 0 1 1 1 0 0|0 1 0 0 0 1 0 0 0 1 0 0 0 1 0 0","0 0 0 0 0 0 1 0 1 0 1 1 0 0 1 0|0 0 1 0 0 0 1 0 0 1 0 1 0 0 0 0|0 1 0 1 1 0 1 1 0 0 0 1 0 0 1 0|0 0 1 0 0 0 0 1 0 0 0 0 0 0 1 0|0 0 1 0 0 0 0 1 0 0 0 1 0 1 0 0|0 0 0 0 0 0 0 0 0 0 0 1 1 0 1 1|1 1 1 0 0 0 0 0 0 1 1 1 0 0 1 0|0 0 1 1 1 0 0 0 0 0 0 1 1 1 1 1|1 0 0 0 0 0 0 0 0 0 0 1 0 0 1 0|0 1 0 0 0 0 1 0 0 0 0 1 0 0 0 0|1 0 0 0 0 0 1 0 0 0 0 0 0 0 1 0|1 1 1 0 1 1 1 1 1 1 0 0 1 1 1 0|0 0 0 0 0 1 0 1 0 0 0 1 0 0 0 1|0 0 0 0 1 0 0 1 0 0 0 1 0 0 0 0|1 0 1 1 0 1 1 1 1 0 1 1 0 0 0 1|0 0 0 0 0 1 0 1 0 0 0 0 1 0 1 0","0 0 0 0 0 0 1 0 1 0 1 1 1 0 1 0|0 0 1 0 0 1 1 0 0 1 0 1 0 0 1 1|0 1 0 1 1 0 1 1 0 1 0 1 1 1 1 0|0 0 1 0 0 0 1 1 1 0 1 0 0 1 1 0|0 0 1 0 0 0 0 1 0 1 0 1 1 1 1 0|0 1 0 0 0 0 0 0 0 0 0 1 1 1 1 1|1 1 1 1 0 0 0 0 0 1 1 1 1 1 1 0|0 0 1 1 1 0 0 0 0 1 0 1 1 1 1 1|1 0 0 1 0 0 0 0 0 0 0 1 0 1 1 0|0 1 1 0 1 0 1 1 0 0 0 1 1 1 1 1|1 0 0 1 0 0 1 0 0 0 0 0 0 1 1 0|1 1 1 0 1 1 1 1 1 1 0 0 1 1 1 0|1 0 1 0 1 1 1 1 0 1 0 1 0 1 1 1|0 0 1 1 1 1 1 1 1 1 1 1 1 0 1 1|1 1 1 1 1 1 1 1 1 1 1 1 1 1 0 1|0 1 0 0 0 1 0 1 0 1 0 0 1 1 1 0"
387,"ID40-16.84.6:",16,6,5887,"1, 4, 5, 6, 7, 9, 13, 14, 15, 16","1->14, 2->2, 3->3, 4->9, 5->4, 6->13, 7->5, 8->8, 9->6, 10->10, 11->11, 12->12, 13->7, 14->16, 15->1, 16->15","1-7, 1-12, 1-13, 1-15, 2-6, 2-10, 2-15, 2-16, 3-10, 3-13, 3-14, 4-7, 4-9, 4-11, 4-14, 4-15, 5-8, 5-10, 5-13, 5-15, 6-14, 6-15, 6-16, 7-11, 7-12, 7-13, 7-14, 7-15, 8-10, 8-15, 9-14, 9-15, 10-13, 10-14, 10-15, 10-16, 11-14, 12-15, 13-14, 13-15, 14-15, 14-16","1-2, 1-4, 1-5, 1-6, 1-7, 1-8, 1-9, 1-10, 1-12, 1-13, 1-14, 1-16, 2-10, 2-13, 2-15, 3-7, 3-10, 3-16, 4-7, 4-8, 4-10, 5-7, 5-9, 5-11, 5-12, 5-14, 5-16, 6-9, 6-16, 7-10, 7-14, 7-16, 8-10, 9-11, 9-16, 10-15, 10-16, 11-16, 12-14, 13-15, 13-16, 15-16","1-2, 1-4, 1-5, 1-6, 1-7, 1-8, 1-9, 1-10, 1-12, 1-13, 1-14, 1-15, 1-16, 2-6, 2-10, 2-13, 2-15, 2-16, 3-7, 3-10, 3-13, 3-14, 3-16, 4-7, 4-8, 4-9, 4-10, 4-11, 4-14, 4-15, 5-7, 5-8, 5-9, 5-10, 5-11, 5-12, 5-13, 5-14, 5-15, 5-16, 6-9, 6-14, 6-15, 6-16, 7-10, 7-11, 7-12, 7-13, 7-14, 7-15, 7-16, 8-10, 8-15, 9-11, 9-14, 9-15, 9-16, 10-13, 10-14, 10-15, 10-16, 11-14, 11-16, 12-14, 12-15, 13-14, 13-15, 13-16, 14-15, 14-16, 15-16",4,4,8,"0 0 0 0 0 0 1 0 0 0 0 1 1 0 1 0|0 0 0 0 0 1 0 0 0 1 0 0 0 0 1 1|0 0 0 0 0 0 0 0 0 1 0 0 1 1 0 0|0 0 0 0 0 0 1 0 1 0 1 0 0 1 1 0|0 0 0 0 0 0 0 1 0 1 0 0 1 0 1 0|0 1 0 0 0 0 0 0 0 0 0 0 0 1 1 1|1 0 0 1 0 0 0 0 0 0 1 1 1 1 1 0|0 0 0 0 1 0 0 0 0 1 0 0 0 0 1 0|0 0 0 1 0 0 0 0 0 0 0 0 0 1 1 0|0 1 1 0 1 0 0 1 0 0 0 0 1 1 1 1|0 0 0 1 0 0 1 0 0 0 0 0 0 1 0 0|1 0 0 0 0 0 1 0 0 0 0 0 0 0 1 0|1 0 1 0 1 0 1 0 0 1 0 0 0 1 1 0|0 0 1 1 0 1 1 0 1 1 1 0 1 0 1 1|1 1 0 1 1 1 1 1 1 1 0 1 1 1 0 0|0 1 0 0 0 1 0 0 0 1 0 0 0 1 0 0","0 1 0 1 1 1 1 1 1 1 0 1 1 1 0 1|1 0 0 0 0 0 0 0 0 1 0 0 1 0 1 0|0 0 0 0 0 0 1 0 0 1 0 0 0 0 0 1|1 0 0 0 0 0 1 1 0 1 0 0 0 0 0 0|1 0 0 0 0 0 1 0 1 0 1 1 0 1 0 1|1 0 0 0 0 0 0 0 1 0 0 0 0 0 0 1|1 0 1 1 1 0 0 0 0 1 0 0 0 1 0 1|1 0 0 1 0 0 0 0 0 1 0 0 0 0 0 0|1 0 0 0 1 1 0 0 0 0 1 0 0 0 0 1|1 1 1 1 0 0 1 1 0 0 0 0 0 0 1 1|0 0 0 0 1 0 0 0 1 0 0 0 0 0 0 1|1 0 0 0 1 0 0 0 0 0 0 0 0 1 0 0|1 1 0 0 0 0 0 0 0 0 0 0 0 0 1 1|1 0 0 0 1 0 1 0 0 0 0 1 0 0 0 0|0 1 0 0 0 0 0 0 0 1 0 0 1 0 0 1|1 0 1 0 1 1 1 0 1 1 1 0 1 0 1 0","0 1 0 1 1 1 1 1 1 1 0 1 1 1 1 1|1 0 0 0 0 1 0 0 0 1 0 0 1 0 1 1|0 0 0 0 0 0 1 0 0 1 0 0 1 1 0 1|1 0 0 0 0 0 1 1 1 1 1 0 0 1 1 0|1 0 0 0 0 0 1 1 1 1 1 1 1 1 1 1|1 1 0 0 0 0 0 0 1 0 0 0 0 1 1 1|1 0 1 1 1 0 0 0 0 1 1 1 1 1 1 1|1 0 0 1 1 0 0 0 0 1 0 0 0 0 1 0|1 0 0 1 1 1 0 0 0 0 1 0 0 1 1 1|1 1 1 1 1 0 1 1 0 0 0 0 1 1 1 1|0 0 0 1 1 0 1 0 1 0 0 0 0 1 0 1|1 0 0 0 1 0 1 0 0 0 0 0 0 1 1 0|1 1 1 0 1 0 1 0 0 1 0 0 0 1 1 1|1 0 1 1 1 1 1 0 1 1 1 1 1 0 1 1|1 1 0 1 1 1 1 1 1 1 0 1 1 1 0 1|1 1 1 0 1 1 1 0 1 1 1 0 1 1 1 0"
388,"ID40-16.84.6:",16,7,6162,"2, 6, 7, 9, 10, 11, 12, 14, 15, 16","1->1, 2->7, 3->3, 4->4, 5->5, 6->15, 7->14, 8->8, 9->2, 10->6, 11->12, 12->9, 13->13, 14->11, 15->16, 16->10","1-7, 1-12, 1-13, 1-15, 2-6, 2-10, 2-15, 2-16, 3-10, 3-13, 3-14, 4-7, 4-9, 4-11, 4-14, 4-15, 5-8, 5-10, 5-13, 5-15, 6-14, 6-15, 6-16, 7-11, 7-12, 7-13, 7-14, 7-15, 8-10, 8-15, 9-14, 9-15, 10-13, 10-14, 10-15, 10-16, 11-14, 12-15, 13-14, 13-15, 14-15, 14-16","1-9, 1-13, 1-14, 1-16, 2-4, 2-11, 2-16, 3-6, 3-11, 3-13, 4-11, 4-12, 4-14, 4-16, 5-6, 5-8, 5-13, 5-16, 6-7, 6-8, 6-10, 6-11, 6-13, 6-16, 7-10, 7-15, 7-16, 8-16, 9-14, 9-16, 10-11, 10-15, 11-12, 11-13, 11-14, 11-15, 11-16, 12-14, 13-14, 13-16, 14-16, 15-16","1-7, 1-9, 1-12, 1-13, 1-14, 1-15, 1-16, 2-4, 2-6, 2-10, 2-11, 2-15, 2-16, 3-6, 3-10, 3-11, 3-13, 3-14, 4-7, 4-9, 4-11, 4-12, 4-14, 4-15, 4-16, 5-6, 5-8, 5-10, 5-13, 5-15, 5-16, 6-7, 6-8, 6-10, 6-11, 6-13, 6-14, 6-15, 6-16, 7-10, 7-11, 7-12, 7-13, 7-14, 7-15, 7-16, 8-10, 8-15, 8-16, 9-14, 9-15, 9-16, 10-11, 10-13, 10-14, 10-15, 10-16, 11-12, 11-13, 11-14, 11-15, 11-16, 12-14, 12-15, 13-14, 13-15, 13-16, 14-15, 14-16, 15-16",4,4,8,"0 0 0 0 0 0 1 0 0 0 0 1 1 0 1 0|0 0 0 0 0 1 0 0 0 1 0 0 0 0 1 1|0 0 0 0 0 0 0 0 0 1 0 0 1 1 0 0|0 0 0 0 0 0 1 0 1 0 1 0 0 1 1 0|0 0 0 0 0 0 0 1 0 1 0 0 1 0 1 0|0 1 0 0 0 0 0 0 0 0 0 0 0 1 1 1|1 0 0 1 0 0 0 0 0 0 1 1 1 1 1 0|0 0 0 0 1 0 0 0 0 1 0 0 0 0 1 0|0 0 0 1 0 0 0 0 0 0 0 0 0 1 1 0|0 1 1 0 1 0 0 1 0 0 0 0 1 1 1 1|0 0 0 1 0 0 1 0 0 0 0 0 0 1 0 0|1 0 0 0 0 0 1 0 0 0 0 0 0 0 1 0|1 0 1 0 1 0 1 0 0 1 0 0 0 1 1 0|0 0 1 1 0 1 1 0 1 1 1 0 1 0 1 1|1 1 0 1 1 1 1 1 1 1 0 1 1 1 0 0|0 1 0 0 0 1 0 0 0 1 0 0 0 1 0 0","0 0 0 0 0 0 0 0 1 0 0 0 1 1 0 1|0 0 0 1 0 0 0 0 0 0 1 0 0 0 0 1|0 0 0 0 0 1 0 0 0 0 1 0 1 0 0 0|0 1 0 0 0 0 0 0 0 0 1 1 0 1 0 1|0 0 0 0 0 1 0 1 0 0 0 0 1 0 0 1|0 0 1 0 1 0 1 1 0 1 1 0 1 0 0 1|0 0 0 0 0 1 0 0 0 1 0 0 0 0 1 1|0 0 0 0 1 1 0 0 0 0 0 0 0 0 0 1|1 0 0 0 0 0 0 0 0 0 0 0 0 1 0 1|0 0 0 0 0 1 1 0 0 0 1 0 0 0 1 0|0 1 1 1 0 1 0 0 0 1 0 1 1 1 1 1|0 0 0 1 0 0 0 0 0 0 1 0 0 1 0 0|1 0 1 0 1 1 0 0 0 0 1 0 0 1 0 1|1 0 0 1 0 0 0 0 1 0 1 1 1 0 0 1|0 0 0 0 0 0 1 0 0 1 1 0 0 0 0 1|1 1 0 1 1 1 1 1 1 0 1 0 1 1 1 0","0 0 0 0 0 0 1 0 1 0 0 1 1 1 1 1|0 0 0 1 0 1 0 0 0 1 1 0 0 0 1 1|0 0 0 0 0 1 0 0 0 1 1 0 1 1 0 0|0 1 0 0 0 0 1 0 1 0 1 1 0 1 1 1|0 0 0 0 0 1 0 1 0 1 0 0 1 0 1 1|0 1 1 0 1 0 1 1 0 1 1 0 1 1 1 1|1 0 0 1 0 1 0 0 0 1 1 1 1 1 1 1|0 0 0 0 1 1 0 0 0 1 0 0 0 0 1 1|1 0 0 1 0 0 0 0 0 0 0 0 0 1 1 1|0 1 1 0 1 1 1 1 0 0 1 0 1 1 1 1|0 1 1 1 0 1 1 0 0 1 0 1 1 1 1 1|1 0 0 1 0 0 1 0 0 0 1 0 0 1 1 0|1 0 1 0 1 1 1 0 0 1 1 0 0 1 1 1|1 0 1 1 0 1 1 0 1 1 1 1 1 0 1 1|1 1 0 1 1 1 1 1 1 1 1 1 1 1 0 1|1 1 0 1 1 1 1 1 1 1 1 0 1 1 1 0"
389,"ID40-16.84.6:",16,8,7487,"1, 2, 3, 4, 6, 7, 10, 12, 15, 16","1->6, 2->4, 3->1, 4->15, 5->5, 6->3, 7->16, 8->8, 9->9, 10->2, 11->11, 12->10, 13->13, 14->14, 15->12, 16->7","1-7, 1-12, 1-13, 1-15, 2-6, 2-10, 2-15, 2-16, 3-10, 3-13, 3-14, 4-7, 4-9, 4-11, 4-14, 4-15, 5-8, 5-10, 5-13, 5-15, 6-14, 6-15, 6-16, 7-11, 7-12, 7-13, 7-14, 7-15, 8-10, 8-15, 9-14, 9-15, 10-13, 10-14, 10-15, 10-16, 11-14, 12-15, 13-14, 13-15, 14-15, 14-16","1-2, 1-13, 1-14, 2-4, 2-5, 2-7, 2-8, 2-12, 2-13, 2-14, 3-4, 3-7, 3-12, 3-14, 4-7, 4-12, 5-8, 5-12, 5-13, 6-10, 6-12, 6-13, 6-16, 7-14, 8-12, 9-12, 9-14, 9-15, 10-12, 10-16, 11-14, 11-15, 11-16, 12-13, 12-14, 12-15, 12-16, 13-14, 13-16, 14-15, 14-16, 15-16","1-2, 1-7, 1-12, 1-13, 1-14, 1-15, 2-4, 2-5, 2-6, 2-7, 2-8, 2-10, 2-12, 2-13, 2-14, 2-15, 2-16, 3-4, 3-7, 3-10, 3-12, 3-13, 3-14, 4-7, 4-9, 4-11, 4-12, 4-14, 4-15, 5-8, 5-10, 5-12, 5-13, 5-15, 6-10, 6-12, 6-13, 6-14, 6-15, 6-16, 7-11, 7-12, 7-13, 7-14, 7-15, 8-10, 8-12, 8-15, 9-12, 9-14, 9-15, 10-12, 10-13, 10-14, 10-15, 10-16, 11-14, 11-15, 11-16, 12-13, 12-14, 12-15, 12-16, 13-14, 13-15, 13-16, 14-15, 14-16, 15-16",4,4,8,"0 0 0 0 0 0 1 0 0 0 0 1 1 0 1 0|0 0 0 0 0 1 0 0 0 1 0 0 0 0 1 1|0 0 0 0 0 0 0 0 0 1 0 0 1 1 0 0|0 0 0 0 0 0 1 0 1 0 1 0 0 1 1 0|0 0 0 0 0 0 0 1 0 1 0 0 1 0 1 0|0 1 0 0 0 0 0 0 0 0 0 0 0 1 1 1|1 0 0 1 0 0 0 0 0 0 1 1 1 1 1 0|0 0 0 0 1 0 0 0 0 1 0 0 0 0 1 0|0 0 0 1 0 0 0 0 0 0 0 0 0 1 1 0|0 1 1 0 1 0 0 1 0 0 0 0 1 1 1 1|0 0 0 1 0 0 1 0 0 0 0 0 0 1 0 0|1 0 0 0 0 0 1 0 0 0 0 0 0 0 1 0|1 0 1 0 1 0 1 0 0 1 0 0 0 1 1 0|0 0 1 1 0 1 1 0 1 1 1 0 1 0 1 1|1 1 0 1 1 1 1 1 1 1 0 1 1 1 0 0|0 1 0 0 0 1 0 0 0 1 0 0 0 1 0 0","0 1 0 0 0 0 0 0 0 0 0 0 1 1 0 0|1 0 0 1 1 0 1 1 0 0 0 1 1 1 0 0|0 0 0 1 0 0 1 0 0 0 0 1 0 1 0 0|0 1 1 0 0 0 1 0 0 0 0 1 0 0 0 0|0 1 0 0 0 0 0 1 0 0 0 1 1 0 0 0|0 0 0 0 0 0 0 0 0 1 0 1 1 0 0 1|0 1 1 1 0 0 0 0 0 0 0 0 0 1 0 0|0 1 0 0 1 0 0 0 0 0 0 1 0 0 0 0|0 0 0 0 0 0 0 0 0 0 0 1 0 1 1 0|0 0 0 0 0 1 0 0 0 0 0 1 0 0 0 1|0 0 0 0 0 0 0 0 0 0 0 0 0 1 1 1|0 1 1 1 1 1 0 1 1 1 0 0 1 1 1 1|1 1 0 0 1 1 0 0 0 0 0 1 0 1 0 1|1 1 1 0 0 0 1 0 1 0 1 1 1 0 1 1|0 0 0 0 0 0 0 0 1 0 1 1 0 1 0 1|0 0 0 0 0 1 0 0 0 1 1 1 1 1 1 0","0 1 0 0 0 0 1 0 0 0 0 1 1 1 1 0|1 0 0 1 1 1 1 1 0 1 0 1 1 1 1 1|0 0 0 1 0 0 1 0 0 1 0 1 1 1 0 0|0 1 1 0 0 0 1 0 1 0 1 1 0 1 1 0|0 1 0 0 0 0 0 1 0 1 0 1 1 0 1 0|0 1 0 0 0 0 0 0 0 1 0 1 1 1 1 1|1 1 1 1 0 0 0 0 0 0 1 1 1 1 1 0|0 1 0 0 1 0 0 0 0 1 0 1 0 0 1 0|0 0 0 1 0 0 0 0 0 0 0 1 0 1 1 0|0 1 1 0 1 1 0 1 0 0 0 1 1 1 1 1|0 0 0 1 0 0 1 0 0 0 0 0 0 1 1 1|1 1 1 1 1 1 1 1 1 1 0 0 1 1 1 1|1 1 1 0 1 1 1 0 0 1 0 1 0 1 1 1|1 1 1 1 0 1 1 0 1 1 1 1 1 0 1 1|1 1 0 1 1 1 1 1 1 1 1 1 1 1 0 1|0 1 0 0 0 1 0 0 0 1 1 1 1 1 1 0"
390,"ID40-16.84.6:",16,9,8815,"1, 3, 5, 6, 7, 9, 12, 13, 14, 15","1->6, 2->2, 3->14, 4->4, 5->7, 6->15, 7->3, 8->8, 9->13, 10->10, 11->11, 12->5, 13->1, 14->12, 15->9, 16->16","1-7, 1-12, 1-13, 1-15, 2-6, 2-10, 2-15, 2-16, 3-10, 3-13, 3-14, 4-7, 4-9, 4-11, 4-14, 4-15, 5-8, 5-10, 5-13, 5-15, 6-14, 6-15, 6-16, 7-11, 7-12, 7-13, 7-14, 7-15, 8-10, 8-15, 9-14, 9-15, 10-13, 10-14, 10-15, 10-16, 11-14, 12-15, 13-14, 13-15, 14-15, 14-16","1-3, 1-6, 1-7, 1-9, 1-10, 1-12, 1-14, 2-9, 2-10, 2-15, 2-16, 3-4, 3-5, 3-6, 3-9, 3-11, 3-12, 4-9, 4-11, 4-12, 4-13, 5-6, 5-9, 6-9, 7-8, 7-9, 7-10, 8-9, 8-10, 9-10, 9-12, 9-13, 9-15, 10-12, 10-14, 10-16, 11-12, 12-13, 12-14, 12-15, 12-16, 15-16","1-3, 1-6, 1-7, 1-9, 1-10, 1-12, 1-13, 1-14, 1-15, 2-6, 2-9, 2-10, 2-15, 2-16, 3-4, 3-5, 3-6, 3-9, 3-10, 3-11, 3-12, 3-13, 3-14, 4-7, 4-9, 4-11, 4-12, 4-13, 4-14, 4-15, 5-6, 5-8, 5-9, 5-10, 5-13, 5-15, 6-9, 6-14, 6-15, 6-16, 7-8, 7-9, 7-10, 7-11, 7-12, 7-13, 7-14, 7-15, 8-9, 8-10, 8-15, 9-10, 9-12, 9-13, 9-14, 9-15, 10-12, 10-13, 10-14, 10-15, 10-16, 11-12, 11-14, 12-13, 12-14, 12-15, 12-16, 13-14, 13-15, 14-15, 14-16, 15-16",4,4,8,"0 0 0 0 0 0 1 0 0 0 0 1 1 0 1 0|0 0 0 0 0 1 0 0 0 1 0 0 0 0 1 1|0 0 0 0 0 0 0 0 0 1 0 0 1 1 0 0|0 0 0 0 0 0 1 0 1 0 1 0 0 1 1 0|0 0 0 0 0 0 0 1 0 1 0 0 1 0 1 0|0 1 0 0 0 0 0 0 0 0 0 0 0 1 1 1|1 0 0 1 0 0 0 0 0 0 1 1 1 1 1 0|0 0 0 0 1 0 0 0 0 1 0 0 0 0 1 0|0 0 0 1 0 0 0 0 0 0 0 0 0 1 1 0|0 1 1 0 1 0 0 1 0 0 0 0 1 1 1 1|0 0 0 1 0 0 1 0 0 0 0 0 0 1 0 0|1 0 0 0 0 0 1 0 0 0 0 0 0 0 1 0|1 0 1 0 1 0 1 0 0 1 0 0 0 1 1 0|0 0 1 1 0 1 1 0 1 1 1 0 1 0 1 1|1 1 0 1 1 1 1 1 1 1 0 1 1 1 0 0|0 1 0 0 0 1 0 0 0 1 0 0 0 1 0 0","0 0 1 0 0 1 1 0 1 1 0 1 0 1 0 0|0 0 0 0 0 0 0 0 1 1 0 0 0 0 1 1|1 0 0 1 1 1 0 0 1 0 1 1 0 0 0 0|0 0 1 0 0 0 0 0 1 0 1 1 1 0 0 0|0 0 1 0 0 1 0 0 1 0 0 0 0 0 0 0|1 0 1 0 1 0 0 0 1 0 0 0 0 0 0 0|1 0 0 0 0 0 0 1 1 1 0 0 0 0 0 0|0 0 0 0 0 0 1 0 1 1 0 0 0 0 0 0|1 1 1 1 1 1 1 1 0 1 0 1 1 0 1 0|1 1 0 0 0 0 1 1 1 0 0 1 0 1 0 1|0 0 1 1 0 0 0 0 0 0 0 1 0 0 0 0|1 0 1 1 0 0 0 0 1 1 1 0 1 1 1 1|0 0 0 1 0 0 0 0 1 0 0 1 0 0 0 0|1 0 0 0 0 0 0 0 0 1 0 1 0 0 0 0|0 1 0 0 0 0 0 0 1 0 0 1 0 0 0 1|0 1 0 0 0 0 0 0 0 1 0 1 0 0 1 0","0 0 1 0 0 1 1 0 1 1 0 1 1 1 1 0|0 0 0 0 0 1 0 0 1 1 0 0 0 0 1 1|1 0 0 1 1 1 0 0 1 1 1 1 1 1 0 0|0 0 1 0 0 0 1 0 1 0 1 1 1 1 1 0|0 0 1 0 0 1 0 1 1 1 0 0 1 0 1 0|1 1 1 0 1 0 0 0 1 0 0 0 0 1 1 1|1 0 0 1 0 0 0 1 1 1 1 1 1 1 1 0|0 0 0 0 1 0 1 0 1 1 0 0 0 0 1 0|1 1 1 1 1 1 1 1 0 1 0 1 1 1 1 0|1 1 1 0 1 0 1 1 1 0 0 1 1 1 1 1|0 0 1 1 0 0 1 0 0 0 0 1 0 1 0 0|1 0 1 1 0 0 1 0 1 1 1 0 1 1 1 1|1 0 1 1 1 0 1 0 1 1 0 1 0 1 1 0|1 0 1 1 0 1 1 0 1 1 1 1 1 0 1 1|1 1 0 1 1 1 1 1 1 1 0 1 1 1 0 1|0 1 0 0 0 1 0 0 0 1 0 1 0 1 1 0"
391,"ID40-16.84.6:",16,10,9116,"1, 2, 4, 5, 9, 10, 13, 14, 15, 16","1->2, 2->9, 3->3, 4->15, 5->13, 6->6, 7->7, 8->8, 9->5, 10->4, 11->11, 12->12, 13->10, 14->1, 15->16, 16->14","1-7, 1-12, 1-13, 1-15, 2-6, 2-10, 2-15, 2-16, 3-10, 3-13, 3-14, 4-7, 4-9, 4-11, 4-14, 4-15, 5-8, 5-10, 5-13, 5-15, 6-14, 6-15, 6-16, 7-11, 7-12, 7-13, 7-14, 7-15, 8-10, 8-15, 9-14, 9-15, 10-13, 10-14, 10-15, 10-16, 11-14, 12-15, 13-14, 13-15, 14-15, 14-16","1-3, 1-4, 1-5, 1-6, 1-7, 1-10, 1-11, 1-14, 1-15, 1-16, 2-7, 2-10, 2-12, 2-16, 3-4, 3-10, 4-8, 4-9, 4-10, 4-13, 4-14, 4-16, 5-15, 5-16, 6-9, 6-14, 6-16, 7-10, 7-11, 7-12, 7-15, 7-16, 8-13, 8-16, 9-14, 9-16, 10-13, 10-16, 11-15, 12-16, 13-16, 15-16","1-3, 1-4, 1-5, 1-6, 1-7, 1-10, 1-11, 1-12, 1-13, 1-14, 1-15, 1-16, 2-6, 2-7, 2-10, 2-12, 2-15, 2-16, 3-4, 3-10, 3-13, 3-14, 4-7, 4-8, 4-9, 4-10, 4-11, 4-13, 4-14, 4-15, 4-16, 5-8, 5-10, 5-13, 5-15, 5-16, 6-9, 6-14, 6-15, 6-16, 7-10, 7-11, 7-12, 7-13, 7-14, 7-15, 7-16, 8-10, 8-13, 8-15, 8-16, 9-14, 9-15, 9-16, 10-13, 10-14, 10-15, 10-16, 11-14, 11-15, 12-15, 12-16, 13-14, 13-15, 13-16, 14-15, 14-16, 15-16",4,4,8,"0 0 0 0 0 0 1 0 0 0 0 1 1 0 1 0|0 0 0 0 0 1 0 0 0 1 0 0 0 0 1 1|0 0 0 0 0 0 0 0 0 1 0 0 1 1 0 0|0 0 0 0 0 0 1 0 1 0 1 0 0 1 1 0|0 0 0 0 0 0 0 1 0 1 0 0 1 0 1 0|0 1 0 0 0 0 0 0 0 0 0 0 0 1 1 1|1 0 0 1 0 0 0 0 0 0 1 1 1 1 1 0|0 0 0 0 1 0 0 0 0 1 0 0 0 0 1 0|0 0 0 1 0 0 0 0 0 0 0 0 0 1 1 0|0 1 1 0 1 0 0 1 0 0 0 0 1 1 1 1|0 0 0 1 0 0 1 0 0 0 0 0 0 1 0 0|1 0 0 0 0 0 1 0 0 0 0 0 0 0 1 0|1 0 1 0 1 0 1 0 0 1 0 0 0 1 1 0|0 0 1 1 0 1 1 0 1 1 1 0 1 0 1 1|1 1 0 1 1 1 1 1 1 1 0 1 1 1 0 0|0 1 0 0 0 1 0 0 0 1 0 0 0 1 0 0","0 0 1 1 1 1 1 0 0 1 1 0 0 1 1 1|0 0 0 0 0 0 1 0 0 1 0 1 0 0 0 1|1 0 0 1 0 0 0 0 0 1 0 0 0 0 0 0|1 0 1 0 0 0 0 1 1 1 0 0 1 1 0 1|1 0 0 0 0 0 0 0 0 0 0 0 0 0 1 1|1 0 0 0 0 0 0 0 1 0 0 0 0 1 0 1|1 1 0 0 0 0 0 0 0 1 1 1 0 0 1 1|0 0 0 1 0 0 0 0 0 0 0 0 1 0 0 1|0 0 0 1 0 1 0 0 0 0 0 0 0 1 0 1|1 1 1 1 0 0 1 0 0 0 0 0 1 0 0 1|1 0 0 0 0 0 1 0 0 0 0 0 0 0 1 0|0 1 0 0 0 0 1 0 0 0 0 0 0 0 0 1|0 0 0 1 0 0 0 1 0 1 0 0 0 0 0 1|1 0 0 1 0 1 0 0 1 0 0 0 0 0 0 0|1 0 0 0 1 0 1 0 0 0 1 0 0 0 0 1|1 1 0 1 1 1 1 1 1 1 0 1 1 0 1 0","0 0 1 1 1 1 1 0 0 1 1 1 1 1 1 1|0 0 0 0 0 1 1 0 0 1 0 1 0 0 1 1|1 0 0 1 0 0 0 0 0 1 0 0 1 1 0 0|1 0 1 0 0 0 1 1 1 1 1 0 1 1 1 1|1 0 0 0 0 0 0 1 0 1 0 0 1 0 1 1|1 1 0 0 0 0 0 0 1 0 0 0 0 1 1 1|1 1 0 1 0 0 0 0 0 1 1 1 1 1 1 1|0 0 0 1 1 0 0 0 0 1 0 0 1 0 1 1|0 0 0 1 0 1 0 0 0 0 0 0 0 1 1 1|1 1 1 1 1 0 1 1 0 0 0 0 1 1 1 1|1 0 0 1 0 0 1 0 0 0 0 0 0 1 1 0|1 1 0 0 0 0 1 0 0 0 0 0 0 0 1 1|1 0 1 1 1 0 1 1 0 1 0 0 0 1 1 1|1 0 1 1 0 1 1 0 1 1 1 0 1 0 1 1|1 1 0 1 1 1 1 1 1 1 1 1 1 1 0 1|1 1 0 1 1 1 1 1 1 1 0 1 1 1 1 0"
